# Fix print output for fix def1
0 6.58082071240042e-16 0.00045794664332034 0.00387529415074221 0.00229285858746199 -0.00371865870393734 0.00333739927861623 0.00124463662829773
200 0.00050000000000068 0.00336892941110929 -0.00229283230278363 0.00456519733629842 -0.00271921003015137 0.00300439491528021 0.00260350008474524
400 0.0010000000000007 0.00569462980145559 0.000836178796852461 0.00129895148973504 -0.00111264560027308 0.00140697745001578 0.000727698738570609
600 0.00150000000000072 0.0089469971169954 0.00178812160065318 0.00253996009158596 -0.00196108403694671 0.00170884349286004 0.000286073214485275
800 0.00200000000000075 0.0135995222064114 0.00144479461942251 -0.00126026952897873 -0.00175828026337241 0.000260191830646879 -0.000497643687420407
1000 0.00250000000000077 0.0173834532881475 0.00147450329331645 -0.000872679963295043 -0.00230994487516184 0.00201743367940934 0.00119790014589992
1200 0.00300000000000057 0.020842430893021 0.00140180439013003 -0.00103028099761992 -0.00117545197393997 0.000738174825867388 0.00118785881521491
1400 0.00350000000000059 0.0235280290831643 -7.1603144536184e-05 0.000120712071899819 -0.00117227910069142 0.00237230047946403 0.00127053767821412
1600 0.00400000000000061 0.0288312080216887 0.00174555635186336 -0.0014606671455534 -0.00266185474840715 0.00152929802428956 0.000666310654419714
1800 0.00450000000000064 0.0324088986444391 -0.00214334540411397 0.00289440769996617 -0.0016114388023825 0.000305184946974529 0.000747940298430158
2000 0.00500000000000066 0.037699686929238 0.00236703337947676 -0.00406645130104337 -0.00220209632432145 0.000652094861724746 0.000201248894488228
2200 0.00550000000000068 0.040667146857898 -0.00114495130422889 -0.00123220810367409 -0.000989881491017196 0.000984942056012362 -0.000262255506057407
2400 0.0060000000000007 0.0437384152445681 0.0026881112315319 -0.00317351837437523 -0.00275753220951485 0.00180035966649929 -6.79476546268499e-05
2600 0.00650000000000072 0.0494233771372358 -0.00226760389144406 -2.45129549716924e-06 -0.00211957554009121 0.00127860185092224 0.00171357561003846
2800 0.00700000000000074 0.0522280242854365 -0.000126685196288349 -0.00165741872387821 -0.000931147096674508 -0.000113228924600216 0.00134244294722915
3000 0.00750000000000077 0.0560789569894428 0.00143191267143236 -0.000610199788801688 -0.00140732166961961 0.00107987727500883 -0.000822701747290174
3200 0.00800000000000057 0.0597040983070319 0.000837633840299517 -0.000623194572103141 -0.000191825869874163 0.000658258456733234 0.00120191430623543
3400 0.00850000000000059 0.0636549026449844 0.000716453739420282 0.000192489734930469 0.000124974688408582 0.000918720829423851 0.000323692698392806
3600 0.00900000000000061 0.0680741976102268 0.00210428991868299 -0.000727104730467933 -0.00126502011806653 0.00104929703975559 0.00148134496884615
3800 0.00950000000000063 0.0709047560788158 -0.00191593544939949 0.000541505501007082 -0.000152401776442679 0.000537552989836618 0.00230092346939498
4000 0.0100000000000007 0.0751465805090342 0.00193902549850657 -0.000102213806515839 0.000820738478143667 0.000865754763832066 0.0016541101112073
4200 0.0105000000000007 0.0782770693820556 -0.00124076164267673 0.00310821261315374 0.00102700566655924 0.00154393755404636 0.00163473496131073
4400 0.0110000000000007 0.0823954230364842 0.00142648855813862 -0.000353872202973796 -0.000708249564915949 5.54624623361895e-05 -0.000202988133540006
4600 0.0115000000000007 0.0883267521560782 -0.00102574339198641 0.000652923028022709 0.000226832080675165 0.00199242015051197 -0.000683288220339719
4800 0.0120000000000007 0.0922573243073056 0.00417075133109582 -0.000999242834586718 -0.00150626493520919 0.00162990668370287 0.00112623095379362
5000 0.0125000000000008 0.0963119263813887 -3.16371620325168e-05 0.00494338649416261 -0.00213593600617247 0.00108827557803587 0.00081869226208194
5200 0.0130000000000006 0.0989303242767834 0.00346059752105633 -0.00076760762609455 -0.000798278976483989 0.00221898624318598 -8.85282609961003e-05
5400 0.0135000000000006 0.103461313842162 0.00372440121845786 -1.51274163242945e-05 -0.00127980695879205 0.00154471976855236 0.00123177459661513
5600 0.0140000000000006 0.108778456606229 0.00370892287606857 -0.000723854581133969 -0.000148770070706755 0.00250260970220132 0.00138040277230384
5800 0.0145000000000006 0.111322575613602 0.000559258672558809 0.00184536768587578 -0.000872207622665753 0.00136447471655815 0.000688795718201358
6000 0.0150000000000007 0.115864550257404 0.00325104656853379 -0.000622368884474778 0.000868343224519822 0.0014996170535709 0.00054533991461962
6200 0.0155000000000007 0.118212464475934 3.01767572123609e-05 -0.00133511453032612 -0.0013357845590278 0.00122549785081913 -8.83384493016871e-05
6400 0.0160000000000007 0.122554145680206 -0.00104449562960118 -0.000750682600185771 0.000223825367802237 0.000893568167856401 0.000327380860834452
6600 0.0165000000000007 0.125719038428478 -0.00221689504330882 -0.000913784005145756 -2.47713153142254e-06 0.00113489634542285 0.000884313984308923
6800 0.0170000000000007 0.129482216867712 -0.0017751510465332 0.00149300430629786 0.00181239195320692 0.00107589043822867 0.00164005740302789
7000 0.0175000000000008 0.132266979113099 -0.00104654306452254 -8.1819875313663e-05 0.000565400315025168 0.00278168286577894 -0.00112964566969316
7200 0.0180000000000006 0.135906905746836 -0.000117937959311674 -0.000624771435875535 -0.000755273794735157 0.00151699492145313 0.00151052318999311
7400 0.0185000000000006 0.140782852657589 0.000397835888285856 -0.00255063990775004 0.000198415584886842 0.00142611282161502 0.00125537151600417
7600 0.0190000000000006 0.143392934863889 -0.00237333694282602 0.00037475530881647 -0.00103381529531016 0.000983892040026449 0.00158723198047237
7800 0.0195000000000006 0.147975079955424 -0.000461066867796793 -0.000804263145681829 0.000630907167227462 0.00222628143245841 0.00049011478240846
8000 0.0200000000000007 0.15240506621711 -0.00109914343863428 -0.00150944563133944 0.00123599750301206 0.00193600173134538 0.00111196727500587
8200 0.0205000000000007 0.154786287056723 -0.00378337723542078 -0.00108623580118454 -6.67398675511318e-05 0.00270650019306128 0.00151163167705725
8400 0.0210000000000007 0.158903848472947 -0.0041975781247479 -0.00225297787140137 -0.000808478075024451 0.00220040107949026 0.00171716510020551
8600 0.0215000000000007 0.162887721119531 -0.00242990947402218 -0.00389408956340406 -6.09807481151199e-05 0.000717954366152626 0.00402933750260052
8800 0.0220000000000007 0.166445534073226 -0.00139452694056021 -0.00388305853460457 0.000339885643081475 0.0016696568681007 0.00103353609654017
9000 0.0225000000000008 0.171280666696815 -0.00135401053738101 -0.00370575891467353 -0.000122120483008503 0.000726296309790473 0.00080885120072619
9200 0.0230000000000006 0.176542260733393 -0.00114295653446823 -0.000863294621510756 -1.21780763412313e-05 0.0014227498884912 -0.000774014301349927
9400 0.0235000000000006 0.179361228249354 0.000846273509152334 -0.000643249944765604 0.000830287426073187 0.00128382151953893 -0.000645160107445629
9600 0.0240000000000006 0.182944266723151 -0.00144472166726683 -0.00166930402624257 0.0018809953090724 0.00237286257920273 0.00272062473025199
9800 0.0245000000000006 0.186488018182298 -0.0017539020316591 0.00201393849147123 0.00106648366765529 0.0027144534307718 0.00161331851461408
10000 0.0250000000000007 0.192670798587093 0.00172381202103249 0.00109041905027867 -0.00162105296395356 0.00190596532373377 -0.00148809642653108
10200 0.0255000000000007 0.193150523646454 -0.000355606798225594 -0.000959442905647315 -0.000112230394464505 0.00274100244575149 0.00159579907803175
10400 0.0260000000000007 0.198584901926186 0.000846530906769663 -0.000991030727164747 0.000122506145104823 0.00326529484473254 0.000487860529639878
10600 0.0265000000000007 0.203960737419465 -0.0019123074564763 0.00318831612472678 0.000975614748599568 0.00385200683209125 0.00240590607838299
10800 0.0270000000000007 0.204935340236313 0.00277252937822359 0.000180785445472281 3.62775260283677e-07 0.00159588518582228 0.00151340974606207
11000 0.0275000000000008 0.209351286142088 0.00275920552015726 0.00101882932652477 0.000700416713225922 0.00209401631525898 0.00232807481397752
11200 0.0280000000000008 0.21221649520356 0.00139446262770812 0.000776512808829681 0.00258080134341143 0.00145816686985666 0.00161272729761809
11400 0.0285000000000006 0.216583542621666 -0.000750900484074429 -0.000816684137605295 0.000988948886854048 0.00274980272565161 0.00296929109564996
11600 0.0290000000000006 0.221997194094985 -0.000886662932252737 -0.00154244787697733 0.000733148790785397 0.00300833771326169 0.00224708183808086
11800 0.0295000000000006 0.223657107866441 0.000464213065267711 -0.00217074760953191 0.000743827640693674 0.00221314926488274 0.0003338253197925
12000 0.0300000000000007 0.225940483105778 -0.00287835683884582 -0.000317246893214945 0.00169589058905828 0.00305896172819417 -0.00106982181116555
12200 0.0305000000000007 0.228787775826023 0.000229947135558276 -0.00297372966694006 0.000466679531804519 0.00258918438516164 0.00210611788132379
12400 0.0310000000000007 0.232918997624634 0.00100628270806927 -0.000390424490616821 0.000678382454736972 0.00252076681405365 0.00244080762246171
12600 0.0315000000000007 0.238855769160688 0.00124911990343784 9.33352045575706e-05 0.00104370788018886 0.00396513100468741 0.00126592041571078
12800 0.0320000000000007 0.244711940444522 -0.000476377738970083 0.000663838193000296 0.00127860823281328 0.00316740937886044 0.00136840996716801
13000 0.0325000000000008 0.246601911941103 9.7923191479551e-05 5.96041674569619e-05 0.000853485924208496 0.000855051158823807 -0.00158459057061243
13200 0.0330000000000008 0.251306150339175 -0.00079041034502245 -0.000669719038769994 0.00111912268627763 0.00335442155859013 -0.000558821631887854
13400 0.0335000000000006 0.254684054309483 0.000814306001993175 -0.00105869959609872 0.000810787984362663 0.00234620993881523 -0.000777271064683878
13600 0.0340000000000006 0.258402341628023 -0.00146783272731315 -0.00170289720558639 0.00217929862352915 0.00184197703238085 0.00202031184063465
13800 0.0345000000000006 0.258927510079269 -0.00168904779265098 0.000590731130270819 0.00352504594152619 0.00188370648382417 0.00106541907250984
14000 0.0350000000000006 0.265315645593277 -0.00226439253793054 -0.00365356778691166 0.00104759878259716 0.00264385930423643 -0.000669050049947429
14200 0.0355000000000007 0.267827107415596 -0.00117629225703696 -0.00335841569134111 0.000987266266769581 0.00435253185468267 0.00141076108573712
14400 0.0360000000000007 0.268915942877964 -0.00226128790614549 -0.00129305760952663 0.00118142450564584 0.0037934826787458 0.000766678294648321
14600 0.0365000000000007 0.274738242640001 -0.00328667018675384 -0.00195311506646081 0.00210069703768793 0.00251238391817526 0.00139979396418954
14800 0.0370000000000007 0.277578890677899 -0.00190016117966044 -0.00175158688149447 0.000936276905679639 0.00338817619844803 0.000394889490520617
15000 0.0375000000000008 0.282025919358301 0.000653311280883549 -0.00176917032474218 0.000604188443977164 0.00229787367679289 -0.000750127436388483
15200 0.0380000000000008 0.288957252595171 0.000366980747087307 -0.000482845709265568 0.000975268233529644 0.00282278116205963 0.000660817797877352
15400 0.0385000000000006 0.291327485225026 -0.000575344759383074 0.000302343637266884 5.54411101866065e-05 0.00426007565306435 0.00104873420287354
15600 0.0390000000000006 0.290845441021906 0.0010395915231942 -0.000126022616893449 0.00105975729557353 0.00336749174306184 0.00137160640817816
15800 0.0395000000000006 0.296140437083463 0.000194351657875895 0.000619018851840373 0.00154843599935329 0.0019024416250576 0.00136525644645854
16000 0.0400000000000006 0.301229865553165 -0.000896638087621119 -0.00183046098787777 0.00209559901351559 0.00319755383971856 0.00074397502774948
16200 0.0405000000000007 0.303812977873477 -0.00127382901941141 -0.000834911383544914 0.00223964052911409 0.0024122131813931 0.000251164338927197
16400 0.0410000000000007 0.305175781044364 0.00114669180138291 0.00117260194743648 0.00219812590884618 0.00276375744574081 0.000771398946428888
16600 0.0415000000000007 0.309838727246015 -0.00134208104707416 0.000746122320773269 0.00381586264103751 0.00237506810024296 0.00136106158635425
16800 0.0420000000000007 0.314923717150202 -0.000541689206738622 -0.000579763720311183 0.00188755894775396 0.00179038107347816 -0.00101380894134683
17000 0.0425000000000008 0.319434625991658 -0.00337032660026099 -0.000716065680461082 0.00213061231962971 0.00305925185724353 6.07803352079442e-05
17200 0.0430000000000008 0.323299742204299 -0.000679608267590895 -0.00239168367751911 0.00215403727978451 0.00361924574260815 0.00127648612468519
17400 0.0435000000000006 0.324594986944441 -0.00209485546045471 0.000554882071821553 0.0021650666279159 0.00370587859268413 0.00208955604483391
17600 0.0440000000000006 0.327721713086969 -0.00106083681251408 -0.000614188476479154 0.00110128750318554 0.0056625056858301 0.000929073917231819
17800 0.0445000000000006 0.330771942132046 -0.000727450323923824 0.00306216127715497 0.00093636419273009 0.00492313595336732 0.000885070109280194
18000 0.0450000000000007 0.336359375904848 0.000326318409040946 -0.000894136701903327 0.00137898442311901 0.00442881720778611 0.00106535360369311
18200 0.0455000000000007 0.338624020196092 -0.0004464006564206 0.000356333423552531 0.00182787126159574 0.00413822230253135 0.00236614468621226
18400 0.0460000000000007 0.344802630836762 0.001168851162336 0.000338605577156574 0.00228103887820014 0.00317773691650283 0.0014383230157525
18600 0.0465000000000007 0.347691085912667 -0.000955679891706303 0.00199848489946025 0.00235308153756139 0.00325423032449007 0.000666056916100655
18800 0.0470000000000007 0.350660849006885 0.00356723532142952 -0.000717244716821889 0.000739283894015038 0.00327013430500332 0.00199922703890513
19000 0.0475000000000008 0.353515753762255 0.000881187004542145 0.00358666490029751 0.000904206700457282 0.00342323305732159 0.000192593855258781
19200 0.0480000000000008 0.356501099769202 0.000180069775899059 0.00147474287414829 0.0016599990867573 0.0033168381227815 0.0013293520924043
19400 0.0485000000000006 0.355491259311436 -0.00152313538485037 0.000316997436906599 0.00253313193243436 0.00265998133637865 0.000857279346673116
19600 0.0490000000000006 0.361262610724025 -0.00134736376681878 0.00169119773223833 0.0027210868411282 0.00362206975680947 0.000217305265938063
19800 0.0495000000000006 0.365137993580717 -0.000920567546541358 -0.000915414088640684 0.0038850732810808 0.00322984579645895 0.00291766989858726
20000 0.0500000000000006 0.369480944429929 -0.00199287815247648 -7.3854634365511e-06 0.00130844885223973 0.00237243682960005 0.00168399943027736
20200 0.0505000000000007 0.372381296740841 -0.00176828308803538 0.00143660987797286 0.00131794200564346 0.00305652188623892 0.00049533846197507
20400 0.0510000000000007 0.375235499157179 -0.000633298248963105 0.000487020346152652 0.00334479281171675 0.00272751145717723 0.000681084901661557
20600 0.0515000000000007 0.378510718304831 -0.00162221564951907 -7.27215646696933e-05 0.0019059935157029 0.0032237105555186 0.00127463803345846
20800 0.0520000000000007 0.379921226857178 0.00176859346868747 -0.00195609258013019 0.000546666726142508 0.00388531635794901 0.000404288791333041
21000 0.0525000000000008 0.385204773412671 -0.00169827727845307 0.000511955249996039 0.00150553689136009 0.00432210825945077 0.00177748027220549
21200 0.0530000000000008 0.387142202957341 -0.000705296698918067 -0.00153012486892063 0.00218875930450102 0.00205374316324903 0.000692327162604403
21400 0.0535000000000008 0.391141284724594 0.000237297806836562 0.000105430731714783 0.00196200815589207 0.00333712573527707 0.000922433617446072
21600 0.0540000000000006 0.393414379686957 -0.00233993848725623 0.00124103791974387 0.002266361248898 0.00378968572687771 0.000423497514909265
21800 0.0545000000000006 0.397472464729269 0.000540054707662106 -0.000725702935329524 0.00172784267293371 0.00518002157332486 -0.00167974106550196
22000 0.0550000000000006 0.401620046715638 0.00142807612930539 0.000177597207444048 0.00203334812218826 0.00522597882347117 -0.00178448247245847
22200 0.0555000000000007 0.404752057434249 -0.000446452265205932 -2.16743879665434e-05 0.00251148290050752 0.0062746022970066 -0.000950926401785226
22400 0.0560000000000007 0.406399037611907 -0.00173208474063078 -0.000403854970873631 0.00226589594923513 0.00342190445349221 0.00155087707728971
22600 0.0565000000000007 0.408408307533342 -0.00100150392507404 -0.000282588379092586 0.00234940113713859 0.00404959132559897 -0.000562222393511909
22800 0.0570000000000007 0.412507980619104 -0.00310011176471393 -0.000596167395167549 0.0036645398880142 0.00379252251877764 -0.00105029656393257
23000 0.0575000000000008 0.41386154620352 0.00134648319860169 0.000433641490855159 0.00368364782628805 0.00326266966968847 -0.000438900983400819
23200 0.0580000000000008 0.417048155726329 0.000481033273344093 0.000991241495865654 0.00338266883112479 0.0028624147164217 0.000403274310100455
23400 0.0585000000000008 0.419829478246435 -0.000151183654010469 0.00137927978514699 0.00460047889214415 0.00243367144393365 -8.31616094293895e-06
23600 0.0590000000000006 0.423626323540862 0.000104804329657173 0.00157326517182069 0.00474002222967377 0.00509259032413973 -0.000762627942590381
23800 0.0595000000000006 0.424680658222562 -0.000493979288628972 0.00333960326909341 0.00253575240004404 0.0027771752550555 0.00133458982608609
24000 0.0600000000000006 0.429576035780475 -0.00156862675650301 0.000475156338110057 0.00289342099707221 0.00371835014750006 -0.000598437642102043
24200 0.0605000000000007 0.431485976902172 0.000786109462989293 0.000764999243619873 0.00251300057509921 0.00398562410010174 -0.000901710524265202
24400 0.0610000000000007 0.434210538057343 0.00397741505542475 0.00201754416241219 0.00311888258409816 0.00259717297660424 -0.00194845974634516
24600 0.0615000000000007 0.439061323237756 0.00114587521196897 0.0025927592889522 0.00292716612014301 0.00334182733800849 -0.00187389745857292
24800 0.0620000000000007 0.441544843682191 0.00225930561297781 0.00413653808482981 0.00245648597748219 0.00351892302598425 -0.000661937574806805
25000 0.0625000000000007 0.444172464379483 0.000848501258066592 0.00383275769563114 0.00428221913044423 0.00532814181869854 -0.000513353456314763
25200 0.0630000000000008 0.443228409537691 -0.000135981616348522 6.97172814844704e-05 0.00634743753006565 0.00427032919891467 -0.000349939703887013
25400 0.0635000000000008 0.44595387014545 -0.000949133801486122 -0.00215166897109778 0.0035896120370769 0.00458647486845582 0.00087993044368711
25600 0.0640000000000006 0.448203610464258 -0.00333574959163035 -0.000981808407955579 0.00453519107248292 0.00340355072290358 0.00118686104705661
25800 0.0645000000000006 0.448383267417479 -0.00173457253310665 -0.00181029746510516 0.00394079250570534 0.0040058389071337 0.000932794802565339
26000 0.0650000000000006 0.451569902129721 -0.0013187354745067 -0.00056678564296598 0.00287554723198256 0.00360046185858101 -4.13573004542622e-05
26200 0.0655000000000007 0.451377493363739 -0.00303575598080017 -0.000676272178252556 0.00410566395789 0.00382528094092945 -4.17384868300245e-05
26400 0.0660000000000007 0.457227251447363 -0.00120071625877667 0.00191430717668379 0.00418217676661341 0.00494448140301197 0.00177010216756319
26600 0.0665000000000007 0.460429787053738 -0.00164513214906515 -0.000222451055792064 0.00403552901147312 0.00357850699677705 0.00155338896658329
26800 0.0670000000000007 0.46019316209132 0.000261536169638844 0.00186923734435081 0.00317797912468116 0.0034709143333812 -0.0011312713921758
27000 0.0675000000000008 0.463115019970691 0.00294664167485526 -0.000686292908182769 0.00326190727240923 0.00287859990253693 -0.000594061573669766
27200 0.0680000000000008 0.467087250865227 0.00253608764999663 0.00150201760398687 0.00509162304102799 0.00426059370338898 0.00188659722500243
27400 0.0685000000000008 0.46719605403368 0.0026721295082621 0.00332828111878446 0.0045806686854255 0.00381654421485588 0.00101765174834722
27600 0.0690000000000006 0.467690302098033 0.000928107624199439 0.000606418322988149 0.00394793086451821 0.00375952283614052 0.00172964161668144
27800 0.0695000000000006 0.469718522809889 0.00215386853651385 -0.000506610501189917 0.00294542912875415 0.00438376968041705 0.000493546079913946
28000 0.0700000000000006 0.469330025123169 4.86736623794363e-05 0.00133414178157039 0.0037631927115871 0.00395235342336443 0.00127857730929183
28200 0.0705000000000007 0.473184982422741 -0.00241921404500642 -0.00270484672339346 0.00298236488194764 0.00385692898919496 7.34443392946096e-05
28400 0.0710000000000007 0.474016484810451 -0.00107552229326538 -0.000739281162992067 0.00521570962902673 0.00321488949615715 -0.00106816832857916
28600 0.0715000000000007 0.476065444931909 -0.00157788284895454 8.47498909790701e-05 0.00532122936530128 0.00473493943309776 -0.000195464555914695
28800 0.0720000000000007 0.477781305823677 -0.00116553459301255 -0.00141246047700096 0.00410818550808732 0.00470380639066994 0.000639873975080423
29000 0.0725000000000008 0.477242188181291 -0.000775859030012398 -0.000877567877291165 0.0043922146260129 0.00437665592785918 0.000905315507189695
29200 0.0730000000000008 0.477172163428289 -0.00263912221537765 -0.000223092093989001 0.0039613597516326 0.00511789640092393 -0.000514206087838157
29400 0.0735000000000008 0.480233442534928 -0.00290627708084267 -0.00125361236077079 0.00440173659131193 0.00407211434418654 -0.000286717802755071
29600 0.0740000000000008 0.481335610029749 -0.00354111638966304 0.000504513937817179 0.00472649197230704 0.00355184262268953 3.97005208383913e-05
29800 0.0745000000000006 0.482360110406876 -0.00137581417114065 -0.00200170290954167 0.00615110820547075 0.00309763592340431 0.00070030149331328
30000 0.0750000000000006 0.482188493051778 -0.00229176536950049 -0.0008798134131572 0.00316820356468865 0.00330129004819189 0.00110314224756078
30200 0.0755000000000007 0.481533719305405 -0.00152794646240239 -0.00251145496484085 0.00371174551716023 0.00430854824430454 -0.000698423861836049
30400 0.0760000000000007 0.483041365877703 -0.00328511913576855 -0.00496571528028549 0.0038253700238346 0.00467876224314874 0.000698952838394426
30600 0.0765000000000007 0.485594679868852 -0.00134595554979778 -0.00328863061912989 0.00425057783789379 0.00537690954980007 -0.000538594407680882
30800 0.0770000000000007 0.485932848113953 0.000805622916784662 -0.000966498390916284 0.00489604576466659 0.00394467974695647 -0.000890461199088559
31000 0.0775000000000007 0.488566783318457 -0.000319941601883109 0.00261217815209615 0.00432739309859259 0.00495196582091947 -0.000245331941125221
31200 0.0780000000000008 0.487706871020571 0.00120780877122307 0.000211960243998271 0.00281537697644736 0.0048789925872586 0.00075029525553666
31400 0.0785000000000008 0.488343057904969 -0.00242690452438008 0.000598258214696464 0.00398516150053933 0.00569290655399901 0.000881176005345809
31600 0.0790000000000006 0.488679666146312 0.000518260593779488 -0.000599126471620886 0.00551394958139667 0.00562789577800518 -0.000116752607943156
31800 0.0795000000000006 0.487862072087815 -0.000547559917832701 0.00187518790331212 0.00522973938906251 0.00405489787118066 0.000989584566757659
32000 0.0800000000000006 0.488727523869777 0.00145177962672362 -0.00243805973120957 0.00463017297269019 0.00356157770794499 -0.00118821256689317
32200 0.0805000000000007 0.489395801512326 0.000273636974424223 0.000801871166980758 0.00333184419668504 0.00468635486486507 -0.00185794686398558
32400 0.0810000000000007 0.48922739637753 0.00413554674007145 0.000673605933059395 0.00252356222901324 0.00453720709748104 -0.00285357887685218
32600 0.0815000000000007 0.489027556431502 0.00175396379468728 0.00138389553109865 0.00305456887335805 0.00461695387999044 -0.00088591730812299
32800 0.0820000000000007 0.490819858994427 0.00224868649852133 -0.000669614567655377 0.00258804795102887 0.00467977713163591 -0.00103239849080917
33000 0.0825000000000008 0.490808647408137 2.82959958471509e-05 0.0017738700642452 0.0036436257176776 0.00460642698955627 -0.000300014175895146
33200 0.0830000000000008 0.488732093259648 0.00196750415596056 -0.00086693987231225 0.00533089377262767 0.00653026392894551 -0.00179073144498362
33400 0.0835000000000008 0.487116978501151 0.00218661210067059 0.00224509859101039 0.00432151051514029 0.00515227322243349 0.000247754911882743
33600 0.0840000000000008 0.486421938530446 0.00356803901873435 0.00135770828716138 0.00505000228511298 0.00543677870721024 -0.000950188236204897
33800 0.0845000000000006 0.487320777302871 0.0010192251744968 0.00424117713894857 0.00329937095604813 0.00437122727073738 -0.00039818765235499
34000 0.0850000000000006 0.485740517864314 -0.000176651564882356 -0.000643153497416014 0.0046077855547507 0.00410149787825216 -0.00190236674248551
34200 0.0855000000000007 0.482830258513055 -0.000563115678049305 -0.000327589288362821 0.00413964604836747 0.00363501966531773 -0.00131314735280638
34400 0.0860000000000007 0.484749891572309 -0.000734384491592943 0.000730097150403799 0.00449768186507426 0.00472927249076764 -0.00152631747580254
34600 0.0865000000000007 0.483254240899578 -0.000824209325821696 -0.00180064591587304 0.00548009109480766 0.00537562498573405 -2.67529470231908e-05
34800 0.0870000000000007 0.481351423180519 0.000279554811473039 0.000778346711245794 0.00527583619829418 0.00381591051190142 -0.000198859734871256
35000 0.0875000000000007 0.478910784328281 0.00271850170758757 -0.0011700101249188 0.0040677268803306 0.0058858157549192 -0.000686234719235948
35200 0.0880000000000008 0.476368630005472 -0.00155832156902208 -0.000386712981194172 0.00358089199555228 0.00562813396362078 -0.000145064265668422
35400 0.0885000000000008 0.473179016621045 -0.000759950224433021 -0.00452510280568929 0.00377366621249892 0.00576593407807639 -0.000343587633012235
35600 0.0890000000000008 0.474170809927636 -0.00052180169828994 -0.00102000195204518 0.00327679866986831 0.00409796891648782 -0.00362822333930605
35800 0.0895000000000006 0.471662033085688 -0.000506445933911099 -0.00258286167425561 0.00484584411541465 0.00503914018356458 0.000625487232571684
36000 0.0900000000000006 0.468549805652174 -0.00280051171141611 -0.00214320917913538 0.00579144383456632 0.00519901354343045 -0.00117683029090792
36200 0.0905000000000007 0.4666862532491 -0.000390665594667931 0.000140027506216459 0.00406123536121764 0.00378321869994329 -0.00355780097701376
36400 0.0910000000000007 0.465356065305778 -0.00112348088986819 0.000224404507882581 0.00282619607678691 0.00535076715386965 -0.00247044505974835
36600 0.0915000000000007 0.463539734089555 -0.00145017574223064 -0.00126596588944547 0.00558764078903548 0.00603516388182719 -0.00319962611381389
36800 0.0920000000000007 0.459030749220839 -0.000261431191653266 0.000202542257676049 0.00382172604651598 0.0040945564620037 -0.00152352705479504
37000 0.0925000000000007 0.461115610850186 -0.00135580286898374 -0.00319796851094794 0.00344652703641959 0.00383738303502947 -0.00109589177960243
37200 0.0930000000000008 0.458201676117956 -0.00329426588201149 -0.00208879251630153 0.0040592730469637 0.00376970740787513 -0.00243856201993994
37400 0.0935000000000008 0.456616321524554 5.38273700104358e-05 -0.000525080765934141 0.0028593692578703 0.00532595780383326 -0.00114199188606029
37600 0.0940000000000008 0.452389189998847 -0.000859224536545865 -0.00140082298599958 0.00659966262437956 0.00563074358680951 -0.00326690461556841
37800 0.0945000000000008 0.447163666493536 0.000797564872747801 0.000118662680286504 0.00605457027993525 0.00332803840361566 -0.00158532979516699
38000 0.0950000000000006 0.447027907087438 0.000108585828077639 -0.00089257472014006 0.00391475162638818 0.00263385668313179 -0.00128796478190529
38200 0.0955000000000007 0.444876981128858 -0.000651469607043691 -0.00415186662009107 0.00379389317884478 0.00467666515217948 -0.00209298815798002
38400 0.0960000000000007 0.44190165476061 -0.00162098544971032 -0.00370700360540368 0.00563508791457822 0.00208694563257853 -0.00212359085719738
38600 0.0965000000000007 0.43789996597267 0.00129218044259682 -0.00333961332124131 0.00465758367237677 0.00320324311841433 -0.0029516970257668
38800 0.0970000000000007 0.435589368853564 -0.00453474685223216 -0.00121190834353582 0.00404649175934439 0.00361285957547303 -0.00404577594060456
39000 0.0975000000000008 0.434217929651528 -0.00163414164485782 -0.003380883433388 0.00337508793667736 0.00477200776049464 -0.00455271312376389
39200 0.0980000000000008 0.429860100011281 -0.000718916708030698 0.00193862007114514 0.00516092552215287 0.00356453780599124 -0.00285123972957095
39400 0.0985000000000008 0.427205439265186 0.00251105881550941 0.000302344257446946 0.0048609524743169 0.0023774372232741 -0.00241880908049639
39600 0.0990000000000008 0.425982316301977 -0.00155824525597081 0.00102768096723818 0.00445465628044462 0.00521068963076246 -0.00304780734258431
39800 0.0995000000000006 0.423025117560839 0.000134087592980091 -6.17789092849946e-05 0.00546048209470162 0.00294435761154727 -0.0035635886430185
40000 0.100000000000001 0.422283531726244 -0.000311233154921437 0.00077925516801774 0.00324011473726269 0.00232136930840284 -0.00173919006613955
40200 0.100500000000001 0.416854360363866 0.000880100207619767 0.00564295143968091 0.00481574981811893 0.00220022633096134 -0.00156210526081209
40400 0.101000000000001 0.417029901960394 0.00289027064683504 0.00275806801398101 0.00451332874410265 0.00313923635111056 -0.00230730127703267
40600 0.101500000000001 0.413208334444363 0.00322066493060447 0.00335285245293167 0.00447261096490693 0.00343344492123991 -0.00106433391811
40800 0.102000000000001 0.408703744264063 0.00453601629275717 0.00251844317257534 0.0038270758592715 0.00157805920500808 -0.000470996616132656
41000 0.102500000000001 0.406391080679442 0.000748639774377479 0.00200260416351364 0.00467519680899189 0.000264029745288336 -0.000600261462656678
41200 0.103000000000001 0.404381998254399 0.000276971207477828 -0.0013090243599872 0.00687064380042519 0.00238212871492907 -0.000556124505722914
41400 0.103500000000001 0.399756044443387 0.00060206248300137 4.3336869408417e-05 0.0040325025972249 0.00286080756342047 -0.00251922206023854
41600 0.104000000000001 0.397552104357309 -0.00135767484144137 0.00124597808835875 0.00275769187365158 0.00184127804999081 -0.000891432774938612
41800 0.104500000000001 0.396957748215127 -0.000910040568302015 -2.03184065105978e-05 0.00405669510242861 0.0034436406483744 -0.00332160699987324
42000 0.105000000000001 0.394044355238436 -0.000372005043016355 -0.00106615574861483 0.0029355182338034 0.00142598346229222 -0.00240071501118176
42200 0.105500000000001 0.390125724387673 -0.00166090984888606 0.000203925702025605 0.00256027400166464 0.00222007143365104 -0.00270526203111766
42400 0.106000000000001 0.387914149645915 -0.00101078904524961 0.000558873527893252 0.00350956591225533 0.00235392442584075 -0.00317167160584924
42600 0.106500000000001 0.38517162549717 -0.00135708556373039 2.53122263055284e-05 0.0026762595310471 0.00301341357959631 -0.0019245856918869
42800 0.107000000000001 0.383515121802281 0.00112424034145567 0.00101440651889986 0.00476263534101633 0.00185171884703104 -0.002915859135772
43000 0.107500000000001 0.379710400142593 -0.000105881208779214 0.00244936146142288 0.00321017379273241 0.00180536105016187 -0.00405915524341038
43200 0.108000000000001 0.375599319325449 -0.00449205086663476 -5.374448476268e-05 0.00363482979747549 0.000887591185561021 -0.00253028348331669
43400 0.108500000000001 0.371152818453089 -0.00539660990394777 -0.00540594144473473 0.00423710338923259 0.00187363783722456 -0.000794517533900889
43600 0.109000000000001 0.370278748863497 -0.00327956343794479 -0.00443104870355858 0.00531665420229772 0.00293864277136456 -0.00186705024407863
43800 0.109500000000001 0.368789425845277 0.00163152531901189 -0.00325778655411322 0.00360642251358867 0.00174716282488002 -0.00300539627527092
44000 0.110000000000001 0.364503585495984 -0.00101063477456417 0.00169735658683333 0.00378880798017019 0.0023117228582653 -0.0017720030013308
44200 0.110500000000001 0.364274648751262 0.00335134894430996 -0.000509622924967117 0.00224861654869921 0.00182602534763505 -0.00215001412711507
44400 0.111000000000001 0.362688442531138 -0.00112228529052584 -0.00160994628295546 0.00379400437462659 0.00167373916004064 -0.00339630795565326
44600 0.111500000000001 0.36130449298296 0.00324719376681284 -0.00126620977263992 0.00319453023057825 0.00282004530407011 -0.00388484005721562
44800 0.112000000000001 0.359302007606949 0.00148617116500658 0.000403351740934292 0.00362203693877024 0.00100449878270868 -0.00325605497736776
45000 0.112500000000001 0.356192509040373 0.00382271331834192 0.00102954744239095 0.000923778851238588 0.00227822819273935 -0.00279983438828667
45200 0.113000000000001 0.354038593741104 0.000638049231993443 0.000674624135033493 0.00328512073861898 0.00108958583082758 -0.00252464720060644
45400 0.113500000000001 0.351336321783227 0.00114925306969228 -0.00281251087157003 0.00379919806046859 0.000724236041214686 -0.00360154765944441
45600 0.114000000000001 0.345182339147962 -0.00305142321764461 -0.00268540593394118 0.00470731994969484 0.00124638812315857 -0.00270242850202343
45800 0.114500000000001 0.3437392538569 -0.000736985270960517 -0.00334518588355943 0.00584543125425024 0.000963429131097146 -0.00400876357447863
46000 0.115000000000001 0.34666139027601 -0.000598853886883188 -0.00281253424117242 0.00464843636170414 3.07517505737252e-05 -0.00375041561861376
46200 0.115500000000001 0.34227969376841 -0.000539265060866863 -0.00146324359107054 0.00597037711539068 0.00100147566576829 -0.00394125682560153
46400 0.116000000000001 0.339785481746064 -0.00097276419394864 -0.00189106075821178 0.00727979961185708 0.000582260948638717 -0.00363583907321352
46600 0.116500000000001 0.336577755879818 0.000198066451859047 -0.00180942363324392 0.00362374990369858 -3.88013719253279e-05 -0.00362293140016008
46800 0.117000000000001 0.33356212894244 -0.00142081263826834 0.00255382339970778 0.00345145601298971 0.000771398519548937 -0.00410439155997801
47000 0.117500000000001 0.336060155178797 0.00250185922569492 0.00207780500904871 0.00380894301537282 -0.000203500826195411 -0.00257528098679111
47200 0.118000000000001 0.33358384612864 0.000191907979121161 0.00231276923698797 0.00408482012266947 -0.000110139582463266 -0.00451902827507064
47400 0.118500000000001 0.329126829599545 0.0012799792087428 0.00160735478630148 0.00375436705310555 0.00089561970699542 -0.00268490472842847
47600 0.119000000000001 0.326327377414248 0.000158024217788835 0.00207936570785044 0.0039407899696861 0.0010757587791913 -0.00369959081170265
47800 0.119500000000001 0.322841633814188 0.002860436617149 -0.000611680861580286 0.00529573234664325 0.000825183272057777 -0.00384963330604681
48000 0.120000000000001 0.319883419510255 -0.000439150844514895 0.00264012570759826 0.00573361135532339 0.00166970293640011 -0.002964885234978
48200 0.120500000000001 0.317697956817133 0.000579401763678525 -0.00127343904149367 0.00442845646137456 0.00143117791078999 -0.00132780140562896
48400 0.121000000000001 0.316473036990751 -0.00179784523888941 -0.000156335333304339 0.00356816357684051 -6.79765555115197e-05 -0.00442715906156173
48600 0.121500000000001 0.31400579897972 0.00101285063306533 -0.00325782079231982 0.0038698000737168 0.00160356261306002 -0.00231858711112388
48800 0.122000000000001 0.313105181958899 -0.00245032969361779 0.00318837440431803 0.00373988303826745 0.00216931133162248 -0.00426809039583046
49000 0.122500000000001 0.312775360243982 -0.00212590276647388 0.000545632521390605 0.00235429969139417 0.000717482337583268 -0.00316124983476555
49200 0.123000000000001 0.309662321385423 -0.000960715184395685 -0.0025041807816191 0.00312967443301933 0.000130532492473857 -0.00341071138801666
49400 0.123500000000001 0.307576259776536 0.000246950205907921 -0.00249966668921406 0.00367398993663451 -0.00105830038057592 -0.00513002720214765
49600 0.124000000000001 0.307705006992885 -0.000868185353305861 0.000871991894894919 0.00367124615281166 0.00017234302774463 -0.00233554735335003
49800 0.124500000000001 0.305860408105586 0.00281744207318388 -0.00164202196788818 0.000910312762592275 0.00138981026617361 -0.00287262241148801
50000 0.125000000000001 0.303279426383743 0.00177251624578789 0.00173232349514938 0.00116603321894435 0.000174088955009255 -0.00233933628833496
50200 0.125500000000001 0.304370285681754 0.00171532124377912 0.00110236567329156 0.00195099988552592 0.00112995831697108 -0.00376971632834218
50400 0.126000000000001 0.30253645046259 0.00211449652153348 0.0010774190521873 0.00300720083533983 0.00184696242700095 -0.00371793967338767
50600 0.126500000000001 0.300035798533267 -0.00115158220093583 0.00358739786180159 0.00140268502238938 0.00276707537131435 -0.00510669576511628
50800 0.127000000000001 0.296652052708511 0.00107526159782861 -0.00126254248156792 0.00341361366375178 0.00070326445601408 -0.00420765182868233
51000 0.127500000000001 0.294548164052617 -0.000702125756307736 0.00264154634224118 0.00429510223304718 0.00032489464784387 -0.00458988289584986
51200 0.128000000000001 0.296205069806027 0.00123922799941946 -0.000637163801851829 0.00394916373126869 0.000610076661070105 -0.00316038399104709
51400 0.128500000000001 0.29090937214357 -0.0021186694274823 -0.000387956708620095 0.00248214397189629 -0.0012093435386574 -0.00490508976926001
51600 0.129000000000001 0.290619983828287 -0.00269988407174469 -0.00435110088398706 0.00153765261501222 0.00238225557721284 -0.00483011955463275
51800 0.129500000000001 0.288827625970029 -0.00338384469491018 -0.00220377840728083 0.00230638465372255 5.89588983423005e-05 -0.00213794538517383
52000 0.130000000000001 0.285964382254221 -0.0010919746165778 -0.00401289099318344 0.00307999175687928 1.82687498023801e-05 -0.00414540441143554
52200 0.130500000000001 0.284400919006376 -0.00140184590841041 -0.00222383340897041 0.00388665039563117 0.000475800521740155 -0.00421191457604756
52400 0.131000000000001 0.281835721797681 0.000667501329398281 -6.33218256911094e-05 0.00188967670422701 0.00207567741743259 -0.00369721566991264
52600 0.131500000000001 0.280310160792825 0.00232920835203812 0.00161389326738087 0.00291482495763245 0.0016370393145656 -0.00553609985702204
52800 0.132000000000001 0.280848764402824 -0.00139180745834093 0.00294136550196831 0.0041624947539817 0.00113214126008253 -0.00473903291115478
53000 0.132500000000001 0.278365111198567 0.00280486889554895 0.00109723119031651 0.000939304927909791 0.00137168886071537 -0.00441973589415257
53200 0.133000000000001 0.277140767966643 0.00061177947614312 -0.0016631603900073 0.00057122080442057 0.00168644244752641 -0.00281849012305327
53400 0.133500000000001 0.274619625238533 -0.00198011510094854 -0.000588900784613315 0.000898998455261124 0.00115286804928988 -0.00404527597581956
53600 0.134000000000001 0.27417356132392 -0.0016127670280401 -0.00214660805129387 0.00189617715653246 0.00193431730052239 -0.00457240551086654
53800 0.134500000000001 0.270667638848113 0.00129730721576016 -0.00172950985760321 0.000722903635619895 0.000628113987331839 -0.00453848847957269
54000 0.135000000000001 0.2713922914251 0.00346328744634638 -0.001190031871879 0.00288569019228705 0.00221451720347768 -0.00290710900040303
54200 0.135500000000001 0.271142155325099 -0.00157065031106513 0.000322310868663138 0.00241140350050761 0.00146965755577523 -0.00381398185205373
54400 0.136000000000001 0.265860348124031 -0.00159940491251759 -0.000496117590006043 0.000512083710529908 0.00177680953379635 -0.00188616603540019
54600 0.136500000000001 0.264193676958027 -0.00213817733944191 -0.000615134060243436 0.00208589392900512 0.00110388687668572 -0.002762276934738
54800 0.137000000000001 0.261151585361336 -0.002874616635295 -0.00294652432471845 0.00153006510666044 0.00177763265323742 -0.00289885863548939
55000 0.137500000000001 0.261209384631958 -0.000700346405189782 -0.00280617357479506 0.000977636854071418 0.00277007161838454 -0.00280376007127939
55200 0.138000000000001 0.258922924255096 0.00109426670595429 -6.11541873306149e-05 0.00300099824502793 0.00144292695013392 -0.00461428212621224
55400 0.138500000000001 0.258313875019144 -0.0014218845771966 -0.000297771965207161 0.00327263465218476 0.00274047870511715 -0.00259043760117686
55600 0.139000000000001 0.255987561508846 -0.000768264785349916 0.000651846152510016 0.00404792496480814 -2.18410639676093e-05 -0.00292643534442325
55800 0.139500000000001 0.256833197163805 -0.00206822332621501 -0.00208259577601778 0.00391341935014196 -0.000240188263779575 -0.00447895519395785
56000 0.140000000000001 0.254046941670451 -0.000897568683651598 0.00181818225263712 0.00141850123178213 -6.05642535702677e-05 -0.00274490989656492
56200 0.140500000000001 0.256795135324064 2.40416094053507e-05 -0.00125397049588146 0.0026530238043077 0.000294063434635998 -0.00411315731433486
56400 0.141000000000001 0.253291623428995 0.000898938113342187 0.00235805265535483 0.00323174192827744 0.000475172904087466 -0.00345971823177368
56600 0.141500000000001 0.250766910569123 0.000875938761004734 -6.27409679970562e-05 0.00365452033107019 0.00201013070016893 -0.00239862674826799
56800 0.142000000000001 0.250282392359769 0.000408740460597326 0.000117342348316346 0.00328904287050233 0.000156668195963178 -0.00315832551439042
57000 0.142500000000001 0.250326613904611 0.00157844742007698 -0.00150205409190696 0.00243152956932268 -8.65375829349986e-07 -0.00360708937968027
57200 0.143000000000001 0.249170604447081 -0.000947881452145753 0.000505190489356725 0.00283846123568901 0.00105508204798578 -0.00370227406567432
57400 0.143500000000001 0.24635570761421 0.00134490212564268 0.00126781660972503 0.00182129714066937 0.00142592653515389 -0.00353081414550583
57600 0.144000000000001 0.242812111559477 -0.000283581839034258 0.000167575981053547 0.000511673415248161 0.0026405571999009 -0.00249012836306707
57800 0.144500000000001 0.241348628714203 0.00193142476059126 -0.00454834426487961 0.00415219491215922 0.00203755079711788 -0.00227249610196701
58000 0.145000000000001 0.241927449864931 -0.00404395233232092 -0.0020230317230175 0.00407450361627884 0.00200987437036933 -0.00367956835057035
58200 0.145500000000001 0.239424225820775 -0.00211762745526664 -0.00245205259973509 0.0037776563234258 0.00172811153037969 -0.00414478716271792
58400 0.146000000000001 0.237530417068568 -0.000340157912313224 -0.00057457897413935 0.00274572255198918 0.00171533997616027 -0.00383516677818392
58600 0.146500000000001 0.239827058505119 -0.00138857394233573 -0.00243663561369574 8.91229724271529e-06 0.00189076993014278 -0.00286673087593756
58800 0.147000000000001 0.236138987192902 -0.00244441618374831 -0.00112078701681988 0.00197689346276726 0.000614442412158772 -0.00355775453167001
59000 0.147500000000001 0.236637609012843 0.000558503603639738 -0.00326583346876561 0.00178932067958485 0.00308995943354405 -0.00469219679313365
59200 0.148000000000001 0.236714251508611 -0.00425892278354259 -0.0014531901221925 0.00152715684989142 0.000582115432520324 -0.0021856107655916
59400 0.148500000000001 0.236434292169899 0.000536472365795287 -0.0031413850378653 0.00296855009854333 0.000831562682982407 -0.00257444227720458
59600 0.149000000000001 0.235181422206372 -0.000933506078041696 0.00182583960284518 0.00214885178612363 0.00303508859541588 -0.00321947205478318
59800 0.149500000000001 0.232218284163369 -0.000289000686222582 -0.000248760021351827 0.00192743709218304 0.000978421144479635 -0.00291754713954409
60000 0.150000000000001 0.227411383650808 0.000963258812523001 0.00101899614294939 0.00291731012675623 0.00116743955376272 -0.00427883032098066
60200 0.150500000000001 0.230733863486682 -0.00389379738511247 -0.000731154493732408 0.00277240372843514 -0.000115028445437925 -0.00227504128227204
60400 0.151000000000001 0.23003221868641 -0.00059068379123548 0.00176091718641676 0.00149847196920495 -0.000763311796488598 -0.00306194936794889
60600 0.151500000000001 0.226403669990358 0.00221123625326683 -0.000111242552668728 0.00247064473682842 0.000416968290748443 -0.00184338701715036
60800 0.152000000000001 0.225979542935454 -0.0013141863295484 0.000302448132165638 0.00151881229666059 0.00199609588697704 -0.00402801180202477
61000 0.152500000000001 0.223722449369438 -0.00131501052546936 -0.00492126324685899 0.00215395975245742 0.00129146216329165 -0.00386500403269552
61200 0.153000000000001 0.224614255572561 -0.00242218203352529 -0.0017856269083561 0.00363252733287738 0.000996649378352575 -0.0037401028235598
61400 0.153500000000001 0.223180571854485 0.00032329970535165 -0.00240020958865434 0.00240663671732786 0.00130047074641547 -0.00439212257229841
61600 0.154000000000001 0.223076527482624 -0.000341032400761823 0.000833329136451389 0.00194683694216485 0.000204393820763802 -0.00376413968434237
61800 0.154500000000001 0.222259672203705 0.000627702321142747 -0.00384043463584798 0.00224606065709375 0.00363741158374849 -0.00299722265533162
62000 0.155000000000001 0.222811122674671 -0.00211203641426175 0.00538024169133853 0.00222316991166666 0.000885356938018458 -0.00329300736543114
62200 0.155500000000001 0.222621001117137 0.00131080386774561 0.000560943879539975 0.00264965629984332 0.00119034642771039 -0.00423083801384642
62400 0.156000000000001 0.221496920246624 2.9366541176579e-05 0.00238425275317109 0.00300113613545776 0.000642078263379579 -0.00402764800294984
62600 0.156500000000001 0.218652599377835 0.0014210529134827 -0.00035086225065213 0.00182164526655335 0.000200684573103152 -0.00483797737344807
62800 0.157000000000001 0.21824748423237 -0.000604406672363608 -0.00205223850066814 0.00125776601607812 -9.56133181029549e-05 -0.00504444202153496
63000 0.157500000000001 0.218273349767763 -0.00039401914662078 0.000464791384056696 0.00084833028889852 0.000136594547771697 -0.00327585397118273
63200 0.158000000000001 0.217401518456964 0.000205617115623995 -0.000637097485793867 0.00304506628709414 0.000492819618699026 -0.00431127493803166
63400 0.158500000000001 0.215280596124822 -0.000579004899517468 0.000339395984540716 0.0022675641924038 -8.81466897803995e-05 -0.00309788393416008
63600 0.159000000000001 0.216132919064395 -0.000972108773154976 0.00143341534960845 0.00284534489332946 -0.000228362155277877 -0.00307482665392749
63800 0.159500000000001 0.21537184220354 -0.000767521789458733 0.00299675417220507 0.00171382965783682 1.75711698725946e-05 -0.00202468132422182
64000 0.160000000000001 0.211836838216378 -0.00108717501249934 0.00238474713008214 0.000176890906032092 -0.000156027162374002 -0.00314058134355112
64200 0.160500000000001 0.210115639542069 -0.00105181042746828 -0.000315600239208714 0.00208808894531185 -0.00112498887049222 -0.00410923042397623
64400 0.161000000000001 0.209483499141249 0.00109202127280944 0.00490001227000327 0.0011329387767984 0.000201933699224931 -0.00311880604549283
64600 0.161500000000001 0.209924059852912 0.00332635970361296 0.00445443277858072 0.00175383452000291 0.0010122480547788 -0.00310948228592097
64800 0.162000000000001 0.21012099786616 0.000578660305013733 0.00272156700211122 0.00226448074662219 0.00109484113060246 -0.00408277568818755
65000 0.162500000000001 0.210753448742449 0.000809736007662436 0.00231825225933118 0.00120806582837777 0.00185972968832285 -0.00470895847462372
65200 0.163000000000001 0.209898817577995 -0.00350828542440803 0.0031174053525311 0.000430183315881699 -0.000128967322116232 -0.00220671131790615
65400 0.163500000000001 0.208948359835081 0.00184436355140518 4.18892055075062e-05 0.00082399279393838 0.000582359638126263 -0.00306490814077152
65600 0.164000000000001 0.208817239868478 0.000846105340315975 0.00011959669626585 0.00120869218714471 -0.000264932509655233 -0.00271557084942515
65800 0.164500000000001 0.210072148891649 0.00407642001796533 0.00159977102863639 0.00163779339666584 0.000311832425019726 -0.00255053730440127
66000 0.165000000000001 0.20516787158273 0.000928160872828241 0.000579592307714936 0.00211009118359581 0.000883721561681997 -0.00229654725406451
66200 0.165500000000001 0.20597279309352 -0.000100241495585202 -0.000984935548342455 -0.000896244852606541 0.00130706041951881 -0.00303601224467515
66400 0.166000000000001 0.204924539215152 -0.000506052000683649 -0.00239866130210267 0.000904731854856232 0.00232102523201099 -0.00251182610054517
66600 0.166500000000001 0.20381008011638 0.000996155942009272 0.0016963398507762 0.00185832692527279 0.00137323404652924 -0.00194116355202792
66800 0.167000000000001 0.199845509267168 -0.00053257661874119 0.00148270195510985 0.000662695264640985 0.000751168084107651 -0.00438475405326445
67000 0.167500000000001 0.200276994163299 0.00244837448940337 0.000924691665565366 0.00122405811989184 -0.000102726727658178 -0.00254353956536787
67200 0.168000000000001 0.201384708886468 -0.00361934508423991 -0.00104141197909863 0.0012310845259473 1.88606361582639e-05 -0.00341332628196054
67400 0.168500000000001 0.200506574861809 -0.00266362759551636 -0.00217410246616832 0.00181836413285948 -0.000555379298687553 -0.00322779621221465
67600 0.169000000000001 0.197616396274054 -0.00333510596770258 -0.00058766909307833 -9.6276468854739e-05 0.000736985913336143 -0.0050327386853804
67800 0.169500000000001 0.200480927998444 -0.000217047535829878 -0.000700703950827255 0.000901255224917273 -0.000368899786934139 -0.00444664481542979
68000 0.170000000000001 0.19923846531961 -0.00141613099828733 0.0012518848741322 0.00129512769393032 0.000229373316441384 -0.00368674155555015
68200 0.170500000000001 0.198521357338226 2.68102333769414e-05 -0.00108979030554464 -0.000111246403984774 0.00142885133292632 -0.00407560683982081
68400 0.171000000000001 0.198751923942524 -0.00175331626114474 0.00146464139562495 0.00123860948402372 0.000395747516449999 -0.00301799807976822
68600 0.171500000000001 0.195490597695209 9.15594303006719e-05 -0.000374943664169667 0.000155695248743179 0.00106178521061274 -0.00280555474344618
68800 0.172000000000001 0.194240288846013 -0.0033708816831678 -0.000206537228536939 0.000264980885514324 -0.000354114317617878 -0.00497009022285014
69000 0.172500000000001 0.194521082192057 -0.00166899759477825 -0.00180085447675512 0.000491119832819461 0.000829025099017721 -0.00386842584335935
69200 0.173000000000001 0.196736746429731 -0.00185812421859603 -0.000196204589523919 0.00206154497199843 0.000808351096143082 -0.00278676376367143
69400 0.173500000000001 0.198840648403271 0.00171102972073358 0.000182041629582399 -0.000199114933789114 0.000623101808440542 -0.0051664742054036
69600 0.174000000000001 0.198081665974798 0.00292538526327808 0.000881693034967656 0.0016490781145061 0.00164142023461578 -0.00462787357289184
69800 0.174500000000001 0.19715272608617 0.000799582941669336 0.001892782232945 0.00137847194439264 0.000588461723216603 -0.00393901316451787
70000 0.175000000000001 0.196530355081362 0.000836821226595431 3.17094510835956e-05 0.000959962935478902 0.00144934285532249 -0.0028835607825024
70200 0.175500000000001 0.193083742082182 0.00153399636585518 0.00216496750830885 0.00257057850005835 0.0016182939975124 -0.00507566188878643
70400 0.176000000000001 0.194004626048813 -0.000265574868736976 0.000331125435209365 0.000437824946270464 -0.000298679664413863 -0.00437788092704069
70600 0.176500000000001 0.192092435384309 8.35162864177956e-05 2.86429704352841e-05 0.00121578466883278 0.000477326633309958 -0.0026604210838663
70800 0.177000000000001 0.192940312434386 0.00045051982141718 -0.00247516414449716 0.00165478957338208 -0.000752180618307055 -0.00325771575357966
71000 0.177500000000001 0.19324169713964 -0.00119094335035712 -0.00112136498123894 -0.00113468196785704 0.000203107702189736 -0.00341154591041628
71200 0.178000000000001 0.191738521224226 -0.000461521557898394 -0.0033208718005092 0.00123129713565447 -0.00054778213070226 -0.00319217116324936
71400 0.178500000000001 0.193797439039847 -0.000568750130654911 0.00145770581690533 0.000659170193822115 0.000466822018847934 -0.00299672370174091
71600 0.179000000000001 0.194019947833438 0.00328686362966808 0.00117285188192438 0.000553289083716011 9.25799787471632e-05 -0.00420367573982778
71800 0.179500000000001 0.191257057920143 0.00174538157590787 0.00362377701365153 0.00110275687327543 -0.000543056094717731 -0.00240249474531507
72000 0.180000000000001 0.190459312126935 0.00333676005617338 0.00286818788737054 -0.000127976951239336 0.000167126394834884 -0.00470139710703971
72200 0.180500000000001 0.190199975723454 0.00201623420628151 0.00376107271442351 0.000489532577716771 -0.000935081999982183 -0.00387774633584129
72400 0.181000000000001 0.189924524179215 -1.29225680892609e-05 0.00231426320998006 -0.00021086436841731 -0.00180192593569787 -0.00414354604182907
72600 0.181500000000001 0.19241875152786 0.00311163564691776 0.00222945276371037 0.000617730658377296 0.000257885112544367 -0.00490355364204939
72800 0.182000000000001 0.192157409038048 0.00509726940598395 0.00095892872361535 -0.000272879282289724 0.00109325438425886 -0.0044235086230316
73000 0.182500000000001 0.188055018711633 -0.000216751524955634 0.00186141821038948 -6.38077056684543e-05 0.000172456143293055 -0.00505931755236717
73200 0.183000000000001 0.185807607937867 -0.00315191263368942 0.000615301502560837 0.00038632582118489 -0.000746949326504336 -0.00442381233935468
73400 0.183500000000001 0.185437586167945 -0.000631388864314943 -0.00268598812715617 0.000822562162983155 0.000674671437675974 -0.00390553376188086
73600 0.184000000000001 0.186463618959041 -0.00235576500781644 -0.000789878420953093 0.000830435633911986 2.5130764984685e-06 -0.00217713123745969
73800 0.184500000000001 0.182458202232085 -9.35800805317527e-05 -0.000233271692989981 0.00157708694376104 -0.000743631129257203 -0.00374172429697659
74000 0.185000000000001 0.183615098382589 -0.00290473071374889 -0.00246456859451335 -0.00116385299952085 -0.00177101549914984 -0.00250189656850774
74200 0.185500000000001 0.186134247208072 -0.00144672087418453 -0.00136394335306013 -0.000631329260679378 -0.00106616536075442 -0.0043100011565163
74400 0.186000000000001 0.180696573153194 -0.00144546000220104 -0.0026618187263989 -0.000226539362268305 -0.000561799826451115 -0.00365761703782642
74600 0.186500000000001 0.181116135165879 -0.00209955629602045 -0.000371625927784323 0.000510792419025581 -0.000391913322169808 -0.00116379780457295
74800 0.187000000000001 0.181124120873695 0.000824047370827924 -0.00212337217274992 -0.000880584589407637 -0.00159616089269691 -0.00195437194912079
75000 0.187500000000001 0.181506756372784 -0.000309191770408617 0.000199042198565644 -0.000321345477326124 -0.000504186995241876 -0.00230938152230263
75200 0.188000000000001 0.179338477202166 0.000230735628458121 0.00110526849690428 0.000221176449973247 -0.000542481371201542 -0.00431770382614688
75400 0.188500000000001 0.180695918272443 -0.00148436406154209 0.00296569481359101 -0.00156991119793498 -0.000891697467413901 -0.00261929628080141
75600 0.189000000000001 0.181607657749558 0.000318525847271782 -0.00216367923186869 -0.00152780012337806 0.00116994157079159 -0.00252462194079716
75800 0.189500000000001 0.178899104629497 -0.00199068180557057 0.000433777207956301 -0.00141965939927431 -0.00113144691380872 -0.00433359412803212
76000 0.190000000000001 0.18124234642837 -0.00100112949332704 0.00044344231426449 0.000295387587248338 0.00051460369359148 -0.00297205182914092
76200 0.190500000000001 0.18026977485539 -0.0015142138429215 -0.00059317949525571 0.000226972530616643 0.000472015861758134 -0.0029380248643871
76400 0.191000000000001 0.181417288242062 -0.00261593625812356 0.000592330022314301 0.000594395632904665 0.00152307675816989 -0.00324776524312223
76600 0.191500000000001 0.179729348333607 -0.0028821497279358 -0.00196124653158168 -0.00184086214351429 0.00104204570487421 -0.00314423659619466
76800 0.192000000000001 0.178937506708833 -0.00113468871551156 -0.00168766461341999 0.000407589823551962 0.0014089853419515 -0.00170359236447512
77000 0.192500000000001 0.179227461781831 -0.00159161307376922 -0.000149288679554997 0.000207170293364125 0.00151446476794869 -0.000843902550507951
77200 0.193000000000001 0.179155356414042 -0.00104160815609979 -0.00142252137996293 0.000212417885936399 0.000120872452857985 -0.00310124545191184
77400 0.193500000000001 0.180322499095478 -8.99841405787023e-05 -0.00012341843854328 4.04859562991134e-05 -0.000453013719965882 -0.00351545202835532
77600 0.194000000000001 0.179277871929942 0.0032365882196426 0.000375268948932504 -9.98460368456965e-05 -0.00225317486172676 -0.000794166587184313
77800 0.194500000000001 0.178711475178655 0.00382395093353055 0.000806674261493351 -0.00149532500421292 -6.13811608386404e-05 -0.00203790920027254
78000 0.195000000000001 0.176423150070431 -0.000586570362833458 -0.00183915370060223 0.000113970960291451 0.000113812668610314 -0.00229795022639069
78200 0.195500000000001 0.175040563418843 0.0023021938020989 -0.000100405342020579 -0.00122284384956111 0.00157127678348404 -0.00210373158868619
78400 0.196000000000001 0.174373621670713 0.000842900145505874 0.0015918103221162 -0.0002274423546649 -0.00109616214949502 -0.0020565605388743
78600 0.196500000000001 0.176898507711902 0.00170068035197197 -0.000634912170233885 0.000563292936330328 -0.00039110661910289 -0.00292819646857468
78800 0.197000000000001 0.178602370571172 -0.000811873086023757 -9.24197657124802e-06 -0.000247377867463145 -7.35784946981779e-05 -0.00267872458853051
79000 0.197500000000001 0.177156564018371 -8.74525324054365e-05 0.000767148721894932 -7.37079037405858e-05 0.000303216288582234 -0.00375727110036416
79200 0.198000000000001 0.176047332962362 -0.00165137482249444 0.000204876133870066 -0.00153486468458457 -0.000397859189848936 -0.00371234229831262
79400 0.198500000000001 0.172633519400024 -0.00308552467497716 -0.000627277144885738 -0.000397041560770508 -0.000554096878442487 -0.00395811400196588
79600 0.199000000000001 0.171259651325627 -0.00247954989416421 0.000345344809273857 0.000819506566428925 -0.00101957637296879 -0.00334205050369315
79800 0.199500000000001 0.174605199542518 -1.60845965404554e-05 -0.003063295770223 0.000858775667419049 -0.000949681609252538 -0.00371898222628975
80000 0.200000000000001 0.172829968437834 -0.00298514217246401 -0.00456658471791405 0.000889801746080898 -0.000488680430817468 -0.00147611020172883
80200 0.200500000000001 0.169735091546037 -0.00133673938825375 -0.00118796272064474 -0.00147694405210337 0.000161501250382311 -0.00253635346817419
80400 0.201000000000001 0.170591270956314 -0.00274802607573476 -0.00199177104985545 -0.00120460472384203 0.000371769765278991 -0.00499612506139663
80600 0.201500000000001 0.170092620733609 0.00155622492586182 -0.000108096455065326 -0.000539375842931378 -0.000739478676910586 -0.0038458360823674
80800 0.202000000000001 0.171778283737832 -0.00123307376895937 -0.00158364532335189 -0.000374399452357597 -0.000754731821313011 -0.0032377855352949
81000 0.202500000000001 0.169990841713572 -0.00255735908915455 -0.00197772754975043 0.000536656420187543 -0.00282888665440413 -0.0031663979195261
81200 0.203000000000001 0.168827461011396 -0.00531289675024144 -0.00158633725457575 -0.00201463432717606 1.84203192599721e-05 -0.0021495296032625
81400 0.203500000000001 0.169072857132768 -0.00207769430723827 -0.00171461659983382 -0.00113756521948196 -0.000664057898964508 -0.00265085007819546
81600 0.204000000000001 0.169260463510558 -0.00149697009282715 -0.00236702003169874 -5.39608316877471e-05 -0.00160904233389353 -0.00380970562675503
81800 0.204500000000001 0.17003720858173 -0.000371183874634764 -0.000457154805667943 -0.00149218066288435 -0.00160967364670835 -0.00458261669260629
82000 0.205000000000001 0.169334936689856 0.000154723171662056 0.00200177856965136 -0.0015162045645389 -0.00107933095219537 -0.0033562025208564
82200 0.205500000000001 0.170107628877534 -0.00197849114246746 0.00112289291576726 9.55338693055223e-05 0.000634187828895917 -0.00282177772616189
82400 0.206000000000001 0.169871268041126 0.00213439115153649 0.00219169588414462 -0.000646405958454512 -0.000221699516896419 -0.00241467748611643
82600 0.206500000000001 0.170448452704147 -0.00028199535907328 0.00169297422602888 -0.00178821748544112 6.55493476337456e-05 -0.0037867164404006
82800 0.207000000000001 0.167038193744823 -0.000626118729286319 -0.00128658637386497 -0.000420427564995615 0.00045639593575969 -0.00386225939298363
83000 0.207500000000001 0.167773965635538 -0.000431812462458079 -0.00064880003203285 -0.000726215055104878 0.0011390157729648 -0.00338541624092113
83200 0.208000000000001 0.165527868622313 -0.000300485499766911 -0.000188699193490213 4.38073332254315e-05 -0.000683619716598294 -0.00353072501745422
83400 0.208500000000001 0.16659411225112 0.00261846489717969 0.000777357224822414 -0.00129370194853555 -0.000604305928529195 -0.00456222380535315
83600 0.209000000000001 0.168082798599462 -0.000159887691699613 0.0010267890605433 -0.000968706615449988 -0.000157439871027531 -0.00393356351128002
83800 0.209500000000001 0.167102357913402 0.00217373390892629 -0.000464629842077059 -0.00130762618771814 0.000383100035291793 -0.00307867375294441
84000 0.210000000000001 0.164582608996889 -0.00116218410109 0.00158852132924963 -0.00160176505920464 -0.00132100733083211 -0.00343984870374305
84200 0.210500000000001 0.163758124944735 0.00169490812954432 -0.0027728339306366 0.000152630861911795 -0.00110057829133345 -0.00253743704047444
84400 0.211000000000001 0.162908879446894 -0.00266192781124958 0.000527831994968016 7.80985303376608e-06 -0.00065601806266949 -0.00293120096946716
84600 0.211500000000001 0.164094090043058 0.000357113299458672 -0.00463631286107855 4.83133690018691e-05 -0.00055059465741128 -0.00373645812596997
84800 0.212000000000001 0.16311998183039 -0.00256091242492161 -0.0004459973538094 -0.00272916773185306 -0.000360030635036702 -0.00376036884746191
85000 0.212500000000001 0.162082038508124 0.00110589559588432 -8.63258615298054e-05 -0.00102399014784997 -0.000964427663321645 -0.00247188262278225
85200 0.213000000000001 0.157908712837581 -0.000348680002347546 0.000190235199884643 4.26494512869407e-05 0.000138819998467136 -0.00155047005920426
85400 0.213500000000001 0.160793412845935 0.000248310667281741 -0.00122741581980769 -0.00172004416692132 -5.81132092256742e-05 -0.00289924129428943
85600 0.214000000000001 0.160951892001859 0.000382187537428209 -0.00154203899197412 -0.000857313723109098 0.000494351022352853 -0.00417872574382117
85800 0.214500000000001 0.163394907429936 0.00126193993580305 0.00105257536585773 0.000639428381742708 0.000660645434258241 -0.00319736957727271
86000 0.215000000000001 0.162415684892648 -0.000271094354836482 5.05758290320363e-06 0.000417321522709962 0.00105156238391497 -0.00382169507064891
86200 0.215500000000001 0.160632657015786 -0.00185980646443568 -0.000521825937721452 0.00115617642972834 0.00124984250666706 -0.00375981198856347
86400 0.216000000000001 0.157505212227567 -0.00119531333936745 -0.00019282439250017 -0.00136872512349014 0.000293537939084 -0.00403241920532659
86600 0.216500000000001 0.159149828417452 -0.000653203760472559 -0.00133229003691583 0.00104139003923623 0.000871547783316201 -0.00435404731651421
86800 0.217000000000001 0.159293206047343 -0.000525259138472511 0.00250190481572611 0.00107110879127322 0.000761414205361593 -0.00400120381937559
87000 0.217500000000001 0.157927035707179 0.00271829928028928 0.00283478728071107 -5.12518598275851e-05 0.000161617189435845 -0.00196702479692391
87200 0.218000000000001 0.158953897967395 0.00144952420208638 0.00325786815846372 -0.000188484029592068 -3.32196195284329e-05 -0.000423680914792776
87400 0.218500000000001 0.160107034861172 0.00189285203334776 -0.000388294746430007 -0.000790597073693456 5.31853568225382e-05 -0.00264045464596622
87600 0.219000000000001 0.158451399200424 -0.000726679816017813 0.00148522892402931 -0.000217944047720792 -0.00018645886210113 -0.00380804789011506
87800 0.219500000000001 0.159536290912047 0.0017189656621709 -0.00116931279034005 -0.000682840329916194 -0.000689327497156664 -0.00192818295319343
88000 0.220000000000001 0.15665058566826 0.00119244478989055 0.000431606262764078 -0.00104538945554958 -1.26013685363465e-05 -0.000384886272723584
88200 0.220500000000001 0.154980880440675 0.000381913351466807 -0.00188194474452305 0.00029185125801615 -0.000605390793221247 -0.00179925457996504
88400 0.221000000000001 0.155147012731091 0.000534971508633813 0.000540855811652263 -0.000353889067342424 -0.000697792754182167 -0.00283219948511817
88600 0.221500000000001 0.154949246303981 0.00328425194312454 0.000128310641611712 -0.00236561244722239 -0.000276002287005628 -0.00242214220074255
88800 0.222000000000001 0.153992393640105 0.00174105255421912 0.00288089701367674 -0.00199661656097767 -0.001746191578076 -0.000473353614569332
89000 0.222500000000001 0.156829733934944 0.0012233339487182 0.000206469527303451 -0.00268454233022789 -0.00188197725288127 -0.00229850495273402
89200 0.223000000000001 0.155263833573828 -0.00128195263508815 -0.00066079411002755 -0.00120013102731615 -0.000380354675503935 -0.00104303917222123
89400 0.223500000000001 0.155051436360501 0.000817865327057161 -0.00265139224181438 -0.00133005051112591 0.00139808893324689 -0.00295222921531034
89600 0.224000000000001 0.153911599533449 -1.53893066330547e-05 -4.04813301251921e-05 -0.000392045550549315 0.000709270186642203 -0.00238031316147087
89800 0.224500000000001 0.152084665248551 -0.000211867518196707 0.00319775953758067 -4.07043512169984e-05 0.00134887671581917 -0.000470405647255523
90000 0.225000000000001 0.151315053245231 0.000967449182009131 0.0031674878562655 -0.00159677698504442 0.000933575096510729 -0.00185312577085338
90200 0.225500000000001 0.149264601114667 0.000795488198608399 -0.000171138951741797 -0.00167212813983533 0.00196355608411237 -0.00159403017100948
90400 0.226000000000001 0.149745127383197 0.00105160714012641 -0.000433943287626519 -0.00210856122323454 0.000830017394898105 -0.00147936711006582
90600 0.226500000000001 0.149206048539355 0.00212170010229687 -0.00222541666349287 -0.00117742162958815 0.000133115145708342 -0.0029815101613683
90800 0.227000000000001 0.153563475335103 0.00176727788565497 -0.00132294770077044 -0.00136068963569993 0.00171603519460133 -0.00257285471876567
91000 0.227500000000001 0.154311072648774 -0.00119828611793028 0.00193280793063285 -0.00166262356397001 -0.000557968954350824 -0.00233502648002915
91200 0.228000000000001 0.153801186309881 0.00187860296581756 0.00242165177184803 -0.000412166217609072 0.00105033958543716 -0.00468556346086438
91400 0.228500000000001 0.151750320526538 0.000699287629383277 0.00289048372149303 -0.00127547130743382 -0.000442116700811554 -0.00200753844368563
91600 0.229000000000001 0.14893908498346 -0.00241833226430378 0.00165430282592241 -0.000869788923708786 -0.000771467394946679 -0.00275545720188586
91800 0.229500000000001 0.150331114943828 0.00129530595159899 0.00105112088037068 -0.00297304294006544 0.000266781567987872 -0.00338979630981929
92000 0.230000000000001 0.150936659370445 0.000983141082216126 0.00026472483460642 -0.00247049227952331 0.000386831290001408 -0.00132761320098711
92200 0.230500000000001 0.153303492738018 0.00318082658882378 -0.00105004384485685 -0.00202897335668177 -0.00088889052970428 -3.37110966026354e-05
92400 0.231000000000001 0.149934706403318 0.00190798166162907 0.00365455249298693 -0.0019387913509203 0.00068500297607351 -0.00158589583104595
92600 0.231500000000001 0.147822233921667 0.0019831798384864 0.00323503070622051 -0.00123183295280989 0.00142757227177817 -0.00187011821925039
92800 0.232000000000001 0.146719971008426 0.00336059447190039 0.00103695070257071 -0.000218106411009253 0.00108798303163089 -0.00191611618863799
93000 0.232500000000001 0.148629007383066 0.000497009272283878 -0.000176813581087158 -8.69004068485389e-05 0.000456254833309825 -0.00277285061250943
93200 0.233000000000001 0.146129187201506 0.000187422975415258 -0.00171378962023798 0.00087342534957495 -8.3731721383926e-05 -0.00233938094473722
93400 0.233500000000001 0.144268756325556 -0.00196363510331798 0.00206684902288653 -0.00144542469123558 -0.00224253233276762 4.35707522915523e-05
93600 0.234000000000001 0.146788168202997 -0.00082158278904208 -0.00181615241327807 -0.0018992699593116 -0.00173233145349725 0.00114661522081206
93800 0.234500000000001 0.148601447156014 -0.00183682656323867 -0.000982101783862433 -0.000422571355031497 -2.14980124958083e-05 -0.000778680132653693
94000 0.235000000000001 0.145718116216063 0.00034859103486379 -0.000843367268875917 -0.00209673106156365 -0.000768189619953432 -0.000537759720343288
94200 0.235500000000001 0.144145127636519 -8.98805494748147e-05 0.000193976163552388 0.000527893664650942 -0.00265437331933037 -0.00311894016033163
94400 0.236000000000001 0.14394917105306 -0.000486895702815269 0.000869468057268338 -0.00149483571006779 0.000129923813819298 -0.00107000620144099
94600 0.236500000000001 0.146684795152816 0.000199290668744252 0.00251774283019223 -0.0017195380123678 -0.00148339844698214 -0.00153669542740633
94800 0.237000000000001 0.144496698840795 0.00282268978684877 0.00202813387915846 -0.00132606536272041 -0.00012239940512048 -0.000621302319353976
95000 0.237500000000001 0.145752626007297 0.00384193051084629 0.00398305567015446 -0.00115319661238852 0.000489388425236529 -0.00114526942104977
95200 0.238000000000001 0.146693602824177 0.000180115667462236 0.000855031836650811 -0.00365719810109275 -0.00105048418339331 -0.00133484111909805
95400 0.238500000000001 0.144908986147109 0.00307710704818772 0.00116581751107722 -0.00334882492422359 -9.32656230414916e-05 -0.000906325381662491
95600 0.239000000000001 0.142448353881947 0.000390495999803727 -0.000842765373207925 -0.00320325442681051 -0.00128834074743501 -0.00104377754450126
95800 0.239500000000001 0.14205929480805 -0.00072823948220497 -0.000186588020743156 -0.00333766936525937 -0.000354467416902559 -0.000401522051336351
96000 0.240000000000001 0.143158094141745 -0.000406723677757406 -0.0014086037389895 -0.00228128558381968 -0.00139080211686473 -0.00164964390173997
96200 0.240500000000001 0.142020927214394 -0.00304521992180336 0.000596592765911967 -0.00201842331278437 0.000115163808744911 -0.00188418360025278
96400 0.241000000000001 0.14264619254603 0.000209885876714895 -0.000911702779742029 -0.00207864343577837 -0.000385806721605455 -0.000996993125515351
96600 0.241500000000001 0.144047245201971 -0.00447087635683787 0.00171918162656049 -0.000597376980538757 -9.5622464161395e-06 -0.00250645455488105
96800 0.242000000000001 0.14378081005399 -0.000160690980579059 -0.00261504108911094 -0.00201475093958516 -0.000451284335483045 -9.59093774406908e-05
97000 0.242500000000001 0.146030741630105 -0.000532720552194314 -0.000946159890232099 -0.000733007618753744 -0.00120161186991032 0.000447971830998985
97200 0.243000000000001 0.143566196757121 0.00159176185357135 0.00166694466110194 0.000310091392704921 4.2302577526911e-05 -0.000787581813403804
97400 0.243500000000001 0.14312859045525 0.00121117201675233 0.00260210301901405 0.000355823165320128 -0.000360647469157717 4.96830064017461e-05
97600 0.244000000000001 0.143747862457469 -0.000739646786138759 0.00233608799752727 -0.000901024196128705 -0.000799262368504991 0.00078146106501781
97800 0.244500000000001 0.142750897909934 0.00312790116530785 0.00321708462906761 -0.000541955452959275 -0.000491034331579428 7.61495293490834e-05
98000 0.245000000000001 0.139690124911325 0.00127186592384132 0.000873851470452525 -0.00129711662388699 -9.19287981421802e-05 0.000219037235649081
98200 0.245500000000001 0.142988422350886 0.00330591651686139 -0.000608656353735357 -0.00164766855476784 -0.00147223763409691 -0.00294186726525101
98400 0.246000000000001 0.139779843702496 -0.000741321731023235 0.00212018096823299 -0.00285166098943752 -0.00150652560176289 -0.00270516663320734
98600 0.246500000000001 0.141230140941473 0.00342100310945195 0.00219199547193566 0.000460697089162309 -0.00186561389772717 -0.00224575304577883
98800 0.247000000000001 0.140693100315842 -0.00104207001393955 -0.000836888782479749 0.00255283747260184 -0.000780249259338478 -0.00156055282583046
99000 0.247500000000001 0.141052657715626 -0.000704723206536905 -0.000906909866762062 0.000604059451832811 -0.000932389306027708 -0.0017425839623111
99200 0.248000000000001 0.13893172904396 -0.000511530039262792 0.000490679086642566 0.000179689660644339 -0.00211004415721619 -0.00221227153367243
99400 0.248500000000001 0.139965626886851 0.00171904053582096 -0.000983719694133293 0.000798320535599401 -0.00114642728861784 -0.00117350479071627
99600 0.249000000000001 0.139239211041901 -0.00120040074989327 0.00111697943534235 -0.000133643336688399 0.000381349664763016 9.57996107978419e-05
99800 0.249500000000001 0.140081105609643 0.00153802109713098 -0.000446593335956487 -0.00188377741544087 -0.000755800076716578 0.000754349622327576
100000 0.250000000000001 0.137321297120503 0.00195205182652582 -0.00193268506606865 0.000156398070211183 0.000385861967517765 0.000526621705074121
100200 0.250500000000001 0.136578798779615 0.000203149468850587 -0.000414606834348605 7.16066841788752e-05 0.00162951979127518 -0.000401916217626381
100400 0.251000000000001 0.138600928874259 -0.00321052630164721 0.00176084074258148 -0.00143967972300815 -0.000166729541127377 8.38555567474925e-05
100600 0.251500000000001 0.136349245938196 -0.000882537665030728 -0.0017711695535799 -0.000482571862962578 0.000279486701188671 8.50023061946679e-05
100800 0.252000000000001 0.135505604087737 -0.00212953236216976 -0.00188668508400707 -0.000476972793851927 0.000112469353834902 0.00125298360240592
101000 0.252500000000001 0.135918395011124 -0.000666330008878832 -0.000339843672506594 -0.000136654972886201 0.000451891922194398 0.000702916083639399
101200 0.253000000000001 0.135801729281858 -0.00114387458718549 0.000761716376379211 -0.00186963956975438 -0.000277413414978104 -0.000605423240493447
101400 0.253500000000001 0.135931448896269 -0.000358231482581519 0.00123336279300814 0.000564740711495712 -0.0022792391980806 -0.0010972930738145
101600 0.254000000000001 0.133186106068207 -0.00143904980638236 -0.000907617077814168 -0.000593570301447844 -0.000366349616122896 -0.000862019276140361
101800 0.254500000000001 0.134715982689056 -0.000580139788131206 -0.0019232785624988 -0.00167010745103871 -0.00123806797937371 -0.000864493986428009
102000 0.255000000000001 0.136569957844696 0.00192790175989498 -0.000817221298515197 -0.000800130908207194 -0.00139677422070133 -0.00179778480463643
102200 0.255500000000001 0.135929539088478 0.00331124966564944 -0.000488691987644195 -0.00214054593534042 0.000126252428415341 -0.00243596517885753
102400 0.256000000000001 0.139373064049487 0.000245399086070848 0.0016757362369944 -0.00062086186010668 -0.00130114582247318 -0.00135630870544062
102600 0.256500000000001 0.138101898132881 0.00264765359687338 0.00145737473947205 -0.00180761217706868 -0.000120600973002006 -0.00128917663534722
102800 0.257000000000001 0.134963436121729 -0.00066430004730136 0.000154513728438056 -0.000407529513111275 -0.000991856553721217 -0.00220757611679837
103000 0.257500000000001 0.131021533734329 0.000741268541767339 -0.0017217766519421 0.000405225737694686 -0.00207068552101401 -0.00255960640983462
103200 0.258000000000001 0.131963750356923 -0.00390276159312081 -0.00221642723435959 0.00229371463891185 -0.00229572648775338 -0.000592273387678408
103400 0.258500000000001 0.135507566399487 0.00289497123276213 0.000330446828412117 0.000936451660537782 -0.00334684515177774 0.000493669042642971
103600 0.259000000000001 0.13459773826049 0.00128137333201085 0.000506695543395264 -4.61154400277787e-05 -0.00187420621247037 -0.00229497153200672
103800 0.259500000000001 0.134952905603745 0.00116212289133755 0.00205591997164098 -0.00152506461873781 -0.000265662193578011 -0.00135922125078002
104000 0.260000000000001 0.134627796335343 9.68074895695491e-05 0.000895004685626312 0.000521247251762171 -0.000123445001037438 -0.00236605522785291
104200 0.260500000000001 0.133340003808241 6.07975741596653e-05 -0.000189676339416809 -0.000417759310952337 -0.000733840371356049 -0.00155854934072228
104400 0.261000000000001 0.131297430375838 -0.00291756916269757 -1.50519809836767e-05 -0.00108725900463264 -0.0011663544267849 -0.00220670654484079
104600 0.261500000000001 0.131929172583569 0.000765679701676293 -0.00277897700486005 -0.00186325803351614 -0.000983551010338916 -0.0018710772389507
104800 0.262000000000001 0.130500323421283 -0.000979408832643004 0.000283469235027589 -0.000208621634411369 -0.0020478690262596 -0.00177953929503636
105000 0.262500000000001 0.133104048500586 -6.15431434289091e-05 -0.00127989823733353 0.00106400374089452 -0.00145512541042575 -0.000973313595801218
105200 0.263000000000001 0.135081897176872 0.000566287345487281 0.000213072500865232 -0.00013425441980562 -0.001007476838248 -0.000619530544588967
105400 0.263500000000001 0.132313588576369 0.0010123836126798 -0.000391394706162109 0.000268250769989971 -0.0010025014613353 -0.000608816841379559
105600 0.264000000000001 0.132278445223042 -0.00130174701630291 0.00125110689010121 0.000883604551869071 -0.00163653018740143 -0.00118115733211615
105800 0.264500000000001 0.132170265327412 -0.000382301112788927 0.00109866243153662 -0.00133242008677859 -0.00259971810455022 -0.000535983683897246
106000 0.265000000000001 0.131937365970289 -0.000314182204441687 0.000562398574342371 -0.0013617063993416 -0.00199606424694245 -0.00101501406325498
106200 0.265500000000001 0.130441510750507 0.00196948110350154 -0.000401831688002068 -0.00218144462252195 -0.00030366991877048 -0.00270721464266782
106400 0.266000000000001 0.129384419761769 0.000414097210805722 -0.00057606100550999 -0.0032832135589795 -0.000766149142184699 -0.0027362973319698
106600 0.266500000000001 0.130091759613544 0.000105082052313632 0.000607798774251903 -0.00238775754374725 5.2669924325061e-06 -0.00156660493459734
106800 0.267000000000001 0.130099737773023 0.00304729992756807 2.37603315420165e-05 -0.00264605775419952 0.000901761904532073 -0.00153744866813244
107000 0.267500000000001 0.131825915410637 0.0043903511749903 0.000649282750906585 -0.00118484957886539 -0.00138784504203747 -0.00065533316581033
107200 0.268000000000001 0.130894934192966 -0.00046568958853492 0.00348740485808825 -0.00180108805163846 -0.00164907528062679 -0.00126065176724903
107400 0.268500000000001 0.131411081782277 0.00222928891996744 0.000766196736862973 -0.00166337922125367 -0.000560300368760034 -0.00134710954590647
107600 0.269000000000001 0.1309285650701 -0.0026765929206983 0.00129071976205202 -0.000732073461001476 -0.00177193888590521 -0.000997495069719709
107800 0.269500000000001 0.128714348328101 0.00159095998027864 -0.00184602195661718 -0.00119685912835654 -0.00110679680409116 -0.002401045753395
108000 0.270000000000001 0.126463997635498 -0.00226421271935892 0.000937489376133367 -0.000560037850989494 0.00106058143466665 -0.00159147252808194
108200 0.270500000000001 0.130253813762975 -3.2869459035594e-05 -0.000835519157337077 -0.000517704985124724 -0.000250104863386169 -0.0014515485406894
108400 0.271000000000001 0.129198321360321 -0.00171634538162181 0.000106573482219142 -0.00223156250887367 0.000331815833121223 -0.0023417358973447
108600 0.271500000000001 0.127656606183145 0.00046558835292726 -0.00242222462682824 -0.000986376732475448 -0.000465968533347869 -0.000145063984368164
108800 0.272000000000001 0.126089048178403 -0.00313172469747145 -0.000617256704540328 -0.00261220328349561 -0.00168615353698854 -0.00125441947188589
109000 0.272500000000001 0.127823643718656 -0.000336299827945648 0.000526710749507445 -0.00101036562843603 -0.00136856034960319 -0.000733154575315622
109200 0.273000000000001 0.126067807741965 -0.00158137025490191 0.000454624920348656 -0.00145869334277465 -0.000520232144972665 -0.00169597256467967
109400 0.273500000000001 0.12505512376282 -0.00280106772707447 0.000715037972258112 -0.00163572122527286 5.89728306502493e-05 -0.00172951977602692
109600 0.274000000000001 0.128641623964798 0.00117018144148957 0.00137968147683826 -0.0013494194149821 -0.0015980130590506 -0.00065735235197928
109800 0.274500000000001 0.128129989480148 0.00140347377372838 6.83623474524167e-05 0.000815380691925307 -0.00121996354383633 -0.00114496486350033
110000 0.275000000000001 0.128133145142718 0.000244073055463356 0.00065693697502363 0.00115390798416779 -0.00155948335432921 -0.00230816523392411
110200 0.275500000000001 0.127796532028697 0.00161662284916831 -0.00169006059623682 -0.000880020107514493 -0.000312812697284716 -0.00139368922220445
110400 0.276000000000001 0.128527937058694 -0.00164833353456542 0.00253459240297088 -0.00106257172773207 -0.000936276008778843 -0.000997302413172485
110600 0.276500000000001 0.12859130695051 0.00175079065240346 0.00028429580492791 -0.00185354504972048 0.000521668208805606 -0.000140424329667854
110800 0.277000000000001 0.130592642284762 0.00275752928161008 0.00173358523763466 -0.00161898440456478 -0.00209537169340891 0.000600392092835073
111000 0.277500000000001 0.132357225524068 0.00406079847285591 0.00166174372902459 -0.000883181852082975 -0.00227004170001779 -0.00126643692747651
111200 0.278000000000001 0.131424508584834 0.00173329839600927 0.00305532445971391 -0.00109929413096373 -0.00288735460925119 -0.00142720965649035
111400 0.278500000000001 0.130275936724887 -0.00227830437323321 0.00179782590799975 -0.000711530626957506 -0.000308845799604208 -0.0024202929275596
111600 0.279000000000001 0.127523910401222 0.00141119013866713 -0.000220279338102664 -0.000592311151132453 -0.000702200770972125 -0.00116660688104542
111800 0.279500000000001 0.127756799411637 0.00108270180638818 -0.000671108692082142 -0.000823322462341018 -0.00128629428369435 -3.74622597252478e-05
112000 0.280000000000001 0.128272870107706 0.000811933916608558 -0.00108907218328414 -0.000738152935252097 -0.000582648193775916 -0.00111853149537521
112200 0.280500000000001 0.127442198515522 -0.00168001401523626 -0.000608594483307562 -0.00144576326487861 -0.000305465476734041 -0.000673698862023675
112400 0.281000000000001 0.127486536707244 2.17143152807517e-06 -0.0024929589180149 -0.00124878745812514 -0.00243206108687319 -3.22541122340712e-05
112600 0.281500000000001 0.131098652946274 0.000327736957324246 0.00274887222759774 -0.000656936022458523 -0.00259656944995837 -0.00092746637345335
112800 0.282000000000001 0.128641876657178 0.000830290950272757 0.00166276053710296 -0.000813955515223849 -0.00155967050927647 -0.00102839452940428
113000 0.282500000000001 0.1308033458915 0.00407164824097147 0.000593659118592818 0.000397245916935192 -0.00157083100515113 -0.0020368241657333
113200 0.283000000000001 0.130266678677025 -0.000219090554001463 0.00178497950505271 0.000319881113935767 -0.00169175471879495 -0.000817585231306194
113400 0.283500000000001 0.131294699079289 0.000561574012181377 -0.00172651410456653 -0.00120533741546521 -0.00231678176031132 0.000331916259039303
113600 0.284000000000001 0.126118173717364 -0.00137929936016746 -0.00258061128620824 -0.00207135607634236 -0.00153955982366079 -0.000597202711716295
113800 0.284500000000001 0.128379896783422 0.00017615707146061 0.000525705454215145 -0.000572219815982314 -0.00232529676288087 0.000847573219719127
114000 0.285000000000001 0.126131676299811 -0.00227771678864149 -0.000852026170138052 -0.000833021629476106 7.11914895045461e-06 -0.000254950050532673
114200 0.285500000000001 0.12473617871008 0.000686587021030568 -0.00220707946469859 -0.00216774162401313 -0.0019345131659339 -0.000192416133774909
114400 0.286000000000001 0.124324148445165 -0.00352993861086368 0.0018977166922038 -0.00325870671692582 -0.00255204770035434 -0.000628938226528914
114600 0.286500000000001 0.127415907640249 0.000592212654755051 -0.00131980987556013 -0.00252332943922994 -0.00277193184780524 -0.000516269994910925
114800 0.287000000000001 0.127204779620163 -0.000983079844213349 0.000987098803783845 -0.00126922285934051 -0.00252725323376297 -0.00173358363074665
115000 0.287500000000001 0.126802777510967 -0.000463850838039249 -0.00174007670870473 -0.00292888493760303 -0.00148295917467683 -0.000525689892934923
115200 0.288000000000001 0.124509224030827 -0.00117619450332411 0.00180485953680984 -0.00207363600472424 -0.0016167038119665 -0.000296797951484023
115400 0.288500000000001 0.124047861754786 0.00102959780733706 -2.50208298557736e-05 -0.000901790486149416 -0.00175810872432833 0.0010754141628218
115600 0.289000000000001 0.125941540091288 -0.00260678867538007 0.000876027009314195 -0.00211431336905507 -0.00193453097785992 -0.000287777900141058
115800 0.289500000000001 0.126243188587821 0.00389782333257043 -0.000974067904255722 -0.000233966859401565 -0.00156861525044866 -0.00177018931048879
116000 0.290000000000001 0.126119817430509 0.000812831580629213 -0.00103899429887327 -0.0018611538187404 -0.00117508836891108 -0.000889534918630922
116200 0.290500000000001 0.126368913296274 0.00042476858362634 -0.00323793991225315 -0.00118488334380965 -0.0012364536942114 -0.000177357150623859
116400 0.291000000000001 0.127584082757617 0.00147206926055149 -0.00292038200910781 -0.000841139374557411 -0.00226552574244527 -0.000584440771632419
116600 0.291500000000001 0.126602312431507 0.00232610310356598 -0.00104268141868812 -0.00128785048751567 0.000113389601562158 -0.00116201853286984
116800 0.292000000000001 0.126972904728354 0.000861784389385177 -0.00108656334659503 -0.000679970171299931 -0.00179628947007897 -0.00168485409625418
117000 0.292500000000001 0.126197348208795 -0.0022570010346168 9.60151120544997e-05 -0.000868000932398397 -0.00137746679586183 -0.000442043294051815
117200 0.293000000000001 0.127235082487906 -0.00195921632337239 -0.00161008312096057 -0.00131595414881755 -0.000730207098129715 -0.00114058116434207
117400 0.293500000000001 0.124008701595844 -0.00102115982048462 -0.0012006092119329 -0.00182174198128731 -0.000323339233433695 -0.00364459777352758
117600 0.294000000000001 0.126875929326027 0.000700430970602353 -8.71971244472951e-05 -0.00180517933120984 -0.00170631950247663 -0.00283473269987078
117800 0.294500000000001 0.129446184841028 0.000789895182178369 0.00264548379897584 -0.000676384888800964 -0.00167208584902817 -0.00233172829487719
118000 0.295000000000001 0.127729000176772 0.00321422793938698 0.000560325388934967 -0.00142460805707659 -0.00148741993380741 -0.00232222169609626
118200 0.295500000000001 0.12608275571013 0.000658151188710513 0.00320842794128185 -0.00209501367362384 -0.001444204389351 -0.00150476844692698
118400 0.296000000000001 0.124147390795807 0.000892097515644316 0.00264506677382115 2.53207619013948e-05 -0.00117287437556255 -0.00147504567791357
118600 0.296500000000001 0.124955844199204 0.00181711898325864 -0.00120935764870283 -0.00221449516442576 -0.00173995825779531 -0.00240934079246558
118800 0.297000000000001 0.125040870568258 5.57818248187674e-05 0.0014878124241291 -0.000421904193592292 -0.00238372206660696 -0.00132014562294576
119000 0.297500000000001 0.121166479116188 -6.2109740951833e-05 0.000103849547480214 -0.0017600188363825 -0.00122308034892912 -0.000673065708276922
119200 0.298000000000001 0.124676820356638 -0.000430286477142423 0.000769806695352276 -0.0029139483126373 -0.00219943082385466 -0.00177204672604175
119400 0.298500000000001 0.121120991561884 0.000705708711078744 -0.00160630065656835 -0.00237384232942469 9.80116046686575e-05 -0.00143045997821901
119600 0.299000000000001 0.122599013576942 -0.00211734072525255 0.000312749817241829 -0.00191335169212236 -0.000113773831383516 -0.00118246168053442
119800 0.299500000000001 0.123375305148519 -0.000939730043010471 -0.00159071807285388 -0.00243248437953046 -0.00220583580058947 -0.00235953574922856
120000 0.300000000000001 0.120114850638027 -0.00304339889635166 -0.00185671757524545 -0.00187923926288814 -0.00321267706329506 -0.00154637275256414
120200 0.300500000000001 0.120291785497543 -0.000302862383184235 -0.00273179275763531 -0.00122033126517467 -0.00341866740371167 -0.000498233744208931
120400 0.301000000000001 0.119971548872062 0.00291076280256599 -9.94011962115318e-05 -0.00136382367125257 -0.00170563912200533 -0.00159945748659961
120600 0.301500000000001 0.123056447625551 0.00032602410159104 0.000753718954724268 -0.00253012402646724 -0.00150595085403746 -0.000974232093947845
120800 0.302000000000001 0.122780293364637 0.000771310623562929 0.00365854026224476 -0.00234969186498608 -0.00147532845020901 -0.0022056082819101
121000 0.302500000000001 0.122094815517873 0.000636170921234612 0.00199532107753597 -0.00273755546980615 -0.00232441789209316 -0.00114351826685661
121200 0.303000000000001 0.122717186542704 0.00259420845178852 0.000750584490229585 -0.00187591902158863 -0.00063538819683653 0.000784311892899201
121400 0.303500000000001 0.120685653591075 0.00174704114600916 -0.000248654911676453 -0.00199285576601427 -0.00209300656543146 -0.000756148925788689
121600 0.304000000000001 0.120717233000367 0.000529047278160734 -0.00180396572919945 -0.00247450044933442 -0.0011155267930939 -0.00119997813556873
121800 0.304500000000001 0.1199805313572 -0.0016300160743378 -0.00196897406372242 -0.00235369468982824 -0.00235369797027902 -0.000847191220191025
122000 0.305000000000001 0.121961961528414 -0.00135986327041625 0.0011049246729833 -0.00255643250647223 -0.000567693146753738 -0.000504116995589144
122200 0.305500000000001 0.120119682557563 -0.00270088620673221 0.000248969545151576 -0.00247394509518954 -0.000495033273036211 -0.00120916403852696
122400 0.306000000000001 0.117391776740483 -0.0024525633125733 -0.00451889067423391 -0.00181092411352453 -0.00162390748648289 -0.00205427696362995
122600 0.306500000000001 0.116178688594475 -0.00240839114957347 0.000497204516965972 -0.00302738497701658 -0.00260020349965207 -0.000595751331471384
122800 0.307000000000001 0.119196163541247 -0.000476188204944764 -0.000430438844847077 -0.00376841790105836 -0.00320293194640595 -0.00173638024517941
123000 0.307500000000001 0.116947421908065 0.000939822304758422 0.00133583462248352 -0.00253379541162303 -0.00380646599138698 -0.000101346117303384
123200 0.308000000000001 0.121141028661089 0.00215160358041259 -0.00124157259911903 -0.00355112127273011 -0.00262611380413597 -0.00126724849840543
123400 0.308500000000001 0.119190343270912 -0.00126492522931205 0.000656010367478574 -0.00317716553064858 -0.000879668920336891 -0.000436857872706495
123600 0.309000000000001 0.120672881965984 0.00226278853140435 -0.000224945165265642 -0.00248178760306433 -5.76840613509859e-05 -0.000819094624191276
123800 0.309500000000001 0.11837984939818 0.000328699311249052 0.00232714335975371 -0.00288056021370583 -0.00252313946998704 -0.00132028021436003
124000 0.310000000000001 0.119683223604544 -0.00143880843340596 0.00179116423821393 -0.0027279910909955 -0.00243570247078752 -0.00152478686434316
124200 0.310500000000001 0.119607554197685 -0.00105533708734618 0.00440110591330663 -0.00205907589026211 -0.00253545584787165 -0.00170854074883281
124400 0.311000000000001 0.118895094356383 -0.00228518819418542 -0.000782455205244339 -0.00314519860233829 -0.00172446091381306 -0.00182522052773375
124600 0.311500000000001 0.119103882637423 -0.00209249127157426 -0.00145434486577308 -0.00154414964139628 -0.00112086474075836 -0.000387498562513465
124800 0.312000000000001 0.116030665750807 -0.00137749740114609 0.000630200082045466 -0.00118494783860009 -0.00248890036780759 0.000227294830646758
125000 0.312500000000001 0.116577001246307 -0.00254515190317542 -0.00302477867820617 -0.00231773105801904 -0.00488208728815734 -0.000646975001408073
125200 0.313000000000001 0.116767386956067 -0.00239411936923755 0.000199832427633823 -0.00343849673756657 -0.0031405798164881 0.000541882144405909
125400 0.313500000000001 0.115098194925457 3.54507147267303e-05 -0.00203530957960585 -0.00300816329152546 -0.00353096605717918 0.00160679756336298
125600 0.314000000000001 0.11594488715812 -0.000370812982295891 -0.00159352376578708 -0.00342094135923227 -0.00298688813439075 0.000497777311612281
125800 0.314500000000001 0.118297217470973 -0.00226121842349679 -0.00192254589589831 -0.00299173698368776 -0.00218264951152033 -0.000556364726379695
126000 0.315000000000001 0.114471898730129 -0.00310398444709016 -0.0030580016660528 -0.00289064615450655 -0.00378339069714506 -0.000707430517811173
126200 0.315500000000001 0.116199530267226 0.000968299741013812 -0.00332170763793977 -0.000368637468122071 -0.00319035175149859 -0.0018491061712216
126400 0.316000000000001 0.116320086254347 0.00100781950011568 -0.00116082389820211 -0.000636670831095674 -0.000495808490915337 -0.0020020129515846
126600 0.316500000000001 0.118371492250501 0.0020297593654876 0.000357360507907327 -0.00110207343824512 -0.00185002784200508 -0.00235120068604453
126800 0.317000000000001 0.115548090942378 0.000468596236546353 -0.000472016006597286 -0.000857149717318444 -0.00200472131294612 0.000165947945092414
127000 0.317500000000001 0.11531864847896 0.00238728143383753 -0.000754978406394039 -0.00351441866116368 -0.00143054931685748 -0.000984570508399351
127200 0.318000000000001 0.115121382513642 0.00244675329208284 -0.00124944127470675 -0.00185234789113721 -0.00190806355474417 -0.000625322631792103
127400 0.318500000000001 0.114872709135701 -0.00178384968515079 -0.00131413864627101 -0.00266598288366325 -0.00183516751251999 0.000943047048411233
127600 0.319000000000001 0.116686639421572 -0.00189462401667684 0.000440932195886308 -0.00166811404601088 -0.00381653138063391 -0.00047031613558561
127800 0.319500000000001 0.114261563889324 -0.00116353497153752 -0.00338938056584893 -0.00269225388558253 -0.00419208659217267 -3.69497490983221e-05
128000 0.320000000000001 0.113974752390905 -0.00200039616728112 -0.00336090767667535 -0.00183153721233079 -0.00362515482793223 -0.00111683230576209
128200 0.320500000000001 0.114795317505538 -0.000425071705686125 -0.000905585979966207 -0.00155664265831184 -0.00247287856769182 -0.00261964261050443
128400 0.321000000000001 0.116022253744965 0.00174771644794297 -0.00264751795648249 -0.00153887399519268 -0.00245043223084648 -0.00192231575263148
128600 0.321500000000001 0.114423024572728 0.000692364622140882 0.00126468142936301 -0.00221015045072823 -0.00371429511059843 -0.00105895279196492
128800 0.322000000000001 0.111069733342554 0.000265364327574923 -0.00183146147431523 -0.00287368950210423 -0.0045689316794618 4.31172895360336e-05
129000 0.322500000000001 0.112856719768903 -0.00242238194370294 0.000195925045631931 -0.00217858773132781 -0.00386438584207022 -0.000223895154097163
129200 0.323000000000001 0.112778555849031 -0.00191811519484659 0.00157746102616485 -0.00461893855154205 -0.00335098221458053 0.000565676038017338
129400 0.323500000000001 0.112809897251179 -4.65477371778578e-06 -0.00108204739018758 -0.00341636389397666 -0.00364644316708932 0.000524275703316438
129600 0.324000000000001 0.113919168615331 -0.00152900580193516 -0.00188724831617485 -0.00354457573761304 -0.00152863766405625 -3.17260663771095e-05
129800 0.324500000000001 0.110962316448469 -0.00122679058128273 -0.0022924636481479 -0.00314610626439454 -0.00138289744714704 -0.00167273520410977
130000 0.325000000000001 0.113126230310511 -0.00286847367835025 -0.000805983790614166 -0.00231287593183899 -0.0041775954130871 -3.41844277444541e-05
130200 0.325500000000001 0.113339256127801 -0.00177132048948642 -0.000888538562193458 -0.00344699230571892 -0.00247148456342139 -0.000667152536374119
130400 0.326000000000001 0.1129687554116 -0.00205961055306021 -0.000297591197999972 -0.0017506019659165 -0.00243301214736203 -0.00106302827640527
130600 0.326500000000001 0.111838418799677 -0.00100432663382479 -0.00211404203938984 -0.000886717800810215 -0.00284212765607735 -0.00144673540407227
130800 0.327000000000001 0.111968512515116 -0.0030361260290284 -0.000937047755383166 -0.00270901364632334 -0.00347461656204916 -0.000331441332564777
131000 0.327500000000001 0.109874625577892 0.00091820049791038 0.00151850166940676 -0.00300562506200373 -0.00491378710682986 -0.0014392083923578
131200 0.328000000000001 0.110433256194534 -0.000866586539718124 -0.00194148152600679 -0.00232313189121092 -0.00327721545537043 -0.00093164403233954
131400 0.328500000000001 0.112578884400562 0.000294955345608546 -0.000696053563131456 -0.00276054130431888 -0.00376303265085107 -0.000488900164074435
131600 0.329000000000001 0.109710958504992 0.000166364770548021 0.000214212297872419 -0.00254509836613695 -0.00515974386796637 -0.000261935680014563
131800 0.329500000000001 0.111734114218125 -0.000215265621669913 -0.000521296021750448 -0.00237752087293271 -0.00399462371371527 -0.00101389842567692
132000 0.330000000000001 0.111376992483368 -0.00172810248474617 0.000799622434331908 -0.00230071919068382 -0.00362090243942879 -0.00134236807011504
132200 0.330500000000001 0.109842520724224 -0.00218855114719791 -0.00175410533789242 -0.00325590554210837 -0.00372731904307969 -0.000823808017509604
132400 0.331000000000001 0.111077146840269 -0.00177365425486664 0.000212716763695283 -0.0035224696831277 -0.00413277186855946 0.000120594354710054
132600 0.331500000000001 0.111418496251514 -0.000469520723204299 -0.00131430654332881 -0.00268472268847214 -0.00429987214010818 0.000676603186382848
132800 0.332000000000001 0.110927130271453 0.000818785409905864 -0.00184571573960745 -0.00338064591513306 -0.00431607648650113 -0.00111050903101101
133000 0.332500000000001 0.110568001594992 -0.00158431502190201 0.00124567054309134 -0.00263323630913494 -0.0042516786619172 0.000188306410286614
133200 0.333000000000001 0.107877979660562 -0.00039093967195856 -5.09087508291112e-05 -0.00313958188232607 -0.00427671082042606 -0.000129243256190436
133400 0.333500000000001 0.106504547584603 -0.00365059837151231 -0.00113066571282347 -0.00224822913118253 -0.00588856683535585 -0.000682279480127393
133600 0.334000000000001 0.106611529038932 -1.07999909358401e-06 -0.00251743503890175 -0.00209399973752005 -0.00544263532748104 -0.000449796947905308
133800 0.334500000000001 0.109628865357908 0.000412212227636502 -0.00116092123821636 -0.00126856775904479 -0.00430649870418052 0.000272464850418814
134000 0.335000000000001 0.107682926029312 0.00028302517255688 -0.00216785244063595 -0.00155151509468491 -0.00557427712408562 -1.15524818397974e-05
134200 0.335500000000001 0.106095977945902 0.000766019669408565 -0.000716522585690675 -0.00308051755678765 -0.00465585003569881 0.000841425377148832
134400 0.336000000000001 0.107669143464276 0.00120590387406626 0.00203563163122429 -0.0047838828352466 -0.00521911894050174 -0.000824829507446339
134600 0.336500000000001 0.110893559136736 0.000414927699933237 0.00136117345138955 -0.00331709171682171 -0.00470648527230854 -0.000225603637264598
134800 0.337000000000001 0.109575558249157 -0.00135970263268859 0.000886182523460697 -0.00400055680293247 -0.00465309445869841 -0.00163039479867089
135000 0.337500000000001 0.109764842412676 0.00050848157696992 0.00255044499404356 -0.0036782819580953 -0.00333569199772448 -0.00215660908756863
135200 0.338000000000001 0.108221656821217 0.000977802725708266 -0.000420895867704979 -0.00368223777302913 -0.002624919892531 -0.00200241446652091
135400 0.338500000000001 0.107628076669348 -0.00306959328314548 1.62120662501544e-05 -0.00212873347637937 -0.00364184806687388 -0.00222828871707675
135600 0.339000000000001 0.108034807391615 0.000540792322578033 -0.000128553196393482 -0.00248067819578877 -0.00431671525266527 -0.00121546767191832
135800 0.339500000000001 0.10876102387646 -0.000160438822283378 0.000670718605353087 -0.00357244238669891 -0.00260843135475655 -0.000678714498701666
136000 0.340000000000001 0.108242477662071 -0.000816812723290005 0.00213287612311763 -0.00192474808075778 -0.00272116152534295 -0.000883556697629653
136200 0.340500000000001 0.106881743694262 -0.00143265270509648 -2.5487078100651e-05 -0.00345387703256541 -0.00447447228474412 -0.000924188718886553
136400 0.341000000000001 0.105109101420455 -0.000357749009955529 -0.00216751178560629 -0.00409193474410807 -0.0038710145990877 -0.000733887934639075
136600 0.341500000000001 0.108924000559262 -0.00189752946051957 -0.00115627565988182 -0.0064662064365153 -0.00514326491702749 -0.000469206612729396
136800 0.342000000000001 0.107821445701805 0.0022922693791674 -0.00355462554949671 -0.00440232460302998 -0.00346601031953103 -0.0014562782974139
137000 0.342500000000001 0.106427662564633 -0.000129684790323037 -0.00143060552698207 -0.00391102945460061 -0.00430249975668329 -0.00116072495395147
137200 0.343000000000001 0.105769255140286 -0.0022074346363991 1.94133112939515e-05 -0.00348271125903026 -0.0030257426500396 0.000219300636167196
137400 0.343500000000001 0.104052427199697 -0.00235720074571074 0.000187300963345659 -0.00282192534108253 -0.00439911362391041 -0.000618083042241945
137600 0.344000000000001 0.107029878562727 0.00051213429042268 0.000792418990603886 -0.00217354220227742 -0.00505603852174777 -2.58586624528475e-05
137800 0.344500000000001 0.108810460827522 0.00166467949131665 0.00025532284542208 -0.00381722137888851 -0.00442838038947017 -0.00161613382229544
138000 0.345000000000001 0.107266173465561 0.000130473126673536 0.00149251345314908 -0.00386890093009246 -0.0040080821034598 -0.00167538290080697
138200 0.345500000000001 0.111295082525285 0.00480029366776657 0.000525447129436834 -0.00262888597673911 -0.00351617959862642 -0.00212472487067406
138400 0.346000000000001 0.109702453197219 0.0021679461155262 0.00383299996171434 -0.00332968288367509 -0.0051110404558676 -0.00197087724072387
138600 0.346500000000001 0.106971621732751 0.00362021007790715 -0.000398750625069677 -0.00124984316427769 -0.00383991385066242 -0.000522592807633015
138800 0.347000000000001 0.107167565732092 -0.00189421158042134 0.000372425134024832 -0.00343930899391292 -0.00377079443063798 0.000415273337652194
139000 0.347500000000001 0.106271623123652 0.00013295590503421 -0.00148614022828855 -0.00338581436689575 -0.00324004046016203 -0.000364425438814698
139200 0.348000000000001 0.107662597361797 -0.000157742839603077 -0.00201690624533381 -0.00188705846055319 -0.00384960792917808 -0.00110208309421715
139400 0.348500000000001 0.105104801848095 0.000767658356513555 -0.00292136029641641 -0.00224982236222001 -0.00235505842489324 0.000316367086454545
139600 0.349000000000001 0.104458269987849 -0.00181765748917838 -0.00119625819435453 -0.00206429301432299 -0.00191373022445812 0.000849298504568067
139800 0.349500000000001 0.103624868093797 -0.000421690132793385 -0.00129762407006314 -0.00238645975050901 -0.00264917833305345 0.000110117970451382
140000 0.350000000000001 0.105842871526113 -0.000181384972132882 0.00315555457522795 -0.00325598962799578 -0.0030144204283294 -0.000351369022626597
140200 0.350500000000001 0.106824509477808 0.00190837157349316 0.000358488319962895 -0.00181648608090898 -0.00433620381209223 -0.00164154375898229
140400 0.351000000000001 0.10570086096954 -0.00180350423514522 0.00165862460284487 -0.00372836585890922 -0.00338083942577744 0.000118808625362399
140600 0.351500000000001 0.106066391545818 0.00391349202063268 0.000688295964424136 -0.00339033818479111 -0.00301323019531339 -0.000634473831002855
140800 0.352000000000001 0.103416897564379 0.00270313005812373 0.0037882363374399 -0.00276292901215626 -0.00300284729739124 0.000260597148238094
141000 0.352500000000001 0.101683833676364 0.00441437512555722 0.0010461691942875 -0.00406207793099166 -0.00392377105611835 -0.000843394234255465
141200 0.353000000000001 0.102978417355274 0.000839400761541349 0.000609242697440725 -0.00397101127698853 -0.00380238871091825 8.01362194583842e-05
141400 0.353500000000001 0.105993102226594 -0.000350802760615257 -0.00076403232269453 -0.00364038432570069 -0.00346179743929206 -0.00114239129905532
