# Fix print output for fix def1
0 6.58082071240042e-16 0.00045794664332034 0.00387529415074221 0.00229285858746199 -0.00371865870393734 0.00333739927861623 0.00124463662829773
200 0.00928836843316414 0.0883207025263343 0.0153952081866685 0.0172545384300063 -0.00156274716059187 0.00361562382997582 0.00268358300201783
400 0.013421591477977 0.113795722898978 0.00501999145471961 0.00511484307302643 -0.0011460233961638 0.00202896565671636 0.000879802680467167
600 0.0150674927057995 0.121371189386068 0.00211545143170689 0.00240708892486061 -0.00157446917749226 0.00263038889180071 0.0021169869491008
800 0.0154370639621793 0.12377656685628 2.40988289624274e-05 0.00130642371426858 -0.000478975738474965 0.00154960498384517 0.00137564123014597
1000 0.0154394999748064 0.123350100647842 0.000540931152114092 0.000252070518349744 -0.000432488433513173 0.00175023754394718 -0.000959657761570266
1200 0.0154865637720362 0.120840849526072 7.10620896273298e-06 -0.000914937418286363 -0.00223193531440656 0.000178819243348229 -0.000939196331271817
1400 0.0156091894242697 0.122625074181754 0.000192826056901633 -0.000528156211668654 -7.70403197618563e-05 0.00134462750274265 0.000433369825505087
1600 0.0156713588220112 0.121401581725648 0.00222222838983743 -5.30509802137216e-05 0.000525805207488658 0.00325028721320207 -0.00207254461670464
1800 0.0156178001877459 0.122885800738121 0.000398736072361842 0.000647825989230757 -0.000134120319242221 0.00196856548527965 -0.000150551210717261
2000 0.0156021744618628 0.121865423581496 -0.000843981162503113 -0.00181570681098916 0.000122785011305488 0.00150147679712801 -0.000221555138334185
2200 0.0158269330935488 0.123279304859792 0.000414850869270314 -0.00187617865029089 0.000405305987518925 0.00241176154880628 0.000418455249646517
2400 0.0155986588565288 0.119582840495033 0.00135412228543181 0.00137332964506124 0.000393899156654531 0.00065159942442721 0.0027790798745704
2600 0.0162081808667101 0.126816243050534 0.00299159304448947 0.000175065534412374 0.000595906410199738 0.00226403743811736 0.00195163271519469
2800 0.0156282157730298 0.121737219919678 0.00342502147635023 0.00564323895446201 3.41256679914942e-05 0.00259022805184256 0.00179945207310125
3000 0.0161734340575781 0.125003387023247 -0.000372392084108693 -0.000924837236806573 -0.0012999629406807 0.00361213162284221 0.000212465087754529
3200 0.0157002185572375 0.121011093140061 0.000674819803095073 0.000141076844725075 -0.00144561097375862 0.0038525292589455 0.00113499703482798
3400 0.0160341765219763 0.122255795831481 -0.00166192929097181 -0.00215688884948325 -0.000989672206715477 0.00347718696248071 2.89426795830892e-05
3600 0.0158590474110872 0.123057996041684 -0.00278104817662174 -0.000873123178662514 -0.00069155163514019 0.00333349306410169 0.000455557228929623
3800 0.0160727583189993 0.123924865362968 0.000447232844143517 -0.000808918095511004 0.000745810947296666 0.00295810097098656 0.00127615653473314
4000 0.0160195846297523 0.123922124175119 0.00397536741205109 0.00216710890558626 0.00035282792315503 0.00199858533510367 0.00192662728751438
4200 0.0162371537207985 0.123681588301388 0.000531093466714083 0.00311605138732043 0.00135511114607215 0.00184852282433569 0.000741872949717381
4400 0.0161442088315108 0.120916107614903 0.00252219466276711 0.00134762875293474 0.000164786745646574 0.00165460827498656 0.00172414002030307
4600 0.0161262113223916 0.11896812772052 -0.00143348341801717 -0.00180959879851032 -0.00269667052048059 0.00143955249460283 0.00202256589950142
4800 0.016102570099047 0.120043138076762 -0.00261459740230589 -0.0040426805800602 -0.000868034783733377 0.00138549405981755 0.000973055523902237
5000 0.0160387851545881 0.121103261921399 -0.00193736559284705 -0.000241942443404642 -0.000800321634774236 -1.34192673428135e-05 0.00182858441356488
5200 0.0162737641077846 0.122808682443863 -0.000180236342764021 0.000588409502894594 0.000163825222889818 0.00203980192873522 0.000372162588652871
5400 0.0163135206484341 0.122683724904026 0.000680821427398258 0.00355635011805844 -0.000173592955674403 0.000785768995575205 -0.00048781598529603
5600 0.0163428561432172 0.121585573066534 0.000698170107755407 0.00304267887028824 -0.00159342698506168 0.00238055354613146 -0.000245742512192794
5800 0.0164100422022348 0.121311813767648 0.00183753707339533 -0.000564168310279579 -0.000553838094331439 0.00181001155056419 0.00100253879159511
6000 0.0164074949251444 0.12318678197407 0.00255011626015298 -0.000664110515142494 -0.0014733019738144 0.00177065508002519 -9.14366372961009e-05
6200 0.0165315091935484 0.125113282322728 0.00260531380221603 0.000254161841117683 -0.000524000895170979 0.00216737481343383 0.00101622602919543
6400 0.0163260598111204 0.123514753218 -7.73738772355571e-05 0.0018770993274968 -0.000297983890999779 0.00332201189848594 0.00144710683074958
6600 0.0164612941471476 0.120533149363285 -0.0020872749625814 0.000566857304687979 -0.000562522417042654 0.00422683573617203 0.000280912745081013
6800 0.01638175834699 0.119676345945556 0.000495401414566104 -0.00144359792341196 -0.00149978997789286 0.00316976531676711 0.00139383772731215
7000 0.0164673385323417 0.121397862479171 0.00108221810312169 -0.000355300632085699 -0.00270410409737959 0.00271188124894657 0.00228446560380743
7200 0.0164333017896748 0.123133800096127 0.00176639430276955 3.69614983486827e-05 -0.000698188551245305 0.00412372969374204 -0.000574062332215752
7400 0.0165400219801444 0.121806802363784 0.00307028518130514 -0.00184913910898069 -0.00160872122702091 0.00200858273753751 0.000640233088404244
7600 0.0164591858854292 0.122143228574905 0.00249024867991733 6.00878290081529e-05 -0.000503697876846906 0.00286996390808549 0.000482628396670229
7800 0.0167200796438353 0.122359264847793 -0.000566043006428468 -0.00125792117663188 -0.000786222546401412 0.00155872994308726 0.00184151312038649
8000 0.0162283447589061 0.119351705096104 0.000496160525564491 0.00163875580213926 -0.000321438037784685 0.00127179390381026 0.00136133857851697
8200 0.0168359179373482 0.123939761274274 0.00249406966000549 -0.00061806263297463 -0.000272026402877223 0.00346197028263857 0.000447303542128941
8400 0.016167970782842 0.119088706688908 0.00316683368949707 0.00526363255846381 -0.000489971351259849 0.00189208320990891 0.00164816993600623
8600 0.0168223336625043 0.125285862985545 0.00123757508329133 0.00084623249658875 0.000357558382420815 0.0011545465571363 0.000905207597522288
8800 0.0163578990143946 0.120697308386985 0.00216305601490577 0.00208835368827058 -0.00218066127210307 0.00260816305179246 0.00160580187107396
9000 0.016605971681688 0.122448523732279 0.00393856509130032 0.000544280612399462 -0.00122274079746064 0.00350070951678837 0.000225045704181109
9200 0.016484923233868 0.12320935334235 0.00107065727135385 0.00291568068060998 0.000335602766796197 0.00176702351374732 0.000447495670140726
9400 0.0167486176087227 0.124200824974499 0.000434406719968712 -0.0031023859435657 -0.00102452156070343 0.00248968960777135 0.000455963338974893
9600 0.0164846394900413 0.120367488076973 -0.00202295880145349 0.00163204765894295 -0.00257964201151524 0.00185532369892075 0.00203923161559953
9800 0.016597556075927 0.119282056316553 0.00177218106310569 -0.00283643082609957 -0.00219370773373207 0.00240894727708884 -0.000107061623966307
10000 0.0166650451794246 0.120460651372811 0.000402013797452122 0.00125626918722815 -0.0017697943982325 0.00151583558788018 -0.000308530513042493
10200 0.0166184861248223 0.123363874406645 0.00149364238349188 0.00157071240914378 -0.00118172179708469 0.0025633263786444 -0.000437633004800591
10400 0.0167652924975074 0.126797691830716 0.00153129288365907 0.00105696862693456 -0.000573725870075769 0.00362307338305272 0.000300436589699304
10600 0.0165462143673404 0.122046362213106 0.00347951873669691 0.00177426620963169 -0.00289469492406276 0.00212494509250683 -0.000722719773405506
10800 0.0168210998924507 0.122670510210767 -0.000638673691422561 0.000254620978735682 -0.00147110112760066 0.00153554964427071 0.00169688431075476
11000 0.0165386356867154 0.118828110156266 0.00128928336825669 8.53587829747454e-05 -0.000747725896072245 0.00182526624795613 0.000827211172586327
11200 0.0168242803621075 0.121656334603321 -8.1493573889296e-05 0.0022931330849138 -0.000414436096628735 0.00156559701607537 0.00179452629994413
11400 0.0166175527061684 0.120052733772445 0.00169381466078467 0.000289871531077764 0.00047327158051229 0.00312701230274881 0.00227595895064417
11600 0.016763928185095 0.12261500665974 -0.000150870852927982 0.00288224550559332 -0.00056941553133858 0.00214818945402484 0.000583023873490676
11800 0.016727089515389 0.122991312274728 0.003181666143451 0.00217133062735657 -4.3960129910652e-05 0.00143414491251725 0.00206000810527907
12000 0.0167564025928648 0.125435434409644 0.000247932553279296 0.00277392222586645 -0.00227875061449715 0.00129131696174723 0.00198185760831758
12200 0.0166420307947537 0.123222237838904 0.00161966816289295 -0.000274775181193271 -0.000463157379898505 0.000814265973767455 0.0028304920364503
12400 0.0166693779488712 0.12276858707753 -0.00106147172405366 0.00102976712251775 -0.000321754217050541 0.00277519607375449 0.00201971169012193
12600 0.0166315243055032 0.12060515608847 0.000996062595621221 -0.000901675360757321 0.000826812942971487 0.00296105906162103 0.00147447097176027
12800 0.0167550724057901 0.121392082281135 -0.000472586964985177 0.0021122257902106 -0.000169494079601218 0.00173008273028742 0.00179624428106177
13000 0.0167986210979292 0.121327353604164 0.00139562162332986 0.00113330498135952 0.000708285819060118 0.00242883033008137 0.000124004729562366
13200 0.0166583557495822 0.120998603916851 0.00100158634619024 0.00178122442018262 -0.0011202187591568 0.00150600728964259 0.00211198840222534
13400 0.0169147483450953 0.124396120923568 0.00309526711751121 0.000369290975298558 0.000885200567845507 0.00340251264169902 0.0019265927990998
13600 0.0166638971824233 0.121407322841733 0.000713290607360201 0.00274014123132513 -0.00142126537147154 0.00250501985335963 0.00102800243965428
13800 0.0170072612479126 0.122132878892858 -0.00183965063470852 -0.00308705584798718 -0.000923368868555087 0.00377565948188081 -3.90792863711676e-05
14000 0.0166612663835085 0.119928628371519 -0.00349941802302633 0.0031861940332225 -0.000942651558935402 0.00190298804444422 -7.95195281829661e-05
14200 0.0170259854892795 0.125156386388733 0.00037582820963009 0.000675821189743649 0.000334493206137745 0.00132513477919342 -0.000679867350578056
14400 0.0167203158104471 0.120153274962065 0.00176681683825083 0.001884099822278 -0.00190299691253397 0.000582857995575163 0.000342145699547992
14600 0.0169728074210845 0.12248520751522 0.000526748723684966 -0.000280713372234358 -1.22983481437332e-05 0.00166413352213898 2.58726188423562e-05
14800 0.0167237500966971 0.120351015719647 -0.00309751908122863 0.00291510474978709 -0.00141705434552224 0.00177175342501942 0.00172903718668871
15000 0.0169287577886469 0.12393592359174 -0.00191463530717914 -0.000643212652669364 0.00239695013862076 0.00211832242309311 0.00137166398785304
15200 0.0168261516922994 0.122155499668082 -0.000644181518277684 0.00114714594451122 -0.000218999494559415 0.00181896207644747 0.00212468724462909
15400 0.0170679515964768 0.125020043415838 0.00213047568329343 -0.000146623796840345 0.0014026945807654 0.00282601871583507 0.00196946477116013
15600 0.0169215863945683 0.122548232321805 0.00374927550321247 0.00114603795001289 0.00164952140136607 0.00229276243450441 0.00092980239599405
15800 0.0169984032673576 0.1246076060451 0.00199006821151421 -0.00168559897502784 0.00136217832497911 0.003363778820313 0.00145456099478993
16000 0.0170030343335221 0.122508714922988 -0.00048156160356137 -0.000686277536762464 -0.000598451917490107 0.00202599228391718 -0.00185992220396905
16200 0.0169627462639887 0.12283563282885 -0.000193897344360026 -0.000972188097281086 -0.00128027962116226 0.00167090719661729 0.00182009870928824
16400 0.0170409492399139 0.121661043782701 0.00055948156440972 -0.000290529475714266 -0.00111920828370181 0.00238504594593584 0.0015267060929996
16600 0.016974233307535 0.121911621595739 0.00158153488421548 0.000153009134207551 9.37482196306432e-05 0.00371053985924871 0.00290388797706158
16800 0.0171521323640146 0.123948268253418 -0.00114294058179552 0.000315072307638569 -0.000121685259625059 0.00117276364300646 0.0022007816223153
17000 0.0168641033514888 0.121416536644129 0.00128743571789422 0.000491496651385482 -0.000398936732159712 0.00093754225499288 0.00268182799915299
17200 0.0172177905333504 0.124513145695484 -0.000340861041980847 0.00106557248885528 0.000139967161599324 0.00193957740256841 0.000859692836512398
17400 0.0169504151555805 0.122205605686302 0.00139916246663213 0.0018764929446952 0.000820353480561149 0.00303229796140157 -0.000119744336918298
17600 0.017348538729926 0.124150360150092 0.00138727932008628 0.00129452606230005 0.00104459812028114 0.0027111613354159 0.000878471670489351
17800 0.0169237635297909 0.121312116614897 0.00102829015127362 0.00052258321131959 0.00227720580755153 0.00244267610903579 0.000856798971569071
18000 0.017287454101112 0.124148977511237 0.000741330966187435 -0.00125817111363777 0.000358846775746954 0.0040154298090971 0.00212560374139421
18200 0.0169172348888532 0.121479842098141 0.00171666197111199 0.00202796000023073 0.00164841778652722 0.0029055335118035 0.00106217171350556
18400 0.0172477151434932 0.12311433677806 0.00153341614182723 0.000359258814188884 -0.000388925454166368 0.00220288682890199 -0.000400419484493712
18600 0.0170662064870007 0.121027708822237 0.0025205449421945 0.00111362016317402 -0.000233109100338265 0.00127859970779552 -0.000699500307307838
18800 0.0173493885252623 0.123231371607614 0.00113922108829899 0.00171897143864942 0.000362406552583961 0.00262700393189872 -2.50571494680693e-05
19000 0.0169657958388122 0.121813379657587 0.000321825810947239 0.000238603416879131 0.00154456241574714 0.00262534082052984 0.000606791409036537
19200 0.0174685193039674 0.121419006817051 -0.00213240278668994 -0.00260550638105201 0.000677067359808757 0.00106393736628461 -0.000333645245968991
19400 0.0168049002915131 0.117725321481611 -0.000454995391192295 -6.27092580613807e-05 0.000301477181692406 0.00238697459123382 -0.000461724436692876
19600 0.0173847585089629 0.122231533373729 0.000336714587091824 -0.00240292071880476 -0.00100758873252626 0.00184009186887735 -0.000750825756092987
19800 0.0169156515724112 0.120854122890941 0.00179038697038697 0.00140802184790582 -0.000837627562375537 0.00104364141187883 7.35651462155762e-05
20000 0.0175589931851901 0.124667568115551 0.00192593595461349 0.00134531351806039 7.26408699486277e-05 0.00271073381449179 -0.000258912350127641
20200 0.0171165393007784 0.12327693728469 0.00217620952787771 0.00223052954205487 -0.000905713138098921 0.00211214295303912 0.00139958024508372
20400 0.0173718325037848 0.124984729897193 0.00115135807622255 -0.000186124911891309 0.00240607154492987 0.004060456537255 0.000775288986908411
20600 0.0170205015371024 0.123449536725105 -4.39144159163962e-05 0.00205498892292233 0.00080272945981934 0.00418904013473068 0.000371350914487294
20800 0.0173779071782206 0.123518473309426 -0.000635364325412865 -0.00160607458773837 0.000830470650410296 0.00256736500595861 0.00194433820736141
21000 0.0171581863141214 0.121292659713878 0.0008024253688004 0.000451729223742132 0.000714899094055484 0.00360301803230173 0.00153099048836409
21200 0.0173745554264843 0.123750860606832 0.00136382427166021 -0.00107520277750171 0.00175439472888714 0.00333559051618711 0.000681564645007505
21400 0.0172700608682295 0.124957477299234 0.0040745162776199 0.00156943083132353 0.000376669774002939 0.00331567483165746 -0.000789656394454751
21600 0.0173368077262404 0.126385852261103 0.000680638880207255 0.00314965071678748 0.000316391792703678 0.00387944947638977 0.000834955449681829
21800 0.017209169736283 0.123265984893683 -0.00252786554137803 0.000119496255517639 0.000254909793479801 0.00292216227050967 0.000511773508355256
22000 0.0171666571925375 0.120134514700776 -0.000499439243193147 -0.00348961658313565 0.000341382926331535 0.00214737443188902 0.00205548185796787
22200 0.017286759855327 0.118844278701011 0.000267424685843442 0.000391490784292627 -0.000636693346116092 0.00268521792231654 0.000702146446969416
22400 0.0173549646050684 0.123556399171757 0.00116090076351928 0.00176791311860685 0.000410325618444261 0.00243612855319334 0.00254067919895638
22600 0.0173101622645784 0.122975043260136 0.000185642173208317 0.000259041655396161 0.000810676052496314 0.0023666841427651 0.000327350158525984
22800 0.0171408119386807 0.120093476717195 0.000234003648975365 -0.00200932167638369 0.000863575394380604 0.00177226865919776 0.000436728934933467
23000 0.0174120008291634 0.120192023819457 0.00107473125194857 0.00040957946963961 0.000489153606036128 0.00214142623552333 0.00119601104628195
23200 0.0171675295277523 0.12201560225314 0.00270300196442259 0.00342783394276722 0.00095909053792507 0.00314137945821326 0.00168111345295306
23400 0.0175074570814489 0.123361604523665 0.00248845761876658 0.00245986819702267 0.00160308004450034 0.00432127121965566 0.00118430859337283
23600 0.0172956720799492 0.121868618652484 0.00126294733855976 0.00144924810293874 0.00127014413159576 0.00288475359524536 0.000932135861452657
23800 0.0174094781591764 0.121889230312295 0.00135633089401844 0.000534978985822746 0.000701278199253799 0.00294996308031984 0.00136543297328255
24000 0.0174060504852697 0.123527741384934 0.00171782438030326 -1.44661631604181e-05 0.00243650613575887 0.00148055273798825 0.00145651565646793
24200 0.017418796664161 0.123694452916045 0.000823903165145759 0.00077658144460854 0.000480406522248167 0.00296575842556222 0.000679925709428439
24400 0.0174197464001785 0.121045555589628 0.000152950680692826 0.0029878440470066 -0.000494815090775401 0.0024896367521481 -0.000229368243098937
24600 0.0172406355091476 0.119618077630848 0.000491498690981463 -0.00428228682235364 0.00048903961348671 0.00164480665199678 -0.000797547899414693
24800 0.0173929429197315 0.120713130946057 -0.00212186037361929 -0.000623692001425972 0.000235349676627468 -0.000668464640898481 0.000357875603206484
25000 0.0173450808749454 0.121610924944433 0.00216006816063147 0.000104240201390031 -0.000372256262213387 0.00262021105294807 0.000560605230998626
25200 0.0174426443370375 0.122599667256524 0.00144205205757257 0.00224738518599451 -0.000225646605449335 0.00184320037393657 0.000215508463080622
25400 0.0175926697221877 0.124791126972934 0.00136964217580147 0.000732842430583619 0.000888026231613919 0.00171670483045464 0.000707829992018108
25600 0.0174377557042772 0.123051904211769 0.00162708644610975 0.00271949644446505 -0.000657085627640024 0.000612280312528624 0.000314973232214705
25800 0.0176796245550174 0.123389457488217 0.0034038472098781 0.00130416291126606 -0.00272472211131648 0.00279452949866674 0.00174298057846003
26000 0.0174814370153761 0.120143248637867 0.00288930287176654 0.00220343537153256 -0.000142746919136682 0.00215778361519485 -0.000496121019766608
26200 0.017581114193165 0.120524200237668 0.00120868669412059 -0.00172542403408492 -0.00130688634130034 0.000718190080897715 -0.000275912501809974
26400 0.0174764945488973 0.121647337096203 0.000329932875584718 -0.000712120430463711 -0.000551506952166494 0.00175707656852268 0.0016546077101191
26600 0.0176678801768465 0.123460160474391 0.00241983401619639 0.001884226763425 -0.00102551108264816 0.0033407541728372 0.0014939038056536
26800 0.0174960463273285 0.121270087120943 0.00429740000689619 0.00171619243784689 0.00069311148088538 0.00410931676179286 0.00114468038195744
27000 0.0177341800611763 0.123212974865335 0.00195966012427522 0.000454009678629951 0.000116194099623481 0.00322093243186654 -0.000341203773035552
27200 0.0174804040318316 0.119540684604198 -0.00155683286685409 0.00207455139812107 0.000405557469074289 0.0028252375036241 0.00124966965433566
27400 0.0176704901744799 0.12427915604922 -0.00062641611748483 -0.00262000126745324 3.79053417926209e-05 0.00114042424732666 0.000561794592119048
27600 0.0174862056225763 0.121602504732466 0.00145568351166596 0.00218186912464791 -0.00173509075285655 0.00181782091158792 -0.000249573815768584
27800 0.0176815382198224 0.122605400963033 0.00384331807458455 -0.00181073559660208 0.000515742424901686 0.00229229912683021 -0.000323230049403881
28000 0.0175187423821409 0.118893331592503 0.000583268544838434 1.28072607886974e-05 -0.0016112378397779 0.00272106563518163 0.000515199518053963
28200 0.0177382046546253 0.1236747504072 -0.00128245755425729 0.0020898909334174 -0.000566662216683177 0.00144488637312168 0.000508225794012709
28400 0.0176106643272541 0.124257954392464 0.000820765847099805 0.0024989697731145 0.000784531435525682 0.00237812435256791 0.000452592371724513
28600 0.0177439744709521 0.124456347408225 -0.00166408628442995 0.00293731170800965 0.00123270124772994 0.00251234504462799 0.00113159319406363
28800 0.0174434118780837 0.121318736976044 0.00045573406922676 0.000508086109682054 0.000316194260466152 0.00300033898026686 0.00167138535144393
29000 0.0178164284535687 0.12340643161032 -0.000811922595732108 -0.00296960684611395 -0.000226317867260314 0.00162026196452811 0.00105775127113682
29200 0.0174839132326505 0.122979811069001 -0.000485861219876684 -0.00109327903928099 -0.000712154466128529 0.00354925921016294 0.00190694548549278
29400 0.0177120096626536 0.124148773447915 0.000653955081987052 0.000524225545869159 -0.000428414444455382 0.00153421961066529 0.00208236798163255
29600 0.0175336992225378 0.123619551218608 0.000797188309752723 -0.000604679401218914 -0.000372185902718203 0.000954109720193127 -0.000110068919520896
29800 0.0177621456902399 0.124377174243068 0.000100829700308719 -0.000525071742580851 0.00164156831768116 0.00181766327489976 0.00184362878768339
30000 0.0174963792539432 0.120771847716545 0.000353787831210471 -0.000203013326613618 0.000123893054923188 0.00228455922818208 -0.000105814952218678
30200 0.0175903898531609 0.120773285298576 -0.00105791143254281 -0.00155533309158084 0.000700560592341358 0.00220507180165505 0.00190441306050197
30400 0.0174670365635221 0.120095729062992 0.000578290299126581 -4.90701268588059e-05 0.00153132698453504 -7.9148750605263e-05 0.00173154656253985
30600 0.0178871841414963 0.126184466133055 0.00331055644616 -0.00120352271984978 0.00248958599204074 0.000909205221905882 0.00193900851524362
30800 0.0175553541136675 0.125201468443829 0.00486855971479111 0.00307693434136478 0.000626256566154658 0.000514763739860862 0.00207342113072564
31000 0.017833518301046 0.124764664120464 0.00303291707178312 0.000239362504462392 -0.000518341458817821 0.000401733080222024 0.00156151103712506
31200 0.0177714336964719 0.124074945994165 0.00156903512372918 0.000462448776067018 0.00112602928597754 0.000142946616522559 0.00130443473289311
31400 0.0176810359985795 0.121295445288207 0.00168404158186175 -0.00191114944928457 0.00137232660751099 0.00183563081323642 0.000983699539868224
31600 0.0176613122708613 0.121890899362637 0.00025044800495288 -0.00116866460624121 0.00178637792325948 0.00261146915912219 1.87962938151221e-05
31800 0.0177834287380502 0.121795451850629 0.00273019163769581 -0.000468295969127187 0.00252597437971741 0.00120521432872704 -0.000655704053778645
32000 0.0177578698009311 0.12518740161145 0.00498869656304697 0.00408990686402114 0.00105056376394712 0.000986206891711736 0.000984193168538657
32200 0.0178661792212653 0.125516612003953 0.00224830982673593 0.00403719176296765 -0.000318341159259511 0.00075598694782495 0.00136013009055934
32400 0.0177311230774315 0.123257987723637 0.000174552363011872 0.00150367585619112 -0.000356301796482898 0.00188714415649396 0.000863354265014356
32600 0.0177683885662106 0.120638709355287 -0.00102684845212486 -0.00154149035404769 -0.000876803110513008 0.00315891308554711 0.000205241741102183
32800 0.0176974834181682 0.122206095934847 -0.000363962430347437 -0.00112084863437917 2.46170826853501e-05 0.00245483144489486 0.0016853403642134
33000 0.0177206756933642 0.123734174143885 0.000618937082618569 -0.000337899996589177 0.000635746965698725 0.00363475418304688 0.00138785578382525
33200 0.0176214297247238 0.122442628395842 0.00375401347538376 -0.000741291135755388 0.000918513212934707 0.00136501088601547 0.00183714705793278
33400 0.0179366156711411 0.12575508336139 0.00297724055230659 0.00402708073829968 0.000296491645925698 0.00339163202549953 1.55791876728815e-05
33600 0.0178616846422717 0.126038693170454 0.00513168536830354 0.00470435555378373 0.00106202318705713 0.00188690937228237 -0.000175324557450348
33800 0.0178530702948074 0.125082837527773 0.00493566365185855 0.00105288948074966 0.0012112408673221 0.00349606667410837 0.000878361442971802
34000 0.0176543771046907 0.120676491819504 0.00116665930222697 -1.65828841153024e-05 -0.00050001509927302 0.0032116070357229 0.000442675929704782
34200 0.0177983658418035 0.120318643177403 0.00125036643934517 -0.00422330834806343 0.00149094486461249 0.00113833504116156 0.00045582595319306
34400 0.0176901889597982 0.120174225971058 -0.00180993502597719 -0.00214676076927117 0.00146237503802489 0.00165550220761807 -0.000417615126034395
34600 0.017859017029102 0.125490353723357 0.000630833954756927 0.000628121845904691 0.00196527982491112 0.00264506754329269 0.000328155440092405
34800 0.0177966211345392 0.124791583578901 0.00256588646294527 0.00265652897104862 0.00105707207062748 0.00354649499244479 0.00344659351240567
35000 0.0179558250095722 0.123913016655217 0.00118982122843037 -0.00271328109825471 0.00178189930992795 0.000588203784778565 0.00135632792217692
35200 0.0177655000442521 0.123247542304786 0.00147353232667017 -0.00100031077006106 0.00152053521414976 0.00150986387899958 0.000463232848059301
35400 0.017953414330809 0.124062344350703 0.00184968028322856 -0.00219955800365296 -0.000906416415348353 0.00168153723535836 0.000966422030525143
35600 0.0177026299401803 0.122769002489385 0.000463761918741382 -0.00421123889016323 0.00273734870008244 0.000896866705399542 0.0012343539615758
35800 0.0178977723213109 0.122280408555673 -0.00121481583635087 -0.000214646596497203 0.000641905941304996 -0.000172961061199864 0.00233986648808367
36000 0.0178362067622402 0.124365753450733 -0.000508180528054948 -0.000110731401916199 0.000461714955714388 0.00100321395012498 0.00189615369321693
36200 0.017950780795718 0.122779953079012 -0.00193773063548867 0.000547417848662603 0.000395496705025948 0.00214427532728993 0.00150644266868737
36400 0.0178666886069931 0.121373026944036 0.00203437322260171 -4.68545424567456e-05 -0.000257305243129345 0.00376759205365509 7.84423155597211e-06
36600 0.0180562124204587 0.126568447632319 -0.000513615562459741 0.00307643313402589 -0.000722427833289495 0.00292589672496499 0.000520203794142265
36800 0.0178918852650703 0.125620354444794 0.00428871402469181 -0.000416950293137221 -0.00132238833161573 0.00473206279990832 0.00137409769261664
37000 0.0179491064865405 0.124763340539031 0.00018110254900846 0.00459536795679145 -0.00112955760024318 0.00269795223280325 -2.43341573842575e-05
37200 0.0178745596332187 0.125492025142249 0.0010384502689757 -0.000599877159681438 0.000306545386955506 0.00191589114642718 0.0018613104235286
37400 0.0179601523441679 0.122009157912962 -0.00185599374979646 -3.99303704526136e-05 0.000303981129301648 0.00232521441072417 -0.000183511269565204
37600 0.0177725577709161 0.119286103938338 0.00202334063911337 -0.00158606660226453 0.000828828499003406 0.00265722681284144 0.00157572418846503
37800 0.0178967982739798 0.118918120911313 -0.00221481481925645 0.00112802886244863 0.00177851256604346 0.00152994408726058 0.00182308494943635
38000 0.0179404550247906 0.120188861574109 5.52286964708144e-05 0.000567354696422732 0.00083901254758966 0.00147506405139553 0.000914187396800351
38200 0.0178866060209927 0.122151362298514 -0.0013198140634731 0.00457528269251544 -0.00105091018029397 0.00203595956797384 0.00146303370969946
38400 0.0179733611366842 0.122776205288746 0.0021532335855999 0.0024393070402277 -0.00146751966848783 0.00244238030481864 0.000960098011745506
38600 0.0178930385668519 0.124290660333119 0.000968725525977618 0.00155999657025232 -0.000236478311278799 0.0030566943575683 0.000935309789150464
38800 0.0179996697205988 0.122955487099115 0.000697095944814893 -0.000269858046048651 -0.000838825985822663 0.00351697941241503 0.00081873423287603
39000 0.0178581677303739 0.120681347953966 0.000242474596906859 0.00132215527009408 -0.000725729313208527 0.00365416237095832 0.00101757402175383
39200 0.0180028396090565 0.123349576925347 0.00177444781589731 -0.000737190108360667 -0.0009103210905813 0.00161189678010054 0.00107736036120963
39400 0.0178676854932737 0.120343938803005 0.00331664654346007 0.000609735187142561 -0.00111178379737516 0.00234998443854698 0.00159494982660697
39600 0.018095932391411 0.12355034397989 0.00258640659221979 -0.00236666873259862 0.000551906595151339 0.00101325693521886 0.000204622228913028
39800 0.0178893577053479 0.120958846006574 0.00147717217532258 0.00148697152452724 -0.00074021650125985 0.00141130796958917 -0.000290901798801369
40000 0.0181856436563331 0.122321096949177 0.00185583347671934 -0.00332308664263702 0.000600629439750548 0.00343993885253447 0.00193499435708559
40200 0.0179654869602245 0.122608720715537 0.00430090093748293 0.000174388648046215 0.00119160056360326 0.00270141686944659 0.00289070424247703
40400 0.0180784140633967 0.122032888376729 0.00414385464263715 -1.89434076053808e-05 0.00120270194588153 0.00308413344707583 0.00157275203097318
40600 0.0180703410752136 0.122861703203977 0.00234126176096058 0.00188025966807635 0.00081905083893953 0.00191001632463766 0.00184038795581701
40800 0.018025423538608 0.120187535625091 0.00218910798787647 -0.00197034473973683 0.00112998281412036 0.00254527915901335 0.00226425588134214
41000 0.0180511095200563 0.122316079861111 0.000367516382842461 -0.00157880295304106 -0.000305886664028605 0.00296092032867652 0.00173830853303632
41200 0.0180858152545035 0.120534632057544 0.00140768082155293 5.888321836142e-05 -0.000413608007279466 0.00235255977913685 0.00239839552399786
41400 0.0180079963841299 0.121335068820548 -0.000697318330170566 0.00161373637326369 -0.00119454091517093 0.00322958206773781 0.00215843148666583
41600 0.0181006485601119 0.122540659303842 -0.000131358339989141 0.000750604046220851 0.00131583031684515 0.00199051016871132 0.00123443560089559
41800 0.0181522205002186 0.124706953752035 0.00238729564610403 -0.000522950647661945 0.00141586839501694 0.0039796774904151 0.0004633955085149
42000 0.0182030894791592 0.12625122238345 0.00248894546035239 0.0036279223218727 0.00190386140656207 0.00252252420025757 0.00110075884337822
42200 0.0183823256252232 0.12756712627295 0.00278964455016106 0.00518360694387655 0.000702734499256137 0.000853688157891801 -0.000267879460091943
42400 0.0181436323628475 0.123864640428391 0.00185027163232805 0.00191500534719862 0.00235031924433516 0.00338883203455805 0.000742967286690636
42600 0.0181971352650782 0.122788344554434 0.00127435566993177 -0.00054616993128614 0.000593736745076391 0.00324302115318415 0.000499769979426789
42800 0.0180146729819646 0.122811453701322 0.00171714036132154 -0.000516081782661398 0.000382928393027209 0.00230837916053883 0.00144112980986238
43000 0.018229160304306 0.121900878028628 -0.000923480986804617 -0.00121594837716792 -0.000715730523483982 0.00165679059834629 0.00109017425790253
43200 0.0181275088659835 0.122402235626862 0.00153217197326217 -0.00022341727168876 -0.000205020605739362 0.00318148532569955 0.00267263771729968
43400 0.0182576304930385 0.124874342401193 0.00393040705472169 0.00290689527184961 -0.000527136567071257 0.00217718664116409 0.00175619734325389
43600 0.0181485018858569 0.121733708287795 0.00356147550744192 0.00211189611189823 -3.40744548040241e-05 0.00230620076976685 0.000784414604151853
43800 0.0182599733161529 0.120682625735803 0.00274283079638454 0.00114120080184234 0.000330709269397835 0.0020554534154381 0.0012271296560412
44000 0.018227933320815 0.12122387988709 0.00136078510088528 0.00104339018739296 0.000332061751968021 0.00246885581604498 0.00118616359820616
44200 0.0181725566099876 0.121017018266773 0.000523269422812931 0.000632619192432948 0.000658580169587211 0.00194511679767948 0.000826771811979303
44400 0.0182163834118151 0.120884540354633 0.00108835981871513 -0.00452567284057122 0.00146444673177147 0.000650346506786984 0.00114266392445652
44600 0.0181847339143672 0.120165118667637 -0.000951060339490878 0.000628577503932574 0.00112914223772296 0.000872282400528524 0.000924240184153145
44800 0.0182012832898641 0.122146698197143 0.00216460788751732 0.00236206332388392 0.00089552521704439 0.000934348111796768 0.000849712223671006
45000 0.0182062482243465 0.122918950252602 0.00010305197449266 0.0036903642602773 -0.000713708849717454 0.00186503758846656 0.00184837101352514
45200 0.0182900865484135 0.124611345408403 0.00146702013764745 0.00101195664149054 0.00126430617988087 0.00245831709379445 -0.00126238007719417
45400 0.018239252663675 0.12106634055628 0.00257642600063802 0.000971333803853221 0.000655874445408534 0.00251140864836986 0.00126277789986975
45600 0.0181741131976185 0.118926872221466 0.00148848369730674 -0.00166716161735987 0.000550799537964652 0.00256034803424218 0.00193944086937524
45800 0.0182361588920138 0.122028589124821 -0.001705713964359 0.00149510643182366 0.00160997434465986 0.00262402810845801 0.000794838528242618
46000 0.0182681986684457 0.121023520476689 0.000178368827266986 0.000412588507011478 -0.00130102321023919 0.00337494853177147 -0.000535802059527755
46200 0.0182348717419743 0.123544014613837 -0.000840589662962157 0.00192388822494581 0.00181547869426076 0.00204719108885477 0.000316682024271032
46400 0.0183660462056712 0.123184302940258 0.00248991761015078 -8.4810940657113e-06 0.000751443829212039 0.00140914729345328 0.00213049610296811
46600 0.018313040428273 0.123548717855993 0.00140736293215309 0.00316931119229578 0.00108571485987603 0.00190597507300594 0.00172841659664317
46800 0.0183893968005075 0.12255033934877 0.00130029787171627 0.00163939514847889 -0.00130366801927519 0.00321639104494394 0.00225684477815932
47000 0.0183224946207406 0.122465302459552 0.00306179953899493 0.000844460432898872 -0.000841043761066868 0.00075679334189293 0.00241417246267757
47200 0.0181606880889191 0.120438672120782 0.00363732947365 0.000545075370522817 0.00082507847507888 0.0025060605804105 0.00225785096203448
47400 0.0184115506460618 0.123046714365162 -0.00136521461056924 0.00161242455218893 0.000778031182562646 0.00152892543816348 0.00307953152401144
47600 0.0182396925256116 0.120541405453446 0.000819087365156334 -0.00153232405716033 -0.000617131047629067 0.00218476619003848 0.00301556008155757
47800 0.0184387302587754 0.122880999712614 -0.0020556435858243 -0.000749149817513892 0.00130271895428606 0.00113870556532323 0.001980766402475
48000 0.0182674888942759 0.122051056417575 0.000691945218405607 -0.00129216400697556 0.000583351197080757 0.00105925099460219 0.00222771838053463
48200 0.0184715387771649 0.12409603240793 0.00180231440433418 0.00364011725592422 -0.00111333060459426 0.00137211045987205 0.00238954463644976
48400 0.0182887853559448 0.123056951299934 0.00130996796994367 0.00338459530000824 0.000559538009654273 0.00196660357410739 0.00132095677977122
48600 0.0183628228558841 0.124148019207345 0.00232653889410729 0.00135303211069625 0.0010277905047593 0.00029574231964244 0.0026519578744532
48800 0.0180731691463574 0.120079093448217 -0.000394490547447164 1.15562826746579e-05 -0.00143415116793486 0.000836415479251849 0.00166542476011926
49000 0.0184486286222903 0.123493739754492 -0.00119207000775673 0.00196092603509344 -0.00195542356910024 0.000321340701896035 0.00116558814467717
49200 0.0181545231642906 0.122096428674824 0.00317813429011021 -7.43234667562974e-05 -0.000773150779378856 -0.000338571917046171 0.00083469104781701
49400 0.0184481117930896 0.125908983638505 -0.00125394468625523 -0.000659700190111438 0.00115130818874841 7.94263394012113e-05 0.000135685041089023
49600 0.018068977469418 0.121705268805625 -0.000993008363459453 0.00133737094729693 -0.000140531643960231 0.00266832482417775 0.00109501492537142
49800 0.0183986640242701 0.126130809154377 -0.000443421702051727 0.0020634577827876 -0.000137971070395719 0.001689225190725 -0.000396394324705569
50000 0.0181386404822041 0.122416452946949 -0.000504263040677174 0.00266388367377151 0.00141315632518328 0.00101033328813302 0.00159661471498341
50200 0.0185179199179514 0.125565277186776 -0.00138090112097785 0.00181150780023997 0.000818187279637562 0.00185549167545335 0.00123011306629953
50400 0.0180884651989704 0.119917756521326 0.000949973734494287 0.00238859348332174 0.00041466784861921 0.000489067966488758 0.000787772844914683
50600 0.018763156104245 0.126699837033568 0.00109410752873165 0.0012546440199035 0.000729197880129866 0.00283534131769225 0.00081151154570146
50800 0.0179271209361042 0.118213126143248 0.00268507294202226 0.00100458292146795 8.6023950929293e-05 0.0012083325670498 0.00274441849109573
51000 0.0186599037293642 0.123385071718989 -0.00221780174761932 -0.0028352834359852 0.00115358122430341 0.00151831719129219 0.00357356567635624
51200 0.018000192816057 0.120511237333154 0.00397524410535482 0.000260918152064006 0.0014409252998249 0.00214504176860433 0.00221879371348376
51400 0.0186366662322981 0.123916265828805 0.000414474833126166 0.00100863863471583 -0.000443944162961398 0.00312071239701261 0.00150683133120456
51600 0.0181755739683238 0.122466136863724 0.000709889684165196 0.00244878779336501 -0.000947017599789318 0.00189514859822172 0.000780215811481146
51800 0.0185274787894644 0.125260911381493 -0.0012101075692511 0.00184355645111587 0.000505047279644093 0.00199186157842283 9.53846689475008e-05
52000 0.0182320397795916 0.124861852339337 0.00326124258321446 -0.000835369640893339 -0.00105054290823199 0.00283839232534014 -3.72877986888689e-05
52200 0.0186706209529453 0.126204242064957 0.00138620154068364 -0.000874396273540575 -0.00200836165139915 0.00245909810593335 0.00111902473628377
52400 0.0180228093258488 0.118997947285724 0.00121589509269766 -0.00211781892717646 0.00128746195922848 0.000869399142763778 0.00191368565841487
52600 0.0186177684087119 0.1228480535851 -0.00302925465436758 -0.0032686320521111 -0.000705478262857043 0.00111280478945457 0.00170760186230369
52800 0.0180565983191538 0.121379693034936 -0.00345397441864473 0.000226421712131814 0.00181880343902811 -0.000314572279175974 0.000454661609961761
53000 0.0185010557760088 0.127146070713821 0.00116478997127041 -0.00124363995403293 1.23261702375585e-05 0.00147984659319928 0.00215224423995371
53200 0.0183515087293397 0.123688994120124 0.00188912633978467 -0.000320534491874757 -0.00069824548598286 0.00171164806791727 0.00135358825783769
53400 0.0183500557874023 0.122332193122065 0.00192184296521247 -0.000547182093322204 0.00052177103224115 0.00191097294120948 0.00164721388987598
53600 0.0185357250334022 0.122178463010296 0.000917732725581479 -0.00307307060076752 0.000255133537806848 0.00238794140664356 0.00119764508235782
53800 0.0181955420304696 0.119733008786392 -0.00156244293318582 -0.00145343630781598 0.00341452339832967 0.000806699978823464 0.000815006726010801
54000 0.0185415040624735 0.122906258041935 -0.00172148314817226 -0.00149171813096469 0.00111507857128082 0.00232614063247097 0.000324070955552143
54200 0.0182707291749116 0.120152983560856 0.00185297842866753 0.00209979105514687 -0.00137057083902244 0.00126449751243675 0.00145986214591146
54400 0.0187065647609818 0.124135137493799 0.00243121557727883 0.00416809667090685 -0.000630000295418714 0.0029786316684818 0.00302483391720658
54600 0.018395037537075 0.124745110489864 0.00483005016436209 0.00493821618578544 -0.000878998484525098 0.00280159569687771 0.00222325309126206
54800 0.0186394603870201 0.124515036181008 0.00162953388441375 0.00242825181125701 -0.000827466330545474 0.00228168829260371 0.00224064045378869
55000 0.0184365302131034 0.121059819873442 0.00191611623635583 0.000197454801597376 -0.0007436319496446 0.00210041904883733 0.00168253428117369
55200 0.0184719282884379 0.123290595272676 -0.000169976089893519 -0.000241319624357441 -0.000658858920239756 0.00159216177497276 0.00129229850308175
55400 0.0184077385148304 0.119280181211972 0.00205554092018425 0.000518671191131471 -0.00100542858954261 0.00245758038731335 0.00144947254986123
55600 0.0184778368966261 0.123332478402326 -3.51300705305578e-05 0.00254524070161269 -8.60730409526345e-05 0.00139392265858045 0.000700615323013914
55800 0.0183727828474067 0.122916830446818 0.00201999351846615 -4.61592043247173e-05 0.000977392639534113 0.00351733216666752 0.00253141390463557
56000 0.0186060531568024 0.122494326449772 -8.20879231157366e-06 0.00076461599591767 0.000693865343328308 0.00339208669689879 0.00236890206231306
56200 0.0183451806229975 0.120988175815154 0.00432015829344769 -0.00133692413017525 0.000546082415010565 0.00077521588864986 0.00205990446586845
56400 0.0187006441011098 0.122029917998227 -0.000692035236120132 -0.000697401048529821 0.000586939067375368 0.00263816721813665 0.00139686356517506
56600 0.0184355518482358 0.119341702811906 0.00462890527134768 9.21917946181238e-05 0.00138927502036955 0.00290899773804344 0.00194036276297283
56800 0.0187476114435992 0.123558460893168 3.97051588442191e-05 0.00208056159189711 0.000738034581464771 0.00275579927086916 0.00125292021784103
57000 0.0185223107186141 0.123222420845781 0.00193210785398584 0.0011861222000072 0.0010164808652046 0.00333397532565457 0.00010198710712447
57200 0.0187178989446675 0.122195070170369 0.00112552086786989 0.00159908551237381 0.000105095424927571 0.00306822420325144 0.00191727823358743
57400 0.0186469107252875 0.122638363642551 0.0021953001794563 0.000668173037898595 0.000699440804098547 0.0033287479839001 0.00113067536129102
57600 0.0185301768001929 0.121209861986559 0.00118251470149069 0.00231998664460814 0.00111143782298076 0.00290258613092842 0.00216194823900805
57800 0.0186289717795078 0.12260306166739 0.000772416247949998 -0.00234586520350081 -0.000264882273989354 0.0016066168417584 0.00246746448465528
58000 0.018440916112176 0.118860017471302 -0.00241529618852453 0.00117684070614446 -0.000493494268300359 0.00162674675517453 0.00146342555751824
58200 0.0186423474246616 0.120035483437282 -0.000189298494056669 -0.0019981867091052 -0.000649268775508147 0.00103088196409077 0.00176918439313086
58400 0.0183564872982639 0.118446319805369 -0.00163156090747576 0.00154811766957376 0.000507924726799128 0.00141101202538592 0.00264313547261608
58600 0.018666373303087 0.121776685523489 0.00341201172677431 0.00125206856418836 -0.000571487191614669 0.0013726126731435 0.00168370388058658
58800 0.0186154812674046 0.123562303703293 0.00315490515752521 0.00268022351615957 -6.55335769010124e-05 0.0022397904816072 0.00144900293152569
59000 0.0186392750359712 0.121804812585463 0.00132130588090425 0.000188925439125272 -6.04187772857906e-05 0.00203029433877475 0.00220761933797013
59200 0.0186084142003462 0.120157065483173 -0.00123731029806489 -5.40945881584566e-05 -0.00070275482910985 0.000917834741170952 0.00282166930112124
59400 0.0184426619504263 0.121866123523457 0.000882754336419737 -0.000745992042759144 0.00161152932995003 0.00122235711784065 0.00117914276532645
59600 0.0186912225419476 0.126522273802935 0.000880771853866856 0.00321707464166686 0.000251223814155637 0.00164663664271826 0.00140257165572331
59800 0.0185809170890728 0.124241841386845 0.0034485925471931 0.00172885475007996 0.00145807813076298 0.00194110701358042 0.00108566427559579
60000 0.0186056232242996 0.123753767682591 2.03416773956034e-05 0.00134505260810461 0.00202818476576289 0.00380902942563455 0.00089551065399671
60200 0.0185677778507066 0.121728201247442 -0.000618717583786124 0.0017091814984786 0.000305360293779669 0.00240304463818002 0.000448492081062015
60400 0.0184585817671661 0.122178688341085 -0.00137331279563545 -0.000344506165266744 0.00102038434828637 0.00107492138667969 0.00142973789953288
60600 0.018584460910926 0.124287507233493 -0.00102706053491258 -0.000635618416448877 0.000624988163024199 0.00116041154923998 0.002105397061031
60800 0.018582402357311 0.122404236899579 0.00179319709070492 0.00113708581423638 0.00162557099747062 0.00191122912444608 0.00132185092772268
61000 0.0185913389975232 0.124225470099812 0.00134442170239832 -0.000331956610377283 0.000236001235148316 0.00236354728291408 0.000569781111403715
61200 0.0185011639167679 0.122413492626552 0.00122578651726229 0.000637510050598896 -0.000911309043306151 0.00247459199894377 0.00124083038584458
61400 0.018733070556621 0.12505916293579 0.00147534054969442 0.000179749856325382 -0.00157743835164758 -0.000915237744323593 0.000942885134133717
61600 0.0182281808126332 0.121321651021392 -0.000783024259807982 0.00187905103176209 0.000123165740772955 0.00214801120401472 0.000863701897503726
61800 0.0187843254892343 0.122986431997151 -0.000882490440378808 -0.00229499028804117 0.00042928880964402 0.00235336115366269 0.000871842862083543
62000 0.0183507834775523 0.121150272117848 -0.00029299642099961 0.001374079455093 -0.000627738014881501 0.00104946284051964 0.00167182189644654
62200 0.0187575466638977 0.12609351197183 -0.00102951035921317 -0.000783119197897887 -0.000224369526565497 0.00255794547227328 0.000973919912875692
62400 0.0184927225256049 0.12552448368572 0.0021398958045716 0.00308144051797546 -0.00138718162309744 0.00159998329340262 0.000430737106172137
62600 0.0185982434300219 0.124587123297874 0.00106392329336765 0.00288770391749533 0.000152061944368731 0.00173969214918812 0.00116198737893014
62800 0.0185326314933195 0.123888178895013 -0.00307963198729879 0.00310728770142749 -0.0017996032083823 0.00182730662430921 0.00233691677392001
63000 0.0184498146822233 0.120963042992204 -0.00224515343920948 0.000969878288520289 -0.00204948939350819 0.000848720136396936 0.00165092386871675
63200 0.0186067457242791 0.119772161805859 -0.00195768168268213 0.00505500472987029 0.000175508778285411 0.00093676387046738 0.00117907970145422
63400 0.018614179259658 0.122278719319672 0.000731987475426812 0.00129432619725949 0.000477707686139302 0.00206053928810084 0.000461135609481044
63600 0.0186667553523676 0.126219107367037 0.0003447389573225 0.00413750869203971 0.00113153348236743 0.00218505810171597 0.00191313324934858
63800 0.0186210202748739 0.12684428379345 0.00350441812369322 0.00186731590795106 0.000511336990169589 0.00123171387522371 0.0003426439500275
64000 0.0184817181152399 0.122776866782016 -0.00012770053551156 0.000991125740611018 -0.00111937884630992 0.000723592101517474 0.00179127548437477
64200 0.0185218504555675 0.122356570529034 -0.00235630248728978 -0.00324482094601023 -0.000324892853020845 0.0028292918600564 0.00146453731413019
64400 0.018525269711753 0.122176292126881 -0.00155938157423917 -0.00170667215147308 -0.00149564398753765 0.00184758303080598 0.00069123472102552
64600 0.018582862828728 0.122016894831277 0.000915687749207766 0.00033469293398681 -0.000148621241902915 0.00154566075899511 0.000488671581502625
64800 0.0185895490056119 0.122028769837323 0.0039634244710099 -0.000907975846576467 0.00068842141860341 0.00224335097163876 -0.000144926882675357
65000 0.0186775080550171 0.12553130184256 0.00357001199173762 0.000113490715966835 -0.000509139521042182 0.0020567993440048 0.0009100709556595
65200 0.0185357610799971 0.122354097089413 0.00293615038935311 0.000662157289722059 -0.000701889609162611 0.00259472170989698 -0.000122101124836581
65400 0.0185787910407917 0.1202266128365 -6.45437968981502e-05 -0.00159484542886864 0.000156025531100498 0.00217979500760153 -1.80702391831988e-06
65600 0.0184164801496577 0.11917651180928 0.00164876183970272 -0.000297774516231685 -0.000274825918373211 0.00175840138897858 0.00161002645497089
65800 0.0186594911330936 0.121399645114275 0.000165683680136773 0.00230869842682017 0.000863731158774337 0.0011671727148083 0.000776012015942644
66000 0.0184905096410786 0.120615753619685 0.00419226232447569 -5.7681695926065e-06 0.000866898024788844 0.00103754965747237 0.000154385561256835
66200 0.0187145274828968 0.1243910478529 0.00345654272050331 0.00375564251043042 -2.35915699116231e-05 0.00209266647820085 0.000848592272379845
66400 0.0185865007886156 0.126359790476791 0.00884743388408957 0.0011979899278522 0.00106137231511127 0.00328855524912376 -0.000475834145714326
66600 0.0186767552063369 0.124105457056424 0.00152701864169129 0.00139813916794129 0.00120222674478509 0.00156491477126576 0.000651275588699018
66800 0.0185692252160221 0.12494455508018 0.00286760795070177 -0.00248877457115569 0.000409081530760117 0.0029998904937329 0.00121820825711942
67000 0.0185202988706975 0.123189920146293 -0.00017155710865426 0.0014845825092353 -0.000372072057094134 0.00116948216380519 0.000339825263337038
67200 0.0184908044942257 0.123291856422325 0.000850668198259286 -0.00115463045918941 0.000678810484539626 0.00136242192507237 2.16870128643305e-05
67400 0.0186091081648197 0.122824080032952 0.000150041839050097 -0.000344134306049228 0.000694747448659987 0.00194521903277727 -0.0001997933919885
67600 0.018633309605809 0.123105481388006 0.00199674010140748 0.00308770414385835 0.000357019150998812 0.000661450131786145 -0.00107049790443114
67800 0.0187027241506582 0.123087092447991 0.000964394630118459 0.00407838813597366 0.00159965602944691 0.00250145385444955 0.000722472562878954
68000 0.0186173928136695 0.123199777637889 0.00399752755240104 0.00137838069426001 -0.000705564507187172 0.00296503283429 -0.000342864739232261
68200 0.0186553852069515 0.121701159115432 0.00180881816571797 0.000542580242956199 -0.000502932643841404 0.00224628681610999 0.00120153925735022
68400 0.0183914983644903 0.117853929177993 0.00152403106879564 -0.00301106597388989 0.000639967863099064 0.000947261447354469 -0.000752802594596069
68600 0.0185826189448341 0.1200471942078 -0.001795132747732 -0.000458661531009586 -0.000726035527642925 0.00129807707906454 0.0010428234200804
68800 0.0184803107200838 0.121989300189344 0.000123285598519286 -1.052928940475e-05 0.000861256352657385 0.0010135919538142 -0.000347064678433203
69000 0.0186401952795572 0.122072789082431 -0.00132073987590122 0.00157998404186475 -0.00104061764240031 0.0023122554018025 0.000339475382451954
69200 0.0186422993575833 0.125128068359724 0.00288175740135918 0.00213997170314273 -0.00053335622310422 0.0042225902506142 -0.000602266382326096
69400 0.0187038448954386 0.124193426730348 0.0027616789401134 0.00286871510585558 0.00174907603941243 0.00211896969554641 0.000552123702545584
69600 0.0186986154421951 0.124431322709407 0.00232480649961729 -0.00102097008248898 0.00200715051791219 0.0009515188661092 0.000203606210742722
69800 0.0186189560884357 0.124109138855827 0.00152596227120054 -0.00125960051498837 -0.00031214880541449 0.000136136655556103 0.000669614852981796
70000 0.0186039576557304 0.122758529813423 0.000294412907563818 -0.00432523648841111 -0.00185929245269299 0.00206868071234518 0.000378075247770158
70200 0.0186006799889083 0.12181013489507 -0.00316450504265452 -0.00352621354590425 -0.000617990383914622 0.000957776747060554 0.00171740186945791
70400 0.0185840531734337 0.122708373341891 0.00111485357741538 0.000953214100771681 -0.00111994001553419 0.00175565763159775 0.000897908439339573
70600 0.0187747516515574 0.123511956738736 0.0046843883384615 0.00166207975036241 0.000150511969130448 0.00249678951063932 0.000195487783697551
70800 0.0189182983026 0.126005695983894 0.00476616723516363 0.00543328250866074 -0.00125631437154016 0.00157212365980543 0.000554308432642464
71000 0.0187514423951697 0.125403880801206 0.00520171709036197 0.00378702710280093 -0.00157997632419067 0.00254392045313167 0.000152804436790809
71200 0.0188009343096685 0.12425436506795 -0.000314455721088432 -0.000207249342391337 -0.00051489116647025 0.00106812452040801 -0.000955128465180407
71400 0.0187184258253817 0.123005673363301 -0.000957121075811031 -0.00186786014062297 -0.000760584653857698 0.00124201393646189 -0.000140674520953436
71600 0.0187075264452159 0.120644091414011 0.000394838236111437 -0.00137472742775392 0.000632250177916794 0.00107854850027485 -0.00126646194206143
71800 0.0187488509157639 0.120271140271632 2.5901144651815e-05 0.000919629652265664 0.0021161661430904 0.0017361616646386 -0.000208913286093509
72000 0.0187407682327989 0.122435498978367 0.000310077934673326 0.00352125249453676 0.000605425923230872 0.00133142656819274 0.00167919213038347
72200 0.0188802798672685 0.124902702200561 0.00310902778859825 0.00277532777383372 -0.000378953315313376 0.00329675943918535 0.0014590163197382
72400 0.0187742453212114 0.124804627247349 0.00338673592181233 0.001663771782789 -0.0009734861000669 0.00319456748029424 0.00223252148258376
72600 0.0188828446700702 0.123281075621326 0.000717716681777218 0.0016153416720981 0.000340073968270247 0.00177830707806214 -0.000174130693388749
72800 0.0185275213334887 0.119797549180299 -0.00063025126955932 -0.00194631717077811 -0.000382782999835211 0.00149943588970939 0.00172090716953321
73000 0.0187339238473295 0.119134888051634 -0.00398612203969083 0.000802980091460204 -0.00094362141615922 0.00236222510830326 0.000791736876521999
73200 0.0186309752768689 0.122552271628106 0.00124181360977297 -0.000850527207024007 0.000701344321488224 0.00151388152860604 0.00132083259868124
73400 0.0189060591138565 0.125908582390001 0.000929028500912118 -0.000622287836021222 -0.00018667358561623 0.00271057878985218 0.00240467670363239
73600 0.0187596609142417 0.122061517254722 0.00321455435861551 -0.000176022231876967 -0.000382112236039176 0.00134046967385601 5.60482812429283e-05
73800 0.0188792159938254 0.122783660718953 -0.00106275548947782 -0.00105330633223248 0.00010034340260697 0.00122790952986904 -0.00121751167979899
74000 0.0187332583747731 0.121008540178591 0.00174235710302226 0.000962490592657769 -0.000394928816009029 0.00145450272566002 0.000271725907593533
74200 0.0188364852010834 0.123140707096765 -0.00124278599293062 0.00125747926482519 0.000223451167153713 0.00130185187517328 0.00135373155741617
74400 0.0186617904659887 0.121841494026911 0.00120796509340717 0.00151499076118822 -0.000104673356038126 0.0015474945603543 0.000472202871744158
74600 0.0188483122257962 0.124451940768393 -0.00220335316320132 0.00275713892568034 -0.00128368104884814 0.00065404779487915 -0.000476250784782685
74800 0.0187662219639676 0.123865842499828 0.000546306865256033 0.00277276195794609 0.000315963907762137 0.00252445438734663 0.000547048054042124
75000 0.0187659703393642 0.123691458013473 0.00118407442358588 -0.000874314302387878 -0.000264468507431769 0.00188926731052336 0.000155260102044331
75200 0.0187389691361107 0.12246479356198 0.00019835551427474 -0.000478658676731202 -0.00097492177814331 0.00228484066280641 -0.0004521766496505
75400 0.0187798386015587 0.121647726752743 -0.00241674088036547 0.000555116962925588 -0.00011066378251344 0.00178054825700241 -0.00033344377014391
75600 0.0187053396333895 0.123186118197158 0.00171585965076521 0.000734484305484786 0.000947050442261795 0.00086009276071036 -0.00137256175790557
75800 0.0188784117501323 0.121927412643109 -0.000317523897792893 -0.000209371461166773 0.00112601843072905 0.00017038096769049 -0.000283434278453217
76000 0.0187659924981334 0.12027827495666 0.00137043896869851 -0.00104625078081843 0.00159692292949803 0.000747929454771469 0.000905999911882037
76200 0.0186669748905962 0.118645728896582 -0.00104894125926032 0.000867905495099314 0.000606996837377889 0.000556957471426914 0.000436233015455876
76400 0.0189052439146111 0.122485154118239 0.00308427792258264 0.00069435583851934 0.000442516983836764 0.00108254030620015 0.00212602501065014
76600 0.0188197548596401 0.121691069975966 0.00190993899701986 -0.000488843865142414 0.000292588163385912 0.00201939407453589 0.00165065195822814
76800 0.0189605994419748 0.120786696894665 0.00306846385928809 8.43746762831168e-05 -0.000308483931290055 0.002791998786715 0.000792088847513938
77000 0.0189520601664178 0.122512968823568 0.00113261870896151 0.00118182821616258 -0.000420674392490602 0.00127472524129821 0.0010166074834871
77200 0.0189519324208329 0.123224818982896 0.00214463795594677 0.00221458306728713 -0.000461372131530304 0.00160057573526608 -0.00111644709448917
77400 0.018915581571612 0.123144655730407 0.000717195682754423 0.00193648054710161 0.00133487067419411 0.00172932973899019 0.00024968030710736
77600 0.0189118316734404 0.121225775679369 0.00197728208352323 0.000622848942055447 0.000732698709013397 0.00140801357834278 0.000774620826593321
77800 0.0188802690258678 0.120955124962297 -0.00190360646314276 0.000706260459474236 0.000407012882648731 0.00185649967300971 0.00195089663923626
78000 0.0188101545281413 0.123251649956023 0.00119695145285055 -0.000140758505079524 0.00197652697981946 0.00212119384889023 -0.000254732382448334
78200 0.0188723325854054 0.122566476615261 -0.00274950620831444 -0.00267934685169555 0.000540480343839856 0.00230446054748975 0.000640181505765587
78400 0.0188214663695015 0.121185942894069 0.00277287989230822 -0.00435762121363946 -0.000505759901013064 0.000995406261686377 -0.00101284611063201
78600 0.0188369432369471 0.123902845160738 0.000656893437082853 8.43696587683803e-05 0.000509254619003214 -7.99648264983986e-05 0.00118978184854716
78800 0.0189108237243569 0.123624219564308 0.00282257345681149 -3.69587655601263e-05 0.00101883101617898 0.000316492711213154 -0.000396480962306545
79000 0.0189446095893516 0.124177434162358 -0.000368350881375012 0.00230271500040211 0.000858850338638079 0.00104529774417925 0.00150832148751416
79200 0.0188402688749931 0.121232072682702 0.00200683492415686 -0.00183090160658313 -0.00201978436694714 0.00204557508250437 0.00124503422943816
79400 0.0188494995448919 0.120431690389908 -0.00285006085366004 -0.000271341646146784 -0.000449990099018223 0.00142039847316155 -6.71858377452855e-06
79600 0.018863242958524 0.120424895259039 0.000882609149477782 -4.16646684151925e-05 0.000270408082056743 0.000663998864542984 0.0014262343143759
79800 0.0189579386863385 0.125137098742842 0.00126010580402152 0.00356489736019664 0.000535495702704723 0.00119469879856169 -0.000164047501352651
80000 0.0189466904208187 0.125587646122846 0.00188722704944047 0.000141277873497007 -0.00102776405593786 0.00223856537802292 0.000720062479924661
80200 0.0190680784870002 0.125664112571838 0.000640271723651406 0.00531193221485874 0.000279359372886165 0.00323594466723678 0.000159531629160587
80400 0.0189486535535957 0.123051031375182 0.00157514064198532 -0.00161018170482103 -0.000993995654529444 0.00199185506858713 0.00243946506807629
80600 0.0188362997685736 0.121950022479245 -0.00186443141099743 -3.2232519441503e-06 -0.000845564376054622 -0.000133929431068927 0.00252844477387723
80800 0.0187985269618606 0.122303804768029 0.00132840674535016 -0.00533534340103369 0.00134640265278784 0.00241945379971592 0.00165680697981667
81000 0.0188258319529164 0.12320081596929 0.00159114455293926 0.00193605028680339 0.000649169126920514 0.00344989279002812 -0.000903889697304514
81200 0.018836255208901 0.120877627768468 0.00334389230326356 0.00102188109505098 0.000200885196688797 0.00163214567074298 0.000896171485883091
81400 0.0188619322602304 0.122343095393855 -0.000514895369004323 0.00287451129806978 -0.000432556383089045 0.00193859501855937 -0.000302695342540107
81600 0.0188157937370818 0.120644853082147 0.00206996745551325 -0.0030883533388093 0.000751807728858132 0.00282256895392557 0.000977290604401025
81800 0.0188895338331188 0.121782305301911 -0.00187938242245641 0.00213267124592647 -0.000891433309785812 0.00225572648009807 0.00307666824520433
82000 0.019005416709303 0.125005058674165 0.00523845530065685 -0.000100598270356659 0.000748149394713437 0.000772901722281486 0.00133783737564241
82200 0.0188681219882317 0.123484067130602 -0.00217533391502748 0.00392520339848866 0.00143423681007042 0.002349155472749 0.000478621121891637
82400 0.0189295647743108 0.123730581750918 0.00268266951182394 -0.000667296901902946 -0.00138118848787125 0.00129181486777925 0.000402280047962671
82600 0.0189280926866781 0.122203691879154 0.000563463636719505 0.00277301687892701 0.000450188478251972 0.00211263379217859 0.000955760676411457
82800 0.0189009724492921 0.121055996933374 0.000380566162559374 0.0017899506508427 0.000675075396943704 0.00281735876389589 -0.000409002551339788
83000 0.0188936892733018 0.121649394163572 0.000996109772498869 0.00111058815804973 -3.55741339001302e-05 0.001357747762056 0.00102108818719948
83200 0.0188230614203058 0.119355183102412 5.75423614134706e-05 0.0023168811213952 -0.000129653360390686 0.00257473730640511 -0.000342202049351509
83400 0.0189141924444474 0.123688644636006 -0.00198009811435403 0.00155918227759739 -0.000956167555060858 0.00101748156080961 0.000944416505442132
83600 0.0188823297238867 0.124330661455658 0.0023146391775066 0.00147974524029729 0.000849543492480753 0.00191255187598147 -0.000777688458520049
83800 0.0190977084410093 0.12624581628075 0.00468680052880185 0.00360622318911462 0.000242030008807584 2.11281010390166e-05 0.000284024093973541
84000 0.018836935641799 0.121448501222677 0.000787275067703767 0.000664222912079851 0.00045002946512855 0.00110275049159153 0.000522865302708304
84200 0.0190133702950297 0.119993687797872 -0.00295689059806732 -0.000752609571378661 -1.53214957649885e-05 0.00105930637009112 0.000681191885279809
84400 0.0187408220715261 0.120005813790947 -0.00357406232884332 -0.00133020348447538 0.00104557775528514 0.00189300072531415 0.00012162802590321
84600 0.019195982009185 0.124171675462028 -9.03350594259068e-05 0.00114591551701804 0.000436540988023401 0.00123964062024614 0.00079081337688113
84800 0.0189079813241224 0.124182058611249 0.0036952401865681 0.00496579141126131 -0.000290452019470788 0.00213324791308093 0.000960710468629804
85000 0.019251366565711 0.126473333185939 0.00524095173575532 0.00383835959902844 0.000256969408456007 0.00173763476363592 0.000957268302857907
85200 0.0189155586971559 0.123589223373261 0.00440403414840104 0.00390494098498463 -0.000401568072368484 0.00131860574641329 0.00160199379266952
85400 0.0193526006047528 0.122503809679643 0.000313516983760362 -0.000998299983744338 -0.00145719550059231 0.00103299515413474 0.000916048002597661
85600 0.0188616227525882 0.118019374378738 0.000175527387113659 1.11775732738653e-05 -0.00118361605536845 0.0010148676540627 3.20595384235793e-05
85800 0.0191965704242311 0.117703627649466 -0.0036065868282098 -0.00275478052218181 -0.00126776173482995 0.00220130487433625 -0.000613742618295784
86000 0.0189438562261558 0.120932416501361 0.0032770510733688 0.000143653085062894 0.000531969549965779 0.00106018975990891 0.00126791033961943
86200 0.0191394206500564 0.123884427520657 0.000271127868904252 0.00165718904623685 -0.00142997391816859 0.00226315944330077 0.00194161211894457
86400 0.0190718330213683 0.124371398156929 0.00168937010795106 0.00184358471907683 9.10522654368084e-05 0.00237707340296468 0.0010659088442066
86600 0.0191834813078926 0.125016248958046 0.00149797425851839 0.00188655282176242 -0.00126689714246052 0.00116382700851512 0.00119584179558158
86800 0.0190333187292888 0.119952773773485 -0.00124719310143646 0.00107214698793198 0.000625559399965677 0.00201344478241953 0.001946490254234
87000 0.0191080348980436 0.119453176429231 -0.00120549883948777 -0.00290728484650503 0.000541678153043052 0.00228964891656222 -0.000110275426433115
87200 0.0188647332779675 0.11913819457192 0.000569171351082039 -0.000673265173740384 0.00156665591969853 0.0024082976224845 0.000762677864574688
87400 0.0191424703429597 0.12478302408073 0.00145597631501492 0.00433286093032895 -0.000893559502816135 0.00257432400484735 0.000677882598920169
87600 0.0191751294479574 0.125197401037884 0.00354891566743558 0.00387893327516202 -0.000442705381741291 0.0027162501288279 0.000125264131506028
87800 0.0191424716707179 0.12306273055939 0.00324738525916798 0.00219892910172425 0.00103165390794597 0.00331737872692126 0.00203944297627719
88000 0.0191497775664639 0.122318637109406 0.00108736898156311 0.000533025588040083 -0.000288264791598648 0.00283745706880936 -0.000325003849910693
88200 0.0191405616084957 0.121157769425102 0.000817279858551526 0.000508853347571497 -0.000751894665859198 0.00198045113808008 0.000376085706688951
88400 0.0189835167589441 0.121312526195582 0.00103497174448383 -0.00106308160915173 -6.35860642534643e-06 0.00177003627012789 0.00309004615761424
88600 0.0191976200178506 0.121663915863434 0.000752269251133572 -0.00375197216593479 0.000221956366609817 0.00138344901307183 0.00342252660855623
88800 0.0189675681945342 0.122257468096786 -0.00112286236951109 0.00168671709847285 0.000626437671957465 0.0022612927002249 0.000782560515911633
89000 0.0191938158444081 0.119752887289018 0.00182800846953893 -0.000680602823371046 -2.44046280405477e-05 0.000688164979677244 0.00273990669650238
89200 0.0190484362199041 0.121821310178888 0.00106601144914336 0.0035972505187967 0.000798478914566163 0.00192545312471075 0.00185417154494232
89400 0.019318655074851 0.123549910423341 0.00159982026263808 -0.000365494908779604 -0.000223201593594101 0.00105455174451479 0.000618114485830886
89600 0.0190391432735625 0.121060652217336 -0.00195901866080904 0.00234474595646463 -0.000415123280063472 0.00206539727999986 0.000875128169235002
89800 0.019250789441457 0.124551713735301 -0.000803904477369668 -0.00332000303394621 7.22524598008323e-05 0.0015241346578611 0.00106525175221807
90000 0.018962662578309 0.122001771739787 0.000325134733045792 0.00357323492194378 -0.00131668227500303 0.00230847834393342 0.0015137017768178
90200 0.0193972294038639 0.123210308343738 0.00352616021986079 0.000192729713825634 -0.000242245778492314 0.00194717146641906 -0.00101253734645958
90400 0.0189882018398803 0.122874288314788 0.00168138036349925 0.00247292690572039 -0.000563591867081795 0.00175907301590855 -0.000113944351678474
90600 0.0193845452633997 0.12363855190883 0.0025473223843916 0.000830167774788587 -0.000943893376251109 0.00239080008508613 0.000421959507212587
90800 0.0189728762601042 0.122058765894269 0.00426862137577492 0.000438833729715669 -0.00156524627883972 0.00317454657295899 0.000179693681022085
91000 0.0194353551863768 0.123714393244253 0.000392415311055135 -0.00118015365681879 -0.00241672674845702 0.00144619193394938 0.000651070607640197
91200 0.0188230155978038 0.121030014114873 0.00249444362485665 -0.000833827077350255 -0.000775787422814978 0.00222633878242284 0.00177413178731823
91400 0.0194526533286625 0.124496033700424 0.000451312777330259 -0.00279927098943922 0.000353370097926125 0.00284007326807855 0.00194324263263922
91600 0.0188082210304966 0.121641966506195 0.0024580143028906 0.000574730876308309 -0.000113168615795266 0.00179581045930484 0.0020837407929909
91800 0.0194321700755705 0.125581296205529 -0.000568624687570646 0.000919868283689793 0.000717558333621264 0.00062909989100735 -0.000798278107291455
92000 0.0191513453830083 0.123549710167772 -0.000599530586800304 0.00318940488979832 0.00158097634810133 0.00193008279773853 -0.00126085993103988
92200 0.0193322764927313 0.12366793659188 6.0764327304222e-05 0.00279524837911137 0.000851182025049584 0.000779030469755453 0.000547521930620834
92400 0.0191646895970753 0.121359282161665 0.00306916903022004 0.00142678957699511 -0.000725975897540555 -0.00047345825546689 0.000542975600191967
92600 0.0192457116831929 0.119146591014031 -0.000164088667536922 -0.000155720517545569 -0.00147434205613296 0.0022084631177206 0.00151194020525857
92800 0.0190952754753314 0.120403676599042 -0.000946248622918898 0.000354868656254734 -0.00121938183557884 0.0018460421853257 0.000382674548067454
93000 0.0192425714085509 0.119761357288689 -0.00199225053927379 -0.00147789417644271 -3.21545821328596e-05 0.00187119882261025 0.000443401410189622
93200 0.0189655389223853 0.120170333460334 0.00171878136282189 0.00178084786441261 8.25660939502531e-05 0.00308968411787562 -0.000325289494255564
93400 0.0193236085852125 0.12476591591591 0.00172702387845724 0.00429361902277504 -0.000431654516480517 0.00237544662990444 -0.00123731794206037
93600 0.019221855020366 0.125911102806578 0.00258149107852071 0.00592067588510545 -0.00048442026060331 0.00233504739756475 0.00162266296516227
93800 0.0192360502514547 0.12653575863109 0.000653435295069465 0.00340711237578269 -0.00067385950086297 0.00173667098781073 0.000763849331227181
94000 0.0191173121357069 0.123227207950432 0.0014338260049605 -0.000432631921601524 0.000850864960866869 0.000879569089346682 0.00155785114473194
94200 0.0192713925852126 0.122246544788182 -0.00304585514950681 -6.42297111993966e-05 -0.000232918658240522 0.000808204651433028 0.00115725865011283
94400 0.0189968883690019 0.120918950673104 -0.00237098452923787 0.00256127495786425 -0.00188397445401516 0.000348376102113747 -0.00172057144802665
94600 0.0193168038240676 0.123770636410126 -0.00213645811605464 0.00206362110887411 -0.00119159251375315 0.000552619250655145 0.000639113153731433
94800 0.0190708526898187 0.121849093880199 0.00236412111453887 0.00245276115913981 2.14070784371721e-06 0.00212222644886926 0.000830671956424972
95000 0.0194034692521036 0.125666721949511 0.00416407311456995 0.00131192516406587 -0.000654565018709751 0.00229341795386991 -0.000449574680836895
95200 0.0191352508612634 0.122305913181016 0.00259315244476294 0.00502072988409016 -0.00122515547058492 0.00260021682090542 -0.000914006398036997
95400 0.0193338277704167 0.124533110863391 0.00127435937527214 -0.000250305012174739 0.000251792706682401 0.0022638237659463 0.000923288742632341
95600 0.0191009204413633 0.121916632938571 -0.000128561189840849 -0.00145709321526436 0.000862159546682609 0.00280405573393869 0.000544617254027792
95800 0.0192328368972471 0.121135932787531 -0.00187069578458878 -0.00158073239695232 0.000644395415116348 0.00294338486881845 0.00149080447782169
96000 0.0191622219134389 0.122303582686805 0.000477517552511462 0.00181444383058746 0.00101769375587487 0.000993030325028997 0.000895503073533665
96200 0.0193612532992712 0.124443868490108 0.00312242243661233 0.00103283181123963 -0.000555911154189986 0.00263504913344755 0.00244681772590651
96400 0.0191569793985978 0.123225570828091 0.000875701875081944 0.00265282440303947 -0.00151886905035427 0.00122525316403999 0.00183856765218986
96600 0.0193539571581151 0.124016419927457 0.00443544165379962 0.00107765877505363 -0.000240875062855307 0.00162437843907784 0.00202164648253236
96800 0.019230202937857 0.121934856575 0.00441508203871084 0.00188271846715121 4.60077043588101e-05 0.00212310822150265 5.69300455800432e-05
97000 0.0191810491488364 0.12155728297104 0.00155093054384452 -0.00123162631506991 7.20684847724384e-05 0.00240163672157794 0.000192805780762052
97200 0.0193738378036932 0.120185467270345 -0.00333890864754963 0.00121151396888737 -0.000281546762397457 0.00131115539808565 0.000435916466243312
97400 0.0191453781460545 0.125395764595595 0.000690759668276344 -0.00332869527116139 -0.000441986081447923 0.0017008923671021 0.00119084598027732
97600 0.0194031102630265 0.123842307373876 0.00032858382699579 0.00135120098100793 -0.000263185581020567 0.000709179535336381 0.00112607461672612
97800 0.0192272421150852 0.121555305813525 0.00315281983148495 -0.00141115254254648 0.000818494326357496 0.00174539938989786 -0.000209182292843268
98000 0.0192762416325134 0.122752893288125 0.000484639367298629 -0.000654304126794741 0.000541539686099387 0.00124303167249185 -0.00119319063075326
98200 0.0193156812690854 0.121543573184933 0.00163154396641288 0.000505347367412168 0.000663434896341534 0.00195488378222245 0.00106089929758504
98400 0.0193409252949723 0.122532468079465 0.00162599805113069 0.0021699775203354 0.00127440132672862 0.000473877744675546 0.00188772017545694
98600 0.0193498069323178 0.123779535277291 0.00224464897528393 -0.000288804316344516 0.000575481352630691 0.00229143939063417 0.000417692331605368
98800 0.0193724099951868 0.12336581094819 0.00387045955183556 0.00385919909209191 0.000618272773787896 0.000541579914044285 0.000525463656838619
99000 0.0193867508392977 0.12391383873052 0.000805105141227364 0.000273758665302901 -0.00065656925137121 0.00240125776873416 0.00227899256998542
99200 0.019284013714418 0.123850269337391 -0.00178933696640303 -0.000426451743629727 0.00133702334864939 0.0026297950349861 0.00123510287223274
99400 0.0193586920381397 0.122151493458671 -0.00164996136465678 -0.00397591672089337 0.00115362309410891 0.00123093384838463 0.00025597043911757
99600 0.0192515009755537 0.121605032806876 -0.000501631902591181 0.000710584361723303 0.000130454864782816 -0.000970459034821628 0.000841254157917901
99800 0.019550405695016 0.126006053212527 0.00136360165535529 0.00136162317987178 0.000986709098982403 0.00234225364100714 0.00118497050524468
100000 0.0192989910912881 0.124116879717325 0.00185059447514318 0.0023779034948891 -0.00169573798202617 0.000197679817064025 0.0020578486930609
100200 0.0195994012098331 0.124042540839571 -0.00110571664590386 -0.00109610179465164 0.000125017408055002 0.00251779285247903 0.000644078311748407
100400 0.0191331755669631 0.119256116773849 0.000525271685335933 0.00438712297528128 0.000473300983435254 0.00248117405333358 -0.000512660251052834
100600 0.0196293222071532 0.122326159297724 0.00173849245376372 -0.00106000430582139 0.000418922566442399 0.00136978935506829 0.000259241084961136
100800 0.019171882645455 0.121485303867445 0.00147036592006516 0.00415562474511703 0.000336343995626426 0.00134724877012236 0.000343977639051877
101000 0.0195003312071794 0.123017648676948 0.000329365268902762 0.000291290995612365 -0.000775261216249544 0.0012002983293954 0.0010731305369012
101200 0.0193849138275714 0.122556087218699 0.000209408580685502 0.000807667843059072 -0.00050087537151488 0.00202354671832498 0.000189787090008185
101400 0.0194346886398072 0.122409122176371 0.00234830088554096 0.00111990494619599 -4.2659214691347e-05 0.00248906407894353 0.00149832874585218
101600 0.0193642536687225 0.123762269127414 0.00243440076147329 0.00299649156524624 -0.000728396629899251 0.00393797457556735 0.00016084789410532
101800 0.019442776481258 0.125071686385992 0.00559494852581399 0.000824522505163558 0.000721783867900355 0.00318685088298469 5.63983235794348e-05
102000 0.0192948491248494 0.123081515042987 0.00122678378366163 0.00127387910864253 -0.000131627388724183 0.00160030274669985 0.00062312035775333
102200 0.0192950190802657 0.120797587952465 -0.000319836346422817 -0.00299300664353977 -0.000361334849454637 0.000637520255593103 0.000584156414918818
102400 0.0193142146870892 0.120739469671765 -0.00154529932603593 -0.00357860680462739 0.00112923627663534 0.00110424483793263 0.00150694811243422
102600 0.0193486873996894 0.118779099880482 0.00134065709252501 0.00118654462851297 8.83864463486808e-05 0.00168045587903005 -0.000180846202276757
102800 0.0193513132040915 0.123043953748671 0.0023840133933293 0.00101705237951533 -1.97908909724131e-05 0.000103483132375146 0.00068042613728336
103000 0.0193640476255473 0.123261948050652 0.00327256907117382 0.00382485571058834 0.000617802644075312 0.000380117795057396 0.00304002452888485
103200 0.0194279245555882 0.123635261340383 0.00368951471765952 -0.00011266148567618 0.000450900942264136 0.00133736231296845 0.00228239772176545
103400 0.0194766094593693 0.123942405079552 -9.42315786910098e-05 0.00291802784093104 -0.000232844740462713 0.00143972227311056 0.000212201049353558
103600 0.0192646836520935 0.123055578520263 0.0018807003216894 -0.00114030016682595 0.00110577128398261 0.00108010262419563 1.59197448628669e-05
103800 0.0193837841048553 0.118147853579903 -0.00208590548169638 -0.000376897079639479 -0.000576445265289328 0.000262716133426603 0.000520689080585591
104000 0.0194064674701938 0.120610757323613 0.000729478687566196 0.00221713548725364 0.000391704018521526 0.00144746251022183 0.00189187244595255
104200 0.0195046003147457 0.122926628772694 0.00116727119560608 -0.000225775980093812 -0.00062499498178888 0.00155727612303645 0.00136566134641775
104400 0.0196338533519207 0.123141503736831 0.00172612496518783 0.00379785581966901 0.000157360738767086 0.00250756209864073 7.58208611152979e-05
104600 0.0193653213939044 0.123023910884602 0.00400720409772407 0.00202717854662568 -0.000986069557473802 0.00144307731277596 0.00270066992403524
104800 0.0196468492255874 0.122992156690303 -0.000224630883456514 -8.91189387278116e-05 -0.000544540877037943 0.00285054649727668 0.00129218644313913
105000 0.0192413605013097 0.120321210886443 0.00100831891572719 -0.000865344568026845 0.00140417089042589 0.00233883891959465 0.000246466983757122
105200 0.0194997515430424 0.124090352142637 -0.00306639489443025 -0.00133774163263131 0.00031470962197396 0.00148123307913481 -0.00171594725573005
105400 0.0193483135970995 0.124263637553325 0.00121799459642507 -0.00184868357736325 0.000340524937765767 0.00283733881846965 0.000958413174476893
105600 0.0194728394713394 0.122148185574633 -0.00124978595333465 0.00107439545884053 0.00128138927021073 0.00219941260585536 0.000327635226765057
105800 0.0194193041017505 0.123456880796758 0.00102502681202662 0.00213109316610007 0.00117872246186493 0.00169471654879084 0.00165294780312652
106000 0.0194385554887895 0.124909859148539 -0.000616776057476387 0.00164043729961394 5.62466987017865e-05 0.00228060326248318 0.00174523429976851
106200 0.0194479805440127 0.123996029044779 -0.0013215078729614 0.000378171046139967 -0.000222132143322184 0.00135400752453956 0.00306864054295874
106400 0.0192861301432492 0.122938801817465 -0.0012676013477333 0.00174134716700842 -9.56352711901787e-05 0.00201393640966723 0.000227157968627558
106600 0.0196695861671804 0.125481926503042 2.36626429602577e-05 -0.00243541225831763 -2.31542801471949e-06 0.00131796204661684 0.000281693385115137
106800 0.0192292384089622 0.121925847590673 0.00105147869861523 0.0042059898496769 0.00194569134877102 0.000535593180171688 0.00225929632800601
107000 0.0196094252523425 0.121752135230512 0.00114058016088307 -0.00190654256273106 0.00138678912163097 0.000663087110844466 0.000821756713452803
107200 0.0193001007695907 0.119868814679906 0.00153671849369482 0.00259825222096404 0.00268098719871462 0.00135755322495302 0.000219762947874994
107400 0.0195557570476795 0.123631348991423 0.00199074801971879 -9.86857573579731e-05 -0.000490284579816097 0.00126389634274948 0.00124666414556245
107600 0.0195329952873848 0.124188393587382 0.00159561342130932 0.00303735985119023 0.00134254256881714 0.000600394111404456 0.000318938717440668
107800 0.0194909147024379 0.121612858375444 0.000242840529158339 0.001225458001028 0.000174419985194939 4.54346294011293e-05 0.000905642147656422
108000 0.0193357084842763 0.12238480823997 -0.000512509163574469 -0.0010178052702754 0.00114457891872705 0.00223715887089956 0.00101681374342358
108200 0.0195411947417883 0.122931492858235 -8.44430483341489e-06 8.60932889470358e-06 0.0017238206353432 0.0020202056631683 0.00169668622293927
108400 0.0194847375769732 0.122340682849126 -0.00172506403555174 0.00118795187453316 0.0013785227709162 0.00208413731068241 0.00152824296786627
108600 0.0196665736415923 0.121631694293244 -0.00178546930775697 0.00452985901907165 0.000996057586985945 0.000272975597956107 0.000149394734523584
108800 0.019327099970531 0.122422000443587 0.00493697315139398 0.0028084318692263 0.00118139084544158 0.00273383116105072 -0.000977964326847237
109000 0.0197651378828253 0.126796262985349 0.00227883182695885 0.00164071253395875 0.0018411373237662 0.000949441347064718 0.00107149694169431
109200 0.0194868799877316 0.125774852980943 0.00324218904651677 0.000845782652474836 0.000452507279026152 0.00119848407248627 -5.45958045801418e-05
109400 0.0196616393613403 0.123830042001241 -0.00175919302023259 0.00119521094432761 0.00066166464726085 0.00322367559239614 0.000827784564107014
109600 0.0194140224585244 0.121290738503456 0.00179473492948903 -0.00040166641739649 0.00185161135810532 0.00195452945949578 0.00209287641718071
109800 0.0196108087981861 0.122998928961378 -0.000990891453848524 2.08858704286201e-05 0.00113009709306459 0.00240835147896745 0.00138915146275215
110000 0.0194478123455002 0.122764116952138 0.000290478102133805 0.00249661385497909 0.00245854953652554 0.00197256716992573 0.00166071916415778
110200 0.0197305145745417 0.124704061267482 0.00160684703738909 -0.000482366821701476 0.0013537639099798 0.000509935872342294 0.00171331713910023
110400 0.0194629676217699 0.123981561298773 0.00158578231351303 0.00290897587522746 0.000276359818428665 0.00175972901166961 0.00259383253141229
110600 0.0196254553382587 0.123437851994489 0.00146576291128351 0.00378339196101438 0.000683941030046262 0.00213939510287772 0.000167938004108054
110800 0.0195626874743747 0.120299156084644 0.00135478771483994 0.0015305662001221 -0.00111509932844845 0.000642074092924518 -0.000366622912088137
111000 0.019422114180984 0.120894566842947 -0.0023247149992163 -0.00093931453134733 -0.00087978321621126 0.000990455539155986 0.00294875486761267
111200 0.0196171395398063 0.121560578028603 -0.000273084196177235 0.000317053710495324 -0.00111204458545063 0.00208965399073993 0.00063044492667823
111400 0.0196001996647696 0.124835207175001 0.00236390951447154 0.00112603441080311 0.00205554108177079 0.00258139836073476 0.000642521303233128
111600 0.0196558900780183 0.12495756748714 0.000994811247464187 0.00323848770736312 9.61897070333379e-05 0.00304134348074603 0.000912067658825354
111800 0.0195676947260082 0.124000638665519 0.000173831088286009 -0.00096546301937329 0.00108094254519696 0.00329298454427938 -0.000109178644468903
112000 0.0194971442459422 0.117925320440957 -0.00112672586485259 0.000803102686866634 0.00146233051390404 0.00317301616825719 0.000762063699230681
112200 0.0195792892749222 0.120287253438397 0.000933374838773346 0.000492019264100311 0.0025326935445217 0.00250251533752454 0.00107093806354619
112400 0.0194532888301696 0.121146832700231 0.00237263251684511 -2.48047922182073e-05 0.000734053448259746 0.00355108635313802 0.00120390955769086
112600 0.0195929742202772 0.122799748652888 -0.000462193440699601 0.00195475600823913 0.00151402353645816 0.00241621733510405 5.78756419809609e-05
112800 0.0195241107455325 0.123292890507772 0.00181400836141518 0.00390924258675399 0.00174106308085166 0.00144990250506803 -0.00058770215052244
113000 0.019727908850466 0.122238116939543 -3.06689174980474e-05 0.00404916958969486 0.00149822907213929 0.001243938356017 0.000233019454538982
113200 0.0195523205214965 0.123695677514088 0.00513347746969092 0.00186942711255466 0.00112310395095564 0.000345610802007634 -0.000631596258590974
113400 0.0198144480643627 0.125512647914579 0.000116203666474284 0.00449476651507826 0.000533081171720993 0.00111439191278051 -0.000776207213583141
113600 0.0193868700827612 0.120911072303319 0.00271742057377161 -0.00305535248703358 0.00037410116212709 0.00180166927603613 0.000625123632364561
113800 0.0195601611629945 0.122363542946535 -0.00237722627155604 -0.00153151514833598 0.0019897605591537 0.00249113068735687 0.00207101367794586
114000 0.019446210292772 0.120737740623825 0.000705047000496365 8.89628144918904e-05 0.00129804076177931 0.000148850049170968 0.00177281481715506
114200 0.019538255611177 0.124751711496216 -0.00035677874432726 -0.000419384008543595 0.00104580923883355 0.00184321834723473 0.000421702005357575
114400 0.0195531162610512 0.125109904830221 0.0029767511250839 0.00267616189966393 0.00110263126253419 0.00125542992318393 0.000433433865530835
114600 0.0197901728095851 0.123830654180626 6.34516579386951e-05 0.0022813071756881 -0.000190600173510391 0.0018543669305574 0.000226724783169707
114800 0.0193317761925944 0.121145886093528 0.000673162610682814 0.000160808400615321 0.00112428498871558 0.00149444045145654 0.000216379963727122
115000 0.0198845429363165 0.123445918882288 1.99752126246658e-06 0.000293321243827776 0.00154764599150214 -0.0005897626117077 5.59594738803289e-05
115200 0.0191930947230109 0.119731917175837 0.00126464508756097 0.000247809908033412 0.00191309655670138 0.000981421826084049 0.00120623388476949
115400 0.0198493806364792 0.124951711286158 -0.00312958028037773 -0.000483553753331944 0.000712098914301616 0.00181831802463752 0.0019231443448886
115600 0.0192478362339039 0.120047587261615 0.00469463264101341 -0.0027810906250095 0.00223864625090377 0.00179994180545879 0.00130938979656134
115800 0.0197765534744695 0.124905398159707 -9.70336672883723e-05 -0.0020977947183453 0.000641082068194585 0.0032301561017631 -0.000504384466340126
116000 0.0193960999405857 0.119980987876246 0.000754438161612386 -0.00113750336808908 0.00318519581751326 0.00119731730889511 -0.000619118154034651
116200 0.019613601182899 0.123528173784148 0.000127761355441341 0.000878445671850798 0.00145810685740696 0.000207639065391017 -0.000722825738563291
116400 0.0195908270394785 0.12321987820481 -0.000521208915734782 0.000949467381190456 0.000956374023406803 0.000573833870415288 0.000754546334861317
116600 0.0197285797162801 0.123610518037959 0.00061919368158207 0.00120829732889947 0.000638313422868385 0.00144892226086826 0.00208276300564679
116800 0.0196554887247964 0.124518529604005 0.00192948266510335 0.00230444673451395 0.000338340124287066 0.00196218670269491 0.000177390030282129
117000 0.0197650241382666 0.125400584614665 -0.00154676361556531 0.000560664929538242 0.000650736905921173 0.00177396077220848 0.00103595325068091
117200 0.0194506647827259 0.119793545111275 -0.00132951144147171 -3.57907703422001e-05 0.000622256669836119 0.00225298090282396 0.000774751552158154
117400 0.0197137509408392 0.120475196655177 -0.00236456003008278 -0.000204601090140682 0.000959632645526307 0.00245381768918473 0.0013824234730624
117600 0.0195778093497224 0.119713045459798 0.0035554585762729 -0.000200074374830819 -0.00054784159954016 0.00342056157555294 0.00203645477010965
117800 0.0197329948492367 0.12319859411096 0.00162735490160242 0.00292328975960903 0.0013798497198443 0.00521591859301217 0.000899132893539239
118000 0.0196937610317339 0.122477528200631 0.00271371235115435 -0.000365571056996127 0.000930710433428088 0.00324227769498251 0.000666342460743785
118200 0.0195839371438032 0.120360803865976 -0.000423692304669526 0.00206957044488203 -0.00101808992982123 0.00287834690288897 0.00100319263998214
118400 0.019695406823618 0.12158731121838 0.000170545431784939 -0.00288782691031747 -0.000660619794775689 0.00139722160397973 0.00049214271321458
118600 0.0196278115099342 0.123910623127782 0.00100099153791454 0.00432373012761791 0.000782090382948616 0.00181657252891225 0.000110030625619967
118800 0.0198045749600323 0.124948494819683 0.0051493350876824 0.00227129970551828 -0.000751147376051177 0.00295415085350966 -0.000368776127707765
119000 0.0197211372311272 0.125310174721296 0.00187130482354499 0.00398636400963241 -0.000788972855200434 0.00148039623047396 0.000128403318879534
119200 0.0197016516647343 0.122914073372082 0.00141575579570308 -0.00206735038921015 0.00118715820021 0.000356726356968287 0.000839683856529886
119400 0.019669288264508 0.1207017589522 -0.00176768626621586 0.00154562347944364 0.000707963321143555 0.00108178553721512 -7.7052783806967e-05
119600 0.0197517161758875 0.124864810473531 -0.0017935689127582 -0.00349482843759476 -1.788613716842e-05 0.000547851097480436 0.000608963805885278
119800 0.0195848317545075 0.124885802336046 -0.000578805506906451 0.0011774618370626 -4.49409392216348e-05 0.0037430000795376 0.0020120538010491
120000 0.0198097877430904 0.124616412671607 0.000405619872998251 0.000373705329553559 0.000751338090921892 0.00316391104905609 0.000606808137708921
120200 0.0197860465832116 0.123915143762895 0.00362963594965722 0.00131494983304068 -0.000488153997617756 0.00141352614975042 0.00181447019515394
120400 0.0196066965316844 0.122726647455136 0.00198765484968434 -0.000458484692398387 0.00155634577301013 0.00106259569668246 -5.23632881317407e-05
120600 0.0198720908957387 0.125304086624512 -0.000777749353773101 0.00247586957172374 0.000882265827055468 0.00139502444781685 -0.00112981645459243
120800 0.0195048347046784 0.122485985434251 -0.000827663631395517 0.00332900434577224 0.000529316201426853 0.00158343975701271 0.00115278504226875
121000 0.0198483745146533 0.123641348557655 -0.00331376528303751 0.00100974316441215 -0.000276557155004582 0.00162278951586269 0.00193035698947895
121200 0.0194374145911881 0.1224909395334 0.000911714133261333 -0.000836281603571973 8.71812991396527e-06 0.00158968336717479 0.00098027852173798
121400 0.0199807047928193 0.124468851894571 -0.000544359728999634 0.000232923729529531 -0.000755238864318186 0.00233054242123566 0.000857454714383939
121600 0.0195242601335101 0.122329933770662 0.00286879324282668 0.00243065485664432 0.0019589463978481 0.00171061165449669 0.000234036619040578
121800 0.0200250410354088 0.126454954271937 0.00142864720894978 0.00159614029271374 0.00247269094784271 0.000555796327959164 0.00035367179503049
122000 0.0195722753092986 0.122625111932335 0.00201402208168463 0.00519668899219627 0.00109592818638677 0.0007018606928549 0.00176493185748156
122200 0.0199154420221797 0.120805229882488 -0.00271212301547428 0.000776606644032528 0.00131507968187162 0.00212001109639967 0.000708401895088283
122400 0.019623030150292 0.118446268337177 -0.00209938812496276 0.000635769551432535 0.000771818348394926 0.00189555558629724 0.00252273915957914
122600 0.0197984151150327 0.122873096755125 -0.0014307901754569 0.000919241040413414 0.000873357292776792 0.00181435082981977 0.00179778417499719
122800 0.0195669971417719 0.123030463651224 0.000476210843795593 0.00114385879934836 0.000499893532872523 0.00274823663317896 0.00145717942736115
123000 0.0200464572714231 0.12760459311136 0.00263228109897519 0.000743086944757713 0.00103326099021709 0.00456665358210758 0.000624925058371287
123200 0.0197013079541056 0.124099070285186 0.00720405937370047 0.0037458594807916 0.000420812952273454 0.00400348456142223 0.00283215304316661
123400 0.0199670720999891 0.123064724816651 0.000471624320207937 0.00200209289735498 0.000899536124896483 0.00358628918008698 0.00220464126575228
123600 0.0195986214549162 0.122513071638316 -0.00165550178315677 -0.000903197018563311 -3.55700632505217e-05 0.00129586290540327 7.56042714008982e-05
123800 0.0197052698594667 0.120598872782315 -0.0011521854580983 -0.00231153717209071 -0.000251449025154364 0.00195672377482287 0.000417430219493551
124000 0.0196844527306996 0.119917392900535 0.00137326666241848 -0.00100793772373495 -0.000322273550518849 0.00100930554046047 0.000712960199107169
124200 0.0197789047900161 0.122432587720735 0.00175870498812312 -0.00143411568164565 0.001975786913019 0.00217254834727727 -9.08612608471896e-05
124400 0.0196605199154617 0.119996557121329 0.00135482853255695 0.00162393300481251 -0.000301387048775273 0.00105531973249501 0.000760689043299886
124600 0.0197881383939703 0.121638677849248 0.00279250565022247 0.000527564206159039 0.00211843286787855 0.00106757924185552 0.00159083274148291
124800 0.0199437864934535 0.12538534944217 0.00655922050134091 0.000844679290706088 0.00160433946270321 0.00160815451197407 -0.00146794099175055
125000 0.0200055543252828 0.127063799664975 0.00182109976552685 0.00297028676233207 0.00210127471294721 0.00212820823928223 0.000110929626732679
125200 0.0198244904423148 0.125003927893108 0.00133679390940085 0.00178584627024245 -0.000382647303697335 0.000948648196047224 0.000257845676823641
125400 0.0198464711456197 0.125566854189013 -0.000276505321300679 -0.00243946208516992 0.00102250771083549 0.00293607493862898 6.41866237373996e-05
125600 0.0198054279085438 0.122323851937168 0.00162886852965924 -0.00161554411530765 0.00144842931847609 0.00143363164309867 0.000877675976745573
125800 0.0198033265387268 0.122256596817079 0.00119720673348162 0.000528177806252814 0.000217680688987429 0.0018326957228254 0.00127019753693594
126000 0.0197783258566411 0.124875059377083 -0.000374515743801047 0.00416479270151278 -0.000643608132661715 0.00236962697723078 -0.000506513592412173
126200 0.0198714427317022 0.127100182431257 0.00123629878956668 0.00158434627116179 -0.00161159535217215 0.00266106429317789 0.000208991543679746
126400 0.0198061136970105 0.124586563303283 0.00210059064258973 -0.000582668995196463 0.000971153350891298 0.000805208025416179 0.000150092686664197
126600 0.0199131638527641 0.125073084587619 0.00187866090479565 0.000257501870491185 -0.00157316049064931 0.000726380784213169 0.00224233246207874
126800 0.0197166031208201 0.123769439545396 0.00149505984870124 -0.000811268785489318 0.00109007935191102 0.00168232238863807 0.000182180809178319
127000 0.0197588233838743 0.119906327491732 -0.00248690461784979 3.14842854754626e-05 0.00174078913135332 0.00114888457228041 0.000387067608049785
127200 0.0197579972828047 0.120353977928373 -0.000785668144684953 -0.00275951255973208 0.00132933510046211 0.00297239593662669 -0.00114072838906428
127400 0.0197983416862189 0.123648978620561 0.000556196353237756 -0.000314828680794357 9.54247824330751e-05 0.00176904566107281 0.000931087169382337
127600 0.019912967081416 0.126660364835964 0.00336559824681477 2.99282274684129e-06 0.000260796938290121 0.00295980267435262 -0.00098144153111588
127800 0.0198364721156229 0.126642183202991 0.00240514806006443 0.00129078814890882 0.00062940937883444 2.4824272963239e-05 -0.00104233296109576
128000 0.0199671644480175 0.125731095060422 0.00381454132046042 0.00108642488477958 0.00123136182537253 0.000604646867535755 0.000442164409494013
128200 0.0197205046940234 0.122566168295081 0.00156644647138033 0.000338734757922513 -2.97846134753243e-06 0.000828632687365099 0.000166134730059072
128400 0.019868125419108 0.119668250822838 -0.0011901162968119 -0.00368921760386104 -0.000486178685139158 0.00186567556975629 0.000288282426255953
128600 0.0195837485028013 0.120220790534679 -0.000767265550762905 -0.000676218328071475 0.000225544250879906 -0.00059064983155786 0.00178680579236222
128800 0.019933973500101 0.122312237433455 -0.000567844953859408 -0.000760385271688741 0.000488589296052633 0.00071337898208494 0.000964015614665117
129000 0.0196869794581068 0.120572274673423 0.00355164770387948 -0.000379187693686077 0.00161428809547334 0.00188647658736924 0.00102558441109004
129200 0.0199869677856939 0.122438310775278 0.000877621845879121 0.0029960613408166 0.0014104492159293 0.00305285479947154 0.000192031612124694
129400 0.0197208262723752 0.123189346717449 0.00271026043050939 0.000267143860726647 0.0014309703499418 0.00240023523486129 0.000740337210409828
129600 0.0199369024291059 0.124147298533755 0.000499566295058415 -0.000994850566222346 0.000695127106554739 0.00254159317165363 -0.000840439673915407
129800 0.0195637912155772 0.121475141107164 0.00093448007848157 0.000389421248313927 0.000493618820225477 0.00155974609249608 -0.000334559324549463
130000 0.0199343502401446 0.121016983080884 -0.00244224531884924 -0.000749112889289782 -0.0011705364166943 0.00238736117627632 -9.77703102306553e-05
130200 0.0195941861786551 0.12087307735433 -3.93137495626021e-05 -0.00167306675033709 -0.000479578083033363 0.00101906172684357 -0.000492320797543496
130400 0.0199417141798045 0.124075428794247 -0.000311622026101172 0.000308042561398137 0.000124615757078034 0.00170954011396498 0.000488661842791207
130600 0.0198531457849541 0.124783359702975 0.00352236727279994 0.00120156140760361 -1.47583169842595e-05 0.00198726568892942 0.00106979415565476
130800 0.0198559589943668 0.123008023838133 0.00242786412736388 0.00431381955902525 0.00111725111734042 -0.000271624107113332 0.000964448172524536
131000 0.0198451505150628 0.123870994208595 0.0023530407834927 0.000664152574370877 0.000550986575038427 0.00238168553922788 0.000951412624703741
131200 0.0198429759818782 0.120556297475064 -0.00160261932599152 -0.000722281050629084 0.000666888992174666 0.00356551736825066 0.000347269351224409
131400 0.0196891198164884 0.118604932612777 -0.00241882524424413 -0.00395943325466961 0.00116142756976695 0.00331581933851705 0.00143552067535003
131600 0.0198928171883393 0.121202959131942 -0.00303575612690092 -0.000777746250126164 0.000595580899496742 0.00207363672840606 0.000619427247951742
131800 0.0199533002798143 0.123707068980059 4.74391035328877e-05 0.00152547672664095 0.00190417169734243 0.00155223645510514 -0.00130876338296678
132000 0.0199367178429483 0.125422474213571 0.000430642687385615 0.00238351005962752 0.000231366512164646 0.00206995251678239 0.00142731708012879
132200 0.0199759321575074 0.125146220240482 2.42725277652327e-05 -0.000802175665624849 -0.000295727921818645 0.00475079402174707 0.000269368903868932
132400 0.0198196097745951 0.122273261040454 -0.000504387606393968 -0.000599038817391471 0.000228818367835001 0.00268893623148566 6.19788154685182e-05
132600 0.020003382574736 0.122848709194434 -0.000364996614295052 0.000572436847836668 0.000788140131990126 0.00280570040211674 -0.000473160177330639
132800 0.0196798779902352 0.119817377789086 0.00220698707456724 0.00209676490650676 -0.000327336083597234 0.000409571139946511 0.00087322028267921
133000 0.0200689105324508 0.124950313744908 0.000175820408491168 0.000632080477303528 0.000194738484784873 0.000317601361590063 0.000677497676376144
133200 0.0197309596318718 0.124202134901643 0.00133810728782338 0.00252143989214801 0.000211898199936146 0.000525248829617713 0.00180579930759013
133400 0.0202540394853326 0.127139286103368 -0.000705352386922735 -0.00270290682562543 -0.000281873028877248 0.00219902259269779 0.00142202277708903
133600 0.0194381884518385 0.121707355565071 0.0019592708126832 0.000473560954112594 9.99152765536504e-06 0.00194681291628308 -0.000649176188207771
133800 0.0201581141115472 0.124520028496302 -0.0019036019625199 3.16568878438237e-05 0.00045826485995044 0.00140382934914495 0.00151659452922073
134000 0.0196539281076137 0.120069584752002 0.00431551634722985 0.00215524982161854 0.00122095655141197 0.00120526353717834 0.00126454043271318
134200 0.0200897268795877 0.123077746171785 0.00145488371335163 -0.000822844019854022 0.00115178349733743 0.00201798991620113 -0.000765916774571555
134400 0.019807144307619 0.122661267859114 0.00457563939771027 0.00183754133720978 0.000501050711038895 0.00280294372399408 0.00102329395446376
134600 0.0201291548648484 0.125445259988046 -0.00145873045555959 0.00047501990546811 0.000369373216914362 0.00303247483311482 -0.000542187922691296
134800 0.0197473861080817 0.119708310806499 -0.000934179566043522 0.000713899691448205 0.000814747567872669 0.00246130928470963 0.00150140411153504
135000 0.0201124295442824 0.120292441208332 -0.00445754605302361 0.00064423940521918 0.00158844072396334 0.00201752941290136 -0.000258152063471893
135200 0.0196151923117421 0.119862066696418 -0.000385712882710416 -0.000874501222622501 0.00143709315268474 0.00110745747277569 0.00106512121547165
135400 0.0200725196372625 0.12731603573611 -0.000624249145239949 0.00240082409080314 -0.000127881481958211 0.00139944221665756 -0.000996666649986989
135600 0.0199271517727439 0.124564680562539 0.0035675925711164 0.00119939215864528 -0.000756402427063594 0.00229865083525121 -0.000640689205750789
135800 0.0200140933818952 0.122936596265034 0.00103717241864586 0.00258058498627895 0.00090064437564847 0.0015750242410991 -0.00066025756044601
136000 0.0197348383748131 0.12132343366907 0.00160540497035303 0.00031589615640468 0.000992035078646684 0.00234272868027672 0.000116218299809322
136200 0.0200077058663532 0.12266298933838 -0.00197653745259428 -0.00157152654157244 -0.000225605600576845 0.00175007188909953 -0.000376008911619168
136400 0.0197651310352936 0.121130888959881 0.00368037180890118 -0.000700205984116576 -0.000236862348511781 0.00158927686602832 -0.000482219696981294
136600 0.0201300449918498 0.124716016362276 0.00362951052741637 0.00205164991136617 0.00132757015133386 0.00235095774764655 -0.00160918858228882
136800 0.0199106253871718 0.123859239895856 0.00625664533093925 0.00197542676034129 -0.00156511862634484 0.00215675802577925 -0.00105008324088711
137000 0.0200452038063582 0.121529498790234 -0.000939489744798736 0.00238502321406356 -0.00151856625484003 0.00149184129257805 0.000433153755059957
137200 0.0198277705239961 0.11916760367465 -0.00137230480409373 -0.000667192413831197 -0.00113536574081531 0.00157444358994799 0.00212060647675728
137400 0.0200016496321993 0.122041078415336 -0.00305873308121473 0.000183298749533849 -0.000621358618565751 0.00303368879452619 0.000184157682959272
137600 0.0199479621092879 0.123925230298135 0.000777875038129244 0.000573096789177276 0.000451942771198337 0.00127901557210723 0.00173148544543181
137800 0.0200372009093755 0.122576461503098 -0.000147268938726743 0.00289020318353266 -0.000166703421769468 0.00121070344493114 0.00170257161451598
138000 0.0199811471497059 0.122360883968041 0.00209294791766613 0.00343234970397835 -0.000166671625973052 0.0015228313158291 0.000832504073614542
138200 0.0201933451968499 0.123910952056241 0.00321946011865591 0.00321627877167795 -0.000117394811902882 0.00120633043696835 0.000787003714410103
138400 0.0198772454687655 0.125321732734491 0.00452172885855171 0.000742580246917188 0.000481847899747543 0.000916845878904886 0.00235624870992259
138600 0.0201077190947804 0.12407375080017 -0.00197652883870542 -0.00361167268593906 0.00112138848661471 0.00231831560025203 0.000740632638299723
138800 0.0198922247558004 0.117794708735289 -8.53894925785006e-05 -0.00315528527988754 5.37964345358885e-05 0.00247074335761797 0.000573603871877944
139000 0.0199484972741406 0.118984761706058 -0.00106081036681728 -0.00169499829911361 -0.000898543066483759 0.000937863607143786 0.000486115170529207
139200 0.0199077491384277 0.121580976050741 0.00182948714422025 0.00189226410782694 -0.00142293357131024 0.00180443404991211 0.000416721539942145
139400 0.0200601445290798 0.124114811353838 0.000672523970388206 0.00134608602517265 0.000766139516709556 0.00153247135515292 0.0011958846933765
139600 0.0198153368861493 0.120107502757676 0.000286871123981643 0.00319968346480989 -0.000538330807242762 0.000371105952397797 0.000207469751330383
139800 0.0202835075113109 0.12707691532612 0.00364981095948106 0.000580630380225881 0.000328237424818073 0.00174755724815932 -0.00131312405299412
140000 0.0197559829135343 0.123977750990102 0.00326719526347137 0.00193110871090939 0.00158972978813927 0.00352774116 2.55541661326448e-05
140200 0.0201982394819359 0.124399460340161 -0.0005556039176203 -0.000490317849063537 0.00200335348469532 0.00304383798576074 0.000807611476608452
140400 0.019782435825815 0.118085670186075 -0.00177545836638579 0.000549345634749363 0.000849169485866705 0.00258005668740963 0.000238799236786172
140600 0.0200606544893922 0.122498284931621 -0.00483217434154161 0.000622267369741855 0.0003458403909592 0.00435958688378337 0.000532377389086715
140800 0.0199849779850674 0.123425133679133 0.00107774818163622 0.000328426781596657 -0.00173772378858319 0.00146497084557931 0.000811741170696688
141000 0.0200933834783241 0.12556440076027 0.000115151107653524 -3.60482593854087e-05 0.00107853444822747 0.00172928728928788 0.00175405577426708
141200 0.0200200745919234 0.12217905373923 0.0038620896133908 0.0020936791732452 0.00138736765616401 0.00135275603328311 0.00198924200588345
141400 0.0200179605075165 0.122313708476898 -0.00142572407171287 0.000287928555242793 -0.000250762105966375 0.00111422667254967 0.00181297873652648
141600 0.0200408179927307 0.123654208385995 -0.0012164022742705 0.00168786574995882 -0.00116418086432876 0.00101771059691315 0.0016192630928977
141800 0.0201642003778973 0.124948324812569 0.00251411521564784 0.00458447920638491 -0.000372223135233709 0.00197087602512888 -0.000361771458207171
142000 0.0201067956062665 0.126639593956891 0.00481493525106484 0.00427540147333511 -6.57245411557632e-05 0.0013314346716428 0.000160902987294401
142200 0.0200731460875011 0.122827104259399 0.0019331118968192 0.000829590908175699 -0.000979582942246235 0.00214936611123041 0.00211493637038987
142400 0.0199689759102477 0.121178919507747 -0.000757867906387602 -0.00103198589870953 -0.0011638126857198 0.00190419262005459 0.00093865362891378
142600 0.0198793778058836 0.119737583940854 0.00174854379241247 -0.00227184732512504 -0.0017290781250371 0.00138672743841055 0.00229427347503147
142800 0.0200182282947106 0.122781263508272 -0.00105882852544942 0.00177164596607835 -0.00122208341370899 0.000737116706549614 0.000843006256765604
143000 0.0199785750730549 0.123050959910039 0.00329450580034721 -0.000437098617295111 -0.000583781455442141 0.00252215539210472 -0.00113082634021166
143200 0.0200564598309027 0.124547264836056 -0.00179027848880146 0.000959651376369671 0.00125126231899652 0.00165075994399486 0.000486129591331989
143400 0.0200447926510458 0.124943805089877 0.00045511132316948 0.00169069724083688 0.00235616207395488 0.000620422966604241 0.00254030257728521
143600 0.0201521136182013 0.126059961692577 0.000783025581090076 0.00207269475745361 0.00191104817150057 0.00171395863578139 0.00110441761143157
143800 0.0200248587767064 0.125205616734407 0.00253012570349857 0.00316958978445648 -0.000112199800836399 0.00232943687233975 0.000395718648101139
144000 0.0201758842880556 0.123414138683685 -0.00137578681163883 0.00178764068391384 -0.00108779396743165 0.00260381919398986 -0.000481505136437053
144200 0.0199878071323707 0.1200271024983 0.00107421878952549 0.00089876310668017 -0.000705085221958915 -4.65820124811561e-06 0.00270057473300017
144400 0.0200546911096952 0.120979041385479 -0.00103605087380603 0.00105858000938977 -0.00131923088915449 0.000766234319577526 0.00194790840951866
144600 0.0199116666774136 0.122923722111866 -0.00218097271379544 0.000594332831712083 0.0010437261989753 0.00277294242028507 0.000483467776642726
144800 0.019997367833897 0.123624304044801 -0.00131753244962218 -0.00107592833166815 0.00240147728523059 0.00105338169037592 0.00230730603730872
145000 0.0200213187434581 0.122546613860446 0.000198218261603079 0.00374457344109859 0.000883276825441293 0.00139608604439373 0.00202925563034273
145200 0.0201769328272625 0.12543052881552 0.00127535431101523 -0.000515491165185301 0.000173164361429775 0.00187146224022006 0.00212059917616953
145400 0.0198967264020725 0.122938326793289 -0.000199849998127652 0.00212818934298748 0.000314979606135109 0.000937641692963358 0.00231616170604509
145600 0.0202298046534649 0.124417020794425 0.000552029877525117 -0.00149441216939614 0.000642062384088575 0.0010420990914213 0.00102217260124772
145800 0.0199063392374099 0.123567818371374 9.60769307545563e-05 0.00327433554660223 -0.00102795222493874 0.00194429064542337 -0.00161835866158179
146000 0.0202782545597546 0.123774657894967 -0.000385642815002242 -0.00111060180446442 0.000637267532254971 0.00131888426331483 -0.000340196343084409
146200 0.0199870538868573 0.122506133467342 -0.000258625500644399 0.00320475966728176 0.000612280073931966 0.000777959886924155 0.000204170751418856
146400 0.0202168153449847 0.121865353167635 0.00193361062073751 -0.00032909736111086 4.32775644328639e-06 0.000861982267631151 0.0021595756783995
146600 0.0199830669988598 0.120198744701019 0.0011464929570382 0.00208745751895753 -5.03572796391224e-05 -0.000205977806758977 0.000289889818135831
146800 0.0201633682436289 0.123129284429448 0.00112096141932771 0.000860661131720936 0.00028569333179964 0.00133599674672073 0.00129908134219171
147000 0.02009509073883 0.123139541106249 0.00201873011446968 0.000945772370789844 -0.000827705435988483 0.000679512428035161 -0.000881350217395581
147200 0.0201705735331277 0.12326102470412 0.00172095759217148 0.00184744610924904 0.0014634611712966 0.00300488865173581 0.000804611758750258
147400 0.0201831665606909 0.124314141670274 0.00137278682428319 0.00199129549324848 0.00104486862387026 0.000555090650979948 0.00241490046607959
147600 0.0201574054197103 0.12169760165904 0.00285264088069373 0.000256389007694949 -0.00102357021595165 0.00254561605050213 0.00169473529175664
147800 0.020161446590635 0.122299943623742 0.00108004349708261 -0.00154601448108618 -0.000111171257569497 0.00325987537724638 0.00160137590849745
148000 0.0202073891312181 0.124278108094231 0.00115990993566129 -0.00255673050561105 0.000545700849496601 0.00223406888100776 -0.000334455982056349
148200 0.0200800862614778 0.120883651730105 -0.000169508091445471 -0.00165408809156369 -0.000188333069882736 -0.000155110082197254 -1.20691056367927e-05
148400 0.0200623226507909 0.123493141161383 0.000913733200010434 -0.000927952112133788 0.000854337447455489 0.00121060911994109 -0.000314525216972384
148600 0.0200763420037855 0.122874412985295 -0.0027971163872192 0.00311208089137106 -0.000212244639490204 0.00124291657231458 0.000533199756755777
148800 0.020135205918437 0.12265279586412 0.00263302892804163 -7.45615870726265e-05 -0.00185470905106226 0.00108049277002369 0.0020349442498315
149000 0.020108125731759 0.122621741579173 -0.000311568547610402 0.00106732328343451 0.00126985419317247 0.00290450610244985 -0.000244452058479607
149200 0.0200701623146523 0.122943289564477 0.00285107072808226 -0.00353645378438672 0.000621534908977946 0.00195022526308326 -0.00115765505800047
149400 0.0201927156754728 0.122740732779209 0.000786745522941156 0.0007557209426481 -0.000228991460584403 0.00213505336785183 0.000523213067283548
149600 0.0202112511673852 0.122935115866471 0.00217180697214122 0.00217958097522134 -0.000341696806766102 0.00297928541279338 0.00197138246370504
149800 0.0200861083653999 0.122937966233828 0.000832666342049909 0.00359092632621864 0.000315500212331396 0.00170449497077212 0.00087473431136065
150000 0.0202425142258992 0.122295557758663 0.000300216470027891 0.00239555612646818 0.00167622193173957 0.00268184546152994 0.000494003093268097
150200 0.0199077735126778 0.11913867104628 -0.00103339941976444 0.000175653544582425 9.47819043869797e-05 0.000989308392767129 0.00124213572647951
150400 0.020195813406209 0.120275593586095 -0.00101996855407572 -0.00242978843797245 2.04015199819228e-05 0.00103864477197646 0.000884455193017953
150600 0.0200803643365976 0.121542736409547 -0.000501972291901203 0.000313686840185243 0.000344793802006411 0.00170317037412391 0.000556614482928113
150800 0.0203798896163734 0.124370654087091 0.00188747934915696 0.00143893133814452 0.00280954268213606 0.00167917488698158 0.0016914782070088
151000 0.0202066219720967 0.12482628553085 -0.000365386803393383 0.00221321196363733 0.00223302734492373 -6.03791087727508e-05 0.00166161791238382
151200 0.0201610937469577 0.121135356239622 -0.00179127974862929 -0.000165094023864532 0.00159653958727805 0.000176571667654415 0.00151221508624904
151400 0.0202403406415764 0.120148387283065 -0.000250484017919777 -0.000437054444937119 0.000714333352722459 0.000532967850658093 0.00204603528134789
151600 0.0201437830797803 0.122573278178833 -0.00157295015092651 -0.000342753272144258 0.00027767199435179 0.00144259969147234 0.00271995076154917
151800 0.0201543046944661 0.123339176396531 0.000849029869469798 0.00296792053451151 0.00101432007836877 0.00344122219670017 0.000394068879745426
152000 0.0204255146317516 0.127807574743822 0.00376216243727834 0.000855160333451677 0.00152264678570037 0.00243814371147012 0.000102478480293649
152200 0.0201787071951675 0.123194006785724 0.00132070564922384 0.000843252732469173 0.000824414015878559 0.002168765988625 -5.56035761651814e-05
152400 0.0202491436433771 0.123142374357091 -0.001436880543241 0.000920122650692644 -0.00217730249132684 0.00148743457048547 -0.00017872412138429
152600 0.0202618990061393 0.122457212928894 -0.00127412269097744 0.00055771585451181 -0.0017683263193557 0.00138746704147867 0.00120837514446073
152800 0.0202629732873704 0.123737613220045 -0.000541759501904689 0.000461428970445139 -2.46164700590827e-05 0.00133534602981402 0.00215086536835071
153000 0.0203005349653394 0.123293448727552 0.00315063999573826 0.00317092950835621 -0.000383899195474138 0.00185782494781599 0.00220224365474935
153200 0.0203258959337788 0.125564605436757 0.00399247937147026 0.00328599712430213 0.00131773733745805 0.00215357772194997 0.00177154244298875
153400 0.0202247588389007 0.122180434801163 0.00197936456937716 0.00141649251087228 0.00122943773035919 0.00115441765264478 0.00153526724077345
153600 0.0202994272935527 0.123641437899833 0.000230653703153152 -0.000598841440603587 0.000441191329386287 0.00334618082268129 -0.000600827067674447
153800 0.0200989981659609 0.120816022875072 0.000503445305499105 -0.00113392111150005 -1.2591220594072e-05 0.000908613927551752 0.000288882440089492
154000 0.020326430502657 0.123657684587794 -0.00121508011236792 -0.00244051194791363 0.000927256638282601 0.00125627693959102 -0.000399109115683401
154200 0.0202455978711869 0.122696305948526 -0.000431664478187115 0.00367636372042007 -1.87676263964838e-05 0.00163506633753584 0.00121164846589526
154400 0.0204080912648293 0.125246936936093 0.00226233767661304 0.0042914816219365 -0.000912677027555472 0.00449419238909587 -0.00112647329591544
154600 0.0202177114609559 0.12383552442854 0.00130449196345218 0.00521214178841182 0.000709821833714423 0.00282552275436328 0.00208899141059352
154800 0.0203732968337041 0.122944143600546 0.00274437008914971 0.00294721623810949 0.000970590571999116 0.00136071950962158 0.00177083670208524
155000 0.02012763559505 0.121484371909908 -0.000589686827555352 0.00156795152614412 -0.000638493687811683 0.00149233108968345 0.00236844972596919
155200 0.0202295126381285 0.120640845181431 -0.000814441784534905 -0.00187402756913485 0.00030739438925805 0.00323254690776501 0.00269452362433374
155400 0.0201732826756322 0.12300959839805 -0.00111751880251201 -0.00162393934221932 0.000303771385397135 0.00238129529602011 0.00330471433078476
155600 0.020311796427617 0.126682589056789 0.00475096674341358 -0.000430045618976818 0.000338530381501661 0.0025868068257828 -0.00102238989620013
155800 0.0203428789918445 0.124911377238058 0.000827315410948204 0.00442384264711052 0.000373203568855995 0.0030388593736532 0.000960897480720511
156000 0.0204186506379242 0.121382865391247 0.00471367415041652 0.00125092486025398 -8.56841693367367e-05 0.00267693794989562 0.000567793542111285
156200 0.0204437420318336 0.122370668547491 0.00166346399052233 0.00144199335654361 0.000127647219211774 0.000642284072912955 0.00205253650426528
156400 0.0201267753338601 0.121529005136684 0.00127646547051428 -0.00274807624472492 -2.72887115449047e-05 0.0011985836538264 0.00189483893600752
156600 0.0204537410669174 0.123080565032056 -0.00148878214378047 0.00116791617100919 -0.000338866358124924 0.000792539207190436 0.00106497839487334
156800 0.020121738674606 0.121596615014404 0.0012152045013798 0.00122765802820268 -0.000908517642798544 0.000681224680023723 -4.46986308031723e-05
157000 0.0205627677041795 0.124499851479942 -0.0007917791485856 -0.00019950392740224 0.00235652780691058 0.00156723198200567 0.00106302500366306
157200 0.020206676427003 0.123233431463456 0.00110144649626722 -0.0041763606899833 0.000263444931315158 0.00110935340018375 -0.00054237420368894
157400 0.0205376856963101 0.121850021520987 -0.00229237424084132 0.00215800402224646 -0.000711602519151096 0.00141210911440433 -0.00134315884053701
157600 0.0201189497763334 0.119982227170207 0.00353586307721909 -0.00123145393045497 -0.00135476906664046 0.00203949782853975 -0.000368112570762299
157800 0.0206135234458095 0.125104001640527 -0.00170287023550868 0.0030296654925989 0.000914168689011512 0.00233574176593583 0.000997872509390815
158000 0.0201826241774406 0.122749090753051 0.00307479203746257 -0.000784825320434105 0.000905605140583436 0.000894922540823092 0.00132559512153016
158200 0.0204036000620435 0.123639738296331 -0.00136584660293659 -0.000686003427322797 0.000619159524510463 0.000380611612923993 -0.000709554994832363
158400 0.0201686506504315 0.120756558325501 0.00252610714608891 5.26909053252011e-05 6.22594444845203e-05 0.00371515436519237 -0.000512526357366409
158600 0.0201883081407489 0.122720539975974 0.00112434890971967 0.00270201300262163 -0.000263252801134331 0.00171431880259316 0.000576552250791784
158800 0.0203083199020323 0.12325655411077 0.00130755141528345 0.000649146754270944 -0.000320526616506079 0.00222582439311545 0.00133060186467568
159000 0.0202872809120556 0.122259370682798 -5.92464580048926e-05 0.000576043363395037 -0.00137251602600596 0.00333616753582055 0.00188882367569651
159200 0.0203185863064673 0.124904835241681 0.00224439401637283 -0.000978088212167141 0.000225738931400728 0.00146561018920514 0.00105460690849462
159400 0.0202875783950353 0.12541114285878 0.00295919684639719 0.00364676425731815 0.000712181899477336 0.00181875407034045 0.00131103122416064
159600 0.0204447533584495 0.125488780971423 0.00280241311732155 0.000637024789005707 -3.97269384036124e-05 0.00251729182078805 -0.00071773606737357
159800 0.0203005649620785 0.124280831220652 -0.000638829783797189 0.000957108579745271 -6.90822599504204e-06 0.00112681179068542 0.000247448769611986
160000 0.0203510954937508 0.122482095112647 -1.86330795877736e-05 -0.00191058748099612 0.00157019001126833 0.000664879738738262 0.000469461321309117
160200 0.0202510803946569 0.120784893183414 -0.00254954231332426 0.000430063237813173 -0.000172299391769633 0.00146751642017436 0.00290846082202599
160400 0.0205654788162322 0.123830175187268 0.00308275693044175 0.000276860995487682 0.000996914097587995 0.000945617580977446 0.00198967657411397
160600 0.0203062086024375 0.123945176751053 0.00262642778674283 0.00528911902070269 4.17524866305757e-05 0.00126537433732184 0.00186875167911205
160800 0.0207317369792918 0.125335384243614 0.00219546055593023 -0.00088111783548565 0.00125970127701497 -0.000651338821561137 0.00132772588533525
161000 0.0202177434405597 0.122621276143508 0.000881757746251636 0.00426895517068906 0.000208905277164728 0.00208749047471009 -0.000515076552626829
161200 0.0205091714331957 0.124320872666094 -0.00294776527241676 -0.00132303659084934 -0.00068770429968351 0.00188796499758734 0.00128456902115677
161400 0.0202697055216947 0.12134220414696 -0.00272754830796848 -0.000515777601403009 -0.000303984035286156 0.00227185654992934 0.000505236929784171
161600 0.0204214142996106 0.121981855094445 0.000454752807529337 -0.000372561164773933 0.000263465439080263 0.000928867658999325 0.00132182556240221
161800 0.0203285977335771 0.121778166269785 0.00173836308089882 0.000155389075543864 0.000529432129642334 0.00194290875742441 0.00116113200368361
162000 0.0203757892082598 0.125333272619466 0.0017230212458558 0.00212080072683986 2.17240415819275e-05 0.00202345199593218 0.00272297842030189
162200 0.0205448048704793 0.123315747909993 0.000231833736759622 0.00363314248103361 0.000748816630507492 0.000938502395629611 0.000829076919967129
162400 0.0203627601387686 0.123518192194053 0.0016865266705357 0.000479653379199843 -0.000863342263370728 0.00152023992387882 0.000618119584139068
162600 0.0204855233172098 0.123196051613215 -0.00058400492624278 0.00118557655685754 -0.000320140919660901 0.00132827176971562 0.000586136331999782
162800 0.0203064822178177 0.118938702044232 0.00206237368407415 -0.00208568361129116 0.00177513447300484 0.00262670564503602 0.00127348815281309
163000 0.0204007123686952 0.120863773669055 -0.00531948448704061 0.00145045848976504 5.0574689249028e-05 0.00331926796440433 0.000554338445473049
163200 0.0202150535209639 0.11969338819798 0.00190591632326321 0.00020881151346851 0.00058662936736623 0.00129442488587065 0.00168312729310202
163400 0.0206357547106529 0.121788346298196 0.000192446099353779 0.00564644557802048 0.00134936648484143 0.00104067867517981 0.00183506598145128
163600 0.0203175599713178 0.122872384077375 0.00259014648290566 0.00288294400965347 0.000625454771845643 0.00224468541116183 0.00148564862511452
163800 0.0205456132232058 0.124314356481787 0.000607583894085577 0.00278515259333655 -0.000983757499774709 0.00198118356403581 0.00156963455085148
164000 0.0203418625396013 0.123700821363567 0.000693184406983531 -0.00172074484125455 0.000103289576888189 0.00234702875050784 0.00258721583308189
164200 0.0203830689650522 0.12549663224636 -0.00145018748525765 -0.000591855030477236 0.00100670877701708 0.00264494828341029 0.00291560934386299
164400 0.0202985593459949 0.122172466102943 -0.0014741416506435 -0.00173251309516722 6.55369181227043e-05 0.00350530091321537 0.00351053826496423
164600 0.0203493891395224 0.122322468690037 -0.00260772843023949 0.000615561334830634 -0.000337267188026624 0.00199829066378047 0.00189919560407245
164800 0.0203159090286375 0.123231839294355 0.00132869787432039 0.000380905003449869 0.000183447362726178 0.000737632224992624 0.00199511826687103
165000 0.0205900896078621 0.126455044204078 -0.000948525408429509 0.00216452580608028 0.000242091322063884 0.00158357119158664 0.0011360359243952
165200 0.020299253513247 0.122477678187957 0.00519733016805427 0.00117162467670843 -0.00137844602160601 0.00168341518918275 4.62096204222254e-05
165400 0.0206132917867263 0.123426077714426 0.000849789381172797 0.00157454618821914 0.00130008893449857 0.00381205403871038 0.00121798710890369
165600 0.0202159209580931 0.119985528880035 0.00243810983822276 -0.000701843605615331 0.00229779843352925 0.00251625611980655 0.00067013270220654
165800 0.0204701554954909 0.122110181188983 -0.00260482167199553 0.000435507755856391 0.00282279677322008 0.000763486019372186 0.00138038371188674
166000 0.020347981281001 0.122529698066481 0.00319670193371507 0.00170770239867357 0.000727343910779347 0.000150432906174222 0.000492535149208049
166200 0.02061543189435 0.125173961034074 0.0020006216982894 0.00225805399732468 -2.23942883407045e-05 0.00125872659127808 -0.000142350364621113
166400 0.0204336357272659 0.123376047288603 0.0017740679169657 -0.000151080139491765 -0.000131023178621676 0.00154131870305543 0.000370978636042288
166600 0.0206206574106896 0.122854495452671 0.00030877007814335 -0.000373666238383289 -0.000252617452275134 0.00292605500284213 -0.000335069656837113
166800 0.0203551366866754 0.11962237852829 0.00150809866017314 -0.000183663554847908 0.000812769484558701 0.0021453497765637 0.000240283652154632
167000 0.0208324878858852 0.125547989310625 0.000811321595550657 0.0010451026534023 0.00151606907531596 0.000215558516217462 0.0020597840728519
167200 0.0202337524288141 0.12516545574504 0.00536555863427696 0.00370069027819358 0.000769956676687377 0.00193005245578522 0.00261123770779118
167400 0.0207515728102473 0.125552677419874 5.42080977260547e-05 0.000441742868826641 -0.000483861279425248 0.0040627039151295 0.00118099223076279
167600 0.0202210530551261 0.120389264385633 0.00109131404578811 -0.00252314087723528 -0.000778564271637731 0.00308937956807847 -4.65812261055499e-05
167800 0.0206350729695377 0.121164599290918 -3.6700879178979e-05 0.000289430653087924 0.00081672979400199 0.00218858893689094 0.00128701856379383
168000 0.020465376339669 0.123608231868982 0.00386677451073954 0.00145699588009374 0.000324093193576382 0.00192512249807666 0.00066290295258333
168200 0.0207418429874365 0.126158400111398 0.00261584904971786 0.00302883147183219 -0.00142659833860966 0.0025797191365369 0.00150589117566481
168400 0.0204004664980353 0.121365051898576 0.00311696883757387 -0.000214000311030915 -0.000588059472619088 0.00117081848286814 0.00217576702642294
168600 0.0207152216571581 0.121815094978154 0.00175876663887499 0.0024966624435402 -0.00089591024569756 0.000385543403844832 0.00127156451705714
168800 0.0203693657309251 0.119310456231333 0.000193898035605127 -0.000400427148646718 -0.000758276014486916 0.00220473381345217 0.000465403022157022
169000 0.020597880518721 0.121280280502447 -0.000396451005360125 0.00104619810437613 -0.0013074122503571 0.00161564796237994 0.000541973646349134
169200 0.020384565819306 0.122969939263504 0.00395655597150014 0.00172679551433509 4.21204919675993e-05 0.00196886847204221 0.00144452571012368
169400 0.0207808811835205 0.124379203421382 0.000458203115931927 0.00402829123398434 0.000842849272163025 0.00280273641805245 -0.000448831118982469
169600 0.0203500225578476 0.123145170802245 0.00148329127914481 0.00141901342658633 -0.000217071996463969 0.003206951025662 0.00230967899770646
169800 0.020647870783588 0.122742127087786 0.00192374111911186 -0.000511167894856381 -0.000448734356825767 0.00216669325536086 0.000796944895597587
170000 0.0205189758033446 0.123675825452894 0.00221097281256658 0.00148006059041338 -0.00135963301544884 0.00145035044004535 0.00139306783571959
170200 0.0206515096319541 0.125854279526411 -0.000489553799043685 0.00172027460955573 0.000633553718551282 0.0012226528871006 0.000234459081178148
170400 0.0205358245851634 0.12337482459739 0.00250385783124836 0.000681252292400872 0.00211890774292296 0.00259074339820522 0.000180429015227819
170600 0.0205357367313714 0.120258234154693 0.00255497452744483 0.000299237404135784 0.000973660232720695 0.00202516580272424 0.000308879667020172
170800 0.0204302317868993 0.122763816899621 0.0013932577445119 0.000691149474834893 0.0023395071817362 0.00173289532687362 0.000956262418887262
171000 0.0204388438038298 0.121933133128584 0.00175191921133788 0.00183054347262896 -1.39054302779119e-05 0.000904516246256586 0.000819808293041321
171200 0.020578903139394 0.124468100368684 0.000316869144918413 0.000703081144849919 -0.000692448292134678 0.00181474632081671 0.000808734436596235
171400 0.0204899314427841 0.120473570504759 0.000866817725957767 -3.26419942669566e-06 -5.32342513096198e-05 0.00103062611220002 0.00140878313761632
171600 0.0206128286835027 0.124393825076021 0.0019197142242777 0.000618288579447927 0.00172875151280955 0.00294081581118568 0.000823861755119021
171800 0.0205288793839749 0.122482766703167 -0.00118387306785678 0.000988445813142151 0.00140313969392461 0.000779824258907175 0.000441154538260517
172000 0.0205473788723539 0.121685914085799 -0.00152194804226077 0.00110847965805995 0.00129621380942844 0.00286093344446071 0.000352308390711719
172200 0.0204422663059862 0.120325030606981 -0.00308313382965654 0.00248601810560416 0.00189491751758628 0.000865934421903586 0.00193004406440173
172400 0.0207292312097151 0.122987840535601 0.00100049437225061 0.000254758933668512 -0.000589518901389965 0.00247312191851477 0.00132842413123028
172600 0.0206105778883247 0.121341777848103 0.00357533629471924 0.00395882505164902 -0.000475423612553085 0.00344268131012157 -0.000744747214752149
172800 0.0207065623425388 0.123669153570537 0.00359250109156968 0.00165478557549219 0.000675913128574488 0.00148576537041818 0.00174769768957408
173000 0.0205450593357124 0.126139147120566 0.0010444156042762 0.000998555566181163 -0.000671009931858382 0.00212654128885265 0.0015220120118644
173200 0.0204979677874229 0.121202245548702 -0.000759448970065525 -0.00171986604013769 0.000621428628515377 0.00195450973108521 0.0023357445356521
173400 0.0205659406394863 0.119995472471616 0.000418459445729278 0.000221713691089459 1.52669468616241e-05 0.00166914413886512 0.00278351557189606
173600 0.0207322632734932 0.123696127598753 0.00121400607030459 0.000560053446701609 0.000626583962922173 0.00150136101035552 0.00138604593739546
173800 0.0205396424208201 0.124247861262923 0.00188614984727687 0.00298246164458693 0.000221059219315164 0.00196235502842009 -6.1923666051164e-05
174000 0.020744022386325 0.124039248880642 0.00259723993042032 0.00207206025831901 -0.000213503427743039 0.00113943644965665 0.00116812604734009
174200 0.0205711872101525 0.120761211721874 0.000735784648678435 0.00281182914355045 -0.000218618843037583 0.00194571188837942 0.00190499464978704
174400 0.0206067311470798 0.119861926495902 -0.00259500738902005 -0.00366004201031343 0.000816071319973884 9.20469932294144e-05 -0.000209531192863257
174600 0.0205215519115613 0.12000438012822 -0.00323923664631771 -0.00396054550193896 0.00122232292169646 0.00248309714225767 0.00204293059735208
174800 0.0206654273064163 0.123033707408665 -0.00108020752614153 0.00242205810940268 0.00079972647920663 0.00223605465074065 0.00105995835210758
175000 0.0206889953050246 0.123066711629655 0.00247394834699061 0.000870740642931608 0.00156040852072107 0.00168166150803498 0.000991733509086222
175200 0.0206635226231684 0.126277638502386 0.00199143120424405 0.00234106867695973 0.00110378236137015 0.00322173455753832 0.00126847571385153
175400 0.0207394906863859 0.124385977562391 0.00388886562644316 0.00182589037634778 0.00255442427260534 0.00330405928548384 0.00115133342697971
175600 0.0206030477023398 0.123354417529669 0.00058613729785125 -0.00203198638701751 0.00290850331869503 0.00150265625927613 0.000683201042280805
175800 0.0208227618394483 0.123985363662946 0.00108674707114479 -0.0037981575479341 0.00115162548367975 0.00354192776068585 0.00221335012643645
176000 0.0204257124737558 0.119493662435361 -0.000514144714698232 -0.00016768164734069 4.02182774155025e-05 0.00218863185222701 0.00149170283426838
176200 0.0208796068046311 0.122134653221919 0.000433085383288482 -0.00158781167673473 0.000616560936253243 0.00120826700939491 0.000795973219339899
176400 0.0205780705475374 0.12181965514543 0.00203226890285057 0.00341615479575864 0.00120286669428078 0.00217081457191922 0.000781507919691564
176600 0.0206568497225288 0.12374750897625 0.000879769849649773 6.16764362645465e-05 0.00203167504910161 0.000912466547857837 0.000574818756481035
176800 0.020598524177489 0.121312344145662 0.000798816064820341 0.00415257478062979 0.00194787153191925 0.00122018494592631 0.00130486537968033
177000 0.0208438512060722 0.123372978866367 0.000700855954955432 -0.00046822958111603 0.00128879581480359 0.00135949224867835 -0.000119994221999511
177200 0.0204615959659174 0.120595333081716 -0.000307954280473383 0.00372008720821324 -0.000466913376949792 1.10657034944977e-05 0.000858970363455104
177400 0.0210174101032393 0.127285341804145 0.00110658127319507 -0.000954444393168515 0.000190734135118976 -7.88510584034686e-06 0.0027628306188339
177600 0.0203244334216217 0.120458415926323 -0.00177989798605077 0.00453342103800128 0.000513071130139229 0.000985054971758137 0.0012946562701235
177800 0.0208046472925195 0.125107015238608 0.00261461153381082 -0.00216910372992201 0.00118481180008493 0.00220607137814993 -0.000177717545933319
178000 0.0205043151047496 0.120736763156328 -0.0013268009459897 0.00146736863318067 0.000793653571071204 0.00314525967656881 -0.000144782262559503
178200 0.0207342053251362 0.125171254133692 0.00225435585907811 0.000575378598324081 0.000701584806295354 0.00336024562155163 -0.000109389264576956
178400 0.0205909456368775 0.125340396432708 0.000586048535035302 0.00329505021664331 0.000337641384001259 0.0037907700590655 0.000581132408926969
178600 0.0207484115052894 0.123104580388994 -2.85285085955219e-05 0.000731982215549426 0.00230047679792175 0.00314097248369896 0.000692932519574328
178800 0.0205533268565314 0.120094300753242 -0.00182376386785769 -0.000102498424575843 0.000845421878531486 0.0034272799437243 0.00189518561704984
179000 0.0207198244014755 0.122754068838167 -0.0024043567041111 -0.000719278044360791 0.000695812961070258 0.0021851987919377 7.46673096736612e-05
179200 0.0205723291403367 0.122099767363952 1.13430140236468e-05 0.000983263605584009 0.00100395414346165 0.00125963208080407 0.000564833177032638
179400 0.0207488730041192 0.123668597500407 0.000819613733691805 0.00451608496746379 -0.000517488690040291 0.00191893486282504 0.000325203468042303
179600 0.0207898117863742 0.125555389044366 0.00448537472975283 0.00532176355687654 -0.00159100140544672 0.00242891323560804 0.00184183803192188
179800 0.0207339634321077 0.123364923458867 0.00280340785722508 -0.000274383378824872 -0.000597076997670359 0.00209124561448755 0.00196128816349858
180000 0.0206268274464185 0.121948050686486 -0.00207508142710064 -0.00175922247501883 -0.000730558903025407 0.00354508992727516 0.00251216027394192
180200 0.0206605650631169 0.124481714414726 0.00210996115858202 0.000232460082862397 -0.000261339133072408 0.00186625858579403 0.000680352311707906
180400 0.0206835713553782 0.123192810793432 0.0021886669222201 0.000124817833795335 -5.72665463095194e-05 0.00247705412451108 0.000147729300827214
180600 0.020769874502692 0.122728865686385 0.000884612418844368 0.000350893651662647 0.00134411412354119 0.00158896518282764 0.000127278722157999
180800 0.020685544124346 0.121854365862793 -0.00126247419726242 0.00212185814711847 0.000386116642610434 0.00245453427463874 0.000433776703599384
181000 0.0208110703084384 0.122071584419485 0.000441658037336999 0.0033530562247256 -0.000616976243200005 0.00346420176156195 0.00103280274646287
181200 0.0207955201626803 0.124880711203604 0.000929030347138291 0.00386435013507643 0.000868124298514504 0.00317481389956985 0.00313479434167747
181400 0.0208815080121303 0.126496881911074 0.00198372361377323 0.00586229624793292 0.000699287462664758 0.00249998291197843 0.00258687987063722
181600 0.0209327102351233 0.126679139325537 0.00236073709496975 -8.81661423843471e-05 -0.000477996427245923 0.00152665979536339 0.000672586360155024
181800 0.0205966778071728 0.121399125746697 0.00248060857816925 0.00100911305333374 0.000999227463325148 0.00116391882339508 0.000984372611693595
182000 0.020858222170406 0.124726738261951 -0.000488288885226668 -0.0044228482190756 0.00116014960984615 0.00177001601827641 0.00032209200515068
182200 0.0205101093661577 0.122221127422623 -0.00100766347093186 0.00136394485962585 0.000841820478641237 0.001571912953714 0.000725250772594094
182400 0.0209185391696846 0.125324400133386 -0.000225151562574539 -0.00128194247516951 0.000635891019915726 0.000619904955987476 0.000750585614806747
182600 0.0207119758500637 0.124237824637186 0.00519347717743371 0.00370675745840672 0.00326906038179108 0.00158508358497853 5.09915851229452e-05
182800 0.0208513275064143 0.124521870467421 0.00214313134920621 0.00278210468743254 0.00216530641196789 0.00098398884644293 0.00232101869953626
183000 0.0208383461331255 0.123168849423175 0.000686923386878868 0.00378023752583055 0.00204899958115591 0.00193008743342282 0.00180339618039828
183200 0.0207547983211516 0.122135892189334 0.000607667625157324 -0.0008356865844494 0.000921319296906017 0.0026473768772361 0.00120026908713414
183400 0.0207815214627616 0.120652843695937 -0.00144305253668393 -0.0020380608924792 0.000831412949487197 0.00181362815264941 0.000157071025847293
183600 0.0206992515830032 0.12083775058706 -0.000601131485756609 -0.000328874511190747 0.000367455477185621 0.00267220221710331 0.000370091438847306
183800 0.0208874982315115 0.124015879186452 -0.00273728890478429 -0.000546072450372861 0.000408463920684688 0.00334813509937846 0.000393010247079376
184000 0.0207800550760601 0.123880722333151 0.000881811676180426 7.75523224544857e-05 0.000184970004055178 0.00125958520327514 0.00046449611771566
184200 0.0209394961406557 0.124585655873092 0.000629778433339896 0.00316176677039344 0.000904891543746072 0.00157592681831905 -0.000233670736773857
184400 0.0208618277903076 0.124114721364731 0.00250256430725011 0.00324763826303799 0.000699188982758357 0.000953596559899022 0.000338376035357365
184600 0.0208044605416094 0.123135613501369 0.000660234396508472 0.00220509266445116 0.00112724971050195 0.00190666761809873 0.00292450386648108
184800 0.0209372103514066 0.124284573874611 0.000596763484164225 9.2172676406727e-05 -0.001322669539681 0.00362866093569042 0.00344646379618669
185000 0.020817173053768 0.123094597796746 0.000944795826569987 0.0013109839522423 -0.000425148886681215 0.0020855620598284 0.00256139246248331
185200 0.0209600185252786 0.123642135139844 0.00194327701362954 -0.00085545897340858 0.000830545256597121 0.00263535644672536 0.000960648301650206
185400 0.0207829704914743 0.119424871072872 0.00187855836960249 0.00213687734091296 0.00152279511578403 0.00370713800211153 0.00188893741088548
185600 0.0210823481543155 0.12164480543015 0.00138689889964582 0.00153523358060316 0.000270094931106685 0.00271871706616264 0.00187464124385984
185800 0.0207469443618479 0.123195365864073 0.0042617174745063 0.00475920675793897 0.0011757475017448 0.00172177487816434 0.00104246428422273
186000 0.0212030290791556 0.12415808139536 0.00153076857227528 0.00165707200139669 0.000484020623940188 0.00184686164803542 0.000918782760001092
186200 0.0206975608687519 0.11915530089303 0.00258539920877399 0.00201713972724713 0.00117225106311607 0.00174586433734374 0.00141143639960789
186400 0.0211452957711286 0.122079071804728 -0.0014566298233291 -0.0026961517471799 -0.000440347436666828 0.00137498694241014 0.00104497656292296
186600 0.0205586486855008 0.121094803525657 -0.000792499215023693 -0.00231823276330721 0.00172066294053076 0.00117090316533247 0.000526154835228071
186800 0.0211410196434675 0.126545607823327 0.000285313935445932 -0.000444021110239446 0.00104956238644334 0.00329770855167482 -0.000114500597896442
187000 0.0206762835178629 0.123906747175878 0.00275276702605581 0.00162570305689638 0.00027165938647645 0.000549972771097571 0.00167613780065994
187200 0.0212049421589607 0.124425922292548 -0.000375112013366752 0.00200667032436615 -0.000125045714004522 0.00137096884290985 0.00211025812487584
187400 0.0206110673174607 0.123283533100445 -8.0076117383475e-06 0.00200588123881687 0.000720699649938571 0.00056995255564517 0.00268225059852863
187600 0.0211241205409216 0.123838691853679 -8.9898110989193e-05 0.000140238674747476 9.69218320366352e-05 0.00135792354360675 0.000956343103460204
187800 0.0206488222651938 0.121998855287427 0.00179062912435057 -8.4125666660358e-05 -0.000972596607077286 0.00265335726295268 0.00218485790194418
188000 0.0212154143727757 0.126485171791599 0.00169473128536143 -0.00329746095782353 0.000881852836419594 0.00344166689938367 0.00132890122372892
188200 0.0206824329390968 0.124830413188268 0.00270634904419034 0.00245020524368429 0.000293169840099343 0.00393203693241329 0.000265803647480258
188400 0.0211672567255428 0.126245317248989 0.0024804285746721 -5.5368566615865e-05 0.00292192826521611 0.00316057963883504 -0.000166914704587076
188600 0.0207076965558073 0.119705954536701 0.000792555582813121 0.000520337689056165 0.0023647822984693 0.00200885167213088 -9.11062066571679e-06
188800 0.0209247705384712 0.120615226636106 -0.0030985485394722 -0.00242096592534001 0.00265739510756379 0.00170368654157746 1.24521238399402e-05
189000 0.0207068982283641 0.121723338886377 -0.00236838635035853 -0.00179646885431454 0.000562119793129089 0.00325158861125091 0.000293614365177815
189200 0.0210621183246626 0.123409223430121 0.00105393422564878 4.0573402585695e-05 -0.000444890513853556 0.00513733136949256 -0.000203737590775164
189400 0.0210140497540252 0.126151352059423 0.0040212336746088 0.00602094772261141 0.00124897186851321 0.00413054399445835 0.00097106962641375
189600 0.0210459457544071 0.125474152202747 0.00119211704571711 0.00439345461050006 0.00140922778487159 0.00285156509898032 0.000906093478554302
189800 0.0208837254332416 0.122055130011811 -0.000577558983076418 0.00241361325322477 -0.00120285470119902 0.00296767953896192 0.00121925829087474
190000 0.020799784796183 0.119948448772809 -0.000955253231280524 0.000185571741232026 0.000448877706396059 0.00259649823635823 0.00197749709898432
190200 0.0210424999924219 0.123685499402675 -0.000822123451752661 -0.000563078201989315 0.000342276949296872 0.0045713531512344 0.0020058980324471
190400 0.0208389585660534 0.122776778973296 0.000288993716040422 0.00191168215280768 -0.00120168363642202 0.00223726862489271 0.000732777179408703
190600 0.0210830712153525 0.126064757320407 0.00420495655728598 -0.000940281618940687 0.000887096307981706 0.00235267982986299 0.000496240434068168
190800 0.02076152198747 0.124198942675259 0.00145591728104953 0.00322869327824199 -8.58055318794482e-05 0.00423789542786616 -0.00012701168458628
191000 0.0212326809463956 0.126972657695403 -0.000313069008941156 -0.00247447422658732 0.00154347873489632 0.00415345833121494 0.000707934795586373
191200 0.0208313944879188 0.121191769084737 -0.00285270929592259 0.00507225539630192 0.000730205189534787 0.00277409987453118 0.00197159442469631
191400 0.0210602140629521 0.124449402194574 -0.00125533249504506 0.000274422857962135 -0.000798180855356573 0.00357487290582901 0.00166743394790772
191600 0.0209059071374608 0.121900753241877 -0.000788110351513109 0.00265479363620638 0.00112969140381829 0.00117576165849478 0.000305242201290253
191800 0.0211221914917175 0.12353328777159 0.00199780190564085 0.000885910026689406 0.00158997900117961 0.00259050300212765 0.000336511197836105
192000 0.0209066395978581 0.123829185935615 0.0013146275731337 0.00239989428893812 -4.99340554082123e-05 0.001483179921533 0.000779420635969056
192200 0.0210612778383897 0.125251766068986 0.000972945945823712 8.35450500583365e-05 0.000165697028765222 0.00188636607708806 0.00103555645022279
192400 0.0209150337479129 0.124369218505284 0.0021282731999646 0.00299184740528541 0.000526464596579812 0.00209826213431719 0.000229971522724314
192600 0.0210677069441923 0.125342487273595 0.00194311559884878 0.000983371394596801 0.000872318484260839 0.00268571136916754 0.000175047755325354
192800 0.0208681933875093 0.12059566542288 0.000248111752418547 0.004274769752857 0.00102870612603026 0.00214625659892209 0.000416735854536752
193000 0.0210816556513328 0.121029056726224 0.00175398664796037 0.000423336013297487 -0.00064427321108323 0.00084865270141695 0.00123239793531896
193200 0.0210221019501081 0.124258533868124 0.0012134243718365 0.00130162027983858 0.00187600800474868 0.0010896483043758 0.000124479771870624
193400 0.0210433692198186 0.123229094298388 -0.000928150545107311 -0.000991891234101774 0.000293098491604628 0.000375055395905763 -6.0093477552862e-05
193600 0.0208012475809298 0.122832018359862 0.000682517928561096 -0.00171504796486189 -0.000390090749154712 0.000980991701676629 0.00120879515487377
193800 0.0211833588252042 0.124478097218405 0.000346235674657165 -0.00190713073158351 0.000982012239533354 0.00167750577692139 0.00192247566882348
194000 0.0207996981736187 0.120540819852894 -0.000350635037870248 0.00221690190070984 -0.000387248186015609 0.00320350302943853 0.00204614814753457
194200 0.021218414593744 0.125510466825635 0.00137489293661066 0.000293503361920732 -0.00114660956523002 0.00200702835426562 0.00199643990535118
194400 0.0208963855881952 0.121687426722161 0.00137468240182719 0.00156689522423431 0.000167022168870723 0.00156838249918134 0.00172387405284942
194600 0.021019850962391 0.123528365164517 0.00315062710562593 -0.00221825524560357 0.000186080644459527 0.000530061474311273 0.00190654059007
194800 0.0210523243052217 0.122731468904555 0.000166248519351351 -0.000988689390428799 0.00121044400422929 0.00133866154614623 0.0011368625332144
195000 0.0209108665283186 0.121078307406876 0.00189497153820806 -0.00169976204789853 -0.000114181096985703 0.00103767147736272 0.00119673828487161
195200 0.0211461626370678 0.123800210904244 -0.000590850348498701 -0.000782724664456963 0.00136008510658402 0.0012025673345016 0.00243526070809366
195400 0.0208956426909068 0.120593252995732 0.0013661303301382 -1.51264384462387e-05 -0.0006766502933524 0.000921156228348186 0.00141138135727672
195600 0.0212705746501547 0.122991840916629 -0.000221499198796339 0.00668795479182074 -3.1647246646195e-05 0.00162010209204718 0.0021832286402757
195800 0.0210747320320733 0.12061936907377 0.00186817159174773 0.00203086825438927 -0.000694513450719971 0.00185173052496792 0.000947358910538271
196000 0.0210945299853201 0.122183755837097 0.000483955427293048 0.000935641164817939 0.000147294530507862 0.0022228750200119 -0.000251200385220666
196200 0.0211251034396659 0.12541428433734 0.0011560288044411 -0.00130078426608384 0.000514488783685648 0.00198077843211834 -0.000638831472186603
196400 0.0210252461493878 0.123661850533938 -0.000163227770019753 0.00198458145925127 0.0016448814921589 0.000636721538321275 -0.000642341863547968
196600 0.0210801966232602 0.121029891191905 0.000121861048425536 -0.00054932301311589 0.00126748021308906 0.00184515067289648 0.000678940042784294
196800 0.0210212213835068 0.122419809845568 0.000759901085729561 0.00137418274765673 0.00122255343269906 0.000772083636296178 0.00110602655118278
197000 0.0211919452690037 0.120099662548078 0.000640710856423973 0.00038851588765772 0.000619983627143556 0.000469340802023466 0.0017532512562468
197200 0.0207866123708798 0.122911027634479 0.00176714354662334 0.000598951261087437 0.000407173589316602 0.000373690683375239 0.00194989760951114
197400 0.0213757979250609 0.128340488374175 0.00165447549545703 -0.00100412915103241 0.00270010495297638 0.000386599874161598 0.000877441942895464
197600 0.0208815792097955 0.12463933138495 0.00206773393288571 0.00310057771401782 -0.000735828287299274 0.000837557455782267 0.00113249792610563
197800 0.0212777501329493 0.123640359728678 0.0027366004231093 -0.00163151007375133 0.00149188201270195 0.0031829316898962 0.000891599439495549
198000 0.020921414021737 0.124043548721786 0.0021931439875654 -0.00117145254480012 -0.000439908072655448 0.00373138972862567 -0.000920245314539182
198200 0.021033091262764 0.122249021171745 -0.000471557430266815 -0.00157606618628133 0.000258218380770034 0.00141005546666655 0.000418254254908954
198400 0.0208635354101397 0.121180153265909 -0.00101966237583333 0.000585248599321157 -0.000937138120513881 0.00125423143970983 -0.000388467776242461
198600 0.0212695985656512 0.125413074877114 0.00282732242955509 -0.00178061980770236 0.00164377770965171 0.00253904085574429 0.000854461945402476
198800 0.0208372820656107 0.12271718034498 0.00210366382351769 0.00297221215384429 0.000889571486106585 0.0023163289098117 0.00181565460565786
199000 0.0213124350938382 0.126387863719059 0.00256322730085373 -3.57711253115811e-05 -0.000903587469784954 0.0025979180235223 0.000726916572433161
199200 0.020922750963895 0.121113625593913 -3.17058516653984e-06 0.00322968836785203 2.82539008583878e-05 0.00284970329078981 0.00103659785991918
199400 0.0210846769916751 0.122555119365167 0.000108980002069552 -0.00169122123910531 0.000431315335823724 0.00393131803220519 0.000420828876570515
199600 0.0210133268160049 0.123333874322449 0.00159417080018538 -0.000301291056541055 0.0011009537746819 0.00323477959998596 0.000165886786821309
199800 0.0211041593075066 0.121285172473262 0.00226017171301749 -0.000828201009378644 0.000464527151334076 0.0019664115050774 -0.000583389588096701
200000 0.0210153907820978 0.12091765954596 0.00160555292630101 0.00387838601583672 -0.000669283876404921 0.00371085197465495 0.000183861001347848
200200 0.0211130717098017 0.123829223798268 0.00179588911563415 0.00224062057016947 0.00166969334023709 0.0021548336265316 0.000513023911644513
200400 0.0210902636522733 0.122741852733819 -0.0004192221517702 0.00461722221949672 0.00137037635968912 0.00161527071642655 0.000513542247321642
200600 0.021024218292586 0.122734709921812 0.00391550991466729 -0.00334212510224509 0.00112377425663768 0.000978263041621674 0.000834983696444041
200800 0.0211069071069828 0.121336747861022 -0.000434520810531707 -0.00133175167144317 0.000300093359197185 0.0019664931500033 0.00103688393559428
201000 0.0210325495179229 0.121722074374159 0.00176824740175264 -0.00336933649370598 0.000101412804988266 0.00111826836101156 0.000519330444586774
201200 0.0211969230359406 0.122648858308236 -0.000430082899279228 0.00173255309937202 0.000412738813385618 0.00242498654512654 0.0015575660144106
201400 0.0211182573011029 0.121051538174476 0.000305411200229652 0.000748902144965341 -0.00136148926359926 0.00191866597990666 0.0012902741559006
201600 0.0210537948890213 0.123470913528425 -0.00132602286601467 0.00420535824634032 0.000568149656733411 0.0017398298755486 0.000588885997170517
201800 0.0211559747388852 0.122036600613178 -6.37998225683328e-05 -0.000213375497270472 -0.000864459659626514 0.000977244345502378 0.000113269814160543
202000 0.0209089098617494 0.119656050903365 -0.00223713739267747 0.000896313147277945 -0.000674176510455658 0.0010170477839338 6.52180266854353e-05
202200 0.0211413377571923 0.121092605668754 0.00113355420445869 -0.00197057188596207 -0.000182584684748289 0.000511271566044694 0.00167592433112517
202400 0.0210046875345947 0.1231621466807 -0.000515500931339511 0.00118199131877724 0.00064333361784333 0.00217664097501552 0.00209833387704022
202600 0.0212060330563203 0.12425785018323 0.0012240681897616 0.000400162721262921 0.00157575610616887 0.00242684144186463 1.85966341352901e-05
202800 0.0210141606060524 0.12345297761756 0.0019070789986034 0.00112095275048803 0.00187113743916266 0.000471179586919319 0.00107489737782473
203000 0.0213172947829357 0.124663265612935 0.00233848833222368 0.00203367396182539 0.00216759823309489 0.000211693025105876 0.000805097824362443
203200 0.0208273183670793 0.121856631568305 0.00234817636850768 0.00239683741829274 -0.000159180346749023 0.00281418191292268 0.000284330114648478
203400 0.0215419613302561 0.126478541252005 0.00326675596378022 -0.00150749456313777 0.000403926328206341 0.00144109662137753 0.000717165113840574
203600 0.0207781627374259 0.119477279711352 2.66834060594759e-05 0.00112050630192774 0.00105281367875886 0.00090195384519035 0.00131224756287803
203800 0.0213200450996219 0.125078221122542 -0.00177642195422304 -0.00386556476062544 0.000933146064583924 0.00142186027958197 0.000738754666820264
204000 0.0208388553317476 0.121774499155421 -0.000799621562087045 0.0012872774924927 0.00277174155786255 0.00120781596273414 -0.000889988809142138
204200 0.0211986293554767 0.125133604625313 -0.000425807852078894 0.00105501499224465 0.000574846943636976 -0.000753749356876876 -0.00074641148147856
204400 0.020987743560647 0.121323901953314 0.00232111753473695 0.00116455075546049 0.000168815706059855 0.000301826728145187 -0.000398647371146319
204600 0.0212054417586098 0.124690624570521 0.00142091994891626 0.00182179096614448 0.000822951676597872 0.000844213035365954 0.000664759728520397
204800 0.02100497593922 0.124010135555531 -0.0023592662701435 0.00400390971754036 -0.000713704835415177 0.00222338090341566 0.00187185587905529
205000 0.0212156731050081 0.12450289771328 0.0011089420605124 -0.00160473410995418 -0.00132487979465234 0.00180579326977272 0.000630012650625228
205200 0.0209817682131142 0.12266345699892 -0.00180154029352427 0.00112791327926418 0.000217958584566948 0.000950683594889733 -7.00122745431463e-05
205400 0.0212033247334873 0.124343973393994 0.00148295102077853 -0.0010481845447717 0.000429698273784368 0.000302287618636261 -0.000415689197479876
205600 0.0209128132106603 0.121565164255182 -0.00194740946428285 0.00184047250389563 -0.00139290582736995 0.000625161704621229 0.00124423797937526
205800 0.0211224907747561 0.120491789827732 0.00380572070246514 -0.00170605137635996 -0.0004660249143407 0.00152004676433139 0.00146296204624059
206000 0.0210927695737345 0.123251030556688 0.000573381015661757 0.00281333097692456 0.000751776261027616 0.00151177225079033 0.000267839645336157
206200 0.0211532026910152 0.124659064252077 0.0016696735048834 0.00139146012316485 -0.00051708492366007 0.00295892109906541 0.00174205464315734
206400 0.0210247249466454 0.122807462936442 0.00128500088843387 0.00146648451238175 0.00088705243903652 0.0023816013610961 -0.000291154262084912
206600 0.0210907763925387 0.122010042526424 0.000715561140630171 -0.000315153784411175 0.00195557489212523 0.00234906827083697 0.00128916697036133
206800 0.0210114470208768 0.121473216776131 -0.00187082841251057 -0.000859462125303832 0.000506630495003146 0.00252228259845854 0.00071415010475246
207000 0.0211997343080821 0.125254171025408 0.00143851670160593 0.000545013959074643 0.000517416136800683 0.00356109230198414 0.00122579288351317
207200 0.0211777462043331 0.12575891673722 0.00285510946102806 0.00116538940216441 0.00264972771947076 0.00147647953053654 0.000474039785921316
207400 0.0211430195364577 0.126000865519737 0.00239061472133297 0.00457351881622661 0.00250824601717832 0.00104500333487213 0.00105652418349832
207600 0.0212048198912069 0.122532446454551 0.00165911686770333 0.00301131743979141 0.00184367174476449 0.00177716056457467 0.00041294177704476
207800 0.0211036257524841 0.121488398508578 0.000722853239589975 0.00109015792581814 0.00245023175027762 0.00136474622296173 0.00037605381016554
208000 0.0211252478003604 0.120655672298825 0.000189385915231856 -0.00230150749622479 0.00103882192423396 0.00337369178878607 0.00143102162470626
208200 0.0209336183186164 0.121764354277609 0.000682123234009895 -0.00255394466838912 0.00052740021434158 0.00276101746361111 -0.000244481670125854
208400 0.0212922623591893 0.123707780730212 0.000886886083377919 0.00101876693474597 0.000417918645182057 0.00236910744811405 9.95845124842373e-05
208600 0.0209765726142144 0.125464373067679 0.00415311017042655 0.00226648731109595 0.000807792344180836 0.00142038856679566 -0.000684573913729997
208800 0.0213944834658746 0.127802447565981 0.00290597527083294 0.00245509049619049 -0.00188194100317858 0.000631886382547581 0.000768368988255511
209000 0.0207883523491755 0.118642594521579 0.000179351325645169 0.00148811050365859 0.00156332163157998 0.00202936692712321 0.000998428693200114
209200 0.0213379056095301 0.123919774988323 -0.000637410454151417 -0.00167418326038461 0.000694767196429523 0.00108987516205622 0.000442691699038864
209400 0.0210053390831383 0.121453264020205 0.000866713101033483 0.00153585401238354 -7.56146857641732e-06 0.000686403028989475 -0.00013917936117116
209600 0.0211938468653094 0.121968502564782 0.00216768239815311 0.000183116993169946 0.00201598470676094 0.00244185121997728 -0.000157106545232448
209800 0.020976245273393 0.122816345256215 -0.00257176487761633 0.000341653764347076 0.00119227012907483 0.000662219833810438 0.000532884361549559
210000 0.021346955637238 0.123164366564136 0.00036348746197593 0.00144692109765971 0.0011114102356427 0.00147111663356335 0.000208874403918852
210200 0.0210564758529049 0.123704594581935 0.00205255271188504 0.00331265853555824 0.00170820225457915 0.00226917711278398 0.000677762729236594
210400 0.0213447430208938 0.126230398801288 0.00151509399228403 0.0012396463836286 0.0026005101917478 0.00260385026061684 0.00131781943540514
210600 0.0210869396426692 0.12516906475764 0.00229004279812914 0.00310283720058657 0.00156047584227301 -1.89956981762995e-05 -0.000345388990507456
210800 0.0213337712498772 0.123731630255245 0.00213576681456824 -0.000622155117387513 0.00133647025885651 0.00204441247542088 0.000504633183333809
211000 0.0209094012058873 0.120532966605062 -0.00326302543409121 0.000376211624090773 0.00106086124412824 0.000880342233027402 -0.000654381444245632
211200 0.0212933530528885 0.123327535150319 0.00173649445842013 -0.00233888092536736 0.00152327997930683 0.00106550841170655 0.000578834408920886
211400 0.0210211092224571 0.119096809018154 0.00014164154217224 0.00250697579778341 0.000828735115608944 0.00249815283243051 0.000795900602720169
211600 0.0212851763280386 0.126061560994591 0.00179425259536966 0.00279188805819393 -0.000203480315872747 0.00426174238963862 0.000519608384154941
211800 0.021091629414225 0.12288586319333 0.00261854698286028 0.00440704720469847 7.25642193338992e-05 0.00239636474922752 0.00294108604551873
212000 0.0211354013005333 0.12142850719927 0.00119890975634618 0.000188625675141458 0.000984235855671215 0.00249891024645781 -0.000980428377639473
212200 0.0211264389119212 0.121839473060961 0.00104014315304936 -0.00134091469314531 0.00026413843933494 0.00143421641554069 0.000752110426094499
212400 0.0210984411998989 0.121781733464521 -3.91324985185931e-05 -0.00024899271668045 0.000178136415413188 0.00173898129020184 0.000474468755297388
212600 0.0210775725540917 0.122927288008003 0.00189517400654016 -0.00227380641068186 0.000937207908572343 0.00193920184047085 0.00130967575422528
212800 0.0212251884827754 0.122562275920733 0.000420735164521698 0.00107062202863705 0.000992903534875911 0.0019262059236461 0.000913849643500207
213000 0.0210414359533777 0.122519560455929 0.00388566420952944 0.000359025920461506 0.00242054225817765 0.000742269536149839 0.00188377381474649
213200 0.0212794474258485 0.12485094593063 0.00100806930178761 0.00479724719922605 0.00265868683810693 0.00226043146056709 0.00026435681718756
213400 0.0210118634683736 0.126757140649184 0.00616743267867943 -0.00147523091654995 0.00166013676690426 0.00215116376543435 -0.00191180412563879
213600 0.0211198344539022 0.12395034395807 0.00138006895727832 0.000850949470896986 0.00198748709631305 0.00270007974060633 -0.000593395590070039
213800 0.0211501030101451 0.123473628983437 0.00104129068910008 -0.00399904708370358 0.00128783771038318 0.00394199547655505 -0.000364961136773385
214000 0.0211174264176397 0.122676918029932 0.000666395973631926 0.000698341328183089 0.00264969975006897 0.00188265158571662 0.000430873179794561
214200 0.0211402567721824 0.122890213184086 0.00215839281092502 -0.00223726219346384 0.00282367915771292 0.00276794148885779 -0.000567848125008707
214400 0.0210478756692362 0.122652396402291 -0.00142996553908591 0.00191724732953102 0.00133385604134996 0.00169621146049283 -0.000463618688561188
214600 0.021247848513611 0.124935268177624 0.00348309212684761 0.00140468917199285 0.000507159286802667 0.00284820430746761 0.000522872804482068
214800 0.0211465017061636 0.12486888296587 0.00295030072662671 0.00385262264541456 0.00144142077127818 0.00268404815642075 -0.000470491189367708
215000 0.021233767078627 0.126093232520867 -2.5586639170911e-05 -0.00198667318292391 0.000473630745086328 0.00145677698201303 0.000551693206667168
215200 0.0210095580744427 0.121090293748806 -0.00285076186091614 0.000941305113419151 0.00214566749644888 0.00186488819055289 -0.000346032286463691
215400 0.0212244984642631 0.120751032838674 0.000965104533412192 -0.00326779534284799 0.0016485952093337 0.00219221581269727 -0.000306063267258609
215600 0.020904652371756 0.117615703924722 -0.00306590891027888 0.000918188064194037 0.00053136620269847 0.00180380713173678 -0.000896040249854687
215800 0.0212993585013841 0.123099886900991 -0.001593348003477 -0.000584817023816401 0.000477032248714005 0.00195984532757622 0.000607899183758104
216000 0.0210337739791171 0.125338720603954 0.000947483955801978 0.0038048856572871 0.00136366684065449 0.00074420090946634 0.000846617899426973
216200 0.0212937132412024 0.125452129375248 0.00338325589533637 0.000314651955315843 0.000328148755800068 0.00247464609909091 0.000746444183500625
216400 0.0211125631869996 0.123994739693596 0.00302897162642726 0.00198320552332478 -0.000680912420400707 0.00318233269237329 0.000578892995747489
216600 0.0212808759897438 0.121031018370371 0.00246211503002691 0.00194407848232385 0.000106990774616411 0.00256322523824689 0.00118905037377877
216800 0.0211079266400563 0.122139415484345 0.000965431578999875 0.00324964203377257 0.00149230517267764 0.00149861615568639 0.00157580786776481
217000 0.0212953886277901 0.124632824211387 0.00284235087263614 -0.00206919178334357 -0.000424409612334732 0.00202338528352078 0.0019948364803847
217200 0.0209955682125419 0.120565095239368 -0.000459553265630138 0.000865300616027036 0.000372982930510846 0.00213397950555987 0.00181325017427064
217400 0.0212357002902927 0.121303937262746 0.000234995529401675 -0.00100961895865693 -0.00125564925653882 0.00190470665075541 0.00114293197002162
217600 0.0211178609961079 0.121670946696964 0.00114536761015399 0.00238470947017838 0.00164057344331352 0.00204133738522145 0.00174207635245453
217800 0.0211192913292702 0.124127680618342 0.000876558030583276 0.00089761429791809 0.00145485213420267 0.000810584533953961 0.000772175328139488
218000 0.0211695803163447 0.122574968512434 -0.00201878630041055 -0.000435121021780148 0.00183261026265074 0.00226627476233401 0.000851443732033917
218200 0.0209643299169137 0.122662258042192 -0.00187989940111625 0.00111748342990378 0.000335638153277026 0.00233231755578203 0.00322893963536868
218400 0.0213216247630626 0.12428804789945 0.00268779021736631 0.000443616207590997 -0.000203194166039337 0.00182805383042655 0.00124705371643817
218600 0.0210684624270924 0.123545483750529 0.0031171162088975 0.00358066639357265 0.0027906453775828 0.00191540848183221 0.00242863937556309
218800 0.0213686882122309 0.12365847598853 0.00161049185895517 0.00256959746146118 0.00127819615296161 -0.00117213139334459 0.00186947925017658
219000 0.0211660812933409 0.121605435879254 0.00363911581765611 0.000698829406933706 0.000843124679071707 0.000901261067035628 0.00226030643118351
219200 0.0212606714235574 0.121847500387884 -6.86372569807869e-06 0.00240847617129693 -0.000319280422015282 0.0012883753639177 -0.000185609347500564
219400 0.0211186622194873 0.122642826012603 0.00238962314858865 0.000124371707628138 -0.000591980177584409 0.00170123011290892 0.00103416354675511
219600 0.0210905970448922 0.121007177757572 0.000826366712264775 -0.000666292362334609 0.000171396997665839 0.000644963581370922 0.000952917147784573
219800 0.0211504546816661 0.121773306794186 0.00128445400107085 -0.00078207922979224 -0.000277190918330931 0.00209841220661069 0.000575531729783947
220000 0.0212003983696055 0.122785219060231 -0.00135403171108043 0.00242863852789116 0.000770429338075404 0.00204539837817434 -0.00064347832705508
220200 0.0211475632239547 0.124770854430763 0.0026073207967174 0.000717823863744668 0.000385838689846574 0.000153117617476098 9.91517809270138e-05
220400 0.0212646601378027 0.122928331604698 0.000595373743465445 0.00522840742156676 0.000234359595997063 0.00157110962267037 0.00174757425721353
220600 0.0212853221784416 0.122241650276989 0.00395825265179234 -0.00109891641341734 0.00249553068975043 0.00201038985561569 0.000913660289636994
220800 0.0212402848766011 0.121038349845264 -0.000499239625974737 0.00173040166200364 0.000331328578419295 0.000720513289619512 0.00128989525113463
221000 0.0211352278528582 0.122265754380174 0.00149413925068241 0.000110508637354112 -3.24744796900669e-05 0.00168025350293193 0.00272624920210648
221200 0.0212342342032968 0.122168047454729 0.000106612700670647 0.00169269415945575 0.000213154067655919 0.00119172332491556 -0.000252481637018971
221400 0.0211222645170231 0.123077409965196 0.00411830279698508 0.000136324141866774 0.00164145807232202 0.00123507560480356 -0.000231321308147167
221600 0.0212562044180546 0.124307869531578 -0.000740834992706956 0.00422145634944844 0.0014416834348659 0.00159510974558633 -0.000793651246730885
221800 0.021209828526608 0.123310540432451 0.00313601112259148 0.000340887631741812 0.00177514367527689 0.00403690987674818 0.000251081939161925
222000 0.0212910453324671 0.122823151638971 0.00204375216907012 -0.000817238098783924 -0.000313589900528145 0.0017168372949973 1.48536365009062e-06
222200 0.0210542129332256 0.11940279523015 -6.70457459643355e-05 -0.00158560464067903 0.000906719319975448 0.00167048689042008 -0.000379852218670759
222400 0.02135989794337 0.121994117430985 -0.00213850369839157 -5.01062414237833e-05 0.000761979869666524 0.00083155789278943 0.000710664315646767
222600 0.0211204678076069 0.122071172776287 0.000642099198424066 0.00244132835280037 -0.000303014154006287 0.00330231606666625 0.000662565021030241
222800 0.0213970255711789 0.124329636621795 -0.000208167563473302 -0.000247258125578643 0.00187292983825656 0.00102439790846145 0.00228099129013891
223000 0.0212258381249789 0.123189150290161 0.00322033144179596 -0.000524969262735075 0.0022589265501749 0.00213625394098865 0.00265650170316652
223200 0.0212922273556758 0.123190919685643 0.00180951839178477 0.000306697186202444 0.00193428649279433 0.00289414721754333 0.00189723168949755
223400 0.0211073840715776 0.119454501731101 0.00477752179011475 -0.00064512076028847 0.00127830022972847 0.00248463975522773 0.00170860745603294
223600 0.021236137842146 0.122547924464411 0.00189992289397737 0.00285823916894369 0.000938834770831839 2.14265150778174e-05 0.00226147591731744
223800 0.0211780212371711 0.122531765766679 0.00176817801669489 -0.000378683182808879 0.00113351639394856 0.00114486674390244 0.000934430226197399
224000 0.0212196709660679 0.122383802784821 -0.00250886502386509 0.00250800259002783 0.000522452148211719 0.000626797875352253 0.00104177098931234
224200 0.0212318143389737 0.120722889926819 0.00372932184518384 -0.000466560207015005 -0.00112566925987713 0.000748927650627898 -0.000455726845223906
224400 0.0213376323461927 0.119910478277703 -0.00137873745807212 0.000705866443664311 -0.00103438645572553 -8.1528280353578e-05 0.000793558561364925
224600 0.0211917100907083 0.122311760360931 0.000954034907781648 -2.43697375825437e-06 0.000859806364543914 0.00222874375243049 -0.000543773609074201
224800 0.0213746818631571 0.124189402530655 0.00141956302058001 0.00335364581615959 0.00150998493455902 0.00356069890777032 -0.00228232764173866
225000 0.021330968053143 0.126217142101264 0.00407753828619308 0.00205649802931339 0.00212808051884719 0.00191715836348828 -0.00158653509219297
225200 0.0214093788153341 0.12299670652062 7.65901359121321e-05 0.000790796289354068 0.00168860966708336 0.0020840793304662 -0.00133149448410465
225400 0.0212550295681348 0.122164480587557 -6.72044894266052e-05 0.000923999075096683 0.000433847151401803 0.00357887511206666 4.62933303304191e-05
225600 0.0213347902952665 0.122184556168347 -0.000588271823545694 -0.0010404497151861 0.00144386619784301 0.00292284949358449 -0.00044988630735235
225800 0.0212043462194439 0.121904224260189 0.0020477596023464 0.00114642291074729 0.00160147960444254 0.00103781574828196 0.000503811144918598
226000 0.021450237390112 0.124340464368206 0.00289853060982251 0.00112081862038902 0.0010705352718655 0.00217436279976351 0.00069262801775531
226200 0.0211711484661803 0.121967209011936 0.00329549288495603 0.00265818074589211 0.00220087517938479 0.00245351590232988 0.000114216058130503
226400 0.0215412159066683 0.123537585938546 0.00360798425568923 0.00097698480351526 0.00186869452269297 0.00152469497907843 0.000169463736353459
226600 0.0210585114374937 0.119745004067801 0.00563291836654494 -0.000903749784673308 0.00144021131446206 0.00120205353994738 -0.00198793676740288
226800 0.0215610848922478 0.122682726717413 0.00177604127734654 -0.000148795328428966 -0.00127870001251661 0.00106577190842999 -0.000164216455188657
227000 0.0210280409824472 0.12143050453679 0.00324143686400015 0.00062698594711281 0.000373487463063524 0.000746886082345388 0.000225432328526781
227200 0.021600167179121 0.124103585507828 -0.00227518105474709 0.00103529238964359 0.00126963841575241 0.00142698901235272 0.00038706139667488
227400 0.0210217098206914 0.122179418520314 0.00526820532151993 0.00138945377792022 0.00234302945250426 0.00325698310574013 0.00235792611285862
227600 0.0217168959803423 0.125893765097586 0.000965393943319639 0.00149078516481767 0.00269008683696413 0.0008953824344077 0.00276516035916391
227800 0.021115077604492 0.119793155982341 0.000545996228163585 0.00049487145541101 0.000941949328442849 0.00141819828060553 -0.000277533309873478
228000 0.0214545684403966 0.120849430847697 -0.00178091933789533 0.00115973259613633 -0.000276913106794553 0.000188788341326852 0.000243685199955805
228200 0.0211761941246038 0.121374805729168 -6.02660268050898e-05 0.00267188835474085 -0.000784888272690158 -9.35840747103876e-05 -6.27148820024473e-05
228400 0.0216246556685666 0.124742314568061 0.00225683853227295 -0.000280417603114229 0.00134025959744942 0.000438578351552191 0.0018154038467938
228600 0.0213021517171869 0.125777310711933 0.00183054519535382 0.00162463894469074 0.00279368378244356 0.00265011554335662 0.00118034470803981
228800 0.0215571526295091 0.1260889561648 0.000556971436278609 0.000360206373012425 0.00286493303533523 0.00158051243248631 -4.57380520617361e-05
229000 0.0213106796385915 0.121746374148848 0.00132325211230359 0.00160547235038596 0.00356362108070632 0.00143536578319028 -0.000713006797364235
229200 0.021575128912201 0.124850853603914 0.00176429515137908 0.000801378929557003 0.00203018214874524 0.000690999103105804 -0.000406838915738085
229400 0.021369222971767 0.121995382037088 0.00141354063824638 0.000428881214079153 0.00106095066732817 0.000309421044439488 0.000128154669414195
229600 0.0215765234583128 0.123405715358423 0.00178326710432016 0.00135946465028408 9.96361478116934e-05 0.00139326938890715 0.00144544465971007
229800 0.0212825276810093 0.120838284019 0.00292169312942392 -0.00152187019183646 0.000684403629949762 0.0024826834948427 0.000270480990090407
230000 0.021642496298622 0.124423975068217 -0.000732428428906199 -0.000769164261728709 0.0019526882816447 0.00241750953521173 -0.00104994489997984
230200 0.0211964826149815 0.122338121755205 0.00329903161327237 0.00138663028628233 0.000587563077287527 0.00237539295526779 0.000427217848898212
230400 0.021571304637738 0.124515043146419 0.00163603892822624 -0.000221696371343106 0.000501830697904445 0.002232473252987 0.000295846355580642
230600 0.0212914679995677 0.123353694798349 0.0026047794094139 -0.000712985871044861 -1.41936794393151e-05 0.00162220490349523 0.000526503120905734
230800 0.02163166647901 0.12617245561845 -0.00200794053671717 0.0010864249132932 0.000867129273214653 0.00263007791847888 -9.62763063154373e-05
231000 0.0213201256877886 0.122237670523481 0.0027669799627749 0.00105988707336842 0.000349359513839935 0.00224004338844644 0.000431046320315949
231200 0.0216010705433581 0.123744812525482 0.000889871900883334 0.00165548495820986 -0.00158792995529899 0.00373241967758961 0.00143720737180816
231400 0.0212968269886305 0.122407797576427 0.000894062680638148 1.42471488971236e-05 -0.00181866893521033 0.00450418973297294 0.000317959739881663
231600 0.0214821111164607 0.122552717677567 -0.000824963785801844 0.00145174660075804 -0.0011628564009407 0.00273496322248815 0.00184092598769109
231800 0.0213452545343202 0.122381336681024 0.0026651328466006 0.000256889895752998 0.000177604795011882 0.0021652984120551 0.00107462883163655
232000 0.0214636989737698 0.126319538875525 0.000956417373657533 0.00261198817444991 0.00165954993333893 0.00280312336563277 0.000999289629303676
232200 0.0214316212175502 0.124358800930061 0.00183344928872703 0.000869484677214722 -0.000183846658608263 0.00267364424454511 0.000398313040898934
232400 0.0215232780994105 0.12431974923879 -9.12225936552155e-05 0.000589965459120638 -0.000146135353622722 0.001915802020855 0.00133191770666733
232600 0.0213099242466759 0.122118739969821 0.00261160099446468 -0.000903110335047224 0.000800373264327767 0.00355155332092879 -0.000407751305729743
232800 0.0213769276961335 0.119475083758251 -0.00208673298545556 0.000545593212307633 -0.000810978736097898 0.00129717265219575 0.00103757873409479
233000 0.021429628049896 0.123254474163164 0.00341276786120883 -1.9753655024603e-05 0.00192421305489913 0.00153610888853866 0.00145420361178758
233200 0.0214495979214416 0.124643683845023 0.0013446875303392 0.00332106423461453 0.00186004764452479 0.00151397593460636 0.00129861828753743
233400 0.0214234048286901 0.122303132530419 0.00163647728139779 0.00232993919214341 0.00251001329005915 0.000907951103591145 0.00085181604882545
233600 0.0215145159273308 0.125274758446098 0.000786451401461634 0.00331059515380547 0.0011659572887661 0.000919680820831559 -0.000198152400463437
233800 0.0213646344633346 0.123355116527093 0.00110699951304007 0.000271425431496505 0.000289104727761123 0.00309213748558496 -0.00034856628397862
234000 0.0213434592938603 0.121830385346137 -0.000573766816464062 -0.00118540413430958 0.00167099889509107 0.00200932458789087 0.00115895886034749
234200 0.0213877639961366 0.122034037852402 -0.00179036628952699 0.00135284581116663 0.000112669243349384 0.00167145723982922 -9.84122554743193e-06
234400 0.0213064778429552 0.121510730999009 0.00342975309383613 0.000247609134939234 -0.000445528238064828 0.00189790108044283 -0.000805580614212754
234600 0.0215867518175572 0.126757221694194 0.000629607337339521 0.00247021852443552 -0.000234945390116959 0.00169707217469477 0.000934749780557657
234800 0.0212835620886603 0.12262395035319 0.00310433457386393 0.00191349252670285 0.000195879054517757 0.00191654053001409 -0.000671342393380958
235000 0.0215138103336536 0.125316944601969 0.00221446607521364 0.00222077668717546 0.000815476969714955 0.00211932824657035 -0.00191652476675288
235200 0.0214533532326078 0.121324166255395 0.00136033482766196 0.00294446530366608 0.00100490816774085 0.00358117824327893 -0.000547326101064246
235400 0.0214320315931641 0.121656028888787 0.00148945997508175 0.00389862948078283 0.00137339059754686 0.00330563273649248 -0.00144999988146498
235600 0.0214297274451803 0.121817073630609 0.00236252539427971 0.00149222730946338 0.00146633616212752 0.00276603951615223 -0.00144851252592655
235800 0.0214420416900685 0.121219794749488 -0.000949299179012734 0.000127147481912923 0.00102291266694039 0.00396654319555089 9.83864962959053e-05
236000 0.0214572785940102 0.120213805955362 -0.000417803021377994 0.000236294209334795 0.000346656091360851 0.00254646747660002 0.000404172798522911
236200 0.0215432379329091 0.123621274433042 -0.000317864885109428 0.00148603723310161 0.000176880067106448 0.00259358907199765 0.00191333432534764
236400 0.0214668937903957 0.124780405076737 0.00378466368449258 0.00142215780365488 0.00101935088859637 0.00242150116523692 0.00174631324410814
236600 0.0216297655996621 0.125649083438878 7.30686400553761e-07 0.00622375547651029 0.00171905572039048 0.00148242127993367 -0.000546381195979004
236800 0.0214743062194415 0.123983840125819 0.000526186302856034 0.00141591494390677 0.00222102888153592 0.00246957352741698 0.000852969555421721
237000 0.0216099636359391 0.127330547647471 0.000741590595851761 0.00290989461188856 0.00152851277094781 0.00153316405011278 -0.000121403987637101
237200 0.0214496356545373 0.124767030673022 0.00134161957086819 8.20058330491183e-05 0.00265860120573606 0.000629623397374642 0.0017347614048188
237400 0.021479188458719 0.1230529000292 -0.00111831987642984 -0.000144866243651403 0.00169896896104114 0.00227439318689671 0.000727721352271993
237600 0.0213321118381014 0.122501835418781 0.000242734910618461 0.000646141204096481 0.000196961377471864 0.00260050888337226 -0.00115459827366404
237800 0.0215586261920115 0.124620076646234 0.000522321031593819 5.94072321043608e-05 0.00147524135955237 0.00259554581891791 0.000413074181942185
238000 0.0214291149192059 0.122093847413607 0.00167253776061142 -0.000544341443654 -7.33131935349427e-05 0.00384187268284324 0.00194238500157851
238200 0.021525433117295 0.121905840785245 0.000628077274306979 -0.00229113066518983 -0.000517453196513164 0.00346382321126105 0.00013496602132699
238400 0.0213763315094848 0.119378754651455 0.00206805284551934 0.00065215428555532 0.00100176239683194 0.00196714837120955 0.000370019569676861
238600 0.021475301805623 0.121081954348731 -8.58677651481537e-05 -0.000945027799744619 -0.000123997697328924 0.00341074902978547 0.000560459920364036
238800 0.0214700495334145 0.122829445111831 0.000302425969266929 0.00296898296412439 -0.000620842804619382 0.00046581479447996 0.00140181672441535
239000 0.0214597686516528 0.124753578046517 0.00449143461177702 0.000443527654208783 0.000840692745248885 0.00261483849367287 0.00209278208386556
239200 0.0215091634384267 0.125934987767649 0.00260226882240045 0.00517406058102468 0.000745657751808011 0.00241311341766821 0.000276842249659054
239400 0.0215038456959406 0.125960603805622 0.00463646526986485 0.0030608778776059 -0.000177883944759026 0.00112470556661677 0.000466755985244346
239600 0.021465601221373 0.123826631338124 -0.00195474701550356 0.00240489322942462 -0.000155804763921908 0.000625174115913202 0.00107175004573905
239800 0.0215301482598999 0.124037113079875 -0.00310182141678993 -7.37202048972471e-05 0.00178105903722311 0.00183010717799381 0.00106545523961355
240000 0.0214354811859426 0.121391706672324 -0.000608654265166393 -0.000177305699113039 0.00127112886590859 0.000259409406338897 0.000126757467716922
240200 0.0214586792062548 0.12428146765813 -0.000611293574040001 -0.000444783570559985 0.00124402853579014 0.00260694414911508 0.00106928767878181
240400 0.0214175555812056 0.126567325382088 0.000324093573771063 0.000966224172573386 0.00217953461084159 0.00360809972769341 -0.000765525241494727
240600 0.0215775503601223 0.127285772511112 0.00144078798914577 0.0026861420965468 0.00226383901858101 0.00168481592335522 0.00020515510840937
240800 0.0214092495577293 0.124193376705097 0.00283352024717649 0.000683840156793671 0.00111268191275874 0.00200722034744145 -0.00168076938736667
241000 0.0214432561543367 0.120865192911774 0.000837256331524122 0.00126368272028771 -0.000740051876618439 0.0036179565597195 0.00282515361922496
241200 0.0214377734839635 0.122637706516674 0.00060008038974081 -0.000451805630191654 -0.00128307405394938 0.00247304122679423 0.00151495128547682
241400 0.0213292414880248 0.124850184556557 -0.000366890187063311 -0.000626616519911493 -0.000234859825505223 0.00169212930116348 0.00247287401559443
241600 0.0214905806366515 0.123491420152966 0.00299543901518644 0.00121663751215897 0.0029769287459431 0.00114170206852083 0.000628805435003247
241800 0.02146422135109 0.122997110680727 0.00418733667702907 0.00295162518316566 0.000253755130170715 0.00168587528832079 0.00179878137304826
242000 0.0217257833619325 0.126636094191216 0.00394562959233098 0.00457718513000229 0.000602098142164112 0.00145048435462949 0.000576862270340223
242200 0.0214144667718138 0.123772731806488 0.00357162312689021 0.00160490209522152 0.000723700246201402 0.00193247227111433 0.00146893002362705
242400 0.0216326341172429 0.124063220807517 -0.00242304663486241 -0.000622018173876503 0.000960632761801685 0.00351278621098401 0.0020585431436956
242600 0.0212746896919764 0.11998729837601 -0.000710096766176849 -0.000677556427578043 0.000258645764380741 0.0032093996598297 0.000137821740539159
242800 0.0216874228983663 0.123350262221162 -0.00272931576944285 0.000369973196674423 0.00203404039242861 0.00359582646817732 0.00163869341744342
243000 0.0214600610638009 0.12539667596756 0.00441797509994958 0.00151775089837352 0.00206348614431637 0.00240023733003974 0.00169809515260706
243200 0.0216712698645367 0.126437217339078 0.00314753467479619 0.00214140801819844 0.000909424673678078 0.00270920954909482 0.00131639120256052
243400 0.0214987570527366 0.124718645354414 0.00394009067150968 -0.000370839632277201 0.000353498175322787 0.00220019451370686 0.000458565061471826
243600 0.0215048324718111 0.122072883596713 -0.000798295027829011 0.000587136428611425 0.00126757180752114 0.00304122775877699 -0.000423653099615763
243800 0.0214007976884657 0.121956281513853 -9.14316754782944e-05 -0.00066896257533568 0.0011420215759802 0.00152261314399639 -0.000481094727421327
244000 0.0214580678694334 0.122761655778396 -0.00351430493718967 0.000445473709408403 0.00169046240874486 0.00160067497402001 0.00118779286993191
244200 0.0214165476132178 0.121997244275494 -0.00159265479900215 0.000856175931105808 0.00030825110455581 0.00174071368429276 0.000400696336505483
244400 0.021610894494347 0.122177903704741 0.00187901564358525 0.000793827753525059 -6.3261401590973e-05 0.00147476901585229 -0.000728421314984811
244600 0.0214419892482319 0.124423280431573 0.00364156017750887 0.00530924052325589 0.000432724299611712 -0.000160936560545905 0.000799035339088916
244800 0.0216461097528818 0.127624259283749 0.00378306418344322 0.00563410501371114 -2.75570682908198e-05 0.00216896253619284 0.00153780119815114
245000 0.0215379384295396 0.123721263249952 0.00160148992080534 0.00295982129291023 -3.71556277244051e-05 0.000820359146940457 0.001007803566054
245200 0.0215032596583833 0.121742875663385 0.000144684454045099 -0.000308789553510881 0.000184655632590095 0.00193050096019976 -0.000213270655027581
245400 0.0214417632791779 0.121076386146637 0.000246176020454743 -0.00370403658939385 0.000980126208463978 0.00170921458940257 0.000253367999978027
245600 0.0215103245059551 0.122057973308175 0.00236151185477087 -0.00201708694615355 -0.000143672329149849 0.00162605218642564 0.00103931392646704
245800 0.0214323414888771 0.123225309203888 0.0010332335477222 0.000235555372291739 0.0016139631317742 0.00173128998544812 0.000526672769792593
246000 0.0217518139748659 0.127747750027579 0.00593970884862319 0.00303277179029896 0.00106009313707221 0.000938756011204604 0.00113792720811268
246200 0.0214660607724413 0.124114621331235 0.00281644099643431 0.00326113336066512 0.000731189616339197 0.00177495828932049 -0.000712286797339613
246400 0.0216428155714541 0.123922572314382 -0.000953651201886545 0.000583575226492214 0.000729707981864715 0.00205066527500917 0.000526839188805889
246600 0.0214240026652548 0.122566888954285 -0.000371725001144799 -0.000437867425796574 -0.00139042874994902 0.00341453661693533 -0.000118204807168717
246800 0.0215784266157739 0.121248510834618 -0.00205188904326623 -0.000407629144925678 0.000814608764736169 0.00276330664851421 0.00194295188736108
247000 0.0214019371606903 0.122109937612863 -0.000214354331907026 -0.000155172152109602 0.00139758570882556 0.00208633199989201 0.00149404160310493
247200 0.0216409062242018 0.124859840810861 0.000955179412416874 0.0018057023204548 0.00217946408876576 0.00156205041177272 0.000964762495191337
247400 0.0215157035731014 0.126912762578942 0.00208405548905359 0.00365226404070036 0.00375402175106135 0.000544523311669114 0.000895156448474039
247600 0.0215738314303815 0.12517170577573 0.00117705105685105 0.00323808384890011 0.00154276366259478 0.00089599889879683 0.000572118208250055
247800 0.0213920893286521 0.122482457956031 -0.00181926095877194 -0.00268421707699946 0.00252525451687749 0.00145538322516839 0.000304717512834508
248000 0.0215206983248988 0.120832868526587 -0.00359589804224076 -0.0014624512503009 0.00223671198022274 0.00237695633706311 -0.000389778023509951
248200 0.0214265119145122 0.121588945325277 0.000744287133299161 -0.000254665587106558 0.00094471364368019 0.00278172610599306 -0.00042006199487531
248400 0.0216004156463252 0.124051117641617 0.00242227428898819 0.00247754273675659 -0.00109204521553303 0.00372552052793746 -0.000291546166197444
248600 0.0215018169714957 0.122873430838574 0.000291664304764905 0.00243285366092087 -6.62060644850771e-05 0.00284809051860595 7.8873235713567e-05
248800 0.0217224349981189 0.12670783552187 0.00059595927159561 0.00246879924207814 7.56037644029322e-05 0.00253188773227506 0.000682476855520534
249000 0.0214003585909927 0.124646326259236 0.00209733226936878 0.0009695383745453 0.000650723430273022 0.00375266775492929 -0.000654297693946672
249200 0.0216740720000523 0.124695696403392 -0.00133660646207173 -0.00159878065105031 0.00168286520109981 0.00417341521049109 -0.00124449359242133
249400 0.0213575967919615 0.121301582961626 -0.000692460756965198 -0.000452676985995651 0.00254975774497618 0.00183012842575985 0.000655434675177187
249600 0.0215402692554334 0.123274611313209 -0.00183413538681626 -0.000627515709731215 0.00141442036490572 0.00227228591792324 0.00181497406933543
249800 0.0214160001654532 0.122878371779584 0.00485589260434295 -0.000351952502880711 0.00073705311291584 0.000870860038116912 0.00187173246122535
250000 0.0216163179002891 0.12595632477754 0.00221390930271322 0.000971013251906475 -0.000232151696966777 7.73567481896973e-05 0.00181541567865442
250200 0.0215430560232734 0.12228144382489 0.00317043559256681 0.00395286872233884 0.000617083045249485 0.00107873041340943 0.00217780844114195
250400 0.021598648390845 0.121556902429704 0.000744845643702099 0.00382342571448607 0.00262474699787378 0.0018800049751347 0.00162427212277356
250600 0.0215172015503469 0.120957010941394 0.000132495691458418 -0.00258283828815347 0.00198803331906455 0.000494556572259962 0.0014610499653403
250800 0.0214565236998773 0.119843204597039 -0.00194782375702073 0.000361024776584648 0.000575643059433441 0.00190537372507198 0.000968779280300337
251000 0.0215989274321245 0.122986969252029 0.0014770787907445 0.00119851505790111 0.0016654892865906 0.00274618862071293 0.000657510771410076
251200 0.0215918103140294 0.122065159119628 0.00192792219855379 0.00226968698366521 -0.000116598580988121 0.0016108691789432 -0.00024273286511109
251400 0.0216259013938607 0.121819981212037 0.00308093468171596 0.00439000735565149 -0.000505988726508796 0.00287854467580219 -0.000311985427075584
251600 0.0215819276579525 0.12216938975447 0.00152484410630052 0.000534156638266709 0.00207091154943419 0.00267721902538889 -0.00199858450398969
251800 0.0216278539697855 0.121330306778818 0.00430212153865686 0.00187290777605243 0.00167808560634932 0.000975329958490225 -0.000231039927363639
252000 0.0216135970937433 0.122060367245355 0.00159791713916516 0.00278823026265368 0.00100893291093861 0.00111071368976213 -0.000166258838825434
252200 0.0216102892699724 0.124972236791067 0.00232415265317456 -0.000155389303475986 0.000610034596471413 0.00118620416326235 0.000100841223404145
252400 0.0216284972908918 0.124135174995653 3.82023818932935e-05 0.0013342477197931 0.00184209511568568 0.00246295846589944 -7.4630852133489e-05
252600 0.0214069092775971 0.120386858571318 -0.00204752458477953 -0.00338892602208543 0.00105750046904243 0.00242968428327682 0.000991139448750216
252800 0.0215237279231288 0.121027753290245 -0.00244763227194454 -0.00143697634104405 0.000424343662658566 0.0015408946972958 0.00111561345086225
253000 0.021472406142227 0.123836186165458 0.00229308994381369 0.000450655618289054 0.00011483738246564 0.00104665016337421 0.000938044434931575
253200 0.0216896941576109 0.124740847710617 0.000633046220651262 0.00128282213091906 0.00233136516418895 0.00229023661058097 0.00232583479288976
253400 0.0214704572899732 0.123720686484623 0.00291535528739663 0.00357085112602631 0.00231653492220738 0.00128747090138967 0.000546527577571595
253600 0.0218139602612227 0.125933150099811 -0.000344509507763324 0.000830571442656131 0.00159669370884012 0.00253323737467392 0.000517472591299188
253800 0.0213114897027288 0.119960366923562 0.000185777905973392 -0.00266372164646451 0.00208078423322983 0.00124562035436218 -3.79368862366611e-06
254000 0.0215827470663966 0.119809222161864 -0.00405764343170342 -0.00266522567723077 0.00177725615941231 0.00249225764111836 -0.00175583756081043
254200 0.0214622611245707 0.121858639403915 0.00073869878629666 0.000296718346941215 -0.000419738426761375 0.0033527755333621 -0.00114676879128666
254400 0.0216492267642062 0.122095739253394 -0.00056243339290702 0.00104266050684281 0.000791793400509145 0.00332196802266663 -0.00034111002097177
254600 0.0215366368098476 0.124286773483734 0.00161930662478112 0.000451957241893463 0.00153836496956983 0.00140213803809824 -0.000133614902310298
254800 0.0216755383323326 0.123055129202977 0.00195913687654456 0.00382984908824789 0.000404678854731908 0.00260840960090884 0.000993011168946491
255000 0.0216605992474183 0.12798610605964 0.00342416621514399 0.00260287474342848 -5.77517105486334e-05 0.0022317961057686 0.000474862698552135
255200 0.0217112406724975 0.127674627420028 0.000322475982248909 0.00292146124857666 -0.000757679356442126 0.0019373622286899 0.000452112668770597
255400 0.021653787890684 0.125709719514573 -0.0012472884892827 -0.00135705773837439 2.01128562204402e-05 0.00266089663467419 0.000751949432167509
255600 0.0214732726147214 0.120715474605875 -0.00225739087246047 -0.00392834565014524 8.33042835382711e-05 0.00052191445180067 -0.000112519322242778
255800 0.021568997976174 0.121585214374533 -0.00156665580816464 -0.000934660971037141 0.00259786222265997 0.00230477015943152 0.00205746959126895
256000 0.0217031077755673 0.123846228306372 -0.00163678787865852 0.0012510804439396 0.000994789862688564 0.00126510944707363 0.000829182374327932
256200 0.0215999135606255 0.124775648661526 0.000941373826061462 8.65312478686183e-05 -7.7437285742826e-05 0.0023242943687076 0.000932343968196253
256400 0.0217700593706613 0.126748750716066 -0.0010229316724792 0.00256860923792346 0.000996294353049305 0.00296092499078848 -0.000678167516287152
256600 0.0215767984729443 0.124030879264843 0.00289369915225509 0.00039721425128126 -0.000371260779345515 0.00376986813896625 -0.000303085104306867
256800 0.0218366381738244 0.12618585627457 0.000570072144340889 -0.000184531963864571 -1.4213587725013e-05 0.00210191046354647 -0.000192211818711078
257000 0.0213649955630974 0.121550939729792 -0.00016906883411747 7.3458872399735e-06 0.000976346748090849 0.00327587894445085 0.000231420096229547
257200 0.0218432928485095 0.121567456470047 -0.00399534189123529 -0.0018914059991322 0.000750240240915812 0.0015557248820631 -0.00029611507252054
257400 0.021403288487724 0.120872091910737 0.000982389766620466 0.000956887607748205 2.34405531318721e-05 0.00220514425098486 0.000603437314839871
257600 0.0216933920788883 0.126634713476973 0.00112635532314042 0.00247433817447038 0.00183154239985988 0.00251926348089263 0.00226643842777637
257800 0.0215415344624577 0.123467616894651 0.00107758544761038 0.00378269362499883 0.00234583750623141 0.0035088887644878 0.00144703865064761
258000 0.0218213940092542 0.125752758518939 0.00345455778511956 0.00333025063881424 0.000843387306799948 0.00241141496962123 0.0011085460493169
258200 0.0215186816570088 0.124076928750826 0.00518192900733321 0.00346378550605054 0.00277130415835477 0.00174748945322842 0.00131252565284979
258400 0.0217992218583846 0.125242960830228 -0.00117053713153179 0.0010537943945161 0.00124745547100442 0.0021349254506579 0.000602383016717805
258600 0.021325092295772 0.119032116071226 -0.00273431649997347 -0.00120564240936148 -0.000456264578316682 0.00162052024408952 0.000830492903827473
258800 0.0216605803464669 0.124251861439955 -0.00254674722382614 -0.00455841403539987 0.00222727109479086 0.000834207564256267 -0.000493364537668674
259000 0.0216111387343046 0.122385042482162 -0.000341606616464364 0.0016337868442125 0.00162618399817578 0.00104394510377793 0.000223430326966916
259200 0.0217013117569286 0.121988907199066 0.0021967841160684 0.00269522975073462 0.00268693619855835 0.00197645369449262 0.000881054138043321
259400 0.0217067840940508 0.122071193307228 0.0046618308679763 0.00163064268491731 0.0033076557772685 0.000835768692865416 0.00232748176190675
259600 0.0217146272276964 0.124800307945961 0.00200153254563466 0.000421501566873669 0.00119779137599855 0.00077355679375316 0.000507282943891993
259800 0.0217050655153478 0.125040691323908 0.00436379095500302 0.00148702216213826 0.00343753575646612 0.00120207976827389 -0.00242257894758634
260000 0.0214738156714406 0.124011033975762 0.00218228355873842 0.000534207076402059 0.00196481107282724 0.00234671247368531 -0.00155993703740977
260200 0.0216509537437051 0.120800564040374 -0.00194063837722312 -0.00251254398411226 0.0027526254535 0.00207879146481065 0.00109195463349482
260400 0.0213623280719534 0.120881951005443 -0.000591238103324537 -0.0023840716213024 0.00188419331688719 0.00300073318263725 0.00200203569744969
260600 0.0217787515095158 0.123013980551075 0.000924697286305757 -0.00230952450529132 0.00156981877541478 0.00182657763875113 0.00174055383834756
260800 0.0215618631692414 0.123107944545817 0.00219385167869384 0.00232837046210221 0.00227500852791379 0.00191936446148215 0.00211997873196315
261000 0.0216896500476996 0.124098787242192 0.000811663618093791 -0.00300102567091166 0.000591615761338179 0.000420550107537965 0.00121075087598553
261200 0.021445097883111 0.122681637386744 0.000279588536163367 0.00407933002083181 0.00145268602627606 0.00188284105411632 0.00126776529469846
261400 0.0217783431854855 0.123181718711003 0.00184482952381889 0.000723285800364437 0.00271666494063985 0.00111433490571431 -0.000238271351263992
261600 0.0215170111891829 0.122108099886821 -0.0017818910354385 0.00262512426902306 -9.28935991540609e-05 0.00228478137800986 0.00139592276713587
261800 0.0216564581705028 0.125718819544793 0.000875955144510313 0.000494393320684751 0.000749206810611677 0.00313349550248126 0.00149670196837093
262000 0.0215144403439554 0.122011229032396 -0.00095387385706065 0.0022767020942681 0.00130153035456762 0.00370069031961085 0.000935648898509856
262200 0.0217214759559984 0.12471775274304 0.00118878134441224 -0.00154903994640255 0.000377834843730455 0.00265357842304494 0.00117587403972859
262400 0.0215117287129408 0.122480399315414 4.56322408159992e-05 0.00221901398579577 0.000360418559376325 0.00220965297082914 0.00105907599299873
262600 0.0217946362908078 0.124994463711643 -0.00059475156080926 0.00266933644661505 0.00181918720147895 0.00254901420875703 0.000330221360118027
262800 0.0215866505847898 0.124501355581136 0.0025045263595364 0.00365751039315852 0.00162808320186186 0.00282569639675337 0.002523225429483
263000 0.021677827574616 0.122933453147526 0.000331814028177271 0.00178157848275306 0.00143118488115078 0.0022722839402148 0.000165490433380566
263200 0.0214246489686792 0.118952300233628 -0.00227167294745731 -9.48124336869744e-05 0.00156954364836484 0.00131132431661866 0.000481317298982211
263400 0.0216494544052015 0.120663127699779 -0.000510254749578095 -0.000139344113213466 -0.000770257369174985 0.000241408157763472 -0.00116349112857371
263600 0.0215476562661386 0.120324944352847 0.000294043471178087 0.00106872200955637 0.000473365809660524 0.00295157066408359 0.00098014799847538
263800 0.0218428337247083 0.124932208116325 0.000685450171945571 0.00181773010869074 0.00260645495056116 0.00176612920687131 0.000681190978369106
264000 0.0216625792759949 0.123665500475951 0.00280109789989163 0.00245695989880189 0.00367988478368977 0.00312999169059456 0.000471684926083608
264200 0.0217756272026682 0.123559186733651 0.00248800950578916 0.00408840270782724 -0.000652582708352079 0.00185307861765719 -0.000400943079770961
264400 0.0217515737762723 0.125250029013009 0.000490783963940241 0.00482210899279779 0.00104621521445803 0.00102176392457252 0.00058897124782235
264600 0.021659606240651 0.122361764901403 -0.000858395511418011 0.00299472093502295 -7.66757067272199e-05 0.00282993228965125 -0.000383125427985356
264800 0.0216716194269693 0.120915246435785 -0.00120629353306626 0.00184475004606747 0.00139799078007468 0.00149832941181691 0.000804168817564285
265000 0.0215085585757404 0.119565369514511 0.00106999821006934 0.00359992975259169 -3.44192830484521e-05 0.000473706266174228 0.00121958164311608
265200 0.0217026703743709 0.12220840044583 -0.00153800242990236 0.000123476906826855 0.00156685440947857 0.00368837303277192 0.000151948242657204
265400 0.0215465185593611 0.121640115192815 0.00201820050504151 0.00518863437340635 0.00141859847607461 0.00292169079288704 0.0010563267950331
265600 0.0219103090027023 0.125957756720881 0.00305557556402869 -0.00220870164056283 0.00208440648516067 0.00317793160552696 0.000697354722668913
265800 0.0214570933734092 0.125331295970696 0.00284454719280127 0.00265988147795733 0.00165506797365547 0.00143313013310902 0.000872094617309244
266000 0.0217885852618644 0.122752295194378 0.000101731854196426 -0.000881016391183274 0.00116816923892506 0.00140177326946038 0.00117995446335177
266200 0.0214224754189472 0.121302614607088 0.00038724598825897 0.000529656630207613 0.000607631114939601 0.000539547949935678 0.000737162132547545
266400 0.0217128315840627 0.121356351665458 -0.000243053547601888 -0.00113116190404992 0.00168528743866812 0.00326542020063098 -0.00132945915293968
266600 0.0215275446467499 0.118965488097874 0.000176158853015955 0.000746212809757917 0.00129123860959609 0.00288748989428177 0.000967768512291526
266800 0.0216484842233829 0.120222825057812 0.00250790002552482 0.00123793161358292 -0.000408079152073865 0.00324085706780772 0.00052812648710125
267000 0.02164842706736 0.122987392831222 -0.000778959962603279 0.00237707032346134 0.0013983882501269 0.00195826677219547 0.00117121022354205
267200 0.0217721109228584 0.125708630816594 0.00305646167410217 0.00395789963844545 0.0022957854534146 0.00139463636131522 0.00130360029714189
267400 0.0217065363141695 0.124061818693806 0.00114425523775395 0.00311871865645742 0.000779312693060543 0.00135268097052363 0.000678625007810849
267600 0.0216454634171687 0.122809409593786 0.00216324850555846 -0.00291409607531354 0.00297842107162133 0.0014695163523515 0.000131785575404732
267800 0.021670447233946 0.119990574988873 -0.00108284214041705 0.000245139811275314 0.00347823485065857 0.00100534445993189 0.00106667503512706
268000 0.0217001712617236 0.119943206722903 -0.000341666736743875 -0.0028623174973181 0.00273411413144633 0.00376825360551442 0.001789133313948
268200 0.0216718236245431 0.122354144962846 0.00130506672093456 0.00394179835768006 0.00162694758814242 0.00185677899342377 0.00136913557090152
268400 0.0217325527596529 0.122225742906241 0.0033539907380459 0.000937294146835118 0.00237642406360087 0.00266047650115024 -1.79681405441981e-05
268600 0.0216877930952429 0.121379641443793 0.00196157419823586 0.00470238382730124 0.00134997727214056 0.00272615485167695 0.00103962489534421
268800 0.0218881844658918 0.12555504766171 0.00591539709430297 0.00197227529663758 0.000822324019684771 0.00070712572709177 0.0012484307554564
269000 0.0216346131935766 0.122431495291225 -0.00040492836242379 0.00272329553169808 0.000573949425619239 0.0022127721217789 -0.000328092142838693
269200 0.0217902756005122 0.123963292111558 0.000549915476726892 -0.000231325921542319 0.000535724156250409 0.00138707673586513 0.000878020433009095
269400 0.021595029245659 0.120398454802099 -0.00231076989959726 0.00403996793164995 4.15712807403745e-05 0.00182123474408231 0.000854014678862549
269600 0.0217892656482694 0.122483212162982 -0.000696794115377447 -0.00355897170330808 0.00222141247678432 0.000761348017175543 0.00112660648599931
269800 0.0215871714706479 0.121731097173165 -0.0016325987003524 0.000178104891464157 0.00205554352135213 0.002514023606375 0.000631231191089847
270000 0.0217710034611085 0.12538735977881 0.00164642885875237 -0.000947016930408301 0.00219279428844628 0.0032521485628047 0.000783542423858165
270200 0.0216154284179574 0.125199319857744 -0.000513587705033375 0.00268730731705969 0.00154648010539655 0.00270452309664644 0.000912507822334421
270400 0.0218464800600416 0.123769651768278 -0.000598532080036209 -0.0011231465455366 -0.000101464247827542 0.00261639823862244 0.000830162740781799
270600 0.0215840308183141 0.120401976198857 0.000222053974189393 0.00246139918153834 0.00117648383370821 0.00274753908664104 0.000387124931054789
270800 0.0219454223365223 0.123136274232203 0.00188519309448656 0.00116298396763781 0.00101474199923487 0.00169882747726667 9.08187185934952e-05
271000 0.0216803930844234 0.124139010315667 0.000954431640336976 0.0091778569560699 0.00138844303942294 0.000918884892642716 0.000754793220080157
271200 0.0220613942522279 0.12602740704106 0.00294691576596296 0.0011376189885293 0.00102681498760388 0.00186913447582557 0.000796419540422317
271400 0.0216459381995864 0.121429850567234 0.000753349703033904 0.00471935049167735 0.000601204028188233 0.00256987983861414 0.000623920874031794
271600 0.0218663686216085 0.122515198373368 -0.00265121951623877 -0.000890254626580744 0.000772612287597359 0.00104206686675974 0.000953133623400158
271800 0.021636908935043 0.123588856927872 -0.000506708737744725 0.00342427175053077 0.000641606722207819 0.00126534179886943 0.000944234405040983
272000 0.022002988073998 0.125002147905172 0.000158849705505131 0.00033097775138143 -0.000104702882547197 0.000457341564692371 0.000380674458925569
272200 0.0215903868101927 0.123158327246435 0.00155612943163794 0.00160976775494439 0.00149497643192579 0.00165381492793211 0.000701462023227627
272400 0.0219843747135725 0.124957266041179 0.00411849977621588 -0.000918228877696635 0.000875098583076577 0.00402494687527174 0.00192814088948104
272600 0.0215305411374432 0.120174443260565 0.00223823469338433 -0.000425833056836096 0.000950538492060313 0.00218324011281023 0.00242285992787255
272800 0.0219197650279318 0.123615624316974 -0.000877642993474709 -0.00490031207092621 0.00066170677413216 0.00153160471020568 0.000250561696419384
273000 0.021595601997647 0.1226295355781 -0.00152896827977067 0.00025010483412399 0.000108758247427852 0.00155949774636735 0.00134053063850813
273200 0.0218721075192295 0.126809843525174 0.00127778608926281 0.000494205540346636 -0.00104337554305554 0.000762519228077009 0.000129557869601777
273400 0.0218883119712434 0.124874113615527 0.00258562450211059 0.00339598270783691 0.000302214429492033 0.00272532848429055 0.000448703191730187
273600 0.0218276237109296 0.123255714436697 -6.56145470574066e-05 0.00112799853941538 0.00164507252874722 0.00110536612723591 0.00103430406349611
273800 0.0217484856838818 0.123589283849985 -0.000781040857859173 0.00115599431916368 0.00178948612857986 0.00350529661009205 0.00187926718712128
274000 0.0218349553496639 0.125258586790633 -0.00124110244252047 0.00112401557772778 -0.000109027555670938 0.000988690461460849 0.00308890970067514
274200 0.0216246041504182 0.122227221438778 -0.000985109880737278 0.00200070274428634 -0.000199365548659934 0.000572069590115166 0.000855703998241967
274400 0.0221747441906784 0.126145733297946 0.00177578761112454 -0.00162582378586143 5.78029903889884e-05 0.0016235335224644 0.000181985287491724
274600 0.021740586657918 0.126290706656779 0.00429044528666004 0.0017133605517724 0.00148671488253441 0.00208019155776244 0.0011307113469847
274800 0.0221196158060759 0.125258674568737 0.00175983913569741 -0.00237152668027002 -9.54476936805261e-05 0.00346639860571793 0.00251944761434922
275000 0.0216578006280928 0.122647187314333 0.00268734349649089 0.000921617695131498 0.000452904001660446 0.00349418812040236 0.000731447251526902
275200 0.0221429080688445 0.122924036578945 0.000991402470031265 -0.00100971152918857 0.00108277385994101 0.00134026466180998 0.000461001301897068
275400 0.0214575719450053 0.120555507041098 -0.00210119463102884 0.00263537590425323 0.00136451650519764 0.00235010720963664 0.0023662433166052
275600 0.0221945213165271 0.123178498306467 -0.000851923789003069 3.19174428536818e-05 0.00263212057237298 0.00303284697172394 0.00223222482636419
275800 0.0215846323634624 0.122266117724508 0.000282594244520865 0.00546600449912226 0.00093531664407785 0.00208804171859977 0.00251601033452421
276000 0.0220200607291138 0.126497381587939 0.000202968881226434 0.000348440767347784 0.00140275771730237 0.00178189945114709 0.000357661246295654
276200 0.0217933166333422 0.123941316319907 -0.00114420536613343 0.00192725912460064 0.00296440380729714 0.00188857546610585 -0.000349293223460447
276400 0.0219586433974084 0.124491071989529 0.00179630344177872 -0.000800810063386547 0.00121010753578391 0.000710176864663515 -0.00097053710403102
276600 0.0216607278600099 0.121196329959383 -0.00149128185184243 0.000542979552324994 0.00135490859944241 0.00178929137034414 0.000921445697322575
276800 0.0220284716234851 0.123372828081729 -0.000211198980347449 -0.00106591304741791 0.000572543727702573 0.00190813466953139 0.00088356092969514
277000 0.0216543271039852 0.119859516009701 0.00109862768964994 0.000612536880780978 0.00300854303555076 0.00326766787043907 0.00148262052178495
277200 0.0220231622847886 0.123177546070953 0.000861697441171019 -0.00188295488794179 0.00239220141690709 0.00162375216756568 0.000745972543963508
277400 0.0218021409828255 0.127489715429603 0.00470669651773695 0.00174815363357082 0.00199955291172029 0.00120332017727336 0.00112821661784104
277600 0.022076154300978 0.126839282156164 0.00176986109740603 0.00417300282189081 0.000709562367093318 0.00134662872473472 0.00146810327591385
277800 0.0217257241975859 0.123526977034703 0.000613092583017683 0.00263126826084199 0.00179963875000893 0.00208436255361552 0.00160848660395542
278000 0.0219042119689352 0.124727188846493 -0.00178393312849747 0.000827362901799622 0.00138828109445912 0.00246779058357706 0.00256388843691386
278200 0.0217563931166734 0.121887027625773 0.00148805792694519 0.00170673563976309 0.00206615103017985 0.00283234120951538 0.000923883162739189
278400 0.0218457585441212 0.121612758867692 0.0011189359630821 -0.00289819988399526 0.00126949854035873 0.00144652029414559 0.000709773112837713
278600 0.0217771824652702 0.121381661717292 1.01411717982388e-05 0.000827253008405078 0.00114463712810958 0.00231506203998799 0.00161155957827788
278800 0.0217907874239971 0.120066411293428 0.0020350229092928 9.01502192667259e-05 0.000940888350827308 0.000674099865779694 0.00280438810328185
279000 0.0219858294706896 0.123420971236158 0.00490988974819502 0.00398070250049844 0.00049681886244979 0.00099732487877846 0.00231283837099619
279200 0.0220447176366727 0.125620643126267 0.00590898749648593 0.00476977803223276 0.000431620287476671 0.00159015272128335 0.000758692231267464
279400 0.0219657769200341 0.125698247391784 0.00208504071481669 0.0012381447337047 0.00236695116184862 0.00134157747158747 0.000328999415597678
279600 0.0218391096361924 0.122126914026751 0.000629559478867372 -0.00252030517227259 0.000258989573802332 -0.000129125967311898 0.0024552532689072
279800 0.0217965789630492 0.119384650439091 0.00062215721974507 -0.00157817249685136 0.000945815125564181 0.00123809867333036 0.00171993613705625
280000 0.0218448235226563 0.122114079669792 -0.00117462770234672 -0.00108110228474748 0.00134180886550359 0.00501731210545934 0.00132966684868119
280200 0.0218225735841444 0.122120948090264 0.000237874401962715 0.000180631474418937 0.00038003012777158 0.00296699543587344 0.00136266276207196
280400 0.0218923950249186 0.123047936577707 -0.00075558199839602 0.00102756886293728 0.000679581309138988 0.00233477370288783 0.000441810831737804
280600 0.0218994167145578 0.123911469789035 0.00109490027780831 0.00198362245335959 0.000886897704206029 0.000944165789592946 0.00101608408606777
280800 0.0220310803270348 0.125283513397977 -0.00113790706426169 0.00143262831307998 -0.000119203915854511 0.00134612643212575 0.00265507025072728
281000 0.0216640329417305 0.121665639393771 -7.60885406794331e-05 0.000219602243960763 -3.7657123530848e-05 0.00148230035131825 0.00115948899163365
281200 0.0222211589514172 0.125286046030967 -0.00281988260731224 0.00122158714136578 -0.000860231776352693 0.00168902367211407 0.00183193631135787
281400 0.0215499872695346 0.120992420735258 0.00273947804712755 0.000371575525028328 0.00108255609411608 0.00150889670004545 0.00161597411297151
281600 0.0222093750595055 0.126546838916048 -0.00137294097793075 0.00321032745001344 0.000904237173820978 0.00109762260091581 0.00136294698552391
281800 0.0216037845420159 0.122214062529543 0.00212805269467514 0.00547020157787691 1.37183925009617e-06 0.000722901236302722 0.000973812125886501
282000 0.0221268624387751 0.123361359738094 -0.000364668491576946 0.000124100695005704 0.00109259417744411 0.00110869603493132 0.00204451985226332
282200 0.0217590117224779 0.12121464671819 0.00183157044135464 0.000793745785273086 -0.000803363928905849 7.242830713892e-05 0.00148168438578995
282400 0.0220030226832989 0.121631673547762 -0.000178576475578968 2.11137440391689e-05 0.00169795577865268 0.000942914218631991 0.001299696545473
282600 0.0216591771543551 0.120532979502229 0.00339520444670005 0.00324319876388483 0.00131094956470541 -2.42199551889702e-05 0.00143552831111688
282800 0.0221656559203051 0.126738660433922 0.00364033792003021 0.00333484308756174 0.00103727336708637 0.000988031230295018 0.000449383107149977
283000 0.0216962113257326 0.123560331971727 0.0049445366073147 0.00412644779494442 0.00127081329966835 0.00160243159317595 0.00183283445910276
283200 0.0220306041983781 0.123570788640619 0.000988388218286629 -0.00116846786946203 0.00194181487238743 0.00114436745189637 0.000986998784077985
283400 0.0217461542073377 0.119415016594427 6.31400611223247e-05 0.0005666905442797 0.00201647796567624 0.00218134084683211 0.000819093275836178
283600 0.0219112737442614 0.122433711917075 -0.000205878535224529 0.00311136049428509 0.000799578391977259 0.00290398710046286 0.00266266110794875
283800 0.0218543879582098 0.124924137502185 0.0016247042053894 0.00240518486981393 0.00216033850908413 0.00240723750557173 0.00213996101351905
284000 0.0220576673749699 0.123194845017703 0.00116387979608634 -0.00136043138225034 0.00114292515653036 0.00269429581240072 0.00238732456121867
284200 0.0217924304326714 0.122321875724569 0.00230820587536621 0.000341145557389567 0.00215799010374813 0.00285013060026268 -2.08732822345541e-05
284400 0.0221327598266989 0.12398974802002 -0.00108589141543705 0.000735205247780844 0.00253389710142502 0.00160832712275639 0.00168769782549029
284600 0.0217145289060108 0.120839055820548 0.00432917445373324 4.39408101015267e-05 0.00185239901492748 0.00274879148284004 0.000230779797862867
284800 0.0220514333068047 0.123972133814613 0.00320370493767323 0.00148365671285723 0.00200927149850078 0.00208690736859303 0.00147580370890373
285000 0.0216973438242935 0.120567932104043 0.00119446193482681 0.00148461083105622 0.00174155793686484 0.00260187687453703 0.00158266266186492
285200 0.022027792350403 0.121752309228438 6.30192687851987e-05 -0.00203294949669053 0.000535688499855719 0.00176552928009195 0.00211522146567863
285400 0.0216332932128213 0.120433432284937 0.00350814668961358 -0.00151270688098667 0.00211070956141579 0.00294108764127289 0.00128951436727775
285600 0.022172293128968 0.126144881385572 -0.000217284549443172 0.00148634993242072 0.00277348542834393 0.0017122804863155 -2.91468908940092e-05
285800 0.0217284091377298 0.120816245966076 0.0051588759575548 -0.000738754006987016 0.00301697783318599 0.00399823300336 0.000458402299687243
286000 0.0220446847671928 0.124823795030963 0.000788249309440173 -0.000442147825758018 0.0030644219408453 0.00255406037161413 0.00027170576177741
286200 0.0216674691236017 0.123133814679592 0.00142162246343221 -0.000545888769948929 0.00173902695226087 0.00259302343874251 0.00141001759452859
286400 0.0219800786663412 0.123469439033983 -0.00197798009281653 -6.59511974998141e-05 0.00188788939001939 0.00132772469326326 -0.00127509027272369
286600 0.0217434528869678 0.120349221284754 0.000444304014563849 0.00140063169958833 -0.000141320226074601 0.0019757818522305 0.000996941881439721
286800 0.0221223941900017 0.123706616449988 -0.00220350032658248 0.00153366717928767 -0.000261585740642996 0.00195034359593047 0.00188103650705822
287000 0.0217947869236398 0.124546947535849 0.00106588825127643 0.00188213046150661 0.000480301360946094 0.00146132168455383 0.00134360612888641
287200 0.0224742948120883 0.128620414664753 -0.00130887786754969 0.00312873931213577 0.00210291307297786 0.00260354878494069 -0.00026425386468711
287400 0.0215351537848809 0.122074863101215 0.00289866990283614 0.00338193479626545 0.00127211845931605 9.72768764816057e-06 0.00119906114391291
287600 0.0221881466742565 0.122868969316211 -0.00110739913781341 -0.00225534310567938 0.00173912075479786 0.00101895122440173 0.00156229540364883
287800 0.0215907886867924 0.118992242308505 -0.000196769083317915 0.00138056894894956 0.00189141466981063 0.00311724116594295 0.00121224391504965
288000 0.022005714943804 0.12152613609652 -0.00220312143191897 0.000174231739748646 0.000590478418195592 0.00134918659477586 0.00232203128607652
288200 0.0217083609333556 0.120704251424968 0.00245756898671951 0.00249190010225513 0.00206401804735868 0.0024556574793712 0.00141685769475827
288400 0.0222032320354168 0.12492426787304 0.00264926012234209 0.000988155779704092 0.0030207278500395 0.00124358907346131 0.0023666655480611
288600 0.0218010861867844 0.122669218821224 0.00584762247540689 0.000171479606399377 0.000691031588253557 0.00146635730502455 0.00192021548235607
288800 0.0220860945461137 0.123374418179254 0.00244354326732332 0.000330178735697512 0.00114180444776832 0.00308020320904974 0.00157003536934534
289000 0.0218514104980122 0.122545207906417 -0.00111468847259704 -0.000485343948253328 0.00168090804960188 0.0022258690499698 0.000909201421209173
289200 0.0219229970058478 0.12198348394949 -0.000548231227958634 -0.000818071016304662 0.00125500163705697 0.00205063496491705 0.00234063774878409
289400 0.0220038081607472 0.122443632652931 0.000617605024863242 0.00198120002756687 0.00115265895315971 0.00112005588887092 0.00091288909927291
289600 0.0220292975232799 0.126043598493733 -8.9564783294498e-05 0.0023015295701286 0.00215567249831297 0.00144156442832528 0.00136546767736975
289800 0.0222499364081228 0.127733137785345 0.00436352592692914 0.00353215384049604 0.00324833977003851 -3.54590891394128e-05 0.000407412506277493
290000 0.0218305032444277 0.123735778422786 0.00197808487660629 0.00222901519707731 0.00177343705385415 0.00186503241962899 0.000844078028484775
290200 0.0221659871877846 0.125733250071644 -0.000699172132904206 -0.00184603039187466 0.00157333153692644 0.00265356680632173 0.00064451793602574
290400 0.0218592695575095 0.123412858428803 -0.000433227803300744 -0.00114097028391152 0.00174862947436628 0.00138288163676212 0.000479974034503455
290600 0.0221206839914572 0.123058278313612 0.000564300485922976 0.00155246360954307 0.0021644799010001 0.00187009525214925 0.00110505064318368
290800 0.0219445659542381 0.124023073526235 0.000347923479246609 0.00114993581092757 0.00123693871600474 0.00234084872355709 0.000737460305295966
291000 0.0221280054749471 0.126209676257274 -0.00104360123954886 -0.000277318905168 0.000602639850200511 0.00054471504436547 0.000869404364823261
291200 0.0218734517166056 0.123935806867472 0.000540424607933842 0.00354722062436558 -9.80163597209947e-05 0.00211867683838034 0.00148309937093566
291400 0.0221865674559234 0.124904842071974 0.001411985824568 0.0017679269343672 -0.000894780779117557 0.00197434540063142 0.0027300611007006
291600 0.0220232362115492 0.124108295732838 0.00230622249915215 0.00305756348738621 0.000964162224900711 0.00168137715163131 0.00201176585580563
291800 0.0221005730881132 0.121275027826967 0.00140302359578723 0.00228752116331116 0.000677954226563736 0.00165123601505256 0.00155597474215206
292000 0.0218399711066388 0.12115291273968 0.00133116754159579 0.00198294541762969 0.00141257837695503 0.002565271981085 -9.9335400577502e-05
292200 0.0222719088945132 0.121173525078597 -0.00165799837616309 0.00117463869430738 0.000497927831782765 0.00240737029626214 0.000382647149579578
292400 0.0219999190381825 0.121356162831084 -0.00097602756228863 0.00259081214245798 0.00154576540053578 0.00181997537564695 -0.00121679056968689
292600 0.0221516684198355 0.123590673072461 -0.00157261241295804 -9.00489888536299e-05 0.00264728448677941 0.00137607470095939 -0.000746936766158571
292800 0.0219235048119025 0.122914087142014 0.00157340524192077 -6.47717169620459e-05 0.00229573276051661 0.0024775202949708 0.00086889256935509
293000 0.0220667367384296 0.122012847174335 -3.15948674236935e-05 0.00318789625679691 0.00271549021718084 0.00209228039894773 0.00163975076883736
293200 0.0219473998728127 0.124045975397547 0.000899352293703835 0.000618415659143601 0.00287065643048039 0.00311551496139278 0.00263855626857641
293400 0.0221456079545164 0.121900879055972 -8.63809186387558e-05 -0.00165312378974752 0.00206685404713692 0.00341931425124136 0.00162614217986627
293600 0.0218426843922363 0.12071033728078 0.00147295281494565 0.00195577034919373 0.00264695463443185 0.00456890720013442 0.0025437057966346
293800 0.0223607137404266 0.12507825132723 0.000371164137443202 0.00368377640739532 0.00108415029871257 0.00293998281253418 0.00187217166199021
294000 0.0217687316504098 0.122673267946954 0.00167232927987158 0.00294571441338187 0.00100417345190521 0.00221465527857633 0.00102795352768572
294200 0.022269623014624 0.126713501487441 -1.61705021804239e-05 0.00058654605103446 0.00196811527364988 0.00248407873141927 1.9695680626885e-05
294400 0.0219297613858592 0.12447330574425 0.00248627992201089 0.00255703223530879 0.00192694806222441 0.00121150266896775 0.000955492402324463
294600 0.022039847905663 0.124219340482906 0.000342111511028387 0.000714296122617016 0.0028778558893576 0.00301063670100665 0.00168027396144082
294800 0.0219286592045023 0.121540962797298 -0.00103873033193419 0.000280864871002953 0.00123443339714932 0.0027902517606814 0.00145223608158228
295000 0.0219824984428488 0.122294811596892 -9.45015896517766e-05 0.000489671601912771 -0.000777537505354314 0.00270265922380392 0.00167955622121834
295200 0.0220084769576301 0.121613713467964 0.00153052194109339 -7.24951100247728e-06 0.000729760939154943 0.000761483932600369 0.000740627839798711
295400 0.0220719382085739 0.122553586264147 0.00079762047249064 0.000864149042828089 0.000128552632787586 0.00040084910167064 0.00144127387820175
295600 0.0221706246126882 0.122920305329963 0.00298640705760399 0.00179119300223681 0.0012460362859773 0.0037003305894585 0.00109977214224102
295800 0.0220355243927309 0.126588326909677 0.00195081993900207 0.00320138879062409 0.00276117790219465 0.00212871332014443 0.000220321389815432
296000 0.0222816390683182 0.127716074403378 0.00448446259783473 0.0015696262564235 0.00101978048282555 0.00152862452369193 0.000596704369013417
296200 0.0220210774471532 0.123536408062383 0.00228384843974075 0.00145075781318753 0.000641721724582699 0.00134427972636933 0.00225380444269129
296400 0.0220818240417479 0.122073818750035 -0.000759038670348042 -0.000401127076363751 0.00166436578972324 0.000666669992661371 0.00235785523627324
296600 0.021942648619853 0.121657691543823 -0.000729309524727895 0.000379557611536525 -0.000535765758683628 0.00224666472520261 0.00259312602754768
296800 0.0220845363514634 0.124919243601679 -0.000856406838933514 0.000334414292965976 0.00176852485881313 0.00119595774547898 0.00141002153629692
297000 0.0222179812781595 0.125528287684007 0.000552803926639521 0.00354171301637587 0.00200125806102078 0.0017519679780233 0.000759795548681614
297200 0.0221491330342614 0.127436558603762 0.00453747820709864 0.00239964274424257 0.00136936760344034 0.00265294847491837 0.000517775596787302
297400 0.02224318955707 0.125810952379245 0.00218179019516838 0.00289713877682851 0.000193020015540677 0.00180390601869631 0.000469869489135008
297600 0.0220650604212785 0.121735469981299 -0.00219156156180014 -0.00145848947366533 0.000403159555746537 0.00206914935928151 0.00102993086933414
297800 0.0221299512329402 0.121991867531662 -0.00368283014023722 -0.0029997839952825 0.00201752819711222 0.0018248600138717 -0.00108458137911979
298000 0.0220564161475531 0.121560694337701 -0.00198892751561846 -0.00214105402504209 0.00215709793371275 0.00144824559560905 0.000747943610709629
298200 0.0221428042978208 0.126042220863645 0.00225253597952211 0.00132427566887449 -0.000529271344243708 0.00175081084602925 0.00100378836294623
298400 0.022270098943357 0.126753843025051 0.00405514106048579 -5.86477083563408e-06 0.000237431786139801 0.000410332415877452 0.000345483029635065
298600 0.0222063471669609 0.126493872730202 0.00324280034068958 0.00133588027939448 0.000678901573587321 0.00114922388493509 0.000558966489370503
298800 0.0221692835270503 0.126408804452992 0.00283751148428015 -0.000532115786070169 0.00026659780929796 0.00126171137711542 0.000624754756547932
299000 0.0221601141818529 0.123327636345419 -0.00182120742046373 -0.000712194278167639 0.000465864074016231 0.00235649615007992 0.0023475318790199
299200 0.0221214089022562 0.1224405935182 0.000824450481129705 -0.000970044752418595 -0.00125008510764249 0.0016259127386241 0.00172969045151599
299400 0.0221222462598461 0.122798729182912 0.000209343224707729 0.000966757651656454 -3.57397412803246e-05 0.00151091992786 0.00187479431142894
299600 0.0220961414522573 0.122406092682912 0.0030276785408246 0.00126441910903544 8.65126884912714e-05 0.00164100780909473 0.000167720467654034
299800 0.0224448573630137 0.126824296065253 0.00185682009201861 0.0034215806604744 0.00174683493920498 0.00172449377034604 0.000605428908235974
300000 0.0219914434266146 0.122206014321065 0.00640947440080925 0.00338539267611712 0.00128139578574957 0.00256996834584503 0.00178872563217603
300200 0.0223967181541038 0.123334692526934 0.000231617001125524 0.00105588845500265 0.00100595780952443 0.00370701730661704 0.000335848942809296
300400 0.0218503012063077 0.121397075572783 0.00192641860067543 0.000558457917487844 0.00102856675342473 0.00254396836059883 0.00142526356973621
300600 0.0222903771207817 0.12219466920738 0.00087871347060114 -0.00273247899709655 0.00188144536584456 0.00220988745370749 0.000228117577264114
300800 0.0219837638455071 0.120289550165783 0.000354686721840594 -0.000367494841654047 0.00144170545980341 0.00332825661744686 0.00112616403234886
301000 0.0223533109445754 0.123448178124912 -0.000125604897466351 0.00118030428490038 0.00288376791026485 0.00404094175855138 0.00280786924617945
301200 0.0218652436886239 0.12028587754024 0.00316630190764964 0.00411293192015207 0.00238755998659691 0.00238726842998654 0.00196851659335961
301400 0.0226122845661554 0.128221768332846 0.000571940277345274 0.00422092195420793 0.00124709400913786 0.000592468095371266 0.000590578948200702
301600 0.0217716057991336 0.12307576291326 0.000792401267837001 0.00230308870192537 0.00223458901814161 -0.000381409519409857 0.000808238755045935
301800 0.0223490474823895 0.121873604960389 -0.000955168335044474 -0.00108367244570467 0.00207938685841564 0.00132395259194834 0.00223298348540945
302000 0.0218234582673468 0.117616488357172 0.00019328820261563 -0.00277628848031489 0.00295282216041453 0.00100061975278115 0.00240585686037245
302200 0.0223069373481124 0.123629175985009 -0.00119850299174677 0.000264081414631306 0.00372053584580563 0.00226737296874134 0.000695403109586694
302400 0.022020130374737 0.123777803262699 0.000518036749969364 0.00082427794573784 0.00051817662733451 0.0013919540834068 0.000444020165089654
302600 0.0223265970887846 0.124087323546359 0.00198850811185524 0.000980723366194892 0.00111317930185997 0.000926426854021739 0.00208343473552888
302800 0.0219122762377586 0.118982057374511 0.00205115582162084 0.00305806341417867 0.00208826746016265 0.00171187554331151 0.00163433574315876
303000 0.0224378589865645 0.122925438868347 0.000193445453799581 0.000979780193375898 0.000985276153787342 0.00179210165716499 0.00235122033418832
303200 0.0217071996959295 0.119093535788163 0.00113365024896984 0.00162495652630863 0.00158571442457612 0.00148372593964233 0.00312524033889649
303400 0.0224975850596416 0.124271107383603 -0.000136799297602231 -0.000433937499191205 0.00180141217835073 0.00176046285576721 0.00242045722135457
303600 0.0218767379849106 0.120066412540348 0.00338274579269694 0.00502718083633037 0.00159570276257887 0.00113512776477038 0.00195047175885721
303800 0.0224666287776897 0.125884437261771 -0.000471493566450172 0.000716956492084475 0.000935631168157313 0.000969390044028311 0.00134117574936931
304000 0.0218801506657903 0.121191690653858 0.00122299264817401 -0.00132447666733087 0.00222490577767285 0.000102209381280155 0.00144728403574249
304200 0.0223204288231498 0.123523538036979 0.00109569553165926 -0.00160387395911152 0.00336602644399711 0.000869463957231671 0.00139646213522624
304400 0.0219836849753253 0.125634231194878 -0.000434099710838305 -0.000399180810273342 0.0019459066586934 0.00242549064631912 0.00137980123851795
304600 0.0223514761879268 0.128433092065453 0.000985531418137684 -0.00181467710289389 0.00342960835581157 0.00283436467246976 0.000886079245149733
304800 0.0219370163575366 0.124646275685233 0.00136790552766929 0.000705854648275351 0.00283166572743346 0.00159517023866003 0.000987800058911836
305000 0.0223542879366003 0.124215343572454 0.00135967625596324 0.00156066649915822 0.000142836183865748 0.00090322112894834 0.0024539341272397
305200 0.0221125059762584 0.124285243085982 0.00366355848781269 0.000513944015659305 0.000634774234107749 0.00177604136672352 0.00166837262648494
305400 0.0221661798567362 0.123644501923898 0.000223291395131208 0.00222017983609434 0.0019848194745676 0.00136711074323633 0.00289395857451998
305600 0.0221439142708167 0.121730254861516 -0.00135611863344548 -0.00248067408192093 0.0016947167055535 0.00260217117626138 0.0013406856420049
305800 0.0221888458535489 0.125096698109753 0.00128134823279993 0.00062980996294319 -0.000446794172756563 0.00223916651178799 0.000975239789542921
306000 0.0222583363903343 0.127565868763598 -0.000323675105966721 0.00129749599432582 0.00222047112114632 0.00218536749183632 0.00192634351152549
306200 0.0221890320010267 0.127995363465743 0.00100267122088899 0.00138281757764495 0.000732592278139163 0.00226196784508798 0.00179460361023655
306400 0.0221482417500164 0.124437192015434 -0.000240299418718301 0.00113216646108031 -0.000536620363389554 0.0017829940249904 0.00153562067857947
306600 0.0221617391786303 0.123328629815847 -0.0015377852613082 -0.000463572039249565 0.000503845697707092 6.2186245246814e-05 0.000799048311315549
306800 0.0220051396370793 0.122014357184865 0.00157227683233826 -0.00434008923153715 0.00163915079803818 -0.00065753712889122 0.00045683734187979
307000 0.0222239326454121 0.123156814145968 -0.00287789095080707 -0.00160922571207152 0.00209994048071096 0.000963215082221776 0.00204108939482172
307200 0.0221455092908314 0.11892156229839 0.000692350034062909 0.0014997434619814 -0.000281855258398277 0.000496490825645327 0.00268490135393448
307400 0.0221608317899502 0.125558765026689 0.00267616802206463 0.00101565799039052 1.89003465398327e-05 0.00105047527136608 0.00263744005760453
307600 0.0222140501070238 0.125802475796719 0.00381330264050136 0.00234562789477803 0.00124776553124178 0.00310846390034927 0.00252341264270788
307800 0.0223813076441753 0.123991112881399 0.00367755602945541 0.000285571121724338 0.0018610548860176 0.00274446070172617 0.000290999113836884
308000 0.0221155932467217 0.121796361763239 0.00320152428634565 7.28007097431398e-05 0.000878864713891581 0.000735094738374153 0.000958125469217071
308200 0.0222793749605612 0.124665295347565 0.000632908848159678 -0.00118806657464087 0.000547311327440105 0.00215970285791481 0.00198775163249483
308400 0.0221490459291034 0.123303762925345 0.00149694858685582 0.00182501129698962 0.00165149685671265 0.00073347056673773 0.00351337058492947
308600 0.0222934865989987 0.124470022434716 0.00223698700151661 0.000484958668506022 0.00221424735154386 0.00197091198715501 0.00192609644924285
308800 0.0223207896815241 0.123813348669052 0.000763023838990306 0.00246623780654489 0.000462927143807744 0.00245119785763779 0.00125429514850322
309000 0.0221318578844216 0.121560154641571 -0.00186294021610127 -0.000316194387019352 0.000423410308149022 0.00247661134119698 0.00227188169159294
309200 0.0223374858741038 0.121485312812832 -0.00323301484006051 -0.00285544914458833 0.00294650841118126 0.00305385224585175 0.00194160734158091
309400 0.0220742213677949 0.119232922911612 -0.00108132579282065 -0.00199290681840242 0.00334039595816227 -0.000105573348135883 0.00212156109322582
309600 0.0224272704179785 0.124137024485577 0.000305273015280496 -0.0016890057643005 0.00242721344567167 0.00362215090331582 0.000344676093511707
309800 0.0221718746483253 0.12510368462486 0.00325501820376345 -0.0010164071965423 0.00245138571696 0.0024670404547598 0.00174877416966861
310000 0.0223984497365724 0.125849470845229 0.0018388052305194 -0.00133489191325352 0.000140185110047151 0.00301316667282253 0.00101172383943953
310200 0.0222629919412706 0.121692859517698 0.00385608724173056 0.00425791664984224 -0.000637684622248989 0.00314849926544126 0.0020019655899366
310400 0.0223288777170065 0.122737856689195 0.00249423077523202 -0.00105235609073586 0.000553569201222239 0.00210499000992674 0.00116686081670602
310600 0.0221164519209816 0.122051278221475 0.00249667588767243 -0.00215541248796419 -0.0015026010287244 0.00142499732788954 0.00297245739681213
310800 0.022350025187312 0.124464374834659 0.00208833931055472 -0.00123711778764787 0.000227419392311778 0.000696956459618037 0.00139026706024738
311000 0.0221477067042485 0.125257897501037 0.0011288415386408 -0.00120288528731303 0.00185198789516748 0.00108137819758557 0.000287446549326683
311200 0.0223682721578006 0.124257771691446 0.00128554979877244 -0.00298008311702157 0.00113804343985931 0.00201450520165706 0.000758796760949404
311400 0.0220552906323297 0.120350499126902 -8.73629923815557e-05 -0.000861153726953856 0.000322148383508142 0.00200170507724978 0.00299655625467082
311600 0.0225975146334026 0.124587891689807 0.00282254312369455 0.00016573483786005 0.000366170749191816 0.0027403934321638 0.000333431270212433
311800 0.0221617071950995 0.122838537411976 0.00327644210328448 0.00315842243611678 0.000804572061934022 0.00367033170621188 0.00180317958923879
312000 0.0225318380845734 0.12601517451656 0.000486207311898065 0.00165114159389412 0.00200668783789793 0.00111641984423375 0.00255559501647659
312200 0.022162021078148 0.123824479842527 -0.000248718679312725 0.00244128502042336 0.00250313843275284 0.00114230520781507 0.00375801542875156
312400 0.0224293792316648 0.123842227818715 0.000567149393413393 -0.00110969113615182 0.000871539156448493 0.00195462430319965 0.00154738616741002
312600 0.0222466349253186 0.122128945495694 -0.00221850478029455 0.00104373243993151 0.00157966015255404 0.000179388302042039 0.00234650422593674
312800 0.0223973063084279 0.121954755052279 0.000422290887287525 -0.000191309053547947 0.00180092585810814 -0.00063504787672449 0.00197077552125992
313000 0.0222381856197984 0.121432711112723 0.00270646129255457 0.00245823526222592 0.00062043492320256 0.00113195080427788 0.00221511961599748
313200 0.0224533239404972 0.123342388865861 0.00237326361735233 0.00209464555736976 0.000535970700947851 0.00149438750757902 0.00224819383850171
313400 0.0222228458385718 0.123160334413827 0.00470791526725948 0.00271735827288664 0.00252453459098544 0.00283822314743371 0.00175563185754181
313600 0.0224468044165695 0.125441861988698 0.000903240814512937 -0.000253984040298019 0.00173808526231587 0.00350100567216211 0.00107516452111568
313800 0.022110163906964 0.12136813071819 0.000351333945751596 8.80950613244742e-05 0.00214779505890366 0.0015921368508999 0.00125780898724222
314000 0.0224670144901355 0.123055873604401 -0.000238862016693157 0.000334865643351096 0.00257222998025509 0.00141113262681917 0.00194383883324703
314200 0.0221330844525279 0.120851717168386 0.00231776562745885 -0.000228437098610916 0.00156856131971561 -0.000245817016991896 0.00180413494673581
314400 0.0224247299633343 0.124303590934923 0.00136753874055544 -0.00218492834037766 0.00257131214426875 0.00126809063615859 0.00194064364575159
314600 0.0222146326799922 0.121125986995959 0.00300091378844951 0.00195502401837195 0.000545706499170729 0.00234495380585882 0.00169499833396702
314800 0.0226422941945727 0.127151796075891 0.000432242310649542 0.000553083651124591 -0.000992323213126158 0.00282047429698125 0.000635402324431703
315000 0.0218353724450265 0.119121922371106 -0.001227549057269 0.00312556835662556 0.000630482033578581 0.001975918376384 0.00072450808464731
315200 0.0226828508765991 0.123225582881486 -0.000564281579547807 -0.00244696526945291 0.00188424031516395 0.00299562141427508 0.00176820082096123
315400 0.0221319828205792 0.119416201506495 0.000231326499861943 0.00219852986051978 6.21447555851683e-05 0.00191612488064303 0.0027320539744474
315600 0.0225469502231809 0.125824441120762 0.000485192909416476 0.000370418983776176 0.0012317183347045 0.00132396495283306 0.00208490256027799
315800 0.0223307545114664 0.124481005356447 0.000639605386995176 0.00222012295446393 0.00196060325970682 0.00161748503330698 0.0020708118273412
316000 0.0224248545507495 0.123152864630423 0.00364019270512388 0.00129593462486063 0.00179922406221001 0.000111007339990572 0.00165174513138064
316200 0.022454117579101 0.124905139059075 0.000936492225517338 0.00342732004506817 0.000760866751338218 0.00126490471138092 0.00155859021939062
316400 0.0221913617770387 0.123936661918342 0.0012229544150062 0.00245237243564097 0.000465674083668284 0.00162826209002876 0.00209443618204619
316600 0.0225747783857286 0.123579495849882 -0.00228690952816019 0.00056934874936013 0.00288806119221871 0.00148645373201523 0.0015735652748551
316800 0.0220999705973082 0.120681113383361 -0.00143512013975305 -0.00388139405379562 0.00240111301540611 0.00120496430535961 0.00228020009004131
317000 0.0224466861316979 0.122568860648187 -0.00208517339391032 0.00209756585451709 0.00251261043490271 0.0024368821538708 0.0021880611642413
317200 0.022332945095639 0.123381577336526 0.00316075627973081 0.00269110959189266 0.00126551713175652 0.00211813859759518 0.00215580331156246
317400 0.0225583977928823 0.126435230110343 0.000476729104707963 0.00398520773770708 0.00289340145818169 0.00312308380471537 4.23868794278347e-05
317600 0.022340863052802 0.122712631485939 0.00206934260026686 0.00437052080589996 0.00167854510956701 0.00310309281526639 6.62272551079026e-05
317800 0.0226134944767446 0.125261264696792 -0.000369653381725392 0.00265512777143501 0.00146670777867661 0.00338555757355593 0.000463318894791128
318000 0.0223986147543397 0.123836894117467 0.0015647473498839 -0.00135868694861689 0.00175964370163894 0.00202633396623685 0.000628734601788326
318200 0.02246834051485 0.123687164220624 0.000529344128350623 -0.000769479145361066 0.00111634564572507 0.00133739206013754 0.000805126586315907
318400 0.0223255765231927 0.123237717562237 0.00159702427051497 0.00104438247478465 0.00050551670377871 0.00207384428322174 0.00088200728628127
318600 0.0225404308480778 0.124642557789504 0.00082420115646975 0.00352735176885109 -0.000101747410229719 0.00350825839936049 0.00201098637632001
318800 0.0224396785761977 0.124046870920545 0.00431664787129847 0.00134784786999879 -0.000280066897448724 0.0026338148454796 0.00261711413331904
319000 0.0226293476328631 0.125113245888774 -0.00254396645492926 0.0035681768600958 0.00132800250007664 0.00384805068374836 0.00312648796771449
319200 0.0223444586757319 0.119951495101295 0.0023477158165056 -0.000943494083980131 0.000293068149406349 0.0026719924960157 0.00309313701080985
319400 0.0225845281289265 0.124351220772282 -0.0022650281527886 0.00226688835820547 -7.81445625674819e-05 0.00264238785540098 0.00193901588920031
319600 0.0224044737632301 0.122513974294611 -7.33899514537955e-05 0.000612362178152078 0.0013687021225047 0.00243008887160681 0.00228316073682574
319800 0.0225507345299253 0.123215326740213 -0.000251830272254983 0.000674066800633746 0.00106466838496998 0.00203713057666513 0.000466303622272768
320000 0.022293060310302 0.12198725384208 0.00385335054671856 -0.000542358840823613 0.00289967149881017 0.00109870377209147 0.00107430317366385
320200 0.0226292056467492 0.123516367710125 -0.00162458937585617 0.0029275150568378 0.00202015858947349 0.00287621588133368 0.00115281880024077
320400 0.0223132598668533 0.122066836903143 0.00419436674092371 0.000757291601039635 0.00110371259869569 0.00244162617886156 0.00162320376726839
320600 0.0225903103941788 0.125051919719716 -9.48175604653365e-05 0.00369419906478835 0.000632246411266335 0.0018466849519862 0.00292322340971034
320800 0.0222471492686894 0.123543039091056 0.00411234915956677 0.0014594400340278 -0.00092033812621194 0.00197785795682139 0.00140043543677775
321000 0.0227356490652394 0.123834739690003 0.00294226693437161 0.00163814877338158 0.0026890103825828 0.00330434188594697 0.00213074507943885
321200 0.0221224013349411 0.11655264094978 0.00142133441415836 0.000241747144349319 0.00115515669767462 0.00236941829528167 0.000820885833136002
321400 0.022601046285576 0.121369871556329 -0.00319073919767861 -0.002046943075784 0.00034731720145773 0.00220816674824888 0.00206551132309104
321600 0.0221699621373012 0.121783038280989 0.000182148970817894 -0.000255674497480186 0.00144885713581394 0.00259003758285258 0.000627291045477367
321800 0.0226668137354092 0.124946345882702 0.000415241869429816 0.00144804394900117 0.00225850969533717 0.00283937785002146 0.00191138035001743
322000 0.0223468660196999 0.125210659220496 0.00135416266174164 0.00405195541666457 0.00180278291590831 0.0032886636051668 0.00221857290076337
322200 0.022508518648549 0.125270744959035 -0.000496969259197986 0.00123496876732563 0.00322335960653486 0.00180364565159831 0.00376129967732662
322400 0.0224007730943043 0.122310450348106 -0.00085642258197828 -0.00168722493482596 0.00463548498575482 0.00288206345165875 0.00228820209267494
322600 0.0223333404852509 0.120283435930643 -0.00199723692676934 -0.00131487829108919 0.00346696286932602 0.00164609010261467 0.00255657583354546
322800 0.0223794944089444 0.122897674546794 0.000410323784022677 -0.000596932268432658 0.00174029938889078 0.00161692561697182 0.00153661413995557
323000 0.0222790500714523 0.122037660996649 0.00103479199724506 0.00208354621567837 0.000694245615441857 0.00256995544986898 0.00162471176948783
323200 0.022476230092162 0.124934897038515 0.00122017048537192 0.00283251808685835 0.00201989285572283 0.00205260050453968 0.00289015351204513
323400 0.0224604429379347 0.124094997694912 0.000403945400549685 0.00403249815454734 0.00171729011204986 0.00219187110387791 0.00255534473575619
323600 0.0223756135909437 0.121973475863448 0.0013221891448238 0.000537766694541882 0.00252310852966932 0.00175666375490988 0.000510379199966758
323800 0.0223643506554285 0.118021145988841 -0.00151928902196183 -0.000496424546207772 0.0026294873763806 0.00120834819943511 0.000886044067877778
324000 0.0224152632981659 0.120863017448453 0.000469194815379363 -0.000549379438005529 0.00153124930676731 0.000713432542639277 0.00172967473892282
324200 0.0223334052529186 0.123407869198407 -0.000173104930717457 0.00305654371988622 0.00332564261808688 0.000132514226297462 0.00308832604159602
324400 0.0225239334066643 0.124727459054116 0.00316771050195245 0.000373722638435656 0.00292002545225748 0.00283907336073395 0.000175387695585421
324600 0.0223151899736127 0.124214876082758 0.00253330530865222 0.00126152121130789 0.00179307104712097 0.002530703539988 0.00167242760617248
324800 0.0224990072662415 0.12449275115002 0.00423569690915803 -0.000494777239100454 0.000602586551804222 0.00135385230874961 0.00298920261432664
325000 0.0225150452585461 0.12257901463258 0.000975178361992859 0.00138098675846966 0.00060607617200373 0.00213424099697225 0.00225202004605731
325200 0.0222481762312871 0.11918339822434 0.00240973134068491 -0.000937465694158517 -0.000640339621984203 0.00236880336094747 0.00337663114497074
325400 0.0225848972781114 0.121969214077407 -0.00537185528658601 0.00381889245052932 0.00241324824594769 0.00365866178233026 0.00256876314296225
325600 0.0223207795117311 0.123925522901086 0.00242844338401444 -0.000332756327034852 -0.000257179223963979 0.00458435944707373 0.00304927514814421
325800 0.022596623948151 0.124839706186344 0.00264815320983047 0.000990181794593462 0.0020147482758492 0.0029639622743143 0.00120022772500872
326000 0.0224065959561701 0.123622148053241 0.00259709121577206 0.000619138990233205 0.000118037705232345 0.0016760320115618 1.61932779282336e-05
326200 0.0225828771251756 0.127758986751334 0.00315132787093023 -0.000766269883858031 0.000940940426831602 0.0024920552747009 0.00186680379566646
326400 0.0224118662709756 0.124828737191013 0.00524141565911702 0.000482752412956271 0.00226165694176636 0.00133872539885885 0.000196917828965463
326600 0.0225985898237556 0.124754246113953 -0.00225348193964559 -0.00016756843832431 0.00281319242077025 0.0011839769930871 0.000665111957938817
326800 0.022365989011207 0.12269590847477 -0.001196325564599 -0.00126691081076186 0.0022948758489565 0.000249597982364577 0.000360257082874738
327000 0.0225198286037031 0.121933649378624 -0.00272666862083857 -3.88489759875603e-05 0.00169337740236572 0.00231927742432969 0.00229971799682281
327200 0.0224715440778586 0.122171724550496 -0.000579972767050123 3.57336414781601e-05 0.0013494800413873 0.00110398527297611 0.00259362443297303
327400 0.0225579265831371 0.124991888261844 0.00228825992821984 0.00327985714875414 0.00239974607590059 0.0018407888795313 0.00250243748818812
327600 0.0225600576626573 0.122945681015511 0.00407776723864726 0.00493971445526058 0.00128505865425934 0.000621917909658927 0.0034195116965642
327800 0.0227193148856298 0.125764012795616 0.00325928608868045 0.00510627332617449 0.00238939243739187 0.00132723940538409 0.000705142026948734
328000 0.0225645632352034 0.122582155157205 0.00230663445657635 0.00178725926074934 0.000433068601227408 0.0031850227428704 0.00131822760256253
328200 0.0224787195193684 0.122756510196589 -0.000707617922866829 0.000957086531246644 0.00135593342936586 0.00259609534786662 0.000808294762267093
328400 0.0225857525465482 0.123211245575201 -0.00118308499207445 -0.00209634112843538 0.00268230592003105 0.0028969339020304 0.00156930835893973
328600 0.0224969087700574 0.121369245522771 0.0014041016551187 0.000495583892268065 -0.000665937056614482 0.00322182231193544 0.00222993969705215
328800 0.0225171842108728 0.123769482890942 0.00156430641867632 0.000732571898426219 0.00248137667975002 0.00138013191370503 0.000310644221038825
329000 0.0226108559534953 0.123610591482301 0.00150054122420105 0.00153875782776685 -0.000498586714153933 0.00167731051614475 -0.000335026799781516
329200 0.0224681178263154 0.124231621772775 0.00265981353344099 -0.000465605222563666 0.00130308375142935 0.00245821887913708 0.00185061659105296
329400 0.0227588374957291 0.12594826183172 0.00135869478698594 0.000633256889976652 0.000983426677081369 0.00140833718906263 0.00167132337677552
329600 0.0224538091054812 0.121755243488571 0.00344727032503906 -0.000295928635733312 0.00198370290399656 0.00278643513896802 0.00185195958939764
329800 0.0224469695461354 0.121028536078664 -0.00149999308124672 0.00126613261057504 -0.00032912962707948 0.00118898135674116 0.00152359734335715
330000 0.0225678212043214 0.119596159390945 -0.00289070025902898 0.000945131641988684 0.00100359193173453 0.000152254167273603 0.00129836620173753
330200 0.0225274605220702 0.121485304027812 -0.00166070290459303 0.00220203984083341 0.00175432312180815 0.00137313180739703 0.000825282835798443
330400 0.0227650590590001 0.124280975558864 0.00132722206405801 0.00538124168317103 0.00135593296292332 0.000807883701231194 0.00150980265238718
330600 0.0224891187092583 0.123682975567217 0.00179330991106416 0.00537373204809419 0.000684059194496241 -0.000758775651626952 0.00198603494205063
330800 0.0227694323767504 0.123348030616711 -0.000143220578825321 0.0030502671240182 0.00134652469547213 0.00141654079953626 -0.00039355487947907
331000 0.0222895622741955 0.11831718743423 -0.00302353143490721 -0.000907797631314611 0.00188757080655512 0.000744291097814014 -0.00016224770883204
331200 0.0226941616510193 0.121246631139928 -0.00310335504840155 -0.00238742834493 0.00101592520201317 0.00132126116526683 0.000939852765546779
331400 0.022413534857485 0.118455843354609 -0.000769900200831283 0.000279934707660343 0.00201955574341269 0.00370300490138822 -0.000373742681052473
331600 0.0226849656573068 0.122472472708254 0.00128306173200926 0.0050432041424681 0.00108229669051835 0.00313460406859722 0.000682808996888276
331800 0.0226329016137602 0.124440088942002 0.00115962405116247 0.00426276622822101 0.00170360751125317 0.00275051436606808 0.000739647493658419
332000 0.0226658386089935 0.124842720462627 0.000384025825979904 0.00121980338126313 0.000749002759020654 0.00118044185514286 0.00081972197345702
332200 0.0224997437609112 0.124593567829534 -0.000393840482216549 0.00196989566795597 0.00142549395505548 0.00340686237133763 0.00170155689571517
332400 0.0225998170722591 0.123407439000071 -2.45773266662388e-05 7.55809184420398e-05 0.00184391032612603 0.00250374558173748 0.00136307077843188
332600 0.0225361190241778 0.121858144649661 0.00143627072601035 -0.00211839118857085 -7.22138635230986e-05 0.00215034054505523 0.00209504135251341
332800 0.022564045288099 0.124533744865056 -0.000211823256116031 -0.00286602442391402 0.00213846885985211 0.00313196608916658 0.000698394696589488
333000 0.0224790740355755 0.121026179647074 -0.000337424581127676 -0.000121379302572679 0.00175928003125258 0.00207610744528321 0.00163483163447608
333200 0.0226070081901518 0.125210406427182 0.00287335379733187 -0.00185129145202232 0.00175677385891206 0.00200973734482069 -0.000479948941842753
333400 0.0226052765096475 0.123826129449232 0.00197194922916668 0.000393301920488716 0.00195509720726518 0.0017728738921187 0.00140996999992804
333600 0.0227560752232144 0.124240588721452 0.00359628922891802 0.00187008838428232 0.000647134650444581 0.00122854218966153 0.0016030577420784
333800 0.0225499772054572 0.123727712027378 0.00133753876189543 -0.000770429246095878 0.00119719244611672 0.00217367593250275 0.00158416992585783
334000 0.0224952301386936 0.123561625987389 -0.00144235919662036 0.000526740590091057 0.000277274060339939 0.00325422735926834 0.00125752026842309
334200 0.0224432659268272 0.121992769276577 -0.000555978908710065 0.000759216281018279 0.00138915511237813 0.00189682863387751 -0.00122808169480737
334400 0.0225680797497864 0.122291027184593 -0.00347112752121164 0.00275434855922016 0.00332110283516121 0.00266147341299277 0.00110998211790939
334600 0.0225273286205088 0.123549245124324 0.00224777975041327 -0.000157695833441353 0.00261739436627287 0.00255321253640276 -1.82957381318802e-05
334800 0.0225741907207475 0.123115426160514 0.00170114844851082 0.00337054783664493 0.000449719099078198 0.00191962582326618 0.00154760379556559
335000 0.0226021132903581 0.124120089097595 0.00370431445687674 0.000597009826563674 -0.000716635758400467 0.00222964774374846 0.00120519966596258
335200 0.0224868900125863 0.121600373673101 -0.000769220924459458 0.00433894846356992 -0.000463215403395737 0.0034292549503657 -0.000912080344093984
335400 0.0225031675021728 0.120267992466005 0.000810714629927516 -0.0013439433239908 0.000788965538387598 0.0030587193417836 0.00074849322105662
335600 0.0224233689641346 0.122371163770652 -0.00158046000207304 0.000745169597379087 0.00084714889201931 0.00279716242175862 -0.00151531905867899
335800 0.0225964780718786 0.123518744657343 0.00324004522991368 -0.00166557650605808 8.3663178949621e-05 0.0021666124686137 0.000555718168826726
336000 0.0224500958646706 0.120812710186877 -0.00138205255416677 6.24577535341054e-05 0.00156716155552513 0.00202425004108628 0.000582608595663547
336200 0.0225334054006055 0.12322934157572 0.000182954095912983 -0.00290527619936418 0.000738012509558248 0.00331761964370296 0.000265806023145865
336400 0.0227264312863407 0.12428786597723 0.00080300057277914 0.00275710994088616 0.00261639216026074 0.00162935253950385 0.00103060781573916
336600 0.0225953589374159 0.124196095199877 0.00650244878751647 0.00117293684467209 0.00286890566431822 0.00128043369750805 0.00167515882100224
336800 0.0227832784511404 0.123738226421977 0.00274537720824179 0.00059014745046805 0.000554314253531822 0.00317358630650918 0.00100366497018149
337000 0.0225303591710701 0.121995895093413 0.00223115363680667 -9.83320316963593e-06 -0.000298848445380917 0.00452077767861163 0.00210494278818792
337200 0.0227562490077257 0.120275874997756 -0.000647182933081414 0.00143182475564497 0.000959534907870135 0.00214814227852063 0.00199221845268747
337400 0.0226013823644043 0.122022448764008 0.00118615665392342 -0.00236318858791565 0.00281394584546282 0.00256331381950141 0.00112035020294363
337600 0.0227170439964529 0.123119902891252 -0.000568078029849531 -0.00190784520025348 0.000850881207101378 0.00395202830864974 0.000310654492884179
337800 0.0225821190292712 0.12050131314269 0.00325089098397994 -0.00068707963791088 -0.000442031464334679 0.00269531499567152 0.00107478805816865
338000 0.0228471725603727 0.127332744148951 0.00177402151789386 0.00538845260730487 -0.00121151069138427 0.00190777841291209 0.00115285573509121
338200 0.0225627588555721 0.126149738165733 0.00298668994921258 0.00341986405920143 0.000847144820928776 0.00111327764148894 0.000889472104865025
338400 0.0227896851203772 0.126397099861813 -0.00010855239937031 0.000508432394669951 0.0029275853087698 -0.00108641413032895 0.00150490730739736
338600 0.0225118025829516 0.122062671824884 0.00285605943479701 0.000393035649807275 0.0014516936354014 0.00182434339718609 0.00196024278519279
338800 0.0227348651682315 0.124124029000128 -0.00124493990284797 0.00103530934941091 0.00199426057002037 0.00183010211856736 0.00105707316102333
339000 0.0225154832539709 0.122369309644626 0.00304563956931383 -0.000247466424673242 -0.000131857113279557 0.0028819307848815 0.00019857075055954
339200 0.0227028646671602 0.1242035449362 -0.00185557236220616 -0.000758944959593482 0.00181075925977539 0.000620092993400799 0.000764581257818923
339400 0.022507555160537 0.121360486124242 0.00208170272240182 -0.00137495138586489 -0.00115109913302855 0.00311723492965407 -0.00180983622787734
339600 0.0227896681985778 0.122769800363718 0.000833915225507419 0.000322238022378955 0.000466990488687746 0.0034462442557871 -0.000980291339237507
339800 0.0224829738311089 0.12189546136281 0.00437121837347687 -0.000812300354230624 0.00082717125782323 0.00329835469574175 0.00103753193269234
340000 0.0229087922583854 0.123971780993672 0.00177003987716563 -4.08867216627172e-05 0.0025616848282903 0.00231795118633117 2.90530353573517e-05
340200 0.022481621917823 0.120525492184344 0.00293281186146785 -0.0010875267242861 0.00138281465194016 0.00206939942382037 -0.00135734570276762
340400 0.022854683420398 0.126824551544895 -0.00267442304278289 0.000215223511836346 0.00276833011429132 0.00209201220780243 -0.000758474514824444
340600 0.0225562252597202 0.123645620426801 0.00119767115157788 -0.00159452724835917 0.000629470561093765 0.00424269748012797 -7.55097956273712e-05
340800 0.0228004982729574 0.123399992016659 0.000292440150048867 0.00124358923173097 0.0011247484961757 0.0036511222165825 -0.00049140462770664
341000 0.0225896904794592 0.121065089653952 0.00271443756653178 0.00110683289891439 0.00263619463676423 -3.56366812537419e-06 6.81565215639482e-05
341200 0.0228231659899367 0.122608980073983 -4.30331334625337e-05 0.00189864205151692 0.00220198102827855 0.00136362557904311 0.00114765546236139
341400 0.0226413049491747 0.123248914837157 -0.000630368278134264 6.11200058361881e-05 0.00178087265708456 0.00128735559184831 0.00167696076256959
341600 0.0228083453944208 0.125541023150186 -0.000993353983039547 -0.000563061271740051 0.000421144116539566 0.00184230541945903 0.000650740242837472
341800 0.0225765168236042 0.123893910792519 -0.000357562310601809 0.00268789529393975 -0.000167577239462197 0.00175395702963549 -0.000110844061947058
342000 0.0227276938606062 0.124208333294368 0.00136005633673339 0.00448988714780939 0.00271456706954844 0.00280607721468568 -0.000897022952855969
342200 0.0225276995531632 0.122393126020087 0.00197638651313478 0.00202325651494039 0.00144281404063864 0.00351152754077753 0.000859606343489652
342400 0.0227239052548957 0.122059149640609 -0.00179588997815606 0.000678489397945657 0.000717626733969979 0.00263946008010587 0.00105579807261426
342600 0.0225052706899367 0.122211367525397 -0.000897109901770197 0.00140833737968736 0.00384431819688371 0.00312578747640037 0.003033404505665
342800 0.0227461212492092 0.121734282831972 0.00210196816683579 -0.00102486414615917 0.00264287090934123 0.00231108875773429 0.00197121083079142
343000 0.022647208312784 0.123140382750114 0.0014588530784418 0.00135992503824389 -0.000666467790880299 0.0021887340061542 0.000732998333397043
343200 0.0227758214203561 0.123197556129455 0.00118294499127394 0.00221320004825164 -1.21331848817048e-05 0.00319614080985218 0.000254125901814075
343400 0.022841053157603 0.124128250552282 5.52081981320162e-05 0.00505612260766926 4.84759658175896e-05 0.00179692343343475 0.00157979056351427
343600 0.0227916634599136 0.125293514871099 -0.0003031383076476 0.00295896600298138 0.00145731870674684 0.000449729211713396 0.00150041473027956
343800 0.0227041031429889 0.123921300828048 0.000380904628056182 0.00269314228660212 0.000268661120413927 0.00256844212073039 0.00238195375406863
344000 0.022739014767856 0.122150877267371 0.00273956814149431 0.0018241384902942 0.00129557199766749 0.00238697564888745 0.000538923147787393
344200 0.0225656057222166 0.11925107633753 -0.00205752156675489 0.000283259241347985 -0.000413161748468343 0.00244073976090684 0.000819960169477332
344400 0.0228124837716665 0.122570062237008 0.00188812521186611 -0.00207999676833371 0.00153187298188354 0.00205861357736252 -0.000470057545849862
344600 0.0226267744558495 0.12290896156162 -0.000354861463507073 0.0010269548703287 0.00104961522101534 0.00143910035492219 0.000568395706847709
344800 0.0227873763841172 0.122864807358521 0.00400882565970743 0.000530698001893275 0.0020355493671969 0.0022760177675685 0.00208902686364122
345000 0.0227761461133902 0.123479282900326 -9.4579137299978e-05 0.00436356174117379 0.00171697299821793 0.00114951361768445 0.00222460727452367
345200 0.0227267742892543 0.122013420675953 0.000867732871221704 0.00214017112362629 0.000366884193500402 0.000852806785812757 0.000924990669258465
345400 0.022918172432772 0.124138010171026 0.000944568733077909 0.00198603763352531 0.000465181229777189 0.00176997679959886 0.00113955033024595
345600 0.0226405640700509 0.12182621773623 0.00283472040789506 0.00374012632052109 9.74914610698101e-05 0.00170503542364891 0.000639758688848377
345800 0.0229021608347527 0.122992123190122 0.00312720039926314 0.00412613507081696 0.000836803502965431 0.00247553968943846 0.00185283798174587
346000 0.022704009245458 0.122274702141848 0.00165077694290333 0.00221788891131016 -0.000742848652417946 0.00386459709792774 0.0010867090871276
346200 0.0228287232609838 0.124459074461499 0.00235042536486573 -0.00151345376579226 0.000134341046343467 0.00167227156276672 0.00117040639348225
346400 0.0227567575749115 0.12266476599302 0.00221764644781771 0.000152834159993735 0.000561955367835402 0.00322547100439102 0.00137040942061615
346600 0.0227650597104531 0.121143529523276 0.00196206173780399 0.000772095993922906 0.00204394102867574 0.00271014300023092 0.000516382181807159
346800 0.0226051436655323 0.122080256494428 0.000310510980883553 0.00199415656021083 0.00127062877537794 0.00229102024759992 0.00153583604597401
347000 0.0228006080353452 0.122786776755524 0.00229764102253857 0.00151992926041594 0.00184680204412936 0.00348653272474421 0.00146626429997141
347200 0.022752458756352 0.122522100367614 -0.0010333042427927 -0.00185865331336696 0.0017799482997761 0.00356508048597376 0.000850270434115583
347400 0.0228683250280824 0.123057127124334 -0.00242458910690002 -0.00162179765619285 0.000632290029291734 0.00288395094365427 -0.000834866216126322
347600 0.0227995529984101 0.124297865619881 0.000606435675560929 0.000143921942408026 -0.00138731230549815 0.00158921415082159 -0.000835317740363638
347800 0.0229506610194245 0.125904651652026 0.00112929355716189 0.00509167759097522 0.000877481645220859 0.00102415330560235 0.00156970567848958
348000 0.0228131947841327 0.124185745038876 0.00570464597329243 0.00244795273932196 0.00158022677306164 0.00236396747475144 0.00090943320465778
348200 0.0229333643748871 0.124904401642635 0.00104758618926595 -1.91945392885128e-05 0.00225745497332644 0.00180698861739812 0.000302885025363247
348400 0.022690891456667 0.12157803439906 0.00361289285131797 -0.00273344865083672 0.00243244192208474 -0.000150845191266406 0.00071087583144662
348600 0.0228566690919107 0.121133336107482 -0.000229934437524938 -0.00152518477996328 0.00243665115389253 0.00117531550813265 -0.00108689717042072
348800 0.022723582900379 0.121912460731551 0.000509769713541684 -0.000961803766460213 0.00152797455016921 0.00252976499695951 0.000298554763085646
349000 0.0229433717827015 0.124785639331896 -0.000823056159400727 0.000529854596733907 0.00152632008226396 0.00055883063756907 0.00197447940351687
349200 0.0228513775654222 0.12315412357837 0.00457561145370446 0.00206951825280127 0.000707881156310626 0.00139319048348238 0.00211092614684374
349400 0.022949687553968 0.123672929761411 -0.00135456310078838 0.00153331879749398 0.000653093219237922 0.0011654230478408 0.00187631933773997
349600 0.0227899878782139 0.120049591795554 0.00156281489921061 0.000261922009647386 0.00205203386263549 0.00140673376889888 0.00121367396539165
349800 0.0230361961931573 0.122688721722686 -0.00268936482426318 0.00142613682697868 0.00052441315590031 0.0021563825147513 0.000569562454308388
350000 0.0228192299059909 0.120584860595115 0.00157139898676481 -0.00230956856616627 0.00129770463017147 0.00325063235267563 0.00163464079513436
350200 0.0229688600102858 0.123173731071772 -0.000112000502712365 0.00145349879511897 0.00130453862869012 0.00266605758353721 0.00158623040359449
350400 0.0229601646025452 0.123903884643288 0.00155963892998584 0.00173873321904216 0.0017365409093861 0.00176635065821689 0.00298553775847338
350600 0.0230392491355561 0.12355940487907 0.00113341956793349 0.000609506675746956 0.00320592743153832 0.00224982510678241 0.00135587438583017
350800 0.0229998571228913 0.124476678739118 0.00257791161156414 0.00134820214627993 0.00246900199154161 0.00132489014089181 0.0015382026022551
351000 0.0230284527656152 0.124172611284655 -0.000721714829982296 -0.000805754731529845 0.000809218128195563 0.00312561463035791 0.000801989956970293
351200 0.0229337191845666 0.123473743065786 0.00111916215498651 0.000271181728413083 0.00116306917095506 0.00226147334769728 0.00017115745493471
351400 0.0229218404877714 0.122353623230561 0.0028747816353401 -0.000905109310184033 0.00176597476751146 0.00270268402731116 0.000569863924645733
351600 0.0230966032120111 0.123103785642097 0.00277735743531547 -9.91279093907509e-05 0.000610591383063134 0.00251845134873489 0.00180629849140024
351800 0.022913750840379 0.121689192934768 0.00275587574892432 0.000654545390191927 -0.000298394497130811 0.00225368132687982 -0.000727282196730558
352000 0.0230064520860787 0.122634587458922 0.00363091114988982 0.00313367376815151 0.000460496441090442 0.00203210527626468 0.00078112243395888
352200 0.0230054517682583 0.123126147726025 0.00369041255890918 0.00038550683956132 0.000286371346173863 0.000442498920381827 0.000621927885872798
352400 0.0230582649129383 0.120040921464941 0.00303378341035753 0.00352627443759405 -0.00106136012470353 0.00154051772834923 0.00149516557693627
352600 0.0228577953310239 0.122150892437533 0.00178292458371814 0.0024533010534333 0.000477330830058578 0.00154277153969672 -4.92292701220428e-05
352800 0.0232644140375226 0.123827472033098 -0.000149753429887767 -0.000814433508289002 0.0019180649632932 -0.000167739868191235 -0.000489712460237051
353000 0.0228136500268057 0.122010721266663 0.00218433000417801 -0.000389049106943755 -0.000195858851516491 0.000213450617603995 0.00226347087771965
353200 0.0232720149878318 0.126036705723118 0.000579247511520059 -8.66498901317885e-05 0.0016692484039567 0.00260998134317798 0.00220997821982713
353400 0.0227914537594964 0.120394548743551 0.000172119079286696 3.82616491104819e-05 0.00164589282255937 0.00043216054309313 0.00282238671112056
353600 0.023107623255807 0.123666768845902 -3.9109736948025e-05 0.00149736318430832 0.000354408874727012 0.000561919489834117 0.00198338265483518
353800 0.0229842503540226 0.121473626201052 -0.000710211780043709 0.00363968683900501 0.00142943814722889 0.00220902640729913 0.00191962879916346
354000 0.0230413908228769 0.124503442376331 0.00201301689687836 0.0028090617354255 0.000820637871226226 0.000900034579717583 0.00149153134585727
354200 0.0229053364203611 0.12360295837157 0.00277806604887658 0.00526920185534134 0.000755263902337783 -0.000332596607768286 0.00128764552064396
354400 0.0230592099010513 0.124075946539973 0.00300671302788241 -0.00102493744585156 0.000991243405994399 0.0014849478895795 0.00195774495565774
354600 0.0229065552953879 0.119267031344724 -0.000381286514058007 0.00152827787673159 0.00101125748372665 0.00252246010984974 0.00101865795203922
354800 0.0229307107588427 0.119339611681222 -0.000247439120265399 -0.00366506930425508 0.000240438479734879 0.00184280148804514 0.000361826786274442
355000 0.022902436737922 0.12114923448116 -0.00366825741458447 -0.00109186853280599 -0.000835423013184336 0.00166631052465425 0.00245600081663485
355200 0.0229990019981598 0.12623796207897 0.0027760318966222 -0.000680869199185548 0.00106801460792069 0.00195190428153078 0.000881058574028511
355400 0.0231062454602714 0.127258740291963 0.00172063177087065 0.0036520800822188 0.000155000040934102 0.0029493337555688 0.000803927942231559
355600 0.02305487582458 0.126411925136744 0.00179592316075599 0.00124851034670623 -0.000233838315823215 0.00332310063057899 0.000412804117462328
355800 0.0231395703727615 0.124555294309481 0.000288109106835892 0.00105212112645642 0.000524308830436258 0.00207046897884602 0.00038783092741249
356000 0.0229831779576373 0.121633065553073 0.00134625472437855 0.00130148691088779 0.00025931580714995 0.00168414879422843 0.00164012254208009
356200 0.0232062480155059 0.124438726814143 0.000857956284466797 0.000916048047921456 0.000603657752044585 0.00183531444326824 0.000246097774790753
356400 0.0229077065063798 0.122063870890871 0.00334623787263601 -0.000779624425526351 0.000654440519033664 0.00329048643246624 0.000553592798704343
356600 0.0231516688109943 0.12428802561765 -0.000818327338400805 0.00211729123552298 0.000783652454401766 0.00195040583961117 0.00191373919973003
356800 0.0229355472395346 0.121285950361464 0.00307316718151637 -0.0017345352357731 0.00150497611383046 0.00184907233584643 0.00170071908989808
357000 0.0232008208557429 0.122467331100641 -0.00106598942417257 0.00324656083029125 -0.000290920397496314 0.00208714531933834 0.00112755574091986
357200 0.022909251078328 0.124079017708536 0.00401730505889995 0.00127691348676058 0.000121618700834306 0.00317098110072414 0.00169938468088272
357400 0.0231372556215055 0.124248001495643 0.000778605180950983 0.00413716556562326 0.000595438419305185 0.00259477411543436 0.00184896993248498
357600 0.0230272005012144 0.121524005415491 0.00246410639848458 0.000698798888967476 0.000525888098343796 0.0020645936730291 0.000659876239988252
357800 0.0231728579217116 0.122257549540266 -0.00159980541596594 0.00290891248279961 0.000857368569558566 0.00202352126126132 0.00138815497132779
358000 0.0228223253988598 0.121387563558888 0.00202825008333897 0.000825327789036461 0.000971233708848282 0.00268779165843873 -0.000120316086157393
358200 0.0233050896363523 0.126269043631616 -0.00201052555376568 -0.00172506798108874 0.000933464105771059 0.00333158588555783 0.000515994509906186
358400 0.0227690723510866 0.123743050687634 0.00185763376949392 0.00193503966513436 -0.00137108317320121 0.00198424228251269 0.000367027468614783
358600 0.0235216921111947 0.12273575646501 -0.0020268362739747 -0.0033878239773446 0.000647876371837269 0.000935804951580065 0.00104596058689885
358800 0.0226914681557258 0.118471421544312 0.00111263229112567 0.00322389900955345 -0.000700379908143361 0.00139863071915198 0.00102090520833057
359000 0.0233977647656039 0.125204876875873 -0.00114418864617158 -0.00211187439162473 0.000650174362906948 0.00154557173688157 0.00226764601788996
359200 0.0228673856035762 0.122634146277387 0.000940064450307267 0.00111180723421077 0.00167337556988602 0.00341776254719233 0.000586584505753321
359400 0.0233914610281777 0.125765097367081 0.00176990719066945 0.00114678646569631 0.000230529216675059 0.00184354014730276 0.000630677042193393
359600 0.0230217255505442 0.120998718523004 0.0015673713599117 0.0037909174573813 0.0025345294409813 0.00282845258657822 0.000647170853143911
359800 0.0232390723404911 0.124860499339746 0.00109524371987675 0.00273663438121789 0.00177913606278928 0.00198660935379514 0.00127606081858968
360000 0.0229639725690759 0.122199989928554 -0.00171231459704275 0.00151856304833618 0.0013793906603294 0.000980104838226236 0.000841067153297128
360200 0.0231304078655104 0.121849312338701 -0.00188976904171809 0.0024298646037145 0.00151062029225708 0.00120831367104123 0.0008900492971292
360400 0.0230621731057635 0.122749422118709 0.000298794334635167 -0.000540628817899307 0.000150123992089489 0.00273746222074499 0.00154454602183203
360600 0.0231343541422216 0.12287817164966 -0.00101841316712263 0.00036071700144079 1.32764666180169e-05 0.00364771128153229 0.00177925381961205
360800 0.0231596939391701 0.125112097508795 0.00315842972277834 0.00409169455609423 0.00223961533295261 0.00225459253019216 0.000508126961429786
361000 0.0231380050452454 0.124329766412983 0.00213617269951947 0.00458969207779996 0.00118968366727471 0.0034439146712055 0.00190979529845444
361200 0.0232755610660999 0.126918064659397 0.00261581558205676 0.000792003370632802 0.000427771052442539 0.00338917165276514 0.000549848676217036
361400 0.023103669104361 0.125625086503265 0.00132204787519226 0.00428649469972429 0.000406191686367395 0.00340242902230996 0.00110314076307302
361600 0.0231478046276021 0.124344497165315 0.00137003113462721 -8.15505007525897e-05 0.00011991837670727 0.00102629501814212 0.00103222162651719
361800 0.0229314923852937 0.119886634607239 0.000269186021019664 -0.000570439165044828 0.00217015714843663 0.00250100589635052 -0.000182312825487987
362000 0.0231193351567729 0.122421958055593 0.000885341646064009 -0.00206026024477564 0.000954986548997891 0.00328766633818257 0.00042267760634283
362200 0.0229679794123036 0.121681113581524 0.000190297149629196 0.00112051405567746 0.00306521367600447 0.00230913235178633 -0.000383190241135428
362400 0.0231668253772121 0.123512374103617 0.00257549431220524 -0.0010284272063871 0.00288313711894238 0.00254370138660752 0.000418462203950495
362600 0.0230238230964328 0.122526326383696 0.00137848561892624 0.00131611772249103 0.00126456621858679 0.00232753336880121 0.000594351711568136
362800 0.0231950501560559 0.124288925162075 0.00479164960947421 0.00250427388431041 -0.000397800070224635 0.00313331113761324 0.000246002629923506
363000 0.0231493367642784 0.124178407945002 0.00334900802525581 0.00209355205727482 -0.00058592397491222 0.00105814271700406 0.000889903488611728
363200 0.0228189885096819 0.118533704929054 0.00352434776062284 -0.00257840937416046 -0.00113056772062843 0.0017492344169893 0.00183343603205401
363400 0.0229683422251389 0.119542235543419 -0.00492840218062419 -0.00135208860475502 0.000470996394899746 0.00268619240346444 0.00140252799933335
363600 0.0227686648262688 0.119430867279426 -0.00106892954650108 -0.000497275357061135 0.00182138392607778 0.00372635007975943 0.00108423550285965
363800 0.0232257921400263 0.123657091991606 0.00173262429289298 0.00284108099129924 -0.000139790134450583 0.00266641252304347 0.00081957310866638
364000 0.0229267105245292 0.123062372156612 0.00370112009618258 0.00216155122244432 -0.000705256792311817 0.00291142791687349 0.00174783493849539
364200 0.0231369532103159 0.124726766010816 -0.000400351468994512 0.00279835776622417 0.000737546039085424 0.00144677371862059 0.00113600830698383
364400 0.0229492421571806 0.120806846170157 0.00109139533344167 0.000320224740490161 0.000671990859690442 0.00148572500409964 0.00174330798556401
364600 0.0230113527716532 0.121834588700816 0.000407265792471397 -0.00103072749831716 0.00144559351987038 0.00253554597424904 0.000239085113244234
364800 0.0229773641661383 0.123525472791775 0.000820636379307938 0.000313120135370026 0.000722647064394588 0.00275885504228024 -0.000390411487630485
365000 0.023123320956086 0.126912787739108 0.00243203677465412 0.00237248907180416 0.000870850125298576 0.00224322452561722 0.000334198095298326
365200 0.0231143418768175 0.125199482737641 0.00387622717744653 0.00352370295485002 0.00167811742875485 0.00172905557023362 0.000353179300399128
365400 0.0229905699287868 0.124163332335732 0.00120909316522513 0.00240295591259255 -0.000443568734201697 0.00246108027687482 1.93928722132282e-05
365600 0.0228767922118975 0.121393947639032 -0.00134012589122317 -0.000860476570947809 -0.000334829146349908 0.0032715032205395 0.00131894933584077
365800 0.0229742183980335 0.121884967278733 -0.00178596243607107 -0.00320787697585809 0.000755183194944584 0.0031977272662414 0.00273290552618895
366000 0.0228885462637781 0.121092543249711 0.00214421099030718 0.00132047374924311 0.00224542150847295 0.00139651672398905 0.00275839173041723
366200 0.023055659737367 0.123776558496895 0.000923062097631417 0.00142445649534517 0.0010046121628499 0.00114516043882246 -0.000686039850133966
366400 0.0228841907216653 0.122655247755374 0.0032476873339425 0.00168836677490786 0.00258592461061644 0.00362202907649153 0.000513320773842932
366600 0.0232533780273318 0.124650153109909 0.00328882689672518 0.00174786451621938 0.0019980988117472 0.00374716993624186 0.000552523017294066
366800 0.0228000592410996 0.12060537667678 0.00110095744721623 0.00246785686985702 0.00222695815321782 0.00294642421226317 0.000237347921669757
367000 0.0231695474187532 0.123655832657059 -0.00218110858749928 -0.0026860039835514 -0.00105448477194156 0.00322043900989638 0.000347924336742109
367200 0.0228751408586295 0.122174541876476 0.000942191257867623 -0.00191612012986574 0.000938165013556745 0.00192786028561718 0.00147223491286757
367400 0.0231191503565343 0.126072553882879 0.000333068264812088 -0.00107120162328836 0.000307235681341102 0.00115623147395369 0.000720671697970351
367600 0.0230422861684601 0.123076626008199 0.00337765258328757 -0.000597386889010532 -4.97507149859316e-05 0.00173913151975101 0.0011644602001407
367800 0.0230271580327426 0.12110998748166 0.00173442813260863 0.00151295976126795 0.00154389910873537 0.00239394994374221 0.000954519485165621
368000 0.0230327369438136 0.122007808431117 0.00206876631875405 -0.00262276267119429 0.00306118217352902 0.00214956208063931 0.000277943845142433
368200 0.022974070263978 0.121005382492508 0.001160558822141 0.000708416533288191 0.00184452226972307 0.00181909951501975 2.20684654000042e-05
368400 0.0232004587279603 0.127591651364235 0.00329687156263711 0.00129574608364145 0.00110436213325475 0.00231197159015407 2.065764092439e-05
368600 0.0231028740434505 0.125954184808453 0.00373368638111113 0.00389990038815802 -0.000178084481126029 0.00391559906285419 -0.000646850232038292
368800 0.023183595258932 0.124937895050802 0.00308472410331526 -0.00148880969429299 0.000713095956828722 0.00281199187963935 -0.00068164927861756
369000 0.022994565938966 0.121526900000505 -0.00066538415945009 0.00244735863810352 0.00168472164760469 0.0019905533042944 -0.00081547374658314
369200 0.0230910524027928 0.12028724736263 8.4568834002143e-05 -0.000508842875221296 0.00151507482422474 0.00157097979978947 -4.24798965371874e-05
369400 0.0232004680738203 0.120705181526376 0.000109592291073186 0.00128511971339253 0.00145067894403108 0.00200337976048083 4.60973896086622e-05
369600 0.0229452277179138 0.121693982948322 0.000388457929176416 7.49129507226255e-05 2.02916680007669e-05 0.00172545496683475 -0.000496441986096064
369800 0.0231124120877433 0.123197709563502 0.000250371863637546 7.44136226723559e-05 -0.000739851136416803 0.00240364175177363 -0.00161158858208166
370000 0.0230892059373979 0.124469520370234 0.00223042239608424 0.00190551599625958 -0.000140258580748242 0.00181464547192694 -0.00148875485928512
370200 0.023256697660294 0.127457820711683 0.00426664369326276 0.00297112782307439 0.000561702869732311 0.00182917868776944 -0.000260864217728033
370400 0.0231123923062525 0.125080707384863 0.000962490793472719 -0.000555063685253568 0.000318786617695066 0.00287072473603303 -0.000697922255329467
370600 0.0230409373283202 0.122232662024187 0.00129789217896938 -0.00191273325882808 0.00233184246595058 0.0041105143040229 0.000214714599405721
370800 0.0232265463127429 0.123512548469401 6.09348072574699e-05 -0.00104954908986985 0.00219330457022386 0.00273008880048517 -0.000383985414490853
371000 0.0230485035604399 0.121409794714377 0.00213905073053687 -0.000469348635419432 0.00108431944424668 0.00162317974400239 0.00163776661399904
371200 0.023225559804721 0.122885816055711 0.00179825033166372 -0.00243824734337642 0.00256724673662886 0.00156862187255933 0.00160141473645084
371400 0.0231742833402067 0.123794015035382 0.00211380645249891 0.000710749453743652 0.00133030029917169 0.00246552617634678 9.8951605951564e-05
371600 0.0232845960869828 0.125487627489869 -0.000380526598138261 0.000564589590852513 0.00230576037992485 0.00293724535410211 0.00116023040463721
371800 0.0231352611511958 0.123618852974235 -0.000174328946525512 0.00241092540844774 0.00288342938398844 0.00247843157364129 0.000759548512361666
372000 0.0231542135722445 0.12349919231075 -0.000404043465395757 -0.000351649871263403 0.000391657103091044 0.00204399910396287 0.000640546522110026
372200 0.0231226343478583 0.123498475397178 -0.000878009621721302 -0.00033650434089923 0.000399755481222387 0.0017298747828694 0.000569139878155495
372400 0.023196199070183 0.12221258721685 0.000894991609812077 -0.00246088604758719 -5.34915388443957e-05 0.00163637667787439 0.000443454522938589
372600 0.0231373188752879 0.121405524632236 0.0020538478327776 0.00150918531685302 0.0010577689891936 0.00225211180454741 0.000344464415140333
372800 0.023343121465173 0.124534110865585 0.00174691557164412 0.000478517217189323 0.00166369829875539 0.00138572989993762 -0.000636242643172484
373000 0.0231323148510064 0.122520423135944 0.000993956203477836 0.00342017782306234 0.00101769432506045 0.00132496648992572 0.00108454638585182
373200 0.023362265608878 0.123001220430209 0.000420777963745257 0.000796769969071264 0.00163972636961698 0.00239142836525789 0.000997224759702355
373400 0.023133072715485 0.119939859049674 0.00117919456950126 -0.000332701820648034 0.000864691644783578 0.000694812697514517 0.000980418521191988
373600 0.0234247860802668 0.126804048629986 0.000830754464343229 0.000928255671866153 0.00100055535944708 0.00274301798779552 -0.000223676260454341
373800 0.0231727129466167 0.125788685649946 0.00555835530860182 0.00466359085007258 0.000274813796493239 0.00152721284254245 0.00010214133088255
374000 0.0234961727128904 0.125820828543744 0.00495457630801973 0.000204852914928186 0.000298052091452422 0.00188227847932483 -5.40844152116464e-05
374200 0.0229202917789749 0.119254522047699 0.0020894359176618 -0.0019199230851762 0.000236592666675192 0.00163468518740257 0.000940350405322903
374400 0.0232624725791969 0.121710584158257 -0.00321162752322354 -0.00152915220367533 0.00119923225056549 0.00243318352997139 -0.000355449209775606
374600 0.0231132254193065 0.121195471885885 0.00327846784304384 0.00196653542669163 0.00104196387680515 0.00205727236027667 0.000641663430659785
374800 0.0233559068971522 0.123521978167061 0.00167639254340622 0.00205651622976155 0.00228289523848893 0.00306598145226389 0.00010125241978737
375000 0.02307444498844 0.12333402469679 0.00346333092216381 0.00348151782098798 -6.87019934854413e-05 0.00229972520362836 -0.000713455926443045
375200 0.0234099622526511 0.124213199924538 0.00233781381405492 0.00235976692657069 0.000264276082552792 0.00343861844648134 0.000115457583056754
375400 0.0231156235335015 0.119510045107519 0.00338739778457553 7.31408128668091e-05 -0.000490846847500841 0.00176574514609589 0.000545293285452441
375600 0.0234204780426836 0.122205648140864 -0.000627430332398522 -0.00165792017703947 0.000812731036892281 0.00204809337734403 0.00255309767465183
375800 0.0229744454511411 0.121639234995204 -0.000678679993586943 0.000884216291204307 0.000185761559397899 0.00137679404662658 0.000989217312406367
376000 0.0233732576417866 0.127323066260008 -0.000902462234769559 -0.0025101481091738 -1.66836955457999e-05 0.00426007982950306 0.000891801649497327
376200 0.0230144832300798 0.125045883548727 0.0027834592864502 0.00404479981248975 0.000333512802725561 0.00123157562924192 0.000959672174488824
376400 0.0234848753537123 0.126907677011883 0.00214025182882899 0.00171829519011491 0.00229964020063463 0.00304493393018253 0.00119225036286002
376600 0.0230715539681788 0.123561759599346 0.00184979370695684 0.00242499416653198 0.000809151878246699 0.00221849085467718 0.00235045041857244
376800 0.0232515347175491 0.123745096556664 -0.00219967522711206 -0.0014648814843417 0.00142177329304704 0.0016250190101919 0.00155598215901697
377000 0.0231374402190359 0.122526655751341 -0.0026910082831075 0.000112110039874358 0.00178081534132295 0.00245607236872836 0.000826294040892682
377200 0.023283851619008 0.123297262542205 0.00104605624580508 -0.000829411755993905 0.000927584207248194 0.00208878857815644 0.000285727081958142
377400 0.0232391260396797 0.123927829830939 0.00186849383698201 0.00436795953478018 -5.4515040017034e-05 0.00323897031027758 0.000751851765473181
377600 0.0234189320498851 0.126960596496273 0.00687153367587139 0.000230007509749108 0.0024733605521942 0.00245634652881518 9.44008535189655e-05
377800 0.0233035568145845 0.12509813179104 0.00128796838423806 0.00286480244348605 0.00127889469668869 0.00209302102866573 0.00194117530471441
378000 0.0232222622739657 0.121503665842468 0.00202250526483905 -0.00141558925759998 -6.4963784618505e-05 0.00302718994930334 0.00102474614190312
378200 0.0232940515885617 0.122933217068793 -0.00203305860492225 0.000357495740683695 0.0016859195027337 0.00126890241591831 0.00144732525952258
378400 0.0232821314098595 0.122576285144797 0.00187838909409833 0.000197358630345048 0.000170437168536582 0.00338990175399882 0.00154296970466032
378600 0.0234446502449075 0.125392251583152 0.00117221054089269 0.00315584942003666 0.00206935040996413 0.00296047243844312 -0.00077793307570672
378800 0.0232066086746694 0.12309766356677 0.00419817025590805 0.00104731463727126 0.00238329620131703 0.00200424737416551 0.000914882233395857
379000 0.023461565058084 0.124541503298944 -0.000912578626883317 0.000680376093760972 -4.09049603958893e-05 0.00222349976084354 0.000896453157851571
379200 0.0231650948124219 0.122650273071097 0.00310565907002895 -0.00125371712684951 -0.000330014915961691 0.0015417254470894 0.00183120309154683
379400 0.0235840668296799 0.125401611821207 -0.00333453142432457 -0.000347195861461753 4.42247012794206e-05 0.00309718240376527 0.000500135895811327
379600 0.0229875451618657 0.119041531930662 0.00111835289313905 0.00171672468475637 0.000368750072645442 0.00290642906178346 -0.000328014446194612
379800 0.0235880017770781 0.125445393336591 -0.00187059079288482 0.00362453556501537 0.00062945783157922 0.00268138477894176 0.000987122541685089
380000 0.023217926458339 0.124693357219887 0.00348302534151327 0.00175601872831698 -0.00105785734789767 0.00225648018055042 0.00253156505201104
380200 0.0234951783019475 0.123935121732368 0.0014881001747306 0.00228348275944464 0.000425817596360793 0.00149242643893907 0.00113408728074468
380400 0.0232058878045042 0.123840410601066 0.00257702330612946 0.000128162593347652 0.0011208556012383 0.00437336116037053 0.00186050066533878
380600 0.0233448209690338 0.123217737564372 -0.001451264435818 0.000569517165029109 0.000207271150966573 0.0032483920544801 0.00336732172278142
380800 0.0231815129511025 0.123436305540126 -0.00162042951021347 0.000167888366669859 0.000461681890811706 0.004244121186386 0.00310995922237126
381000 0.0232767222102806 0.123863969207929 -0.00180726961715407 0.00235664469798845 -0.000181842778916424 0.00296825597768023 0.00153573829490476
381200 0.0231282164175162 0.121705433154948 0.00334089904572946 -0.00207468221142714 -0.000356124562724472 0.00341936710870388 0.00146232403981032
381400 0.0233345718904101 0.121176201625788 -0.00156435810868425 0.0047606693260501 0.000418861510508593 0.00114319513937237 0.00247676562532971
381600 0.0232812596884699 0.124105750315054 0.00338850057385214 -0.00116390438506954 0.00228262268770529 0.00185421193546333 0.000361538162198626
381800 0.0233391178623392 0.122151854602437 -4.19949518337534e-05 0.00114742564271972 0.0011183728684086 0.00153134641514474 0.000630570192507696
382000 0.0231882382298124 0.121567208614834 0.00299013205679878 -0.0011409238701238 0.000981675505575125 0.000174761398818528 0.000479304175803968
382200 0.0234636807286411 0.124734248630322 0.0026659203234579 0.000644164634236639 0.00138168514295497 0.00161544469781545 0.00245732767122909
382400 0.0231200445890987 0.12228756209906 0.00450937295308818 -0.00106347457841535 0.000502968739726464 0.00107578555973878 0.00045832608364945
382600 0.0235636811731911 0.124971378136673 0.00142481480901242 0.00252683289967933 -0.000160412366552772 -0.000235175713834521 0.000463591297873228
382800 0.0230970249421704 0.121850438249797 0.00192096297652598 0.00263643184841069 -0.000308744586001525 0.00212576901126827 -0.000276051151703809
383000 0.0234375181784683 0.125206348581113 -0.0022845312793841 0.00256312216714609 1.99295353549549e-05 0.00349458962783827 0.000802461133502644
383200 0.0231812307851153 0.122116811637257 0.000800181654021493 0.000338487368539481 0.000531878817215228 0.00273956757897475 0.0018384716969057
383400 0.023549516458003 0.1253482886365 -0.00247507486837597 0.000956612699111634 0.000138206191916566 0.000860796968032672 0.00131474693867362
383600 0.023136803401393 0.121745417273389 0.00274586048594826 0.0024387889883315 -0.000459942139474546 0.000275175802692733 0.000313976084458408
383800 0.0236730861707746 0.125809752397143 -0.00193676371288509 0.00373949241827911 0.000955382694653972 0.0011293900734682 -0.000130386414754742
384000 0.0231430206814675 0.119744717761001 0.00268161711407166 -0.000594762588790233 0.00119785004378504 0.00147258697346127 0.000504214885658586
384200 0.0235833432318142 0.123214486190885 -1.19435966170557e-05 0.00160457572791091 0.000912002445064095 0.0027682377017174 0.0013653310884439
384400 0.0232234063352325 0.122146844505814 -0.000655477132998913 0.00246032705306062 0.000902002511109323 0.00311631960732518 -0.000652294613606662
384600 0.0233948881528372 0.125142675661866 0.00122552043120242 -0.00047575731110458 0.000755012151359117 0.00241219313620422 -0.000344390982586268
384800 0.0232476719246861 0.121562386385232 0.00164442773392794 0.00211087404595803 5.72339426069256e-05 0.00221995236231089 0.000900659388435032
385000 0.023471582635052 0.122883311850218 -0.000389027796627632 -0.000270720416903369 -0.00037992484551405 0.00302134371218986 6.60462784947224e-05
385200 0.0230378333375307 0.121852717310243 -0.00100899252864556 5.46422725406052e-05 0.0011174348148128 0.00250468743717361 -0.000508988171450785
385400 0.0235775728444657 0.123840096351466 -0.00347381806022191 -0.00105755538120457 2.1120032379597e-05 0.00400422821823025 0.000763850170192574
385600 0.0231992694785541 0.120523230088562 0.000806837212176351 0.00201388419218361 0.000359639062176461 0.00219015367060615 -0.000159538947256678
385800 0.0235011078357713 0.126300329141799 0.00271486995333043 0.00253174515844565 0.000562990038891317 0.00272544040421587 0.00145100934620102
386000 0.0234204360106762 0.125084190050477 0.00321832903307789 0.00272768218322021 0.00101835466991806 0.00147764826388642 0.00115517504990445
386200 0.0234381361305555 0.124256009408538 0.00499141614733002 0.00320245689658776 -0.0001161605152292 0.00109717942917195 0.000873296928531498
386400 0.0233195157196141 0.122675089028709 0.0035268684851441 -0.00061838792945455 0.000458935976877318 0.00244006300622202 -0.000295478209407681
386600 0.0234037807965547 0.120408748406119 -0.00027739704016231 -0.00182638455395101 1.93153675274799e-05 0.00176221026877144 0.00216927719298421
386800 0.0231286362293016 0.121780722046337 -0.000592680878570241 -0.00229955647094577 0.00186156078008733 0.000984489976914594 0.00154239334191238
387000 0.0233580333595227 0.12242400445203 0.000637267610789265 -0.0026239498523006 0.00108174780112724 0.00143180468034941 0.00202964310311078
387200 0.0233964419870884 0.123903903830379 0.00392109589759739 0.0010267081791382 0.00196265798564754 0.00139718373544843 0.00130310862487684
387400 0.0234322671911154 0.12421978871434 0.00171174762862126 0.00608081328812852 0.000472799335559815 0.000893499234286399 0.000458170445492754
387600 0.0233779511389045 0.124143622747681 0.0046247794655339 0.00394908367271256 0.00133687119761361 0.00381752861254917 0.0010110277499108
387800 0.0233192338083086 0.124448806426842 -0.000194436774060714 0.00282773172405482 0.00138494128664609 0.00276476112365052 0.00171505467268647
388000 0.0231937631251308 0.121453343139088 -0.00130821911085078 -0.00149495446093881 0.000566046850561179 0.00192654842589933 0.00115019750218874
388200 0.0231643636789321 0.121717955989512 -0.000154514560580538 -0.000929039612851142 0.0025178333555129 0.00201762310397477 0.00074451593394736
388400 0.0232687341044666 0.120895748412781 0.000266258121852028 -0.000431030811274761 0.00165647733476872 0.000948947898318004 0.00189080565848186
388600 0.0231193604718247 0.122547016204973 -0.000841553318951078 0.00319138515090738 0.00173343516648102 0.000929121773877683 0.0020556470821217
388800 0.023572956426908 0.125353135941572 0.00395223913186311 0.00391236301128877 0.000823531417074058 0.0004587869980911 0.00318474645561306
389000 0.0231767846304296 0.122262322662015 0.00499464585947802 0.00697083057709482 -0.000291831988255108 0.00158807686127953 0.00163731268112504
389200 0.0234165455026293 0.125068002982676 0.00235622329344043 0.00132216919698752 0.00131748426610217 0.000334129521565238 -0.000951358313861488
389400 0.0231447968183318 0.121575216188399 0.000980756296095769 0.000837115618740242 -0.000609451308801869 0.00184152678736446 0.000315411799574839
389600 0.0232968404570508 0.121539868591341 -0.000841295358863814 -0.000965550479688846 0.000699162882029555 0.00115327106509527 -0.000582899470600555
389800 0.023241097748205 0.121165689061933 0.000715704280868779 -0.000265718146623111 0.00120586164391411 0.00146701798183175 0.000643278022477548
390000 0.0233789211114544 0.122966405746002 0.000650708248415991 0.000718463639533719 0.00109982328514255 0.000555655286288985 0.000356723189921042
390200 0.023315630924555 0.124286015496908 0.0016705421710095 0.00100722969937368 0.00116027688922205 1.54452973999573e-05 -0.000320606618486199
390400 0.0234357486771429 0.124750768377683 0.00371245246099387 0.00266596545648099 0.00111643896296935 -0.000996909477068453 0.000532844976459642
390600 0.0233114787637775 0.124995834723182 0.00455447618887825 0.00487205804313122 0.00220033379808149 0.00025163385775715 5.37556839234276e-05
390800 0.0234942612345216 0.127487732257733 -0.000544131756899637 0.00427340262006741 0.00142708770521762 0.000916242754071216 -7.71935148016256e-05
391000 0.0231323387290298 0.121970268946143 -0.000129317481566053 9.16621312067335e-05 0.00106744258788829 0.00233668330498154 0.000537628563955507
391200 0.0234508028070169 0.120718379916927 -0.00188567803355937 0.000234429813179366 0.00124013976439886 0.00165275659381137 0.000937317357890831
391400 0.0231640021298598 0.121053702093123 0.00221692796572445 0.00237427149197486 -0.0022675493885337 0.0026965384260617 0.000192207784494042
391600 0.0234415155563449 0.122853361367854 -0.000694184082848776 -0.000589857134458205 9.75569299178572e-05 0.00221603781099915 0.000811435845792146
391800 0.023104970216615 0.123988516742812 -0.00256304576265981 7.0534793897015e-05 0.00156658518909771 0.00263248365820585 0.00145233889227991
392000 0.0235035119058317 0.125230862016375 -0.00222686469249572 -0.000444951993796831 0.00235407951694945 0.00132750616020078 0.00148954623058192
392200 0.0232289718697444 0.123693417644232 0.000300518654329394 -0.000971620577087802 0.00163120025473322 0.00190818097963359 0.000994500297120525
392400 0.0234927702676167 0.122112383265343 -0.000318844196141428 -0.000727991329075653 0.00163711419676925 0.00239766679746382 -0.000203262299599871
392600 0.0232741801768457 0.121444784644414 0.0037123510009863 -0.0015023787021753 0.0012062580698065 0.00185841452555847 0.00016682522634319
392800 0.0235692085570401 0.12458412173499 0.00343479766622827 0.00357029923614355 0.00243823721418051 0.00168164474753739 0.00118903760169025
393000 0.0233086365631156 0.123082923695196 0.00662001493166571 0.00435694144675692 0.00108550056077247 0.00146481505488791 0.0010225159976223
393200 0.0235207828955921 0.121560399679961 0.00113716371160311 -0.000190992139669173 0.00243928015620955 -0.00134141611548967 0.000745742866950904
393400 0.0233023178490216 0.12149101616886 0.00286852784694581 -0.00210903963552805 0.00193421020163909 0.00141569888631685 0.000268490201862441
393600 0.0235115418461897 0.122743255187818 -0.000993120158846628 0.000193318128181653 0.000756657163121063 0.0020725138222197 0.000978606950169085
393800 0.0233489004380848 0.122110142864986 -0.000608150900798748 0.00198410223024904 0.00194600291341202 3.12777696857751e-05 0.000873051445415871
394000 0.0236440219140837 0.126552328848593 0.00130148653195799 0.00302898083378564 0.000951139081505884 0.000956968609240291 0.00134766539039054
394200 0.0234073157857251 0.12359457465974 0.00353978875427027 0.00277571135913979 0.00201917506722438 0.00168286039706631 0.000599248811778115
394400 0.0236569387305611 0.125235061956601 0.00382327586518496 0.00186978357320783 6.84760481950164e-05 0.00191206354874717 -0.000294999330444117
394600 0.023308871961514 0.124595388693967 0.0010903396276295 -0.000276733432779007 -0.000383466033251748 0.00218638080193135 -0.000685044144751508
394800 0.0235927020034899 0.124173051897127 -0.000984089056914924 -0.000314087072175865 -3.8797911410555e-05 0.00310325480525626 0.00260672958441234
395000 0.0232615365657334 0.120486241471728 -0.000923226119775682 0.000382932692753814 -7.74514791973487e-05 0.00294149053663568 0.00128520034342089
395200 0.0235043443218741 0.122120807291593 -0.000515978642228685 -0.000164622460425187 -9.54344618994992e-05 -3.98178068267657e-05 -2.2696672139351e-05
395400 0.023234515229019 0.122540673005313 -0.000251943749013106 0.000269828633461818 0.000351081572813264 0.00150114655456347 0.000859704564128583
395600 0.0237546349285839 0.126597446959449 0.00104428196420194 -0.00166581472779361 -0.00145621787748144 0.00276516805665738 0.00186210543521095
395800 0.0231380902364709 0.123605478165871 0.00177217025668095 0.00315834698818063 0.00366298932265214 0.00353493959871297 0.000561965794608594
396000 0.0238937500601291 0.127979744588076 -0.000542968979032142 0.00035882202468088 0.00148826496098545 0.00346769322710962 0.00139251083661084
396200 0.0232808018509109 0.123766891781411 0.000886409464719134 0.000957756410712521 0.000456998027601098 0.00234270935063249 0.0007712817420471
396400 0.0235992730366429 0.123112664738323 0.000666037439839667 -0.0030881604983222 0.00193351779750162 0.00197761897156522 0.000729029400411166
396600 0.0234957035019389 0.123111443236671 0.00103452112686213 -0.00173471305403651 0.0024239233411706 0.00181155307591316 0.000565033036156248
396800 0.0236224803555575 0.125403056251576 0.000682458429960793 0.000907482677088717 0.00237885420198181 0.0013648196203792 0.000755905153351571
397000 0.0234278353702237 0.124125319130472 0.00248547004444975 0.00357716160259545 0.000683179413108961 0.00171442121486812 0.000331923138103183
397200 0.0237451814414662 0.123921159954398 -0.000559662962501199 0.0021221513783084 -0.00105428316149048 0.000904094186885052 0.00100294933458079
397400 0.0232165911500455 0.119521176974858 -0.00088112112714467 -0.000650558924676876 -0.000457445415842766 0.00170242286325984 0.0031484497214957
397600 0.023691915123863 0.123586633561404 -0.00186075604213162 -0.00259781664503817 -0.000618440303839206 0.0021572957557932 0.000450786815906358
397800 0.0232658365630302 0.120917846735407 1.5048490274527e-05 0.00100303569574679 0.000408706859525019 0.000999346292408846 0.00186063775888946
398000 0.0235695505530985 0.124703227670494 -0.0013957807915633 -0.000876640545032123 0.000529379169965838 0.00215862596131903 0.00275092007046006
398200 0.0233367185480118 0.121893831369002 0.00376718848786496 0.000890809178720215 0.00110426494211097 0.0019730759712698 0.00102861944449792
398400 0.0237052120179863 0.125016473541232 0.0030254614218585 0.00173183851172137 0.00198838904561406 0.00119310232525064 5.96568860165486e-05
398600 0.0233514172320469 0.122604826332173 0.00402817608545559 0.00350642424345175 0.00088376630163695 -0.000220674152659618 0.00160351082893693
398800 0.023696124354323 0.123372132610984 0.00292558156615755 0.000732251991855871 0.000239023687410678 0.00108393224103992 0.00190269282062204
399000 0.0233581621930904 0.123098951995265 -0.00100922199112892 0.00240447546633542 0.00130582030447689 0.00263094771574904 0.000664618571340903
399200 0.0235400903461332 0.122325374433914 -0.00199875881131257 -0.000455135707174628 0.00273584655762714 0.00155435165150048 0.00102576534520523
399400 0.0234300693275574 0.123668766443683 -0.000865523044825866 0.000508928658193655 0.002113251987273 0.00217899785015312 -8.19325614198004e-05
399600 0.0235000703579055 0.12426301494234 0.00160598621661958 -0.000484093816122333 0.00310744851367546 0.00173886648001398 0.000840462368224138
399800 0.0235258106527363 0.121749960729516 -0.000273737215876114 0.000845037924295121 0.00194339026157762 0.000749273438607706 0.000939723557609546
400000 0.0235985351357711 0.122002943072497 0.00269210986116275 0.00281016878102732 0.00162539936391076 0.00113932257912676 -1.28257105130203e-05
400200 0.0235578658831921 0.124015662959276 0.00335858729352642 0.00124527738272942 0.00069832722319947 0.00252676366420112 0.000800713894492997
400400 0.0234597200372695 0.122337710397082 0.00256557191774641 0.00101030329855218 0.00244779041333944 0.00114884021660428 -0.0011336975217318
400600 0.023715742352694 0.123151600946497 -0.000719598157564896 0.000745710642553133 0.00137162344012552 0.00162804451899769 0.000177057877839159
400800 0.0233923814307032 0.121603139260952 0.000921643750795378 0.00110027204692119 0.000605746780963647 0.00334507366574735 0.00083587210081813
401000 0.0235848002858718 0.121107714934945 -0.00139861048216024 -0.00115191248223664 -0.00146707092077962 0.00277566780494258 0.00203308293797408
401200 0.0233932969357519 0.120084340873064 0.00171294505902352 -0.000158203935789535 -0.000456966750689242 0.00220881868100605 0.000337711552126127
401400 0.0237209375686093 0.125549452295464 0.00146210659937956 0.000801773049294871 0.000164797977133485 0.00039031082591165 -0.000477684289760252
401600 0.0236097275892701 0.126073931442022 0.00529021065999349 0.00144894269319839 0.000448189913025825 0.00187132082750885 0.00086025751722198
401800 0.0235871924518755 0.125494550835947 0.00432215285821328 0.000674555641235506 0.00224129754829811 0.00254879655503042 0.00175966932206725
402000 0.0234617537095948 0.12110511560748 0.00203516473531902 0.000654165900849984 0.00266986291661472 0.00249578340542338 0.00166323184034749
402200 0.0235608964667962 0.123974938338118 0.00101035992294841 0.00138882940437941 0.00287570226885396 0.00301809173520052 0.000272077440409233
402400 0.0235683758826096 0.122131504588654 0.00174702575417005 -0.00304972653918399 0.000734068433235272 0.00260098305650765 0.000379281210850327
402600 0.0236251547459973 0.120735134874477 -0.00337476563381532 -0.000556185423006241 0.000368843284976271 0.00284905205506047 0.000949931085066927
402800 0.0235672057321759 0.125446622167001 0.00302756575434539 0.000186484568909495 -0.000292255463671672 0.00176337192746394 0.00128485594043845
403000 0.0235860653472354 0.126726664250824 0.000378967989507463 0.00169281369607773 0.00133099010542293 0.00125282245657713 0.00166207007153393
403200 0.0235310130986364 0.124825967412703 0.00323222293328513 -0.000184276618806684 0.000370876804089609 0.00120749766828579 0.00135195323383497
403400 0.0235538010329862 0.124605144069091 -8.79280524539742e-06 0.000510956036347992 0.00116336657601751 -9.7954000097873e-05 0.00110227397744116
403600 0.0235634511456864 0.12275257137921 0.00151483165230003 -0.00306409016903407 0.00026220151442964 0.00109173850535779 -0.000158191088923306
403800 0.0236030888123073 0.122843649511708 0.00230204816224095 -0.000750015335929903 -0.000367034887176577 0.00189163372619878 0.00141524041136705
404000 0.0235752987583524 0.123629114785079 0.00244398397543141 -0.0020028306444412 0.00137531252945132 0.00290326470287216 0.00151003666870669
404200 0.0235449592588511 0.12259869785441 0.00127993305691157 0.000966309402113591 0.00180050602658707 0.00121017301773709 0.000158167960383086
404400 0.0235579437478083 0.12318249173059 0.00331252780568248 -0.00120929591826526 -0.000225732192085292 0.00152974223799766 0.00100864346293704
404600 0.0235471942570626 0.123330156299527 0.00177345910538627 0.00107196597653138 0.000421886654713754 0.00264545268503074 0.00155276557317996
404800 0.0235759250871409 0.124687786290926 0.00258333373620701 -0.00149348221714352 0.00193426803886503 0.00327249701429166 -2.75421581260724e-05
405000 0.0237043050602333 0.126321092834888 0.00249582719622898 0.000250131994442787 0.00070097048102739 0.00226243107678689 0.000763878885266355
405200 0.0236367708804422 0.124190393514675 0.00250193423080834 -0.00160798758763132 0.00248754957624371 0.00192269215394268 0.00150931924185819
405400 0.0234666920608741 0.121071992727383 -0.00287308453571772 -0.000720654150270284 0.00271208242954046 0.00220552726658936 -0.000773042752221704
405600 0.0235975400076416 0.121841243513594 -0.000675412289350489 -0.00385265450569624 0.000494571048827203 0.000291426749372355 -0.0011711773401917
405800 0.0236241416876341 0.122713099436625 -0.00114421917814919 0.000285098409273138 0.000626630212073277 0.00197068302648428 -0.000180934673555706
406000 0.0235982609590647 0.125292587092343 0.00234197576191624 -0.000109869533992811 0.00140028067766323 0.00166357116800926 0.00152924489713399
406200 0.0237199890748494 0.125638793172999 0.00305125934199918 0.001940710751811 0.000729386630321066 0.00164662072436015 0.00027903052989809
406400 0.0235961620276228 0.12372631549327 0.00231295814126475 0.00320117814317485 -0.000386923143906263 0.000933794039210252 0.0022652498950732
406600 0.0236699140157741 0.124158076494711 -0.00172975214706579 0.00355798974141448 0.000623419787878331 0.000881603749486819 0.000195697359066465
406800 0.023326641314528 0.119431377552018 0.00188365888806147 -0.000450382498183515 0.000931047200901097 0.00111898700859015 0.000993261190733563
407000 0.0237461455419811 0.122428566221908 -0.00123862656466969 -0.0055849396130696 -0.000295029396341724 0.000458261036376269 0.000580486757812916
407200 0.0233481762576993 0.120939877345634 0.00432701503214616 -0.00171665064615337 0.000506366838767001 0.000550071772806276 0.00182106838816195
407400 0.0239006419362903 0.127674733567773 0.00232204740479525 0.00195274106101719 0.000714130643967012 0.00242171865543959 0.00142086343112057
407600 0.0234126572795347 0.123647168409725 0.00464826591331267 0.00298520938434651 -6.68029617882608e-05 0.00334473716873871 0.00140749579623517
407800 0.0238914127735151 0.1233066087791 -0.000897971583601608 -0.00169909721878416 0.00220401013573264 0.00223063813970376 0.003181178615832
408000 0.0233151232912835 0.11995392807835 -0.001937178431157 0.00088543057883084 0.00168874038984433 0.00259331641266638 0.00333720188524067
408200 0.0237433317343562 0.123544431641503 -0.00127198384821209 0.000588136953879453 -2.85087623614157e-05 -0.000201024955610077 0.00201110967023039
408400 0.0235330417259398 0.12402390783571 0.00346532833366458 0.00156531873074572 0.00116145481949524 0.00300272571705448 0.00173955945651228
408600 0.0236672029870576 0.124443881547156 0.00234883017165944 0.000727261261336103 -0.000615739227779802 0.000335082195525808 0.00154360499765345
408800 0.0236229111747178 0.123985743797149 0.00154543577764738 0.000486159782200103 -0.000303142435621731 0.00103429903469273 0.00212429484106663
409000 0.023672976292242 0.12217803570392 -0.000923704084045857 0.000868227260890407 0.000245438329663403 0.001601123407478 0.000913041657428729
409200 0.0235814609290411 0.122488040194127 -0.000518886371128232 -0.00168052814998419 -0.000409473784983577 0.00163070285396474 0.00216649351195295
409400 0.0234684599530632 0.119849715798593 -0.00167202952206394 0.000748947677121621 0.000355859356248585 0.000431792003791894 0.00104483618403209
409600 0.0236155683061571 0.127493031882576 0.00170907063081133 -0.00155938241634293 -0.00108974664594336 0.00257030393686447 0.00167508297481724
409800 0.0237836911968201 0.127225220624536 0.00358998036919195 0.00269926881752203 0.0011929336710994 0.00308066875707572 0.000105057203268439
410000 0.0235606238382317 0.124693367444363 0.0061680926320003 0.0035762134450744 0.000809139449447048 0.00246352698694271 0.00056460375688553
410200 0.0237708075814768 0.125115216513118 -0.000395575645542157 0.00149929349127894 0.00143384631955139 0.00281364839288534 0.000695253907876414
410400 0.0235853461517011 0.123364351746661 0.00128104185321734 0.00141986854032987 0.000286167011352569 0.00373506630820505 0.00175473503362067
410600 0.0235632453982297 0.120282838070376 0.000204380237392349 0.00151595925368002 0.00137366486674202 0.00265754722580477 0.00264593368471362
410800 0.0235589693033328 0.119817848628582 0.00142372222953855 -0.00133509705333306 0.00148140326015798 0.00150181919718048 0.000685567049275616
411000 0.0236364363043076 0.122505045234172 0.00101728263904623 -0.000589258785043733 0.000153039082073129 0.00157238956496846 0.000928524975249203
411200 0.0237000986544875 0.123649551641085 0.00270137639122775 0.000458917071772334 -0.000408242535618143 0.00165367106823368 0.00104166057746682
411400 0.0238390276027997 0.127950392258871 0.00527830661183044 0.00563811961982319 0.000168683705197234 0.00168591877946489 0.000965709778838556
411600 0.0238365416631344 0.12716730573689 0.00497095370700722 0.00434249900455534 0.000902775625601998 0.0030202083243504 6.71704251278168e-05
411800 0.0236469889907682 0.121611623390032 0.00218900871954241 0.00155936777608059 0.00122399916363383 0.00249672543673589 0.000879329812966464
412000 0.023729829914573 0.120299871173463 -0.000834255219388972 0.00106173580958659 0.00157617162443729 0.00383615063373973 0.00184867798681242
412200 0.0236572034261566 0.120045064584202 -0.000713280804501446 -0.000197360332132235 0.00296658521199445 0.00307470861048074 0.00118892018955044
412400 0.0237026171901917 0.122800064219924 -0.00183441575384224 0.000624871902134253 0.00179340810230514 0.00199024289895567 0.00177093476835896
412600 0.0237878905767014 0.125361892140854 0.000572296911002272 0.000125385609085875 0.00169667696241079 0.00124464877761431 0.00280601353277766
412800 0.0237879818157853 0.12583952689273 0.00138871529864759 0.004150405979908 0.00186145199789901 0.00101488137827193 0.00232325844004019
413000 0.0237192652347244 0.126515978437607 0.00557472364236854 0.00220822961560337 0.00035100057870759 0.00278628685002096 0.0020821281417746
413200 0.023860962271422 0.126491665501468 0.0023393644125128 0.00201501560308311 0.00116359777154908 0.00339017572387581 0.00100871810325387
413400 0.0235086739499679 0.122737188706187 -0.000246447444561611 0.000374133118912516 -0.00020042775201264 0.0034858429864362 0.000419863544827499
413600 0.0236968872743174 0.119850234106665 -0.00340352692379926 -0.0026192155121842 0.00043448385799889 0.00296878086907675 -2.02444599549909e-05
413800 0.0236389164755842 0.121661026597198 -0.00100970536975928 -0.00145324775809441 0.00264315294125729 0.00422668488477413 0.00104911193216696
414000 0.0237054105013852 0.12371683961445 -0.000520046109920586 0.00157015166977482 0.00342475076864116 0.00347553156548747 -0.000405902316438538
414200 0.0238298815172337 0.125344010485927 0.0020328185876495 0.0012641857844394 0.00255304043173068 0.00221624510191724 0.000943978037713182
414400 0.023744176150048 0.124515089265916 0.00106453036939411 0.00162257879241284 0.0002345551132998 0.000485446423822174 0.00236040958938454
414600 0.0237731669578135 0.124422782977881 0.00138824225003906 0.00133649244785041 0.00182447800745934 0.00177561505684348 3.75816934490249e-05
414800 0.0236819880444344 0.123941178545049 0.000853040071599907 0.00360819895007461 0.000727464322349676 -0.000293574675373659 0.00151941976355476
415000 0.023594887955362 0.121933529846911 -0.00178013238023805 0.00226245273718675 -0.000197065455177685 0.0024465484108065 -0.000261524557064047
415200 0.0236152536673821 0.120054505583882 -0.00261703784128372 0.000656556512096617 -0.000705860525011063 0.00226779513637394 0.000858100791929505
415400 0.0237368922997813 0.120038501097926 0.000719910196971959 -0.00233456518208685 0.000159098433257903 0.00238224657138461 0.000997381819801271
415600 0.0236297624504495 0.123432635029427 0.00281449432682514 0.0013943339881886 0.000702709175415348 0.00286472602355045 0.00196294931100327
415800 0.0238129593914073 0.127047092011047 0.00264757375381813 0.00347036308735649 0.00283141590418236 0.000554124677071885 0.00228748978928343
416000 0.0237346477401934 0.124074514874119 0.00529153401529841 0.00382418600531541 0.00231118631363048 0.00263838772315688 0.00146116418736114
416200 0.0237445473640362 0.123909954016491 0.0033000941993943 0.00195273947013018 0.00333712441944789 0.00310369602151773 0.00132764620162444
416400 0.0235344385666092 0.120673725577594 -0.00235510324114559 0.00334830393280725 0.0013625291064357 0.00135746917962748 0.000793827357238307
416600 0.0236937048373433 0.123466241525979 -0.00207325002584336 -0.000761505151873152 0.00083166196782083 0.000181819433519859 -0.000365434256226137
416800 0.0236280157755507 0.123699022345709 -0.00218544972258949 0.00256338822461998 9.65413024828228e-06 0.00239358495447922 0.000410670288329204
417000 0.023741575142074 0.12387123574847 0.00271427092007287 0.00206381573453678 0.000678909639674772 0.00146247862370475 0.00189983854518753
417200 0.0237870699616531 0.124939070420896 0.00246708176576189 0.00356494971551535 0.000636573651551199 0.00258264349479336 0.000911932867722635
417400 0.0236548909275685 0.125971710736524 0.00283640110804532 0.00158011367830879 0.00121477519383857 0.00181309306823766 0.00111749343531695
417600 0.0239007111958069 0.126662435688324 -0.00164505476090652 -0.00141527023152917 0.00194582090333468 0.00185784887012766 -0.000533795133166137
417800 0.0233755812737533 0.11852430366148 -0.000932135459479022 -0.00135628270266979 0.000890201610935707 0.0026358171656141 0.000952949004992811
418000 0.0238651192097316 0.120801188089031 -0.00073505377316885 -0.00449043343393041 0.00225624115637197 0.0024205570300611 -7.94540967183399e-05
418200 0.0235569032205238 0.121093773211376 0.00217192941260607 -0.000214589465839005 0.00116705078778748 0.00221125259068826 -0.000246071212556013
418400 0.023850779900452 0.124466054866379 0.00190386760741841 0.000421185348218355 0.000253117565408079 0.00277268863907948 -0.000399228990294014
418600 0.023709200059654 0.12422957847154 0.00331564971693958 0.00157504061287558 0.00209184317323025 0.00223946375279491 0.00175448580646093
418800 0.0239564164927444 0.125152751897635 0.00244086550912525 0.00247531804015024 0.000518239862290164 0.00323918391150293 0.00267096113207024
419000 0.0236001984548186 0.122517531389065 0.00275724456686311 7.91126595486807e-05 0.00191922932455834 0.00123108543100975 0.000653336475367834
419200 0.0239179044803323 0.120670633980681 -0.0017113112942249 -0.00275420156351605 2.99559674607905e-05 0.00231183902544554 0.00051463968824451
419400 0.0235094093015219 0.119909151834029 -0.00210572409253085 -0.0021315837386194 0.00097280366568497 0.0017281333838291 9.94734825510991e-05
419600 0.0239402806367735 0.122150234146249 0.000552269807591753 0.00278658306904964 0.00102063441023187 0.0016342168838366 -0.000262923684425218
419800 0.0237838141389442 0.124079861419322 0.00389803901110614 0.00138512683284666 0.00152021641700063 0.00121141356816494 -0.000195835768744751
420000 0.0238220625522126 0.122954667711258 0.00237766370883567 0.00344542633554027 0.00243978693461148 0.000929692825781559 0.000905063443720832
420200 0.0238503243551442 0.12575253411924 0.00514305568725808 0.00105419963087022 0.000755319388516305 0.00119484567456424 0.00130034986601023
420400 0.0238162481454016 0.123252784126069 0.00251640024017182 0.00167356379893964 0.00341421009629792 0.00227322602039646 -0.00104653127148364
420600 0.0237843938430996 0.122622658483041 0.0006692732743011 0.000771615969927337 0.00194582581615196 0.001264510647125 0.00105527160956231
420800 0.0237414980325476 0.121672563269744 -0.00186536725784935 0.000557987271153371 0.000439860695274205 0.00102395592006424 0.000952800699581963
421000 0.0236950161212823 0.119625377008718 -0.00171349024491891 -0.00384384337511832 0.00303231986600758 0.00115365360412665 -0.000790140860689457
421200 0.0237548991703215 0.122360238663993 -0.00112785648296699 -0.000295597075382376 0.00244260617197756 0.000434543471424902 -0.000457827958156432
421400 0.0238440209153641 0.125468027615933 -1.91983879939696e-05 -0.000125520134260109 0.00041867219538926 0.000923665955410623 -0.000333118074493791
421600 0.0238594195948322 0.125861585379717 0.00419073543410394 0.00442258103050914 0.000878003546465373 0.00269360912655383 -0.000946333801049431
421800 0.0239998377923438 0.125809752110359 0.00617101374892395 0.00379755232982754 0.00120095038054232 0.00337505546637642 0.000742489423650986
422000 0.0237406915164293 0.121297448218202 0.000542386320468883 0.00204244942689405 0.00226309887898224 0.00239757438728763 0.000479101529509451
422200 0.0238568392324264 0.120783396421061 0.000537937130155527 -0.00205483913290959 0.0013812969837896 0.00232232707965103 0.000735237615902982
422400 0.0237306630201144 0.120987142802048 -3.27039715602202e-05 -0.00147005914152619 0.00163008964766828 0.00281318902060271 0.00107594710036037
422600 0.0237768818859864 0.123532992092363 0.00173290587355818 -0.00191313284947401 0.00103331326105676 0.00162519165093284 0.000953355298096783
422800 0.0238752664319597 0.120439327149881 0.00233827353092722 0.000943061102957052 0.000359683808861742 0.00227823257807359 0.000836963852285265
423000 0.0239466300830102 0.123990047259967 0.00330234167633876 0.00298934490536821 0.00290757074414136 0.00330048984410576 0.000960264850454866
423200 0.0237933957466836 0.12581568032764 0.00254272911834735 0.00373463623762585 0.0027640097756083 0.00214553426891969 0.000680692882665461
423400 0.0238698258425985 0.125478334302649 -0.000474353556138405 0.00145838819464272 0.00239723440294853 0.000757880509386923 0.00167980978700166
423600 0.0237198102543721 0.121837240729082 0.00020542991976539 -0.000209553959404219 0.00144768744643827 0.00156189858998067 0.000242405739875888
423800 0.0237404611479029 0.120804903276291 0.000320720282037166 -0.00238392206741675 -0.000122149501064395 0.00327073043897761 0.00172944402962698
424000 0.0236826918024848 0.12285006433719 0.000625794529317876 -0.000497512272318614 0.00245505188537743 0.00163346049491745 0.000896231303564199
424200 0.0239486563576988 0.126973095354434 0.000654998983572016 0.000169179971278557 0.00206245616164619 0.00323885192252054 0.00122553183002367
424400 0.0237906521097542 0.12458737416083 0.00281350750517613 0.00248151640789005 0.00162366461099253 0.00144641097562262 -0.000403012632734743
424600 0.0239495622320487 0.126201483583127 0.000140250033827885 0.00181664858213839 0.000955737540280463 0.000799291611601588 -0.000758837687352587
424800 0.0237297451741701 0.123779274215058 0.00149943866453259 0.00240672764272351 0.00115562875374453 0.00113578131051646 0.000289015442713532
425000 0.0237153231125388 0.119868323770575 -0.000471701803225798 0.00242047700067346 0.00256367887792046 0.000578622266938902 0.00103882318666058
425200 0.0235959034165786 0.118824577044004 -0.000573708956728814 -0.000119829584737365 0.00301786953285109 0.00220232105814825 0.000191077903526576
425400 0.0238219581340647 0.121609073334689 -0.001087743237422 -5.29826631482518e-05 0.00260494498519119 0.00115318030594572 -0.000238219988914152
425600 0.0236010524185551 0.123537132786581 0.000395571942051519 0.000470589897426984 0.00247753776149989 0.00150563979687128 -0.000167933492906758
425800 0.023868481785382 0.1264545881402 0.000386468339067953 0.000368474755953101 0.00166449681121226 0.00191276726986634 8.29804850653337e-05
426000 0.023882630587277 0.127648269213836 0.00169950353087381 -0.000310495543532456 -0.000456716170332152 0.00229105247618504 7.56963974608257e-05
426200 0.0239361705469062 0.125739630607033 0.00147229628057523 0.000605436336874877 0.00225587025172934 0.00233459292291329 0.00124905868249363
426400 0.0238393038332435 0.124023404897936 0.0011726704154401 -0.00118042980251343 0.00220982728395291 0.00123481005500946 0.00112412032207119
426600 0.0238368909708886 0.121488730870316 0.00107406803827619 -0.00241588867408299 0.00253773924190468 0.000700142124408169 0.00108971828545223
426800 0.0237826506185386 0.119167548626309 -0.00107802631478355 -0.00253404517309848 0.00426353790713266 0.000394322895844494 0.00289944315093632
427000 0.0237948980935357 0.122930557734792 -0.00193615549903113 -0.00179816637532046 0.000603925985271893 0.00170871498402014 0.000830955328606021
427200 0.0238752569770402 0.125205011744768 0.00171076793956137 0.00242090767777364 0.000292601480484516 0.002297213271561 0.00156303876904329
427400 0.0240182028142363 0.129637873990349 0.00554679173822276 0.00247665655210258 0.000729994722138229 0.000591267420966114 0.00129524182100005
427600 0.0238721964701602 0.12664363566101 0.00128312732267469 0.00443256235254957 2.7279539023832e-06 0.00200539749866055 -0.000196605476815216
427800 0.0237988303813787 0.120445074277309 0.00165999030367308 -0.00172937406375614 0.00227127941221199 0.00181847402799338 -0.000606681317429137
428000 0.0237462971140169 0.118201301293351 -0.00229021269663079 0.000278524859792294 0.00077338178137074 0.001929961934729 0.00126198020981953
428200 0.023699080862013 0.121447228692897 4.80839419872112e-05 -0.00176764549502717 0.000163920405173657 0.00086564162748398 0.0013003576135167
428400 0.0237454206726908 0.122542535089963 -0.00181415184324002 0.00230102413338992 0.000162262379931772 0.00217553073538271 0.000530612546151954
428600 0.02389637804769 0.124291291651331 0.00297686092678526 0.00371499368145059 0.00205584129075156 0.000732269150478523 -0.000774309540773955
428800 0.0238714312720722 0.126616309596548 0.0013532113511962 0.00425747174835636 0.00297687187729571 -0.000674127035509324 -0.000415222187851677
429000 0.0238889451998117 0.12519499436796 0.00177075386662034 0.000491592226713619 0.00320862508617751 0.00189529600905459 -0.00111195019279588
429200 0.0238653101994763 0.122761861102903 -0.00304428926386101 0.000820427752488291 0.00108870331999 0.00261881657715847 -0.00112632024159388
429400 0.0236827596697836 0.122478130773443 -0.00190708000972622 -0.00175262565536232 -0.000177256671534914 0.000933567198482104 -0.000550732007087137
429600 0.0238310721578033 0.122662977292786 -0.00221083115979866 0.000369043581717898 3.23486556243002e-05 0.00122511980365466 0.00137720506117402
429800 0.0238581076769044 0.123650782734977 0.00325764803542742 -0.00057267894214732 0.000999839082679828 0.00159465703923862 0.00176866661988357
430000 0.0239048453514043 0.124668113785871 -0.00101816737611375 0.00183420037492733 0.00184098753677725 0.00116657784756287 0.000981277722654787
430200 0.0239132059168811 0.123787242801848 0.0019832372194603 0.00196883695861071 0.000773591867882628 0.00138368948599852 0.000694456710795568
430400 0.0239127107840139 0.126543292206186 9.65020781096687e-05 0.00258367140764832 7.49212809532026e-05 0.00130958209020338 2.4581002272322e-05
430600 0.023931616068062 0.123212103510895 0.0039467853434557 0.00126642805339149 0.00080229140848579 0.00143934946979743 0.00194546759355983
430800 0.023906248602295 0.122528497603011 0.000845360181891605 0.000543171267537859 0.00030462448822014 0.00199133243254915 0.000394328985432992
431000 0.0238661825497644 0.121905595302093 0.00252371931182418 0.000795108954205187 0.00201057272384654 0.00213502736950504 -0.000191387262369987
431200 0.0240521056936947 0.123401556653668 0.00176413370547672 0.00169286722916008 0.00141180588922064 0.0027610285065404 -0.000168879597992028
431400 0.0236537469437078 0.120146987076349 0.00292238967512356 0.001465482662986 0.00239786858901216 0.00308018707120863 -0.000307715406653034
431600 0.0241261456621576 0.121801666521185 -0.00133435543942741 0.00100284861161972 0.000238341897794319 0.00224148088627274 5.72140125399375e-05
431800 0.0236080305583389 0.121302307093066 0.0021069491766366 0.000483453870521377 0.00136604749929416 0.00378583834805408 6.64375427149086e-05
432000 0.024222758394912 0.124528659931353 -0.000589015080396379 0.00109664473011438 0.00176966161588681 0.00395831367422325 -4.00948977905895e-05
432200 0.0237234264803922 0.123892847515026 0.00149490686794458 0.00105598262556489 0.00137021461622252 0.00231519503973505 0.000980278167090461
432400 0.0242230599960227 0.125783880880826 -0.00177887369180556 0.00217302846577267 0.00101536925781259 0.0015617037916287 0.00133091603076918
432600 0.0236503881369645 0.119809239743877 0.00197041196881314 0.00114566465199293 0.00272377908724747 0.00280859932826212 0.000310895668864877
432800 0.0241783985114818 0.124249441998075 2.39929793877961e-05 0.00156946523107599 0.00491702714277396 0.00296836844500598 0.000356685214524958
433000 0.0236678645897609 0.122859184103302 0.00361058726824253 0.000245692202524304 0.00233717287203643 0.00212866182403748 0.00208311605236845
433200 0.0239970667565006 0.124762167402685 0.000240641659279147 0.000798929881109328 0.00120253580789611 0.00138368062343478 0.00117498642977931
433400 0.0238510389052958 0.123917352030335 0.00151456029398093 7.12564796917807e-05 0.00193329832028179 0.00270058627474517 -0.00126224419472221
433600 0.0239841220423237 0.124665546806271 0.000570533134447988 0.00260587364566233 0.000392953679300985 0.0013673303874592 0.00197615949727411
433800 0.0238957950418017 0.125122844206081 0.000740415822138947 0.0017817157105287 0.000383925638297338 0.00109555275480631 0.00137331176772663
434000 0.0239089646223992 0.121081917232806 0.00215643869837039 0.000693516508417635 0.00233637057091082 7.63784123803541e-05 1.30290119575342e-05
434200 0.0239703328328749 0.122912747907156 0.00239573260688354 -0.000519931286274047 0.00125745250981837 0.00157406395560262 0.000839848950834242
434400 0.0236730981764406 0.121033269617773 -0.00181991984255682 0.000530446748274372 0.00161962383095205 0.00164992026469185 0.00133581423592566
434600 0.023995002586363 0.123031151018232 0.000563665899421239 -0.00176448527994347 0.00322671546252752 0.00177488803986875 0.000780819181890001
434800 0.0236539108472847 0.121262624795067 -0.000225548804356017 0.00411277879506389 0.00444855676332594 0.00205829623211433 0.000801874194957586
435000 0.0240126789652878 0.124526614682541 0.00239763789448653 0.00164784124506752 0.00345684147022026 0.000951536391977264 0.00116556272684996
435200 0.0238280262054846 0.125810068960935 0.000180125766885265 0.00425608893923791 0.00187129414822134 0.00116868514702391 0.00155303675276176
435400 0.0239466318258215 0.124161192583683 -1.70364601281039e-05 -0.00161408107882185 0.000669519476305772 0.00217431590219825 0.000561973768060481
435600 0.0237775740604911 0.121809180938189 0.00106363792965093 -0.000334132831031489 0.00268735647426751 0.00247094095643562 0.00220220435083629
435800 0.0240734800848482 0.122792913789307 0.0016989247236 0.00250826026999673 0.00300666544184525 0.00159642450469151 0.000743043299293003
436000 0.0237522632772718 0.122811246777414 0.00209912652406873 0.00392624926397072 0.00167231218280144 0.00207556972366872 -0.000392304073663494
436200 0.0240362293516039 0.128280275755137 0.00228967306008092 0.00360602203152105 0.000679339013346388 0.00239073286576509 -0.0019395712383557
436400 0.0237504446411991 0.124453953189943 0.00295506181206098 0.00306124685281857 0.00345054274123268 0.00268694326569935 -0.00074663949616178
436600 0.0240862394987582 0.124001637974302 -0.000976523991544714 0.00188865359786641 0.00295382639228827 0.00233434617697188 -0.000122698446018412
436800 0.0235441683777446 0.11838945044153 1.27878310077639e-05 0.000498785117803756 0.00379287600432907 0.00165088666555218 0.00108630730281555
437000 0.0240594528151482 0.12320375071006 -0.00101399372252102 0.00017735749785079 0.00270569517420286 0.00467304287782349 0.000854659915338273
437200 0.0236313130350571 0.119886504579444 0.000478795862171865 0.00326934161719706 -0.000369738829051119 0.00111746961847625 0.000354072987922238
437400 0.0241277378209681 0.124092680513107 0.000547099177470227 0.00144245166391611 0.00116485757206188 0.00158432450675354 0.000446277781001188
437600 0.0237870752834259 0.121072298501959 0.00326498440793198 0.00374477199225095 0.00180811450244573 0.00288344645163798 -0.000274187054595412
437800 0.0240811414785907 0.124963592921366 0.000371900464216398 0.00394674108072381 0.000518356236226348 0.00149848526498607 0.00101834479281508
438000 0.0237722248998547 0.122119329770269 0.000980307694008788 0.000331990687154638 7.64570875121925e-05 0.00206435476524076 0.00145135617929374
438200 0.0240144877287712 0.123279332111577 -0.00112336923535153 0.00100749956366759 0.00140420385984556 0.00248636760751212 3.40909967803624e-05
438400 0.0236214874419124 0.120410059097618 -0.00194172605999612 -0.000667429719012599 0.00353606733788821 0.000282414532968689 0.000248873969038681
438600 0.0239974569084382 0.124645296138856 -0.00240870866297577 -0.00110301194572895 0.00166881943872105 0.00279318040175785 0.00113602243210291
438800 0.0237238157234099 0.121903044698768 -0.000477310724076036 0.00277466212746348 0.00181393417557235 0.00223287220348144 0.00154319310988772
439000 0.0241885465342647 0.126340084604216 0.00243747430795429 0.00196920486826669 0.00185140904027575 0.00319181722204298 0.0028847861511584
439200 0.0239922878660112 0.125544678900187 0.00429238893123094 0.00169494200039926 0.00200341285839841 0.00178837116181339 0.00145136008495351
439400 0.024084078144357 0.124743989392046 0.00453185293577659 0.000194404355926114 0.00176786946208459 0.00111867569877614 -0.000872146738264864
439600 0.0239775005511897 0.120946997701866 0.000481437496686965 0.00148508370828336 0.00216410487533751 0.00177772840448547 -0.000148932912172817
439800 0.0238511798165242 0.119991649378792 0.000265514540081 -0.00276759393489356 0.000836413772574283 0.00158652273616923 -0.00158317311560032
440000 0.0238295677970883 0.118691242059457 -0.00153073412254468 -0.00266491792366519 0.00180378215373696 0.00368424704041356 -0.000939420613809458
440200 0.0238633569191111 0.122980276359027 0.00101657280526917 0.00107578519734986 0.000356003913903252 0.00111852659280427 0.00154895927447331
440400 0.0239627297188527 0.125275341231881 -8.23819838975157e-05 0.000911627232694484 0.000141944500395475 0.00195163556270582 0.00133945223910205
440600 0.0241456736179964 0.127668785533235 0.00390222815320875 0.00265788359591668 0.00186212082506638 0.00288249051681042 -0.000760909930570177
440800 0.0239562556032376 0.126533406001229 0.00623416590255679 0.00433673264855624 0.00130368506393911 0.0028445131228658 -0.000277291127811258
441000 0.0239908312797594 0.124825368449056 0.00111490171714292 0.000899812472548841 -3.00261892785088e-05 0.00307857678017907 -0.000121381750114266
441200 0.0238950404395576 0.121779659562303 -0.000516690221626434 0.000493001608167286 0.000395706785055897 0.00325460125604734 0.00107488800844469
441400 0.0238125384664842 0.120406338866712 -1.21524791500615e-05 -0.000392972954711346 -0.000299556980742893 0.00152771230179859 0.000778928775277408
441600 0.0238909736678014 0.123350866503124 0.000161490833856105 0.00165366502696829 0.00188243440419732 0.00257959858059972 0.0012214088796347
441800 0.0239921759687718 0.126943814893971 0.00191958699259441 0.000616049003297906 0.00211070486178171 0.0031638956833906 0.000747088298153338
442000 0.0240204527209202 0.125818246906693 0.00404878766874806 0.00366818116815606 0.00253100338182743 0.00204282594029012 -1.46727655622368e-05
442200 0.0239934383002598 0.127036912387139 0.00257530824542351 -0.000384109059859087 0.000460724889569238 0.00276856787038496 0.000127964833991815
442400 0.02386898264938 0.121631748387698 -0.00261662652616266 0.00196524852552363 -0.00125695069584122 0.000602488688402302 0.00157931038005908
442600 0.0238375936170552 0.118924040040652 -0.00246511724894501 -0.000300983951520227 -0.000404084757580002 0.000696175801969679 0.000862572694717232
442800 0.0238358756772594 0.120557149263865 -0.000712996924299761 -0.00204802366239947 0.00204410855674006 0.000741387020719412 0.000577974463602472
443000 0.0238258895435544 0.122628906740645 0.00478351639717258 -0.000776290673007355 0.00120889469710525 0.00334772346003231 -1.33401597244497e-05
443200 0.024045294188311 0.127949306453248 0.00180302663715288 0.00030726622274576 0.0012710091070393 0.00253391589806107 0.00216388367629283
443400 0.0238347176061481 0.126818541703696 0.00288692635433712 0.00125580020808154 0.00243389972206429 0.00297988195630985 0.00180979929770924
443600 0.0240114584876107 0.125702562789066 0.00171789763814699 -0.000886316293973835 0.00200931367504656 0.00205129822129993 0.00179924381877615
443800 0.0237352919382049 0.120889314323454 -0.000671143117098563 -0.00228122014746106 0.000414745522104848 0.0026717190010256 0.000720366295696766
444000 0.0240189760729355 0.12233432300984 -0.00200636323458928 -0.0026524827817608 -5.15552587994548e-05 0.00208256853782386 0.00180977404839964
444200 0.0236226245820369 0.120932830511349 -0.000531792399589464 -0.00317351836985077 0.000949146070440638 -4.74792480812868e-05 0.00184945003452637
444400 0.0241020268376795 0.126696052290405 5.85204491643947e-05 0.000640202053419952 0.00291554089623463 0.00143136356172956 0.00187468703610368
444600 0.0238665624618344 0.125199916569892 0.00498057049834224 0.000908692879456055 0.0020909142467762 0.00179932057355783 0.00158120557908827
444800 0.0240872915891762 0.127083589799816 0.00172342160493994 0.00130891014894052 0.00250736586236753 0.00364065392618762 -0.000485119980479433
445000 0.023651018646054 0.121505730353456 0.00266016737830589 0.000696611765115946 0.00254122217674405 0.00322211507261149 -0.000815157027189219
445200 0.0240754852246361 0.121825501719865 0.000607087003183695 -0.00144887635331829 0.00151237149133142 0.0019634041074158 0.000664017352682074
445400 0.0237120083861214 0.121806906523848 0.00324717745154417 -0.000670598853297141 0.00124429338435129 0.00222128116825796 0.00114517044942668
445600 0.0242964356564121 0.126918427257162 0.000892037698539024 0.000491719222832626 0.000418928869984053 0.00337711545781148 0.000182025659993478
445800 0.0238374641593704 0.124354322681504 0.00331418698294019 0.00432427793516896 -0.000398596115338504 0.00334139790229617 -0.000109163006453223
446000 0.0241551537819875 0.123044068670806 0.00173496874952783 -0.00016547962315136 0.00247750266520159 0.00301399441056267 0.00138050936651723
446200 0.0237018561804778 0.119884769049837 0.000890654582651242 0.00350328585069653 0.00202308446706769 0.00287798820344089 0.00172748356565855
446400 0.0240804671823134 0.121667854129095 -0.00137124313223156 0.000114976692992724 0.00189156859936343 0.00176939369676869 0.00145868282097798
446600 0.023755255927034 0.120893589253206 -0.000505893004976639 8.92446612987604e-05 0.00207131133276264 0.00201494068067546 -1.53505627208498e-05
446800 0.0240902766929666 0.125334460193523 0.00182948186341116 -0.00296205619909911 0.00294908043314649 0.00253893453471887 0.000321773928091788
447000 0.0239439905052666 0.125034266438741 0.00297449455878482 0.00637733934993532 0.00383009768203231 0.00343543914211815 0.000997245006213907
447200 0.0242591900302969 0.129472061982931 0.00464149407882474 0.00308693786603444 0.00194752505182864 0.00258711840061942 0.00169052357103279
447400 0.0238358870832838 0.123121340941799 -0.00155837714081098 0.00228119952056396 0.000680466481034038 0.00309697036755349 0.00139141755344128
447600 0.024126451372504 0.120861469805981 0.00111093755115198 -0.00133663717795172 0.00131061909691189 0.00365946616610471 0.000842931756958458
447800 0.0238516011173064 0.120039202291699 -0.000546871825111509 0.00264233032588904 0.00313385141412354 0.00352593442560351 0.00176566987274927
448000 0.0241647487780303 0.121397954554865 0.000692743647418686 -0.00034506414369327 0.00375023862431097 0.0035713411181881 0.00119684539376203
448200 0.024026239910852 0.122528346574409 0.00188270887920108 0.00159191633266368 0.00385253339264128 0.00276804368315445 -0.000108834896034722
448400 0.0241189466992863 0.125683506617029 0.00238821490998553 0.00354096734072899 0.00233172727463774 0.00336528080294342 -0.000631069326289108
448600 0.0241869901956542 0.124479186508968 0.00282828959685761 0.000468768977679875 -0.000267386422563371 0.00318604260527311 -0.00165167496809499
448800 0.0239315100136837 0.12024225956573 -0.00243403844433319 -0.00126720181343279 -0.000373495162308646 0.00222075182627355 0.000889479042650012
449000 0.0241551175314432 0.121636932678409 0.000607983878943642 -0.00326460368672073 0.00264917561049143 0.00251730847017642 0.00155877316142617
449200 0.0239968174365091 0.123320146568822 0.00369286904267522 0.00114257913711385 0.000259779498138004 0.00428091870766469 -0.000614761523461684
449400 0.0242732870090217 0.124595757742571 0.00522055107932111 0.00019579854972865 0.00260503401674104 0.00272350681470543 -0.000982767750028644
449600 0.0239738218136157 0.121927559061696 0.0020454695243382 0.00379485040965993 0.000481489158634644 0.00286291906919954 0.000803101341739379
449800 0.0243462108725146 0.126487294554422 -0.000698526350105144 0.00170760643122774 0.000583284910507343 0.001968772094843 0.000936772673670011
450000 0.023940076344361 0.124111451028867 0.000313559910360005 0.00179969864595302 0.00168699607257548 0.00324464093105355 0.000649585054680327
450200 0.0242908619951392 0.124284406356827 0.00111794916206335 -0.00273915493739926 -0.000629468906919051 0.00351799437758443 -0.000133316234999627
450400 0.0238268188446798 0.119935433414539 0.000951639196687139 0.00249342594232154 0.000560976496712772 0.00232360115790829 0.00128662439614822
450600 0.0242946756372774 0.123690438048914 -0.00101388813262626 -0.001705684764338 0.00194183992275316 0.00176623261050038 0.000836163307216789
450800 0.0239131930745113 0.121592476653368 -0.00411849997465613 0.00284283438494132 0.00144913083925026 0.00188963889215477 0.00163848430122974
451000 0.024161626437071 0.122355474151809 -0.000883862009968506 0.0013620716525151 0.00277427956054027 0.00228278661619748 0.000976637133633362
451200 0.0239094196651495 0.122619278086623 -0.00364674445254814 0.00169403708427527 0.00276270560414102 0.00194275542367424 -0.000440435856300712
451400 0.0239941120322275 0.124801325540589 0.000468284286200599 -0.00190990183829955 0.00177756087035862 0.00353556725902552 -0.000851859591838508
451600 0.0241614794108661 0.126026181019004 0.000358474388839917 0.000410240650533246 0.00221626344122684 0.00210612457517393 0.000673306060573652
451800 0.0241277177286116 0.12809536433175 0.00281207291653873 0.000916833616300095 0.00172822980295453 0.00164713196308193 0.000806272268453763
452000 0.0241891909995966 0.128295415748334 0.00181729923708157 0.003006340763336 0.00348812550939945 0.0027847659207488 -0.000102412221392886
452200 0.0241495492205361 0.124773646339085 0.00313355779640995 0.00068231347378575 0.00195135641110633 0.00358917561941467 0.0012267085655924
452400 0.0241343809278207 0.123108151401058 0.00024011032473628 0.00143135433063191 0.00143058590897334 0.00202127487518007 0.000968664155126976
452600 0.0240470185744401 0.121441879365438 0.00303886573279141 -0.00201369634097021 0.00109816118154878 0.00359341797472446 0.0015922296868772
452800 0.0241348560198437 0.123436548552068 0.00101749048146716 -0.00121444611504678 0.00101131001637094 0.00183833753924312 0.0010688026510329
453000 0.0241275119581355 0.124996702985254 0.00130023680655321 0.000665540932197581 0.000919807230804361 0.00264979178308793 0.000145823274916814
453200 0.0242722989177394 0.124409989306048 0.000633469405279321 0.00264880221066216 0.00192699623047422 0.00105159759086221 0.000159470927093813
453400 0.0242062862816287 0.124311210294907 0.00260911543191531 0.000951175048436248 0.00334461668880876 0.0031872810437316 0.000847393986223795
453600 0.0241070841781757 0.124076768500489 0.000256277404653403 0.00178189244982962 0.00376306323449553 0.00314905417078885 0.0016234631699946
453800 0.024226947878545 0.123101592077709 0.00123657519519725 -0.000381724299709254 0.00216409601071735 0.00276560918471164 0.000801474462002313
454000 0.0240964205139128 0.120575328066922 0.000866958176415129 0.00408975941897727 0.000342760947295785 0.00236145690715732 0.000540547464075351
454200 0.024257737767113 0.121696200153109 0.000236888937315259 0.00108364033628493 0.00343633401556182 0.00256988360631154 0.000724578551087973
454400 0.0241127173907358 0.122055803212177 -2.4634255508188e-05 0.000253945355895982 0.00173489360564951 0.00249340706400911 0.000164031840139109
454600 0.0241984060736893 0.125542151292168 0.00174966279801545 -0.00154915428290663 0.0016269962552553 0.00144947536179777 0.000984107131203892
454800 0.024120050762466 0.121777345793918 -0.000520640654523511 0.00381614217766298 0.00164332347170658 0.00144686948427413 -0.000978399971708193
455000 0.0241918770340399 0.124628787325932 0.00516920494128932 0.00328293874531813 0.000752882267460042 0.00227309498106347 0.000503384897795858
455200 0.0242009842817138 0.125290977365464 0.00235436714811785 0.003949694270937 0.00088908933581419 0.00275940536184081 0.00209655577197317
455400 0.0241653861021915 0.123908926928307 0.0017903622940849 0.00188832185341648 0.00214308659914164 0.00228002739062276 0.00135225420855143
455600 0.024069117548528 0.120354480302916 -0.000728030671059223 -0.00146528297609676 0.00185809165249164 0.0013293758413554 0.00162029296292329
455800 0.0240488024879274 0.122098395083657 -0.000639862109942261 -0.0019483479323779 0.000669514793696826 0.00268714758331945 0.00177953231146854
456000 0.0240838660085704 0.122558790685769 0.0011143995121142 0.00108498954136979 0.00173498971541511 0.00339438263478831 0.00231540005470775
456200 0.0241364017851099 0.122563482373732 -0.00089483783974086 0.00179020031378252 0.00313649386266688 0.00236486905597803 0.00114186759543435
456400 0.0241312962484812 0.122826719235063 0.00176223375054996 -0.00137447672268174 0.00264053149896577 0.0020728531921911 0.00153364043837846
456600 0.024247118711313 0.125204949619879 0.00208226125874635 0.00331291604486632 0.00173993767828858 0.00228074641829971 0.000251114385201584
456800 0.0241183626454047 0.125522611453184 0.00461318959907034 0.00289839535717947 0.000671507823655133 0.00214219054646987 0.000936917707234714
457000 0.0242025389725459 0.122881283439466 0.00109341167572398 0.00310521654787664 0.00200979727838858 0.00154734574270945 -0.000867860872787433
457200 0.0241042642076172 0.12229425384636 -0.000606600966757134 -0.000129316637249617 0.0028190495152464 4.64568799007972e-05 -0.000111170654503292
457400 0.0241190711633332 0.119728569735423 -0.00132055339238634 0.000572227110796581 0.00230213835174567 0.00216400590691639 0.000825704262015464
457600 0.0241269558071781 0.123155894220515 0.000714185873558069 0.00142248990847056 0.0030180702115346 0.000888388202418728 0.000525112491305274
457800 0.024108252805401 0.124925166007312 -0.000995064300614276 0.0011115349028142 0.00234966912267155 0.00225392737826468 -0.00017352053961824
458000 0.0242217578378408 0.124073554078502 -0.000210774049635842 0.000763002725828408 0.00119825307227419 0.00296468722064309 0.000779860699516974
458200 0.0240978297237119 0.123419700420089 0.00110090794340323 0.00259612046265281 0.00108161926659375 0.00186476888655728 0.00154825083297685
458400 0.0243008810667671 0.122900909882748 0.000895721833897742 0.000724069350652966 0.000225248489241093 0.00310646068568141 0.00152638645385387
458600 0.023816942921269 0.124024424999929 0.00259023771640815 0.0020455461349924 0.00284753980445585 0.00294904340468536 0.000407025786741952
458800 0.0245559303385247 0.126655230742537 0.00140407995372886 0.00193471573926259 1.72096682666093e-05 0.0017090116923395 0.000285631764175692
459000 0.0239829572264715 0.123175062728456 0.00351619495335858 0.00159652236850806 0.00283999819376667 0.000695834854885786 -0.00113658126445304
459200 0.0243406572591237 0.123850091680182 0.00185920930201894 0.00186378425480191 0.00237634905662049 0.00149592506291402 0.000860506002337229
459400 0.0240891387750619 0.124000138767874 0.000314222061913295 0.00367230071666595 0.00178675528292819 0.00191095971980126 0.000260372629175278
459600 0.0242702143390047 0.123033209618306 -0.0011512405645649 -0.0013746440995848 0.00186640501805177 -0.000323334268602029 -0.000518822976438052
459800 0.0239482295920025 0.120594912769549 -0.00229536253381475 0.00117966768250268 0.00178386613208803 0.00236622957724572 -8.73588422052868e-05
460000 0.0242544764479815 0.124272284358597 0.000512094207857647 -0.000541675945983398 0.00306396131064186 0.00270469343217619 -0.000800365520118856
460200 0.0239823643478508 0.121160698090802 -0.000233153813717515 0.00132757699190633 0.0012962013604616 0.00220222804507114 -0.000842628567687872
460400 0.0242894562185708 0.122365798954727 -0.00206211878213749 -0.00352478086218175 0.00251276537462769 0.00270109331592591 -0.00077281543468392
460600 0.0240070096513739 0.12251442422735 0.000364432440262861 -0.000589141763151813 0.000698789157080273 0.00220998704367768 -0.000334380608180238
460800 0.0243259197884517 0.122272402349207 0.0018338142736999 -0.00130772495444242 -0.000199217490325288 0.00129431681040571 0.00131443613383042
461000 0.024125870843929 0.124568425767028 0.00170580715313885 0.00447178934488423 0.000712814496656607 0.00122619375075049 0.000966630378306912
461200 0.0241997041608558 0.124952455604422 0.00309797830596891 0.00384292167528559 0.000392231809842028 0.00232452827323723 -9.62342887177368e-05
461400 0.0241103048364047 0.121368123027973 -0.000124177293143142 0.000939427434599774 0.00196129368410264 0.00209173461040136 9.57531814923034e-05
461600 0.024394027693072 0.122500075200114 0.00136611873790381 -0.000729383887535763 0.00111278085595628 0.00355995697311186 0.000870088181459838
461800 0.024056894687287 0.121115323617182 9.11016085613479e-05 0.00051225480749701 0.000905373914322078 0.00145039203277695 -0.000389683048638142
462000 0.0244015410968955 0.124192741394041 -0.000682091843634912 -0.000371982556768595 0.002295590529158 0.00248825412041204 0.000148262939168635
462200 0.0241180233503778 0.122855881934007 -0.00109894572718194 0.00356579325650267 0.000448552410965285 0.00304548436892353 0.000494184401329931
462400 0.0244247373655854 0.124842109334509 0.00444300362309669 -0.000841677323901629 0.0014508634519657 0.00250992182646961 0.000597267765006227
462600 0.0240827174258469 0.123630070510957 0.000704764337040843 0.00461600104147468 0.00315717844107496 0.000984237688604306 0.000488952822717515
462800 0.0243776158367954 0.123104607332966 0.00174641568227491 0.000208332971477561 0.0025509188074607 0.00129289956024251 0.0012519974463757
463000 0.0240291704147623 0.12141908738908 -0.000394874028108232 0.00390439926353885 0.00267347642158537 0.00349952108335202 -0.000398183290636428
463200 0.0242342266668246 0.121043350148383 -0.000739794653906357 0.000855404129364466 0.000818113507350074 0.00285063432109983 0.00151072498042306
463400 0.0241923884270948 0.124652041324744 -0.000620454500251199 0.00143846722111249 0.000559648372989547 0.00198175602527933 0.00032170616981842
463600 0.0242396857898993 0.123645585326112 0.00179885363884567 0.00307186267880122 0.000970775274016054 0.000146629369816434 0.000874088006191451
463800 0.0243689996291441 0.126486990165309 0.00235751970600595 0.00579115219989163 0.000134822156530941 0.000365089836454295 0.000311286349962661
464000 0.0242113564006004 0.124370485039667 0.0049953441237205 0.00800246385304666 0.00180633281325093 0.0010826697695552 -0.000812349233164552
464200 0.0242714559997236 0.122089410092027 -0.00120508041088899 -0.00115585028175268 0.00186320537805116 0.00266126830953749 0.000860654008820947
464400 0.024097435332818 0.118651063999499 0.000551185635748734 -0.000856793194656136 0.00171390911577715 0.00274927034898688 0.00210126057492824
464600 0.0242005395133564 0.123271050123815 -0.000507892983863003 -0.000344698923369415 0.000927785453124765 0.00187558755210857 6.12038377288754e-06
464800 0.0241926016664376 0.123141675110433 0.00133063782594186 -0.000523608157939821 0.00267450599608827 0.00290676080892246 0.000755322353544126
465000 0.0242886470513546 0.123617190166988 0.00221888567083134 0.00221806577611099 0.00285543869105715 0.0024861644498899 0.0010251056127999
465200 0.0243290923100269 0.123850038983341 0.00549062394939737 0.00635880254790373 0.000831576673980649 0.00210082128688431 4.45935940034194e-05
465400 0.0244101872253531 0.123964268673415 0.00324439257445905 0.00519842466873946 0.00378262845436328 0.00327259245943305 0.000704756232384078
465600 0.0242917841730247 0.123888446971288 0.00121961902619389 0.00226155543632248 0.00342492601315439 0.00208483700500571 0.00185969799544949
465800 0.0243760114938435 0.123110450189211 0.00233930888407853 0.000557824405350676 0.00338231122041079 0.00246138586821542 0.000860894273074348
466000 0.0242570536115035 0.122386717050431 0.000724364420267673 -0.00124867483640324 0.00213806953130186 0.000860833968554678 0.00123947287746292
466200 0.0242701064534264 0.12101749871838 0.000250907332903045 -0.00221365151398563 0.00111625298563969 0.00202158971821165 0.000676653872002579
466400 0.0240623683380413 0.120110885865861 0.00304422525654547 -0.00119857124390805 0.00146179733895386 0.00235591819557489 0.000209561591725573
466600 0.0243190817996455 0.123257108287761 0.000653833379203458 0.00106896375377055 0.0010566273267339 0.00322219313119979 0.000169315061885101
466800 0.0242838713752024 0.124768801065394 0.00449306301390492 0.0031949618760186 0.00214420864024118 0.00266383573618633 0.00154849192661034
467000 0.0243127056980863 0.125239580585502 0.00342025959995987 0.00240969693622343 0.00234698526485216 0.00315199187833681 0.000402930858672111
467200 0.0243284420832321 0.125235192506348 0.00242966831555204 -0.000490374990158767 0.00115440190928103 0.00280554912594238 0.000427877216323399
467400 0.0243069449685061 0.124352557373893 -0.0016062455516685 0.0026248143901965 0.00112586013422715 0.000835760323682092 0.000286454227440614
467600 0.0242445291992756 0.123099503756217 0.000163490035888262 -0.00311123303754215 0.00114732891744183 0.00206863654575373 0.00194116468965679
467800 0.0242289894495989 0.121467248225191 -0.00297011361340572 0.00339567538103674 0.00166433701225965 0.000682313606323549 0.0026197881899592
468000 0.0242321765393124 0.122585705103371 -0.00279031643040761 -0.00222436524151655 0.00173750518298038 0.0023399656725581 0.000849523934793601
468200 0.0242119379994816 0.123235241366263 -0.000542904796738165 0.000416312768906098 0.000127715838982608 0.00405632354115095 0.000406742305017839
468400 0.0242365763318367 0.124830603717771 0.00200371881591237 -0.00163202077349165 0.000760233050605572 0.00350513353834115 0.00266130735377968
468600 0.0244103076470387 0.124578129087538 0.000637426797166191 0.00236390032186282 0.00289251507847508 0.00247510906661286 0.00099767017743405
468800 0.0242729419287356 0.122353683513533 0.00671889417462476 0.00369035358366881 0.0015617174716982 0.000866262830739733 0.000320849012553887
469000 0.0245417550657086 0.124963137972372 -0.000289471050315103 0.00594334169953041 -0.000400820809448032 0.00172597293758197 -0.000690725942519884
469200 0.0242498592818281 0.12230649415363 0.00120926681142005 0.00124822447676676 0.00129272835881973 0.0029867815337909 0.000794544166598397
469400 0.0241935186189245 0.121974317014333 -0.0014481352787578 0.00212037014708898 0.000892803800257034 0.00300514646161026 0.0014580968330432
469600 0.0242637563625127 0.123865195204103 0.00252804456392847 -0.000174388565779079 0.00131228437035688 0.00191270357232545 0.000973323564176404
469800 0.0242127879310174 0.122348722288776 -0.000522508981390283 0.000389055002019812 0.00341866053618636 0.00149956164586472 0.00162061655229371
470000 0.0242430517928246 0.122786107504186 0.00092680524486121 -0.00291545964150561 0.00308356170373651 0.00158293327578238 0.00109765269137857
470200 0.0240727630630255 0.122585561876409 -0.000453968611814011 0.00201502674751056 0.00291985874806145 0.00250445842911317 0.00178515077637946
470400 0.0243138646559413 0.122724517683107 0.00165559922608278 -0.00241927801473052 0.00079799563422142 0.00132655577298716 0.00252606317344595
470600 0.0241829215431852 0.123699389100912 -0.00183327036324849 0.00447863909251171 0.00189491837959121 0.00157041929002404 0.00132084609549946
470800 0.0242749924919225 0.127239850280407 0.0021564894295635 0.00144124316071681 0.00107623666999962 0.00123399876925047 0.000237253964015277
471000 0.024282077167774 0.124577311979681 -0.00187415199015359 0.00146322553871538 0.00134743187673698 0.00259808710762607 0.000965302460430381
471200 0.0243181568516388 0.124469433325616 -1.96419614260163e-05 -0.000131724002501299 0.00152036075047217 0.00170392348852391 0.00180595411277857
471400 0.0243587484230115 0.123677180861721 -0.00167691584817266 0.00238649902076362 0.00320604434202474 0.00225390364814766 0.00127079615135241
471600 0.0241724533012413 0.124641141043526 0.00316559531124498 0.00278012501987592 0.00213611053203478 0.0021901934965431 0.00173843255591628
471800 0.0244028708503025 0.126338703416503 0.00228104717374295 0.00229724588494062 0.00208548980194662 0.00227491587007369 0.00198548227201159
472000 0.024076831945739 0.122695313221165 -5.29008554092821e-05 0.000102414173960974 0.00208894119061629 0.00153376051523685 0.00140317201015493
472200 0.0243653320702629 0.123681365347818 -0.0014846248926295 -0.000121454832918017 0.00208912805283706 0.00143828074473737 -0.000126409810292522
472400 0.0241747354848054 0.123131378562953 0.00216107762034491 -0.000507038046094876 0.00157134631942618 0.00254052315130782 0.00216184135567302
472600 0.0242696797523096 0.123575343054444 -0.000598750874829409 -0.000497280802679164 0.0015765417338902 0.00281277720852205 0.0024312163669021
472800 0.024249509203062 0.123158589724677 0.00415027950740868 0.00151869277863922 4.20770705716301e-05 0.00193642429759319 6.71070625330312e-05
473000 0.0242982878558776 0.125182143402732 0.000805762270634882 0.00147794305191232 0.00170139502382705 0.00250315648976152 0.00148722639927421
473200 0.0243049737184626 0.122520301523403 0.000842681523152469 -0.00132966177911723 0.00242057275786914 0.00303038566394065 -0.000667771799598873
473400 0.024010945313286 0.119496788637459 -0.00324558323671058 -0.000942258235005646 0.00251491794789843 0.00192679628895158 -3.35005586744229e-05
473600 0.0241980382284938 0.122367022761518 -0.00210923790942464 -0.00316863124997005 0.00180688809007392 0.00279939680224929 0.00148366719186938
473800 0.0243440494022645 0.125772162752982 0.000704792596642969 0.0032626059593755 0.00279079628959844 0.00285774261809835 0.000949132088899872
474000 0.0242432706364058 0.123741733677493 0.00447374342260306 0.00170411983728533 0.00276621615008858 0.00373383445567777 -0.00133786382564424
474200 0.0242935403990573 0.124003987568187 0.00222271282597901 0.00229274120985506 0.00324983238878564 0.00362151813714603 -0.00109667749272852
474400 0.0242570957872159 0.123222283887673 0.00333271141945363 0.00328499816647708 0.000392524137723143 0.00155511650435164 -0.000468148283446068
474600 0.0242775761722699 0.122328204720382 -0.00088057883037633 -0.00244422535794351 0.0012072454022806 0.00370478125125735 8.03320213268515e-06
474800 0.0242013421235339 0.122526225132319 0.000539423764690966 -0.00183588723517175 0.00125925123704928 0.003751545432013 -0.000401938719397994
475000 0.0243735467877196 0.124414198127772 -0.00284635439062473 5.04366519694307e-05 0.00252805682186835 0.00161428322619375 0.00263537582612261
475200 0.0242154391754677 0.123638906624034 0.00247392965768823 0.00199536090311771 0.00095981678285275 0.00231582079628132 0.00178903365041338
475400 0.0243714826035322 0.124221202170424 0.00425085644907274 0.00468179777506026 0.00137064422642623 0.00379215568304753 0.00052781457284572
475600 0.0243990137248474 0.128783556333535 0.00426636906126818 0.00360294568522972 0.00131805336626799 0.00209807749042887 0.00191569887636461
475800 0.0241342806682843 0.122007697031144 0.000527652106885223 0.00362230096899679 0.0027157920879887 0.00234499342827675 0.000434433928253226
476000 0.0243682821565782 0.122080187963758 0.00167402346020083 -0.00205608532732182 0.00286141881537603 0.00192787146246852 0.00115393416015938
476200 0.0240453300804588 0.121215916101978 -0.000361314214169072 0.00105175871346208 0.00102659527995266 0.00157405148495982 -0.000283874133807795
476400 0.0244100225474155 0.122474755900092 0.000493459052624971 -0.00307595534178068 0.00171651717766121 0.00230499045358736 -0.000443774452885586
476600 0.0241421628948402 0.122920935834437 0.00244947817897459 0.00454762669476232 0.00124145974284197 0.00214933818199697 0.000439479268206086
476800 0.0245061387197065 0.126729316272889 0.00333930101044973 2.93135542887869e-05 0.00294193787636471 0.00271652632172723 -0.000850122421945601
477000 0.0239662078523764 0.121761979317575 0.00151579995933944 9.51793462791248e-05 0.00139143210579467 0.00141880789686627 0.000876838698932899
477200 0.024433644104788 0.12302490877362 -0.000583456623403448 -0.00430947135618921 0.00126975556519187 0.00340256306734858 0.00138007768379068
477400 0.0240109983210536 0.122671496742179 -0.000493024567437381 0.0006301428057457 0.000172233029254979 0.00226221857002796 0.00145138049539324
477600 0.0245292128390203 0.127816892202538 0.00233340118436096 -0.000904938414777452 0.00076265172389181 0.00292470567919018 0.00142380910622576
477800 0.0242228700365648 0.125649306241174 0.00288689464827033 0.00530438308879405 0.000301516146880621 0.00340833892527207 0.00235863564059078
478000 0.0244473964066904 0.123782163892347 0.00126667670360804 0.00058998427558691 -0.000766053122854517 0.00449134350014201 0.00202743951692683
478200 0.0242124688271928 0.121351080509073 0.000877145443733767 0.00395605922879562 0.00138248720299398 0.00407596218387473 0.000954861647603518
478400 0.024384518439491 0.122603946184256 0.000577553991605612 -0.00203045547356716 0.00233496171675678 0.00447571680487912 -4.27881797987528e-05
478600 0.0241601202995767 0.11992054771135 0.000629901617076528 0.00106483210017615 0.00256187264316528 0.00378456496800367 0.00106965092411629
478800 0.0244413883703594 0.121958611397981 0.00362047291227781 0.00039277392241369 0.00268403679895886 0.00321890065003418 0.000291810979946622
479000 0.0243374878934201 0.125466984994098 0.00188806228173295 0.00467876921334271 0.00223338292525877 0.00263197886908309 0.000807433526309118
479200 0.0246652341096128 0.127368307477688 0.0031369103224658 0.00256960675604975 0.00156959999060847 0.00265471377146128 0.00111987804609308
479400 0.0242363624174267 0.124906536197748 0.00347199973590977 0.00321682723067231 0.00104448744637068 0.00306002215000371 -0.000105306777492039
479600 0.0245796105859115 0.123173300108067 0.0019729401522048 0.000651854860861457 0.00100017128869777 0.0043110030099704 6.50357800262416e-05
479800 0.0241169307761987 0.120867106201082 0.000336316266608656 0.000102251397345667 0.000817961681522974 0.00276786472025692 0.000150998726406295
480000 0.0244905228604303 0.120622517724274 -0.000807803621754731 -0.00200133466867182 0.00126215731889748 0.00130833422257148 0.000586679908253906
480200 0.0241305047524473 0.120816219227722 0.000300445626091762 -0.000896570287022482 0.000843359531930334 0.00153795070022939 -0.00025046638920936
480400 0.0246113116771688 0.124793577897693 0.00106296783348799 -0.00170133524898859 0.0019057907161863 0.00274610858203165 0.00155089629303369
480600 0.0242738923926162 0.126321622434434 0.00434632412040547 0.00409769791862726 0.00206862988479755 0.00192854517336245 0.000453076397424117
480800 0.0246845886213778 0.128414444479676 0.00527320122278555 0.00203999566398756 0.00153544804373049 0.00239473673351543 0.0011927258953977
481000 0.0241930986040354 0.120539841774946 0.00359179920220204 0.0024575795162005 0.00258784904734879 0.00217689700515099 -0.000209318317774467
481200 0.0245646988676217 0.122463477800104 0.000351345653906424 -0.00106154576841793 0.00123925939799244 0.00248367243206714 0.00123346369478217
481400 0.0241895658102883 0.122640181280155 -0.00106592207809078 0.00281184089853627 0.00154204884163596 0.00243432980432176 0.00060408472587655
481600 0.0244840781932314 0.124398620459965 -0.000501197489994437 0.00172509675209002 0.00258018803363557 0.00263840788126473 0.000254841941039696
481800 0.024257427568709 0.121572279704823 -4.47436995050365e-05 0.00479984749019451 0.00186392843045403 0.00213214311502776 -0.00131593342833387
482000 0.0245824469094036 0.124162021549694 0.00178209689485076 0.00263471258481409 0.0021045724542335 0.00317840393895264 0.000437238128292894
482200 0.0243799557309089 0.122861644266503 0.00399998815964612 0.00420519852500824 0.00312638654972702 0.00293883193624863 0.000174197407761434
482400 0.0246920340641994 0.126288140925632 0.00252313471216383 -0.00104509320460941 0.0017487553681651 0.00371477312522759 -0.000480304146084824
482600 0.0241820770076392 0.123178887471473 -0.000251738351795469 0.00303740852886757 0.00223837378018688 0.00274881055503748 0.000887527968750784
482800 0.0246699430021829 0.126628911386452 -0.00123365737910114 -0.000756843103362642 0.00295952323994031 0.00237618162865234 0.00122050435344316
483000 0.0244632712671199 0.123080506345151 0.00176032116984946 0.000840331422423859 0.00116061441848088 0.00352691664262575 -0.00031165773700717
483200 0.0245128132934701 0.125954207821412 0.000329457537486024 0.000617694886085356 0.00256593593798641 0.00368515230778762 -0.000297864960929973
483400 0.0245878329911895 0.126668736814909 0.00162826433050764 0.00208417574531668 0.00223134560502287 0.00168628409987499 0.00132785833764334
483600 0.0245303420441272 0.125461567934569 0.00285453292892911 0.00108434965743381 0.00118250685145767 0.00293530259955105 0.000868903085869308
483800 0.0244721790479712 0.12479627227323 0.00111784333385239 0.00128221848458961 0.00186602061799954 0.00178149966519389 0.00169400785578794
484000 0.0245087733991974 0.123230035654878 0.00370882262043421 -0.00137311697515507 0.00141827586773225 0.00150729744686024 0.00223786229698954
484200 0.0244413188400515 0.122376011514906 0.00072849579641847 0.000607038125363205 0.00126644185975273 0.00131107156705874 -3.25412192443274e-05
484400 0.024374966442105 0.121319441399029 0.000692717631903618 -0.00206580939897668 0.00186860792374791 -0.000317615831867921 0.000868449970117171
484600 0.0244461896334656 0.123157843635306 -0.00196298375774904 0.00524830422576573 0.000634539197404954 0.00235465447084667 0.00091742363871666
484800 0.0245281721547529 0.126979541782739 0.00501973227948016 0.00159014888634555 0.0013071498372881 0.00213741619101546 -0.000582856730785198
485000 0.024504580052461 0.125770487454242 0.000845880199432419 0.00437804470406537 -3.92920545595178e-05 0.00330995383539049 -0.0005958624357748
485200 0.024532411930223 0.126021002050583 0.00273791095986401 0.000226645427897636 0.00232356257678615 0.00248194741837208 0.000388387778349474
485400 0.0243956718047405 0.123124014726071 -0.00162619694889793 -5.67618408434992e-05 0.00132054750992661 0.00455698663923261 0.0020757930042911
485600 0.0243997370835224 0.122906907975456 -0.0011508507089741 -0.00388857501733827 0.000165029035588435 0.00237498161411001 -9.27157411233356e-05
485800 0.0244237908046649 0.122435893269214 -0.000735584887618445 0.0019551642710757 0.000998509272138226 0.00344509386448526 0.000849651575402805
486000 0.0243917492107441 0.124197984001747 0.00209143143571438 -0.00206627291323422 0.00175441638084404 0.0026225477164436 0.00102988272779752
486200 0.024592003960405 0.128117317673068 -8.03024865362737e-05 0.00159764287813885 0.00194230973346535 0.00276541105307127 -0.000562038224074248
486400 0.0245429626026684 0.123887307326817 0.000806520496679348 0.000724699907962524 0.000344433055578152 0.00269498187229544 -0.00198493620649455
486600 0.0245471196271839 0.125853354762666 0.000615034312558754 0.00125816474000817 0.00035087844367449 0.00210985252242706 -0.0011867487192004
486800 0.0244878404427655 0.122017092352083 0.00289059602378546 -0.00065451498732865 0.000450721531536502 0.00301627064444441 0.00046347528503197
487000 0.0244417411959177 0.12298720232228 -0.00104526321053587 0.000279402975575076 0.000219404446811573 0.00192673778386892 -0.000409057056751097
487200 0.0245328731479822 0.123637124220783 0.0019462170690214 0.0014071548861901 0.00141360100866234 0.00152259262935808 0.00060029436050224
487400 0.0245831145087837 0.124363405017068 0.000898718751787939 0.00351296753943864 0.00310580915347464 0.00146285451835769 0.00103052639266742
487600 0.024691841630717 0.126105711727757 0.00358314907579759 0.0035247366109268 0.000788286734079956 0.00232402621141565 -0.000865450188452338
487800 0.0245344566149955 0.125041858386233 -0.000572731953262107 0.00319873980844638 0.00186911185298873 0.00344205734492571 -0.000107996761035477
488000 0.0244975128893195 0.122058320710312 0.00147125568751801 -0.00289333524298944 0.00111518170602517 0.00187207825315653 0.000677076936854601
488200 0.0244729402103895 0.121234645386035 -0.00236188547293722 0.00145313681465804 0.00194219959440016 0.00275453787102332 -0.00106241423219535
488400 0.0245094783979879 0.121875753916923 0.000968919263857893 -0.00297352528307976 0.000364720595724889 0.000985778005874582 -0.000908135463859221
488600 0.0244260390058743 0.123002244281152 0.0012458792029905 0.00145738139928586 -0.00144694495699152 0.000308920073990595 -0.000406928053186084
488800 0.0247704624761522 0.127302123924728 0.00209017643174159 0.00116002312184222 0.00175598357592701 0.00333770010609871 0.00141768755575547
489000 0.0242995953263697 0.121997930656265 -0.000711224590451389 0.00121843231403691 0.000359038550716139 0.00174315147207354 0.000433336699582275
489200 0.0247905287416615 0.125106843492564 -0.00114022399268825 -0.00504009719133318 0.000898817361735874 0.00167627068461841 0.00161023764305075
489400 0.0241234652275328 0.120767115485615 -0.0019971708504147 0.00300788868541875 0.00221383249771869 0.00272417427633231 -0.000418705175752261
489600 0.0248086463067784 0.125827764555992 0.0015557237060805 0.000301867191768756 0.00112805083186833 0.00330966176377171 0.000376791034579254
489800 0.0243590179593368 0.121822707704969 0.0020864317877608 0.00280405533611788 0.000310311406887675 0.00213163783669587 0.000308905662559877
490000 0.0247002764353134 0.123740528986549 0.00140495787845945 0.0022967733430144 -1.5172698326086e-05 0.00164278527625151 -0.000162257435751567
490200 0.0243540814930449 0.122116352521894 0.00225742805140582 0.002759431313975 0.00261401658711828 0.00332231907501659 0.000140533963535296
490400 0.0246379440242877 0.122678846552455 0.000908254664301207 -0.000623143927068501 0.00129133707314001 0.00193106474251384 0.00103995616332132
490600 0.0242712213099693 0.121743879107228 -0.000418748959095951 0.000221884660406002 -0.000353122652231316 0.00331439731481134 0.000265601875487841
490800 0.0247752212584422 0.124443038133875 -0.0012442871059105 -0.00261100372665157 -4.31286349537704e-06 0.00109087063161335 0.000348014294198641
491000 0.0242248165613282 0.121240622623679 0.000786202673188419 0.00223154238789224 0.000198529769812676 0.00306116754704423 -0.00104145313022748
491200 0.0248129214352217 0.127407240009782 -0.000127115721404258 0.000811659773180045 0.00182737616117462 0.00405758128527479 0.000753120559171404
491400 0.0244152016830446 0.124066190744416 0.00286432322224017 0.00296800482010401 0.000775319043795501 0.00127774140278487 0.000255989900383636
491600 0.0246742824151748 0.125459623370311 0.00248142189287389 -0.00010950439809192 0.00192115321693153 0.0023619321081421 0.00158573412801096
491800 0.0244553142411491 0.122949403342337 0.00215633530191945 0.000599492799494011 0.000269123733714505 0.00167620701344941 0.00137452184284175
492000 0.0245618097660236 0.124313943220852 0.00137666464190147 0.000537919906680017 -0.00034283458249775 0.000800187051690454 0.000846862525021372
492200 0.0243618891590101 0.121853915927794 0.000580309450210116 -0.000531894803585288 0.000985148666383777 0.000604803750326005 0.000587765034276459
492400 0.0244692245280653 0.124917007359676 -0.000777412805296384 0.00253998202683423 0.00274599584986689 0.000526437800398993 0.000427426941811967
492600 0.0245302197646702 0.127037569536533 0.000901678213130071 0.00139589784089228 0.00182958472907358 0.00131388105485805 0.00118263350664757
492800 0.0245153922830555 0.123897847442282 0.00207047452897136 0.00156709444024523 0.00169851243707294 0.0024905530825628 0.001197270476103
493000 0.0244941208805913 0.120378652388692 0.00187511580975547 0.000361944072069895 0.00123470769699642 0.00250716398981755 0.00102688376676299
493200 0.0245876513049409 0.121749088586753 0.00294550750556027 0.00112920779514433 0.00126144540892369 0.00128176078082575 0.0018720437451581
493400 0.0243889382958556 0.123446929165917 0.00251283773572844 0.00385057995919514 0.00127082847519142 0.00236618829739353 -2.19654555018038e-05
493600 0.0245424436735202 0.12212302266697 -0.000330686295022394 0.00121641320174272 0.000490617429967601 0.00281513588455637 -0.00115204363897263
493800 0.0243857076305661 0.121511550951928 0.0005032464661877 0.00326721001056235 -0.000306078618034117 0.00386814126140031 0.00060030420572766
494000 0.0246949222397507 0.125064875260826 -0.00239555357918585 0.00378688184134867 0.000779125171012771 0.00206536412999179 -0.000560744561268808
494200 0.0243078653968533 0.121368923692261 0.00329509338367306 0.00433228116211217 0.000891675777698873 0.00258239689864843 0.00234680443751389
494400 0.0246697981262539 0.124065678248178 -0.000623879503302875 -0.00198658979411191 0.00059348487625813 0.00192798448525828 0.0022537475445644
494600 0.0243446858487296 0.12280482295936 0.001673969092649 -4.20158773974438e-06 0.00127172153354929 0.00180626531436633 0.000392316708522928
494800 0.0246121469802626 0.125621024827345 0.000768340050260218 -0.00214891785484974 0.0026602682294948 0.00201584980923261 -0.000748626513696133
495000 0.0244609435751198 0.122519632553282 0.000238893531085449 0.0030326641660489 0.00226332950006606 0.00177910443847479 0.000254087729294238
495200 0.0246604010118627 0.126933706568986 0.00304880230298792 0.00118750603667389 0.00120367355322927 0.00192589443365536 0.000518773529657806
495400 0.0244553600626978 0.125357752965305 -3.34970092293067e-05 0.00160678617090356 0.00149578695646553 0.00261701758829382 0.0007265149679674
495600 0.0246491021953029 0.123570203038348 -0.000295923171577202 -0.00126899650597641 0.00193446826045159 0.00256277926952885 -0.000632348615060564
495800 0.0244049639386271 0.121880270298696 0.00115867463737998 0.000624293450653798 0.00272499666113086 0.00332515552508934 -0.000505695167383406
496000 0.0246574986104928 0.125618549391856 0.00291838772674636 0.000235905949862984 0.00167110055642589 0.00364846610702559 -0.0020998096525096
496200 0.0243617098245904 0.121277716801069 0.000106537827102839 0.00159066075607385 0.00105556531883371 0.00322889803976282 -0.000557411021776137
496400 0.0245450254144412 0.123005331786137 0.000962909775497901 -0.00142067707567487 0.00292594000214275 0.00279095735122869 0.000653774702597191
496600 0.0246650739561838 0.125727795361507 0.00204463479544367 0.00336651219077981 0.00212679841188285 0.00127580261659598 3.61877228001129e-05
496800 0.0246031006944593 0.123415510171818 0.002217227517219 0.00173914221974504 0.00142493870975274 0.00205142633809139 -0.00139574803817869
497000 0.0247218532323022 0.125615766413608 -0.000401528900792868 0.00222518525252122 0.00125404626681532 0.00189541916967005 -0.00145866578514515
497200 0.024249299916659 0.122295207543301 0.00526630751289054 0.000215808800071734 0.000724485728986761 0.00274229629219901 -0.000840215746865023
497400 0.0248406774831234 0.123746598953194 -0.000952532973975523 0.00179299926067797 0.00092845713507967 0.00212968942676085 0.000761860822651712
497600 0.0243463210792369 0.119474458580852 0.00119248812573893 -0.00133396000413106 0.00164869572281552 0.000911068632684767 0.000616360002713457
497800 0.0245995947747231 0.122120790532396 0.000991370112547383 -3.20228693971997e-05 0.000619118026780891 0.000535333354998738 0.000698439697703807
498000 0.0246791802883592 0.124396407914661 0.00430918897003138 0.00131678351079399 0.00179234140135682 0.00237076832714372 0.0011368418237695
498200 0.0246784016802863 0.126129680161713 0.00538161481590399 0.000680869782619164 0.000348708189586877 0.00222629000641348 -0.000825288589811516
498400 0.0246996763392307 0.122995474750197 -0.00030106527177291 0.00217094108844643 0.00155731150210714 0.00331520682236432 0.00253694800490851
498600 0.0246573235775041 0.121180572040901 0.000263338177497028 0.000925285236208288 0.00106159168155847 0.00270190361413923 0.00337719676568367
498800 0.024819311983547 0.124195827779209 -0.000844787495344879 -0.000712689785471732 0.00114287812194229 0.00291377243287967 0.00395023919690075
499000 0.0245451912212383 0.122029459811533 0.000205079040144075 0.00136959899259282 0.00192527538871132 0.00165331285143778 -0.000250433556243321
499200 0.0248423732120449 0.125008693751901 0.00105920708027341 0.00113682888728109 0.00241806380439194 0.000645891116204418 -0.00054151048400017
499400 0.0246098815817302 0.122323352710852 0.00235984491301345 0.00501699387063512 0.00144715143105871 0.000746493184452054 0.000520143842127274
499600 0.0249734692261437 0.127552292829315 0.00278955464106966 0.00493842823562658 0.00138433984065764 0.00260470417337863 0.000298583477906335
499800 0.024578233913022 0.124768357447994 0.00156167631142177 0.000832373378641879 0.00180871781469688 0.00401112028494981 0.000518243026455355
500000 0.0247235083986839 0.123888504751757 -0.0033009059878087 -0.00141410780146755 0.00137775085494458 0.00275581034387126 0.00130232196957959
500200 0.024658672323383 0.119983111996917 -0.00119685874779221 -0.00042123705799559 0.00149880247817817 0.00241830460081294 0.00178191301681865
500400 0.0248302385601002 0.12473216971605 -0.000630892689330216 0.00100647018405819 0.00362000677384477 0.00246613866328154 -0.00109389371766744
500600 0.0247715762169993 0.124483548166681 0.00280577587773861 0.00314325340546032 0.00169999221241595 0.00236991759282073 6.60677568669226e-05
500800 0.024855647175343 0.124485688009448 0.002602751090072 0.00371651382551859 0.00147904776417689 0.00363743578196637 -0.000708732110724343
501000 0.0246807897440507 0.124090707917792 0.00253696315503035 0.00249974343430913 0.00352240005250878 0.0033997840473312 0.0015234462191911
501200 0.0247953227232209 0.123221781066536 -0.00100366807856632 0.00105380824556136 0.00360836957126942 0.00376635427294554 -0.00084903294633272
501400 0.0245301458364808 0.121655450447935 -0.000952006062534441 -0.00373614152726614 0.00173847792991375 0.00458492801799365 -0.00132859967221912
501600 0.0246951066494735 0.120512927488752 -0.00354664151531517 -0.00405449261681665 0.0027316986412937 0.00297762994010555 0.00257495126986847
501800 0.0246140890247154 0.122115475683229 -0.000888219503370852 -0.0012070744218418 0.00105148106183345 0.000730396982575792 0.00231518473038681
502000 0.024706592842067 0.123980016240871 0.0013362343617944 0.00150561629452192 7.48280554984376e-05 0.00222737423106994 -0.000476678755383048
502200 0.0247537465308981 0.124231048018954 -0.000673718388441879 0.00122298777171445 -0.00035329752925374 0.00248502200507665 0.00145219953740893
502400 0.0246979226846137 0.124595987819649 0.00269955299963797 0.00159122817926028 0.000681529390916722 0.00406804892901875 0.00156149662739246
502600 0.0246662182032795 0.125538747158722 0.00237692902181101 0.00548277073317349 0.00302521558415354 0.00188550335553294 0.000452796007251265
502800 0.0247875332372121 0.126200654846513 0.00483937066195348 -0.00115632694468401 0.00172663036068103 0.00308849177537228 0.00130490032397263
503000 0.0245630562672235 0.123571725881808 -0.000619073965583672 -3.79765768684588e-05 0.00237765820998805 0.00177127347273197 0.000952456321659897
503200 0.024658150397542 0.122650437065307 -0.000923025693088744 -0.00346354873554693 0.0011615652078418 0.00351237731839983 -2.12199655245832e-05
503400 0.0246812846647176 0.122605070436107 -0.000764363012143806 -0.000672712251927527 0.000557627410322202 0.00392304470696382 -0.000162285625236658
503600 0.0247640559412594 0.124708439112808 0.000232469118514598 -0.00125938782104811 0.000844494069658074 0.00268668017676849 0.00240794810914601
503800 0.0247584619581391 0.124167655004719 0.00368353408999184 0.00423604895433026 0.00158509582763987 0.00199881711604505 0.000844137611012478
504000 0.0247962607292023 0.126007069360228 0.000650402493169798 0.00371412355048654 0.00155124221558833 0.0030763327807013 0.00183599500938803
504200 0.0247071664620508 0.12444109596063 -0.000667436599092911 0.00178630254506153 0.00302624159344199 0.00397119956428402 0.000833913672309149
504400 0.0247225202914251 0.124923405848204 0.000259914361583722 0.00236840895500837 0.00243166712317023 0.00302976652128688 0.00177883516616536
504600 0.0246141022172533 0.123133390926782 -0.0037867641249385 -0.000187892440420088 0.0024507161953291 0.00259739487083565 0.000908735343580522
504800 0.0246250583928333 0.122032221157381 -0.00169279038818772 0.00059313356500215 0.00143396149482367 0.00133148798751615 0.000427078069216265
505000 0.0246636140557945 0.122780629615457 0.00279831163381307 -0.000658495640295522 0.000759652278547833 0.00187578637741649 5.18223137123101e-05
505200 0.0248016014454568 0.1259961434264 -0.000752005810972987 0.00010276804384528 -0.000145686445413322 0.00258509107264317 0.000433936021644412
505400 0.0245723392301275 0.123227470594043 0.0055578706707307 -0.000203515517538198 0.000786288981183087 0.00262379942027202 -9.73257254694296e-05
505600 0.0249393690094719 0.125821762711111 0.000732184415682574 -0.000304365334658253 0.00107677771449747 0.00287289034240003 0.000127452631471241
505800 0.0245481312268258 0.12132375267902 0.00385725790401156 -0.00142536339033185 0.0024606238945253 0.0029975382739357 -0.000930458410394389
506000 0.0251064919907037 0.126629397264235 -0.000170639930903273 0.0034578741110973 -0.00043551400611461 0.00339162803589404 -0.000389185894363938
506200 0.0246029382525446 0.123385272148893 0.00380832453517929 0.001990892989457 0.000605474651025713 0.00393392007841771 0.000253271662671741
506400 0.0249870757367474 0.127954618968251 0.00025493840933483 0.000714942251485634 0.00303047752231924 0.00483946723804731 0.00228408016081451
506600 0.0246271302338803 0.122789538273849 0.00206135599590813 0.00160943408303723 0.000193235018652076 0.00465326944198425 -0.00048674288625619
506800 0.0248337739724879 0.124492852588982 0.000554370463870427 0.00113135230419715 6.33553290303712e-05 0.00279333424898071 -2.78471782364574e-05
507000 0.0246389944144024 0.124686295841396 0.000335411616778554 -0.000605869154691185 0.00167874439177686 0.000118174171107163 0.000912556802213241
507200 0.0247880619467035 0.125718797128146 0.000701356743598297 -0.000406530993608087 0.000173792350374069 -8.45417352266106e-05 -0.00147317804681489
507400 0.0245653008657685 0.124618372589591 0.00260245715039981 0.00396100672145764 0.00296479955643659 0.00165057035882387 0.00235631479601651
507600 0.0249854188379061 0.128275886375649 0.00386152804136094 0.00135470087677018 0.0018976244329685 0.00150412071320879 0.00192503473237778
507800 0.0245334215243683 0.124529810581492 0.00119955073866503 0.0028105079942178 0.00105402533479704 0.00104769869688256 0.00109597611492828
508000 0.0247501154729512 0.125374539859441 -0.0021423533187862 -0.000249016503133081 0.000468729241876498 0.000377037163069344 -0.000329595656008385
508200 0.0245975492525896 0.122032594185556 -0.00214665777248131 0.00134736271520816 0.000546980312572894 0.00142614679230943 0.000532584925989277
508400 0.0247505154425612 0.12367003447084 0.00118686257063214 0.00110155498076993 0.00104791115952724 0.00244532217676449 0.00152222032016091
508600 0.0248142418022633 0.125959714268241 0.00273395190766645 0.00178858884203277 0.00109577543375763 0.00319771283303682 0.00140679362393939
508800 0.0246975311962426 0.123018712394619 0.00207320356695673 0.00419470868493985 0.000987266957200953 0.00366967870878207 -0.00137815885068921
509000 0.0246873209342126 0.123579784980067 0.000624947287969723 0.000729988715997964 0.000559077837186506 0.00221042474446579 -0.00115697669762507
509200 0.0246037416635136 0.121294894481793 0.00124884093256873 0.00310886838803635 0.00147902334811837 0.00190664533827447 0.00118081388805212
509400 0.0247940824494194 0.120587546652607 0.00228980098770644 -0.00161930001546021 0.00258518766747044 0.00246638063032633 0.000226130475072593
509600 0.0244965022197608 0.119969247524992 -0.00189892354252744 -8.65243446776951e-05 0.00215544636975048 0.00200988474825558 0.00145747823486272
509800 0.0248357182621249 0.124189539226908 0.000877087753652177 -0.00202805774340531 0.000276973478648445 0.00194029923592365 0.00104469300258594
510000 0.0247481569183949 0.125688679626968 0.00182782017208125 0.00256900937710715 0.0023651991675427 0.00259030902049345 0.00204839101043354
510200 0.024847847186771 0.126598012070585 4.0107799741729e-05 0.000447611598466535 0.00212144217918016 0.00196071034190692 0.00146315371256728
510400 0.024637886061388 0.123500118916532 -5.67422531718868e-05 0.00313374075409406 0.00154513874264755 0.00173917813579853 0.000931880699462933
510600 0.0248418204333595 0.121745659807433 0.0019539520008923 0.000819774601105658 0.00186376750503879 0.00268257580071207 0.000385404171387377
510800 0.0247306192972357 0.124104587296786 0.000682745088961438 0.0011774453656601 0.000303867985264527 0.00163860848213412 0.000790155765905674
511000 0.0248241972897461 0.123647613507341 0.00036854969481959 0.000468551477398439 -5.25365291344933e-05 0.000913262995258221 -1.29758034882974e-05
511200 0.0248257246828288 0.125510789998047 0.000409416094661503 0.00040285528902663 0.0018942200025 0.000790613379363628 -0.000587878490911438
511400 0.024782181114966 0.123187097457757 0.000954580191247407 -0.000381320838525373 -0.000152212377488165 0.00102500284001491 -0.000175584831932246
511600 0.0248212881800493 0.121756888164025 0.000821279076745737 0.00225798929886057 0.000332892047500168 0.00249780973780606 0.00107892883979821
511800 0.0247726284743765 0.123407528649373 0.00578214091714181 -0.000986421320578585 0.000944115114449594 0.00368106325323018 -0.000393084825235318
512000 0.0246800557007937 0.12207873109641 0.00174517074277531 0.000649446353354848 0.00173966136936536 0.00204596189151292 0.000975029430026883
512200 0.024737902061815 0.124527338830649 -0.000721150507788257 -0.000205815113413167 0.0023078143934506 0.00275192044517061 -9.64909304511081e-05
512400 0.0247631807224034 0.124877103231855 0.000672073961772667 0.00141281651568758 0.000536789353099637 0.00189798690078509 0.000138387280085665
512600 0.0246942635381562 0.12567143664482 0.00376942412001379 0.000479338474580615 0.000690639090686952 0.00297911236648485 0.000770237800308454
512800 0.0248086653001738 0.123506898485385 0.00272544679648824 0.00215847168073692 -0.000571484707050348 0.00160349978475843 0.00132589714738497
513000 0.024833474629341 0.12728402310715 0.00255580039246634 0.001987562165202 0.000482497202424674 0.00156531549107223 0.000192888420049936
513200 0.0246841850387709 0.124121779815832 -0.00021441500688796 0.00175548844833671 0.000636707927995746 0.00291742761297591 0.00114326904043732
513400 0.0247067435103424 0.121331819506035 0.00116590046860881 0.000202742209451715 0.000408708418542281 0.0029343249250975 -0.000951270898311303
513600 0.0247103143630601 0.121363414385958 0.00205744759500892 0.00306965923570776 0.000135396205029551 0.00297923468424184 -0.000318802622301694
513800 0.0248747453355799 0.122039655050071 0.00105996396780165 0.00238034422676203 0.000937270933238608 0.00191568807630705 3.85855454978569e-05
514000 0.0247968851632338 0.125941744049748 0.000471588560680519 -0.00048098898850415 0.00237054548123627 0.00300747546519674 0.000960280937474986
514200 0.0249207667080878 0.123640683895414 0.00258641230156348 6.87260042520071e-05 0.00270417806983138 0.00046760227199673 0.00103966217927893
514400 0.0247294589323975 0.123271534041267 0.00118996925431969 0.0041906460600618 0.000573791972728153 0.00108064239083674 0.00100592299995256
514600 0.0250244924529873 0.12574171507461 0.0011608927594484 0.00380689088805138 0.000468001150483326 0.00118660853340578 0.00017898134241362
514800 0.0244907442651669 0.121643901203968 -0.00124546366455206 0.00103479942948034 0.000364036761702942 0.00234931473760854 -4.55941552499725e-05
515000 0.0250302681826295 0.123695347282988 -0.00227198229949373 -0.00301168258368332 0.00148296734296139 0.00263899248094535 -0.000889796637817232
515200 0.0244359891170545 0.120791162356804 0.000304890121978151 0.00186470736382113 0.001352445666504 0.00312371415660543 -0.000792530257691635
515400 0.0248289638226885 0.124905287836692 0.00130878319321718 -0.0015439460226731 0.00206902229836612 0.00209455447782365 0.000395690635323906
515600 0.0246409357012363 0.121387341737131 -0.000956062089513394 0.0010773280760599 0.00243818702476006 0.00367284536084115 -0.000759793615787346
515800 0.0246352471977977 0.120140826120606 0.00133223906776122 0.000894410952702885 0.0016529142757928 0.0032496879382285 0.000747852515615687
516000 0.0247640120734713 0.124930513950499 -0.000825258165796456 0.00087899838104233 0.00228747725238819 0.00261953795831293 0.000421711857342712
516200 0.0247500602587431 0.124233160844055 0.00105500018018706 0.000375864276903913 0.00194600579838565 0.00181022823992363 0.00076449594686765
516400 0.0248860469765446 0.126461502913123 0.00248877872810793 0.00220276006148953 0.000579151944294542 0.00244227889147516 0.000681711288281977
516600 0.0247053149383744 0.124976370193236 -0.000193768135164117 -0.000257357661433728 0.00115179463920921 0.000565966051660502 -7.63235711943256e-05
516800 0.0248878739186737 0.123516974340035 -0.00259525323820614 -0.00285787422744453 -1.76144661448953e-05 0.00225772172776139 0.000136474143313348
517000 0.0246032201393052 0.122130641754291 -9.19264830365424e-05 0.00249245677447309 0.000761507985574967 0.000809265551506549 7.12141236037271e-05
517200 0.0249973908074444 0.125995881379531 0.00251903794798398 0.00126290649797167 0.00250018410253355 6.60599211136975e-05 0.000432865459556673
517400 0.0247339880846893 0.123342448414305 0.00142927716548324 0.000979855014478019 0.00244416864741992 0.000325599529296557 0.000675634371938498
517600 0.024821067352812 0.125797619711338 0.00464281906501414 -0.0014798786726553 0.00129904155003674 0.00302936185430514 -0.000100322157319391
517800 0.0247910384549856 0.125289400087817 0.00339657579608406 -0.000744123341452161 0.00107259139357511 0.00210358634841672 0.000388544784055161
518000 0.0248455214113442 0.126834860548737 0.00429408927711309 0.000770782928806728 0.0017907503837862 0.00210821870009941 0.000894422187999327
518200 0.0249004669443298 0.123751066532878 0.000851191087858765 0.000899546804215337 0.00153349822978057 0.000486084297388303 -0.000912354830228444
518400 0.0247660668776909 0.121750069326704 0.00113954298868491 -6.04727523139907e-05 0.0008274228485275 0.00230527857512343 -3.13661819701367e-05
518600 0.0247914562882836 0.120303854151647 -0.000238206105888358 -0.000163307178983535 0.000632566020972322 0.00260284619718072 -0.000853824895420159
518800 0.0249293222637357 0.123325983775107 0.00450273001312525 0.00321345555612405 0.000233766428874731 0.00316800600158412 -0.00129934285573687
519000 0.0250675205208364 0.127615792862798 0.00368240363669208 0.00653072803074736 0.00205574263610471 0.00143287277748108 -0.00113673598154009
519200 0.0249193986195468 0.125953074185496 0.00455839995690854 0.00152071167814154 0.00129523924666084 0.00076749510019072 0.000381706397049131
519400 0.0248587128712507 0.122849573504593 0.00201867808570235 5.80633804776541e-05 0.000949851136164743 0.00251074045105644 -0.000450608031937562
519600 0.0248927140920688 0.121196987688635 0.00234197804741801 0.000801669584924142 0.000931366726904186 0.00217188643019566 0.00113189669125893
519800 0.0247776448795519 0.120688720601105 0.00155836738210632 0.000594775870045455 0.000453687174467799 0.00219843927751528 -5.12298570848631e-05
520000 0.0249631560981796 0.124151926443057 0.00320119849110628 -0.00168841186348252 0.000742441349814023 0.00194545335672873 -0.000966548618832434
520200 0.0248417076163025 0.125282503191255 -0.000928889549472377 0.00412615460857003 0.000507656076938215 0.00178132522830983 -2.60980262096416e-05
520400 0.0249139259596272 0.126961946537799 0.00376815906290909 0.00150393920460574 -0.000544406054013589 0.00276394113936717 -0.00144798397316199
520600 0.0248593088955026 0.124941317620205 -0.00021839259687023 0.00329021680162008 0.00208769986838853 0.0028670614668031 -0.00113363246155822
520800 0.0248706618416702 0.124054434103752 0.0040216051375968 -0.00188201690603822 0.00228653433665898 0.00379560831404087 0.000422422038654302
521000 0.0247544140612357 0.122075841461997 0.000849752530978072 0.00103182185023234 0.00141476479091305 0.0036177204678133 -0.000529191926360651
521200 0.0248678411761574 0.122466478246538 0.000449237287967738 -0.00174522846074069 0.000834071238488315 0.00240117993940212 0.000280405191911938
521400 0.0247913144102816 0.121188426522588 0.000320898941406875 0.00350428723879244 0.000601790028646525 0.00275367750682702 0.000923168738875467
521600 0.024933992288311 0.123876931517522 0.00128983557071084 0.000604748657954759 0.000237586681936811 0.000639363983443268 7.82833297638967e-05
521800 0.0246707119329598 0.122985792809922 -0.00134133031750518 0.00373143687047424 0.00101922734489538 0.000294715572198665 6.38072379906491e-05
522000 0.0250060095674082 0.12491335116398 0.000340280488481011 -0.000529522251098738 0.00108875547551875 0.00133757133266411 -0.000225962547487042
522200 0.0246911826588859 0.121995760982508 0.00039647286728085 0.00403506000779747 0.0018761283151167 0.00213196435621353 0.00171440831742812
522400 0.0249696471253967 0.126024683089858 0.00228707436047578 0.000237921644090889 -0.000145102500370889 0.00391457775452651 0.000368619551869329
522600 0.0247229752166553 0.124683840186891 -0.00113142647608979 0.00197335293891742 0.000753867692210405 0.00424488527720243 0.00147190698732556
522800 0.0250083477025254 0.125572143209676 0.00155635034255866 0.00435004885229142 0.0019698876386032 0.00308607882975207 0.000938894664430178
523000 0.0247337617365069 0.125155363496287 0.00207376605793002 0.00185331332094752 -8.12491145477298e-05 0.00195641488771489 0.00138361115981957
523200 0.0249731304712951 0.124788995578536 0.00188996831664415 0.0016085311455107 -0.000330555898500035 0.00255543665578953 -0.000898011252834196
523400 0.0248126671990969 0.125761245910198 0.000419438590291442 -0.00106420481331358 0.00221458415509931 0.00200055803935698 -0.000449589713044174
523600 0.0248095290684169 0.124337602297253 -0.00106680381751502 -0.0011090835700465 0.000966821822249944 0.00272269522089234 0.000156088818190262
523800 0.0249140713106319 0.12331890095731 -0.00170027859819125 0.00120941425595566 0.00108442846743169 0.00100628555987084 -0.000120429701461961
524000 0.024957899266408 0.124300628331501 0.00144042774615415 0.000819545613049149 0.00176837219878618 0.00113347306176536 -0.00212061136563208
524200 0.0249278629645344 0.126292360954978 -0.000592459035857122 0.00275371246168101 0.000123202782412633 0.00168946472549643 -0.000674636207879697
524400 0.0249501716967993 0.124231150358999 0.00174616046191227 0.00229695148525667 -0.000641538353150058 0.00173960669316023 -0.00223234412021185
524600 0.0250051573155178 0.124703127576353 0.00198278104714281 0.00283663478763948 -2.98278367630722e-05 0.000519182732980898 -0.00113544199589112
524800 0.0247839044851466 0.121135723970629 0.00202398179875977 -0.000179476658662389 0.000241973974863517 0.00199658366176408 -0.00169699306600305
525000 0.0248690620104176 0.122017333486451 -0.00157653726135088 -0.000480440083152164 0.000519700516992357 0.00161222227623763 -0.00208248641051308
525200 0.0248722457993489 0.121984155954292 0.00117275757019784 0.000383644242226671 0.00118371142056712 0.00148768809655735 -0.000566360991697716
525400 0.0249326379760131 0.125398046228416 0.000147274655040086 0.00278325318384834 0.00130572405011094 0.00203032576588069 0.000148637974618191
525600 0.0248780575125993 0.124217453831549 0.00117431287646941 0.00222293456420892 0.000128833114191086 0.00258906905018844 -0.000170385242556864
525800 0.0250244746349394 0.126506888971652 -0.000826985151722447 0.00174269323399408 0.00095622390178058 -0.000397131268503513 -0.000425217877108228
526000 0.0249004330746343 0.12135278378652 0.000949708511647526 -0.00217190827688805 0.0023376532667114 0.00122578567768895 0.000492385305939634
526200 0.02485355912763 0.121477608604898 0.00022530997695232 0.000222701597899024 0.00161142589745731 0.000888974661994034 0.000310203957722801
526400 0.0248299500179277 0.120096794207164 -0.00249610147207915 -0.00132605401192572 0.001897971640249 0.00391065609159274 -0.000522097256389152
526600 0.0250343760394397 0.126516045422351 -0.000360927655352248 0.00207344209175496 0.00160752533856463 0.0024398668869767 0.00099111851253973
526800 0.0250685032459183 0.127284107690228 0.00482732237346679 0.00300761034499485 0.00145413332058506 0.00240135241065625 -0.000988639649105544
527000 0.0249471544618844 0.123827369007228 0.00154938458255669 0.00255318508899391 0.00144985945247561 0.00305983623346405 0.00140757373549532
527200 0.025042880216534 0.123785860739802 0.00184131765223742 0.000464931333810674 0.000931768544510232 0.00132401827540746 0.000860196050627994
527400 0.0248234495841365 0.124532125897124 0.00213604239203971 0.000825344905098136 0.00158537840055479 0.00118040737615244 -0.000394060017186547
527600 0.025014421878 0.126526812427271 -0.000376807208712206 -0.00330153465293663 0.00244615683605494 0.000715563871623094 0.000464086027381996
527800 0.0247587046436077 0.124997182237664 -0.0012632459339905 0.00212477361872647 0.00224091863316462 0.0024737411108282 -2.56304132158905e-05
528000 0.0251609245525258 0.128361168813223 0.00155792414541821 0.00120453660069728 -0.000235727897573067 0.00110144946237864 -0.00229615373821164
528200 0.024725833616919 0.123793505807207 0.0018934179665957 0.00566564652188004 -0.00011867351357015 0.0014313217401205 -0.00085340092163263
528400 0.0250641762878602 0.124794259796895 -0.000215018322843777 -0.000159688983182168 0.00163878751022345 0.00304094193769532 -0.00035061316477361
528600 0.0246393346912216 0.121192355401047 0.00104830617924825 0.00083542417576749 0.00258478634482074 0.00277165139336163 -0.00151089660914161
528800 0.0248889128111549 0.122020072618362 0.000962380041829762 -0.00131587112071892 0.00175034156424254 0.00220760303440011 0.000538699149160418
529000 0.0247685675591082 0.122056264228231 -1.47552918435534e-05 0.000630043437968034 0.00194992450025657 0.00116532912459915 -0.0011502011335701
529200 0.0249233323465414 0.123148678069034 0.00165931649608171 -0.00126455491393993 0.000157358274195591 0.000966468537869662 -0.000894747757179798
529400 0.0248511050316363 0.12216284337524 0.000962620409155129 -0.00155538314041846 0.000176800850985458 0.00103089651704236 -0.000887340826728915
529600 0.0247661584013548 0.123822655495723 -9.67642087297944e-05 -0.00135995154104567 -0.000117075770889404 0.00297113932904061 -0.000511686650042955
529800 0.024801884012837 0.124550777027782 -0.000535651912214223 0.00129953673377867 0.000658118920743138 0.00364592885948702 -0.00140180024639773
530000 0.0248648246649287 0.123956660117916 0.000185967820859588 -0.00102825765908869 0.00110866582198637 0.00269628353033257 -0.00247530338800448
530200 0.0248948919908503 0.124297637813119 0.00101118500344357 8.55089238150274e-05 0.00144748874605909 0.00225358512358908 -0.000847961618684207
530400 0.0248131515968993 0.124819466613612 0.000498480346584826 0.00174103197944842 0.00122229353723094 0.0014559106593648 -0.000503701130227438
530600 0.0249714188336229 0.125830805662228 0.000448269385698834 0.00166602400601551 0.000758396038396886 0.00228471087687186 -0.000580204526511663
530800 0.0247163054244959 0.123292125397956 0.00160990677554844 0.00117940878737527 0.0012918090453742 0.00292107450321654 0.00238242843842017
531000 0.0250522627368267 0.124208131747954 0.000598819250564479 0.00191059578905488 0.000856850209517661 0.00209879998685135 0.00117313983514704
531200 0.0247025041052192 0.120808019181884 5.60345313995811e-05 0.00293487237044974 0.00204123795732894 0.0027552542340321 -0.000630904634278756
531400 0.0251064380388252 0.124145478194702 4.17179754103491e-05 -0.000162889481612494 0.000464442692562065 0.00236016519834897 0.000472369460170783
531600 0.0247286077299694 0.121436519403491 0.00109093592997719 0.00137911667273705 0.00182936125835574 0.00382883957574378 -0.000127527823736225
531800 0.0250324626533776 0.123480548239247 0.000346653386121506 0.000324866602605958 0.00219236362806311 0.00244653535308892 0.00117421025487428
532000 0.02479293243363 0.123559929882247 0.00143728440760056 0.00118350755633088 0.00156004696461614 0.00161358935816933 0.000730648913691509
532200 0.0250700317536894 0.126844187880365 0.000560875310887658 0.000693706903869718 0.00149423822983633 0.000959077220446215 0.000248670257421394
532400 0.0247459983043238 0.123012895298985 -0.00112828050349092 0.00429313920098734 0.000224504228860658 0.00228246128325397 0.000927634993531744
532600 0.0251959502375773 0.127006464041404 5.13420499866344e-05 0.0028661826721711 0.00247680162845012 0.000845343843672744 0.000507035654592252
532800 0.0246705419914793 0.120635475190226 0.00117266912374428 0.00141274527883716 0.000549022146259711 0.00197345961872498 0.000190715899428582
533000 0.0250333389841328 0.121901353356249 -0.0010794145870298 -0.000215658661985963 0.00163052325637438 0.00291457044124703 0.000539641553865198
533200 0.02471206534405 0.120424264436706 0.000295164933996565 -0.00133879535920551 0.00252276088410538 0.00216099017451659 0.00175505721704829
533400 0.0250723972112598 0.124412757605821 0.000172958141637323 0.000486861653020185 0.0010303182156915 0.00173596295745645 0.00145410762907564
533600 0.0247408084057392 0.12385714162986 0.00101431870697149 0.00147023162920044 0.00177274374839596 0.000592590421186494 -0.000640099390562387
533800 0.0250515182383856 0.1242506542642 0.0020176214227704 0.00207278178576632 0.00118282164963763 0.00265950016257893 -0.00185827767166617
534000 0.0248902183217511 0.124087118283564 0.000400660627686402 0.00304720457092442 0.00203106988120795 0.00157822370238712 0.00112473448166989
534200 0.0249734217106698 0.124980844357778 -0.00106385933665122 0.000610564654312343 0.0030721568014143 0.00170232589455223 0.000713547975209581
534400 0.0248558332976518 0.124211823551756 0.00120565675062898 0.000317669976157298 0.000602937659218598 0.00206771207976648 0.00183344000058233
534600 0.0250719281401769 0.125408627313677 0.000903115783444639 0.000891590451801908 0.00141096369596516 0.00217761088218489 4.06236633303622e-05
534800 0.0248040475826445 0.121246357990298 0.0030082066412875 -0.00158953509020974 -0.000599553419890914 0.00408408162734664 -0.000795201640016484
535000 0.0249967015753486 0.124013736383587 -0.000305708378915634 -5.01454387780039e-06 0.000649892492371154 0.00465957363035333 -0.00125259789695946
535200 0.0247638382291118 0.122784233925861 0.00105916948662681 0.000466163823216515 0.000942123561700468 0.00220548272786743 -0.00110501289620615
535400 0.0249912489766726 0.124375661697532 -5.71878326988793e-05 0.00185176556860135 0.00142588554137392 0.00282601462536492 0.000950463983151802
535600 0.0248877528695128 0.12312003226894 0.00159015593758586 0.00143502996753302 0.00210952569484569 0.00323413034722703 -0.000286880254214535
535800 0.0250568639453316 0.127091005383996 0.00250391947043814 0.00302731796842621 0.00222418261885927 0.00326960685309813 -0.00134004719016498
536000 0.0248810431576448 0.124818627748313 -0.000162468765638697 0.000856959629277813 0.00202406392929062 0.00108103698713711 -0.000122880152848333
536200 0.0247728957990007 0.121247928127018 -0.000315222632507952 -0.00244729041794702 0.00181354454026697 0.00135658608702992 0.000220068746413883
536400 0.0249531570450494 0.119637013685192 -0.00106479793106344 -0.00433030627682816 0.00120882499178715 0.00295765104762187 -0.000540138525811672
536600 0.0248703520194034 0.119490422979491 0.00121367465279217 -0.00268567984277967 0.00216524537698565 0.00308503801921498 -0.000899567049396065
536800 0.024969990276365 0.12466149864157 0.0048594250485367 0.000393515781636673 0.00186103293853353 0.00349541286905207 0.000601012310550779
537000 0.0250617450008321 0.124347901999915 0.00466885640057142 0.000746649800958484 0.00152703844196278 0.00258787240234863 -4.41912210823765e-05
537200 0.0250458588114557 0.123696993153408 0.00347132949654251 0.00301544642891481 0.00119781017400293 0.00258758660850059 -0.00113417027405726
537400 0.024959351396441 0.124625317514508 0.00213946868547235 0.000756510916956958 0.00184051352836701 0.00127843050117116 -0.000921463551688792
537600 0.024957787242754 0.119215973332615 -0.00191372241475976 -0.000137563639628345 0.00158490930875699 0.00169369826755368 0.000505019542049338
537800 0.024694476522483 0.118870076088975 0.00042943980844978 0.000190139827193471 0.000827793553186035 0.00140618453764917 0.00129093990739265
538000 0.0251256918825567 0.121396015586004 -0.00017740198593983 -0.00132825513276846 0.00281228211380117 0.0037094695618212 0.000861269359918168
538200 0.0247574957246979 0.123301855686017 0.0017517965477636 0.00447384045987699 0.002296410645905 0.00161296862229545 -0.000569873482908612
538400 0.0251613081297739 0.126463766003454 0.00123288956213147 0.00436157054870316 0.000773328034235861 0.00374985278174535 0.00061106663317486
538600 0.0248955745322626 0.124483477021992 0.00459416143472889 0.00316515626053482 0.00373159915579291 0.00355478759620857 -0.000598111449445088
538800 0.0250964045528173 0.12272193420914 0.00210062968630026 0.00155352580414358 0.00496818928993795 0.00408519563357587 0.000406915726096888
539000 0.0247161026524624 0.121903684810907 0.00146612059487867 -2.83375121658277e-06 0.00327967844788379 0.00245585150430442 0.00106936924243934
539200 0.0250933455585631 0.123370834818015 -0.000944593363431221 -0.000235985244545222 0.00252871970942366 0.00371118324779627 -3.14981019154742e-07
539400 0.0248405219158701 0.123337210039989 0.0006801071125151 -0.000906315527465086 0.00231448205472624 0.00363154041441792 0.000629499368893777
539600 0.0251946753267491 0.126333643334023 0.00471542797846023 0.000146453424387265 0.00268897342790984 0.00320501719386693 -0.00119887101900701
539800 0.0248837167967567 0.126505737518799 0.00294487628099027 0.00318992327751533 0.000652063951220928 0.00381480074568037 -0.000103867697600256
540000 0.0253123749773704 0.13038577795123 0.00084475468804354 0.00210715981517992 0.00292001104483287 0.00396072884523882 -0.000713367847773305
540200 0.0248721431009717 0.12356799230742 0.000127427499808201 0.000236080703386205 0.00140714441226828 0.00435797147720963 -0.000170894970950104
540400 0.024990198131667 0.123196618362753 -0.00265004259021168 -0.00326955974319953 0.00225333651305432 0.00333550425865565 0.000268641674399275
540600 0.0248789411207443 0.123295484021927 -0.00190572462672498 -0.00190681276956438 0.0011952925170004 0.00314250545806908 0.000582424418236867
540800 0.0249152251940328 0.124209280437016 0.000854831536676894 -0.00156096234517772 0.00195428427343314 0.00488730741218404 0.00133609862348613
541000 0.0249891118891698 0.123917290744082 0.00366535051495345 0.00449592576721259 0.00238961541533932 0.00423810493422543 0.00129577810049941
541200 0.025010607151051 0.123392953736699 0.00420115219648316 0.00319327233620079 0.00404383355578384 0.00365701791982468 -0.000159504841821524
541400 0.0250269779803578 0.125352003253854 0.00362665581158918 0.00172491070089083 0.00105630919477895 0.00374901660553629 -0.000135158304890385
541600 0.0248826950913861 0.122760507790162 -0.000326385551264321 -0.00205370357676441 0.00080257523361504 0.00328657097716275 0.000177770477330646
541800 0.0249661902270076 0.120631800474318 -0.00300981326076842 -0.000528980001477053 0.0017321350693336 0.00397278390500175 -0.000694170842116122
542000 0.0249455211132729 0.123549208295788 -0.00226390982901224 -0.00107615584586595 0.0016702527251505 0.00406401005015214 -0.000765823212817165
542200 0.0249040134350754 0.123736724981567 -0.000287640131875938 -0.00100489476579634 0.00176861671665329 0.00422244450759196 0.00143157819593311
542400 0.0250206231111418 0.123168334403045 0.00151865194816893 0.00141255385393227 0.00231130338428428 0.0026793032582043 -0.000845382564724977
542600 0.0249045330476407 0.120207886129871 0.00126166185517572 0.00282414090842086 0.00157026635334139 0.00200773369352261 0.000696284129363594
542800 0.0251544570464825 0.124434966403084 -0.000405491094002837 0.000196095986450216 0.000828045430927587 0.00303217770913282 -0.000271752141998367
543000 0.0247694823086916 0.122522825022871 -0.00147938095468738 0.00249774226566941 0.000558815391207383 0.000949990007898642 -0.000549301556002658
543200 0.0252572377451651 0.124872262872855 0.00217198665453652 -0.000289028274813724 0.000830249545296289 0.00142960638449456 -0.00133714022312691
543400 0.0248732179946136 0.121077621767851 0.00275883299980178 0.00225252950565893 0.0020330409850984 0.00262405180955336 -0.000716101481799748
543600 0.0251587917683467 0.121787193003363 0.00261485530200171 9.41990679006283e-05 0.00132181435533393 0.00187133288248632 -0.00155571387837609
543800 0.0250734884614363 0.12196033597874 -0.00162441768222992 0.00295968797016763 0.000773229797465552 0.000854977951670154 -0.00162733318949541
544000 0.0248655329166259 0.122392248934576 -0.000341961233706 -0.00113490539175903 0.000764065752800918 0.00164997526412559 -0.000122829598342543
544200 0.0251268506972028 0.120532042680933 0.00144158571510832 -0.00121922327810849 0.00168936015459689 0.00241612591541489 0.000686301574514554
544400 0.0249866179952279 0.122897897000239 0.000311741850121965 0.00293241056066727 0.00067248411623571 0.00139300957600603 0.000643373904083933
544600 0.0252277141576682 0.127813744057947 0.00240990036202943 0.00181531930856625 0.000460790845940818 0.00104648902535182 0.000698008149661558
544800 0.0251017911185379 0.126299517156439 0.00308422496494647 0.00536445453263823 0.00224880705323473 0.00196262410949571 0.00144632526326758
545000 0.0251459968094509 0.124353955390648 -0.00031296357626245 0.000446726428931937 0.00207833881783591 0.0028495999096627 -0.0023088683760141
545200 0.0249370493780873 0.122132164099248 9.01283823540763e-05 -0.00183712116511253 0.00108902488996229 0.00166629351015314 -0.000667890047376314
545400 0.0252338123131371 0.12516812363721 -0.000611004508099582 0.000515807324922193 0.00221319855802065 0.00283527361706526 -0.00106177937541603
545600 0.0250769605021057 0.124014450617677 0.00138517279534198 0.00390169504246582 0.00113375151596563 0.0031283884656827 -0.00221010705900124
545800 0.0253589228396745 0.128089947133873 0.00494300854861273 0.00371062600370684 0.00159538540238062 0.00270431127965069 -0.000396404503011074
546000 0.0250555353812045 0.123133363019098 0.00395252489197001 0.00376903652972264 0.0017613016597569 0.00230713434737672 -0.000174485719086898
546200 0.0250883893088074 0.12113551734216 0.00010247037932433 0.00220581285859982 0.000851728847675022 0.000699912075597551 0.00035496109743632
546400 0.02509776050515 0.124730013272154 -0.00143087510883297 0.00251421067891526 0.000754567777143644 0.00198154358525514 -0.000105581128219671
546600 0.0250821219258116 0.123947590451047 -0.000203553671282474 0.00284097730570462 0.00135263657428463 0.00168004523297115 -0.0009913357419441
546800 0.025174520337933 0.123403092895025 -0.000245883609485958 0.000266298309171855 0.00271228802634148 0.00338717633402956 -0.00159066916085257
547000 0.0248928462129977 0.122559083494187 -0.000533639625317274 -0.000210495940368789 0.000997305228848353 0.00312108376641164 0.00205328514996705
547200 0.0252461731572751 0.125356385558354 0.000199892607788668 0.0018841121258136 0.00162971062604982 0.004655725723359 0.00121509195745111
547400 0.0248976412041765 0.12227258832014 0.00262623612994957 0.00341369652318418 0.00170263569078036 0.00241187484800208 0.00133958614729296
547600 0.0250860655976686 0.123811316267565 -0.000727695756750059 -0.00116068659554981 4.17879680743185e-06 0.00250619901633464 0.000690286321252886
547800 0.0250233200713936 0.121413515888665 0.000216998391030067 -0.000931970857411386 0.00170080012483988 0.0013784927313227 0.000886057420761962
548000 0.0250304214659189 0.123660912944616 0.00110658931537393 0.00132609580411444 0.00155486482382137 0.00205557386669371 0.000367885584822925
548200 0.0251990380086029 0.125505234486852 -0.000624026852033343 0.00150639765987661 0.00137647833992984 0.0021156090124184 -0.000231984775015457
548400 0.0248942553364031 0.125557093511861 -6.80725273019004e-05 0.00230039530791114 0.00144932185134197 0.00130842076659761 0.000140322176186559
548600 0.0252618219996337 0.125062863014289 -0.000668969637097521 -0.00266797512265302 0.000397958965467763 0.00139588962665078 0.000994009787486449
548800 0.0248781497160282 0.122768315094752 9.19429951287779e-05 0.00286542091036781 0.0019013107185591 0.0024318069836226 7.1260980376521e-05
549000 0.02522251494929 0.126057021659525 0.000730818194483082 7.68849422611193e-05 0.00159112758667566 0.00278460313661301 -0.00211454801342973
549200 0.024825482995558 0.122654793472492 0.00412708786817165 0.00446228815426458 0.00123235308800088 0.00327591781644173 0.000219826493814976
549400 0.0253935207907124 0.125699542128178 -0.000595914091656541 0.00286156931708729 0.00145287884248043 0.00158823049551636 0.000794339388667298
549600 0.0248690023740725 0.123445533500039 0.000455351078691711 0.00332690583093466 0.00200181767052737 0.000637535635280229 -0.00103719727037841
549800 0.0251763391447851 0.123166261423564 6.76643662181943e-05 0.00209137716746689 0.0018864910756523 0.00286825894780416 0.00127409834594305
550000 0.0249835192819371 0.122044363924853 0.000507552942171958 0.00292623649008485 0.00178523991720809 0.00115520432801989 -0.000738506030229817
550200 0.0251100680747483 0.124658256067016 -0.0041485933363106 -0.000849058588974334 0.001703780175652 0.00245032635702702 -6.84480913314436e-05
550400 0.025022234329021 0.125560768527207 0.0010539409593286 -0.000627664803461351 0.000241233079512367 0.00241817804661079 0.00177349652018807
550600 0.0252012129997959 0.125024625814317 0.000430101747843623 0.00427528677711235 5.38806435538876e-05 0.0013586008900888 0.0010101396472094
550800 0.0250173001636876 0.126627861865506 0.0043669882695598 0.00637612753983346 0.00168927696246171 0.00154082115747681 0.000937236065907684
551000 0.0252835592212589 0.126286916646453 0.00325970261995557 0.00188154349610382 0.00207365314843065 0.00267967058202552 0.000319783183842255
551200 0.0250625233036905 0.123337541807588 0.00213321034969225 0.00121246318263001 0.00228870213760837 0.00296562143132125 0.000982996020175859
551400 0.0250307957854973 0.123705609910981 -0.000220049419813439 -0.00149363468349385 0.00240861772045238 0.00325469268608587 -0.000141881746534112
551600 0.025069772223897 0.122192561747747 0.00147906222251983 -0.00171643598986841 0.00147726279646674 0.00213293497163443 -0.000819904449352799
551800 0.0250080474098007 0.122269393298677 0.00196062320539676 0.00136968749231378 0.00186659243915325 0.00315588308988991 -0.0008471434284324
552000 0.0251645213221063 0.124716551436194 0.0039138723359015 0.00368664215539162 0.00124264994163802 0.00349237616233793 -0.000437314153675919
552200 0.0252184321857957 0.126835107573722 9.7776843360666e-05 0.00361557248030324 0.00263831111540654 0.00328358825697705 0.000430027646525153
552400 0.0252494103491883 0.127219145615933 0.00419976466512772 0.00321164179617225 0.00203977870929076 0.00277862780859375 0.000370056622843857
552600 0.0251912791824022 0.124339019949067 0.000981969493288328 0.000959576393032104 0.00278523086963122 0.00261682801608902 0.000760319035064878
552800 0.0250317445515159 0.12078518717123 0.00178460623116768 -0.00108663404562316 0.00347042195265079 0.000922867444430122 0.00224483786072348
553000 0.0251249561121011 0.120143249444947 -0.00215960483475787 1.62872719162275e-05 0.00265460524618719 0.0025084014749251 0.000583353132084851
553200 0.0250099016909288 0.120891607017856 -0.000569875800748046 -0.000900110427258727 0.00424386515583756 0.00229491060318502 0.000911611372030943
553400 0.0252052111335754 0.12343533371383 0.00253752537989033 0.000388486670776401 0.00142983861869841 0.00188997829761222 -0.000479968184615888
553600 0.0251756919472455 0.125085997975307 0.00407767111190701 0.00388538902605321 0.000975071080086611 0.00328958903084369 0.00257058056270726
553800 0.025185581830108 0.125651478322834 0.00261248966049214 0.00207516506257911 0.00230870262599551 0.00381231681843638 0.0009646146592499
554000 0.0251516665436597 0.126721690271251 0.00275702096525459 -0.00167059935680551 0.00131033322603815 0.00332504052470838 0.00171919728793298
554200 0.0249632827898459 0.121893531200273 -0.00375234370113647 -0.00327330530227859 0.000825184858557947 0.0027576113940975 -0.00183541662937295
554400 0.0249965980063817 0.121410810181984 -0.00413191185790502 -0.00129287631178252 0.00215048580160964 0.000209208673749144 -0.00109369644313411
554600 0.0250633225287148 0.121743523593225 0.000170532669586334 0.00122877118766013 0.000860853225478647 0.000665053629232774 -1.05705602038778e-05
554800 0.025242088107921 0.125324621489095 0.00397825254362549 0.00235729137460583 -0.000160959027963269 0.000658071636101904 0.00216022612537457
555000 0.0252275446732312 0.127795856410779 0.00158951267202189 0.00308803144127961 0.00100503972072123 0.00181000476514812 0.000592181499804033
555200 0.0251418663074685 0.124566926985832 0.00151822478759357 0.00135988512698881 0.00286837134465104 0.00355298263960395 0.00059297760896142
555400 0.0249888205881492 0.122137045813526 -0.000356262395658232 0.000499979514777277 0.0028481900142338 0.00391911709477246 -0.000631582127494362
555600 0.0251082180822393 0.122550297176141 -0.00264423910397005 -0.00488298929992403 0.00145848181031863 0.00364769990376732 0.00116107262137639
555800 0.0248982560738447 0.119495084486596 0.000219919757078637 0.00069401152326791 0.00345915245063221 0.00371100135685121 0.000768686731098751
556000 0.0253731168013129 0.123595779398972 0.00384689738399663 0.000854933722619193 0.0034036352026236 0.00412606994528524 0.000969670604436722
556200 0.0251043638251661 0.124617219794044 0.00151234776499566 0.00436836295344301 0.00325526286260623 0.00182831768211006 0.00100903773425806
556400 0.0251979156017358 0.120360923149758 0.00188517187800616 0.00446788627711643 0.00135415021331056 0.00281101017068445 -0.000421505572036948
556600 0.0251542008414649 0.121024714426294 0.00056647963640093 0.0038822165983728 0.00299578558636582 0.00328204088906296 3.80416156001607e-05
556800 0.0252671984013495 0.123110295518714 0.000732554769441704 0.0012817218651845 0.00224764395184559 0.00291921344899791 0.000306526095272572
557000 0.0248708117304931 0.12286764187714 0.000957429177384164 0.00399364766957844 0.00181061228312857 0.00267621756004673 0.00102092050331279
557200 0.0253456715294753 0.125881400121841 0.000599330611530193 0.00068668899076122 0.00235399890056135 0.00345793832684198 0.001577743778425
557400 0.024913026167857 0.124344433219703 0.000579276178552186 0.00146872682300302 0.00163984055782324 0.00246418501542598 0.000516748111006113
557600 0.0253461265430275 0.125538048525096 0.00108219042987749 -0.000519936496182217 0.00223423621983451 0.000639554387186985 0.000274028057694621
557800 0.0251376423115504 0.122903766694817 0.000431830986578761 0.00218643531476607 0.000487459453246496 0.00222897923557443 0.000491725815547278
558000 0.0252542663067152 0.124220154324949 0.00125643006531513 0.00104200399307974 0.00114155730978432 0.00353356644276729 0.000450466037497202
558200 0.0250752503645338 0.12526435729243 -0.000400699269453361 0.00441952893248504 0.00372149030391646 0.00391074240025378 0.000344649387676739
558400 0.0251539231713505 0.124788255473455 0.00335158018111538 0.000646508220475102 0.00278963194255027 0.00303803684018688 -0.000179160767386557
558600 0.0250314171497166 0.126600997933002 0.00190524122023515 0.00044621142101129 0.00164522964220349 0.00161790086317768 0.00199144064093618
558800 0.0250793391118302 0.123081856865654 1.99863837272252e-06 -0.000678891413212218 0.00155197416025154 0.000532340908677924 0.000322826530117393
559000 0.0251070470143602 0.120812292483345 -0.00129632743910714 -0.00192195272875849 0.00322592350262014 0.00186875926909867 -0.000199161828970894
559200 0.0249912036763695 0.120366119706837 0.00196192121036953 -4.38704162618384e-05 0.00180694853902531 0.00234837622488501 -0.00260646086460965
559400 0.02526054437659 0.122959152925318 0.000607588842461577 0.00134358612785835 0.00160261220380847 0.00241459163437043 0.000178976275875783
559600 0.0249230028201966 0.122032442308614 -0.000276829205562837 0.000827275041532108 0.00113352317864624 0.00183629366035968 0.00155708892556625
559800 0.0253823684149594 0.124577476919715 0.00236770418791056 -0.00110241542927684 0.00234321876711595 0.00188824755755659 0.00198032568369773
560000 0.025012631779619 0.122151353227055 0.000287044669852112 0.00282862143641284 0.00179294201129909 0.00190369494096672 0.00147067849888998
560200 0.0252254831975887 0.122478227162482 0.00108501132650113 0.00155794071765621 0.00087273155623501 0.00106492895001078 0.00020526362753529
560400 0.0250967269979277 0.121647070078489 0.00166732950589337 0.00178154415552327 0.00238063909686884 0.00146193558745739 0.000926682941696238
560600 0.0252361650899491 0.123569758104125 0.000581193355790641 -0.000572153131532499 0.00241036533962586 0.00149681423552142 0.00154485007103267
560800 0.0250937114679203 0.124710839185544 0.00173346960201033 -0.000958095296656501 0.00278201342798836 0.00213722396358907 0.000656316588595539
561000 0.0252357633555766 0.126684147687639 -0.000978303059192021 0.00216253162820005 0.00299486245880043 0.00256044644821448 0.000566386078648248
561200 0.0252152193520076 0.124900727588992 0.00205160509948931 0.00128902476113157 0.00281042504695859 0.00115303960275546 -0.00112761385462781
561400 0.0252723759779846 0.124369385148655 0.000928754069976682 0.000991522066937114 0.00280566970818947 0.00252126294231869 0.000624665520973366
561600 0.0250190518397833 0.122602015700543 0.000156779407857594 -0.00135010523979928 0.00229233198411163 0.00287139753065702 -0.00110890313475025
561800 0.0252750773644536 0.120132153193761 -0.00404916594369786 0.000493156571411672 0.00102625563690797 0.00244615777628678 0.00094987086059732
562000 0.0249180172240329 0.120781997521422 0.00111590141452412 0.00038560672472638 0.000255343628856434 0.00130608475469417 -0.000995560283121987
562200 0.0254421120365646 0.125112122196475 0.000329325044549591 0.00285679728144838 0.00169787324299385 0.00218365286816513 -0.000569384764219417
562400 0.0250088257532648 0.121414237029155 0.00543620358344422 0.000300524860278258 0.00341542884831831 0.0017223905139867 -0.000692614349349747
562600 0.0253098723820813 0.123986615623479 0.00216767188141285 -0.00069904508790313 0.00253751205202253 0.00284123703291476 -0.0015421475989886
562800 0.0248478219331326 0.119385549353946 0.00151703167520089 -0.000506964593887506 0.00260142331667289 0.00150240346197973 -0.000653833491320925
563000 0.02534766414845 0.124243236347197 -0.00397373102819722 -0.00068189181189569 0.0010562463671736 0.0040262488528489 0.000665841105591675
563200 0.024862251140595 0.12244958446428 -0.00113631940383948 0.00316449256512877 0.000774611257534413 0.0016714439307192 -0.000548861122793903
563400 0.0255621698392133 0.128333691349648 0.00208104381869373 0.00117953092896558 0.000715104761830837 0.00159338041234142 -0.000688498955473751
563600 0.0248667483615787 0.124700850373878 0.000644740523250244 0.00405247238550339 0.00157754285532611 0.00184921060133955 0.00076043752582393
563800 0.0255328519761485 0.126207204033542 -0.000152376497803769 -0.000422540346695881 0.00141476269631445 0.0011943852021153 0.000161622736688715
564000 0.0248660449615506 0.121751643478977 -0.000257431169631092 0.00209138115666808 0.00288101218119405 0.00255628598122806 0.000289362006224112
564200 0.0253471373135269 0.124725077242199 0.00265901365963093 -0.00167143983722672 0.00248304520316868 0.00223643798297679 0.000169065780748418
564400 0.0249997038489453 0.122680296713784 0.00361764874452838 0.00318505954243375 0.00309560777164591 0.00361786421431738 -0.000259440133625853
564600 0.0253753996807607 0.124639774199157 0.000697851537210765 0.000383883796088599 0.00342092134212882 0.00355105096932279 -0.000452679772830673
564800 0.0250985372704514 0.120880561333751 0.00194266805148851 0.00218023385683786 0.00158154453001384 0.000922487420344921 -7.13487555747079e-05
565000 0.0252839427626923 0.122803876839282 -0.00232123848011755 -0.000424575760926326 0.00322437860281717 0.00151210925081977 0.0002233569139216
565200 0.0250517533407545 0.121475518310451 -0.00418788135963652 -0.000561798193562624 0.00306143327742619 0.000768310023332717 0.000346027734839762
565400 0.0253043912221519 0.121323258517498 0.0016426910213661 -0.000786362772972106 0.00357044094501293 0.0014973141252803 0.00157703395317188
565600 0.0252480330583308 0.123279895515173 0.00361702569483439 0.00227961991472221 0.00411406814559408 0.000421998248591144 -0.000380872274059894
565800 0.0253194815953041 0.125441040916184 0.00365315149346456 0.00324910644451091 0.00201915274293566 0.000280398899543564 -0.0014763410622915
566000 0.0252774574730796 0.124045370937819 0.00358405467269201 0.00353621808750548 0.00272109931493708 0.0012723779814865 0.000608631638338186
566200 0.0252700543559896 0.122758448171264 0.00150034369410917 0.00239304756331571 0.00221523432484268 0.000696171078996531 0.00214269416441867
566400 0.0251845996789132 0.123509178060065 -0.00102827910297839 -0.000872531068858165 0.000917113206741058 0.00114849208971642 0.000204027364946763
566600 0.025208021830755 0.12311518518808 0.00127994476924877 -0.000502965889390709 0.00117052677237242 2.4279721977886e-05 -0.00102331139637986
566800 0.0252215333242318 0.123313899937255 -0.000344601890968276 -0.00027862332380899 0.00234991865233807 0.00110009926581865 0.000653662864968237
567000 0.0251974073277221 0.123973651132879 -0.00131733975759312 0.00162969480878902 0.00244599051644846 0.000550240887266422 0.00224129210997687
567200 0.0251991085007901 0.125148367116894 0.00128865273145846 0.00113175451505486 0.00223118901444342 0.00182802621683625 0.000628945572840729
567400 0.0252722415428681 0.124208557490695 0.00280800224630915 0.0036103434846534 1.18903049773822e-05 0.0005865127855203 0.00163235639937078
567600 0.0252837089260706 0.122621030411613 0.00168017679456331 0.00026997279189227 0.00160661104073138 -0.000219447654704806 -0.000168271316838333
567800 0.0252053668482297 0.121407224816593 -0.000861286496738947 0.000555982388460685 0.00125096478196318 0.0022138837714694 0.000184134276400698
568000 0.0251060983605311 0.123332978705378 -0.000658499298172467 -0.00233487498280002 0.00220611401354669 0.000438470346791647 0.000794049647817413
568200 0.0252028873796707 0.124638448744413 -0.00254891618094092 0.00134659461746322 0.00191272088321957 0.00209117963018798 0.000408455800932876
568400 0.0252809907511128 0.123941929239796 0.00191603740447902 0.000798353270350712 0.00180873593553529 0.00173832788242678 5.39820265190004e-05
568600 0.025381218828514 0.126455976188423 0.0023184236776087 0.00361000276420661 0.000849143890613166 0.00219858964139535 -0.00112317596721403
568800 0.0254226554614147 0.126830958203581 0.00617398589902707 0.00439154364227137 -0.000669673964787066 0.00233803553230968 -0.000755391196426909
569000 0.0253753821624365 0.124506831810271 0.000659937934797675 0.00506586530006106 0.00213337311863622 0.00231073022160016 -0.000805280323484771
569200 0.0251883655093208 0.121474373555023 -0.00261322751697592 0.000319295480438463 0.00104326406287302 0.00271395024595652 -0.000622760345548966
569400 0.0252983723139927 0.120884757065853 -0.00112924443231544 0.0038285816385816 0.00214908956412592 0.000257125874214566 0.00165189760349661
569600 0.0251665507127301 0.122247064831853 0.0024815876152557 0.000339823549465039 0.000632705456459577 0.00229863152830762 -0.0003304326162566
569800 0.0253643775307483 0.123045643658528 -4.25237203495665e-05 -0.00242764965908913 0.00141529871097094 0.00276492990638539 -0.00188165357235061
570000 0.0252199841292414 0.124971793862069 0.00154508211851628 0.00116434723034396 0.000529899771063336 0.00419912000861284 0.00122081816700356
570200 0.0256176327407018 0.125438799490174 0.00140562388178772 0.00155312110152778 0.00282422986823471 0.00280760837902125 0.000889296273670776
570400 0.0251630634092633 0.125070365783034 0.00372591495761044 0.00329285243146514 0.00415746492713983 0.00128211524766016 -0.000680271867529934
570600 0.0256448024485981 0.12529327049823 0.00198075320693073 0.00219951658212117 0.00306333871997844 0.00217219871870336 0.000183795213293155
570800 0.0251121832213977 0.119080441955754 0.000161380635060736 0.0012639274437946 0.00340923177487463 0.00118390497706659 0.00111637180752033
571000 0.0254809047254608 0.1228048084622 -8.09903126268479e-05 -0.00268895410211034 0.00252031468372779 0.00199824977464196 0.00167784546024761
571200 0.0251499130793473 0.122874720799893 0.00263835362912324 0.00317300202438199 0.00326387000622027 0.00242901945711924 0.000722368483467901
571400 0.0256507725283479 0.127289705260067 0.000859261950480564 0.00349090012588706 0.00295929757721536 0.00188410150583576 -0.000452655106218431
571600 0.0252976391184725 0.12352330768989 0.000377079638260124 0.00346394968071981 0.00457039854256817 0.00169065319948586 0.000467386025333954
571800 0.0255279997999375 0.122963961465327 0.000435706612960366 0.000223996973288734 0.0026267593344585 0.00151970545401198 0.000531619167476169
572000 0.0253116328051917 0.122098661920331 -0.000164194603357091 0.00104147693958347 0.00269871939633829 0.00102034610077173 0.00062459602360363
572200 0.0254254057872592 0.121194411955461 -0.000890367206683087 -0.000174381101477628 0.0026015608403491 0.00160930999722214 0.0018435652787839
572400 0.0254474867178798 0.125049463716365 0.0019262595662614 0.000658198874471073 0.00405575457553136 0.00331729566248911 0.00235025747480868
572600 0.0253837193229428 0.125310416841407 0.00229301617097449 0.00411746232748145 0.00237898061852218 0.0021676597441539 0.00131007620628949
572800 0.0254361202150484 0.123887843153585 0.000881415627092497 0.00362776321504278 0.00203368613868851 0.00162293323941414 0.000387492427047656
573000 0.0253306220768571 0.120635839328224 0.00157176000011339 0.00281861696216115 0.00271677239222958 0.00273708145139445 0.000554536921466609
573200 0.0252706569309778 0.122856352662783 0.000826269157290317 0.00218597178460182 0.00260355259332269 0.00269805994273461 -0.000112209008035523
573400 0.0254500233455302 0.123827816374855 0.000173680875390253 0.00154156085021157 0.00272140761102443 0.00195928479066222 0.000931878224840567
573600 0.0252758462490419 0.1228596366894 0.000871092466051904 -0.00159223067741568 0.00213492272275745 0.001491623727225 -0.00148581261456457
573800 0.0255831548804271 0.124925395140622 -0.00158962410330208 0.000814957356715635 0.00182260722298737 0.0019683318766647 -0.000339416793055924
574000 0.0252790946558989 0.123480330684229 0.00214851912458315 0.00199110547290978 0.00222656225803731 0.00453799951929674 -0.00237924134507936
574200 0.0255951336116394 0.125165859976879 -0.00113321234154463 0.00375219897799505 0.001231617606993 0.00266928161778602 -6.63006416192954e-05
574400 0.0253246344116661 0.121880621501326 0.00301864535803145 0.00267312034664395 0.00384958022046455 0.0012636924920879 0.00144064321658368
574600 0.0255044536676422 0.124669438592015 -0.000141539201504476 0.00246676464466747 0.0036894169941357 0.00253963221621811 0.00256161074807672
574800 0.025145171788489 0.122249463099144 0.000133328933930043 0.00106000172123184 0.00367055066995821 0.00249736385555292 0.00156012560518934
575000 0.0254706742191109 0.125317527980719 -0.00142763522239198 0.000466284273541989 0.00149323898928674 0.00228579385085055 0.00026107823325028
575200 0.0252275851196265 0.124451492031976 0.0018927849342432 0.000370391056834404 0.00175436466035959 0.00152291956845976 0.000175329113308256
575400 0.0254093881921602 0.122654033023062 -0.000326527153356407 0.000449525098673503 0.000601159587735286 0.00368887651997204 -0.00196999420363884
575600 0.025178795796877 0.11933682863784 0.00171868823837515 -0.00309716587101072 9.00379232089449e-05 0.000873512012895648 0.00051622571554485
575800 0.0255928783315197 0.122278313249479 -0.00136551130100222 -0.000264974556964428 0.00198871370859944 0.00085661243114769 0.00129369622121226
576000 0.0252598988747688 0.122467268038483 0.00426208073919717 0.00285969763528216 0.00163442053429245 0.0008671659644735 0.00219828622587765
576200 0.0255918105509722 0.127432179842698 0.00142065752021399 0.00128400443368443 0.00255743056539539 0.00209904084587256 0.00216089782884348
576400 0.0251739648845378 0.119816626155315 0.00395173517253382 0.001896948727077 0.00243803511550172 0.000912254102073244 0.00326315976681941
576600 0.0256077814993046 0.126078477228106 4.15213978655878e-05 -0.000477886373943073 0.00403030515723564 0.00154789935347749 0.00113686614159612
576800 0.0251536296449449 0.124033982722403 0.00292917481639149 -0.00148193189777699 0.00194710057085792 0.00212377456025862 0.000439790831198816
577000 0.0256405005165193 0.127405412674837 -0.000157210394786138 0.00247727123899979 0.0010503097227937 0.000880332802900951 -9.98043520968744e-05
577200 0.0252439329895262 0.124741661645211 0.00338375026110105 -0.000168015744866199 0.000721941204964058 0.000473381824772186 0.000218330236550613
577400 0.0257293092112354 0.128697049732035 0.000719934524798899 0.00510732776907675 0.00103106680765275 0.00232316389954739 0.000163736351232219
577600 0.0253589412598848 0.122894370817372 0.00381500422257421 0.000725680510741701 0.00160932696338775 0.00232707337167565 0.000515947433215616
577800 0.0255548548228236 0.123383326490873 -0.00260177759920306 0.00187771988363349 0.00168584407771523 0.00179758453180358 0.00103371549402107
578000 0.0252782109633904 0.12224314007673 0.000632108693927978 -0.00145312187178236 0.00273542031726755 0.00132184547081441 0.00116601675030185
578200 0.0254563141619982 0.123605709006728 0.000238754614391336 0.00142334134946589 0.0026934072479908 0.00269877378616454 0.00033280870165381
578400 0.0253526444813218 0.124045014590731 0.000729162853444365 0.00298464651316151 0.00268029365358264 0.00265147633368531 0.000211613660473269
578600 0.0255482333739055 0.124193675091706 0.000973434846129737 0.00036027702275066 0.0022259367265106 0.00325200848636971 0.00111190505379685
578800 0.0253285863804275 0.122305170164489 -0.000207772014528124 0.00235372030875744 0.00134100083679025 0.00310675936669802 0.000812339125322713
579000 0.0254286059232666 0.125014804174331 0.000415787373778311 0.00218780326419149 0.00149700551211769 0.00202301712311934 0.000102317153374659
579200 0.025192293549533 0.121515627793797 0.00155206668498248 0.00264588308270136 0.00115077790668903 0.00227914804010588 -0.000383090521897044
579400 0.0253870544431093 0.122334476467891 0.0022695949500021 0.000512019541081121 0.000897847661783067 0.00262452989187593 0.000246750989118623
579600 0.0253148706560438 0.124906318432563 0.00312393430519173 0.00162055277510915 0.0033780901884407 0.00171802298717692 0.000316681702642983
579800 0.0254070247592689 0.126753854001126 0.00259048797965597 0.00145616321990228 0.00382971087604328 0.0022438376954953 -0.000110293328455414
580000 0.0253648856506341 0.123383389362252 0.00221240921445746 0.000223706286204449 0.00169703968230601 0.00162436338802011 0.000239842921446345
580200 0.0253372089138771 0.121134580253249 -0.0021273186435853 -0.00120313373117813 0.00282197502095893 0.00284484283346569 0.00130113834787578
580400 0.0253359557135972 0.121324613430739 -6.97413104735707e-05 -0.00294337143214296 0.00373374382874411 0.00243348556781976 0.000942459838944117
580600 0.0254807411754037 0.123995227944702 -0.000325939314979078 -0.00147398688599845 0.00264439665840721 0.000824982656162189 0.00049541130769592
580800 0.0255749667175364 0.124131659047572 -0.00194782591872059 0.000849229921266336 0.00146397556108642 0.00343302423826345 -0.00068896648384778
581000 0.0255671981765074 0.127559457480255 0.00268515492458269 0.000911803258601218 0.00144879096770307 0.00306792277812075 -9.1233711633775e-06
581200 0.0256174928904496 0.127605181851324 0.00177311189924431 0.00224753937906368 0.00338114281906296 0.0011346553387206 0.00118099949297458
581400 0.0253158518891672 0.123849899751793 -1.79755097711096e-05 0.00170238082832434 0.000458645206661393 0.00242378123931518 0.000434218353478114
581600 0.0253715290034142 0.121088491559091 -0.00257865032452579 -0.00391110914037053 0.00135478484670522 0.00189675626025282 -0.000443707010454735
581800 0.0251917494767656 0.118690250968194 -0.00170483169529947 -0.000658315044885317 0.00188813257449118 0.00298898297152766 7.77043601753202e-05
582000 0.025500364312188 0.123452061312112 -0.00202829922977176 0.000329663264411571 0.00211222702633108 0.0027805938287519 0.000662601207624776
582200 0.0252632165451673 0.123050469940517 -0.00134192689627775 0.00141144273736039 0.00120142487332477 0.00141742685794164 -0.00129054565542491
582400 0.0257246790104073 0.127461262228572 0.00382258966431165 0.00161436248774031 0.0011043840333195 0.00210776801283603 0.000293225074005799
582600 0.0252519197662257 0.121987729606494 0.00534899791853582 0.00191517351481792 0.0011529211288883 0.00064645741043088 0.00108389259589143
582800 0.0255365531318392 0.122569858058465 0.00276334270978711 -0.00261423717974236 0.00268489645664189 0.00102484623817629 0.00165011954998783
583000 0.0253297244997202 0.123280038908858 0.000738810350236717 -0.000478445446495357 0.00312102120441692 0.0018078662753332 0.00209115457419456
583200 0.0255318179953574 0.121113950150427 0.000268477946979311 0.00137407723501031 0.00241615842127577 0.00323597706439319 0.000221736090783628
583400 0.0254295508834224 0.121661938787603 0.00167725093022224 -0.00100756517401912 0.00232723757298462 0.00058113078335296 0.000994032673280372
583600 0.0255233311986048 0.125377164691809 0.00327069042184354 0.00217172288180655 0.00166412190951855 0.00231118203708839 0.002256868941659
583800 0.0256095297807834 0.128308053104606 0.00717214126398414 0.00422595869729143 0.0013707805857861 0.00205506650407424 0.000233673843993932
584000 0.0255949857436032 0.125810554726296 0.00590937079972669 0.00380171767201008 0.00147541385313909 0.00233971016645216 0.000491079279495927
584200 0.0254687235531318 0.121679453635328 -0.000682063198492952 -0.00111285585213558 0.00405974176101844 0.00282634032086031 -0.000242524324832291
584400 0.0254831129777132 0.121414618983553 -0.000481664227039326 -0.000900230486859682 0.00237858480459173 0.00351317543815635 6.66313788180196e-06
584600 0.0254828901021417 0.121809724030335 -0.00183950637741357 -0.000541576489085157 0.00218899292541628 0.00173082895106028 -0.000304038473211943
584800 0.0253934074467802 0.123320330349293 0.00106648072459544 0.000538200466900633 0.00204805479680312 0.00163781225793231 0.000515647863095771
585000 0.025420522136667 0.124391807316749 0.00261534156495948 0.00136900080485917 0.002222326791129 0.00178262646876731 0.00179107906144935
585200 0.0254123472989448 0.124361201494711 0.00075783962035775 0.00154659158781128 0.00331129449523987 0.0019737741311998 0.00181063740435848
585400 0.0256981738265791 0.125857727301725 0.00187539992479018 0.00218365658698697 0.00353412949959571 0.00295157986235315 0.00142953447949505
585600 0.0253532130896978 0.122106561682646 0.00247696263531822 -0.00219534941535257 0.00122565230284225 0.00296332386059623 0.000604172677065653
585800 0.0256679165343591 0.122465110246622 -1.03953437734722e-05 -0.00503964088580581 0.00120144707341963 0.00285774427237648 -0.000643413153901788
586000 0.0252605469555919 0.121126571161849 0.00129042999953524 0.00318228524792772 0.00263440940996129 0.00292431173987667 -0.00158875764079717
586200 0.0257647269126859 0.123613615060446 0.00107348443802656 8.6398829964804e-05 0.00265861796525031 0.00256768983379939 -0.000562238943943831
586400 0.025412627368195 0.122200017636814 0.00133843562739817 0.0019169166257488 0.0041915890768297 0.00346603708557949 0.00058155709111096
586600 0.0255398249108761 0.123922790909035 0.00125824428365951 0.00113602692762227 0.00431083004231949 0.00206950434658584 -0.000408238735987138
586800 0.0252952995236615 0.122601880766739 -0.00139336063789161 -0.00119034964734071 0.00288604587466199 0.00230037488241977 -0.000851125124144197
587000 0.0256158202581431 0.125750394247976 -0.00117699991785071 -6.54134023382773e-06 0.00166626832780222 0.00223446115003936 -0.000894347311540578
587200 0.0251050236531058 0.11979970233428 0.00334098682053757 0.000795199792742082 0.00154466508574554 0.00260077713883767 -0.000692611492549052
587400 0.0258996554258358 0.12670325472237 0.000623825992480937 0.00244647702588643 0.00119780320385412 0.00125816551961253 -4.24216912616391e-05
587600 0.0251867634733402 0.123589105491833 0.00390680285208404 0.00317301388213187 0.00272594933730662 0.00318199552795525 1.63475955456711e-06
587800 0.0256917766190823 0.124079729383011 -0.000846809530820458 -0.000431967680424872 0.000801666353410309 0.00282397063197219 -0.00141542238466909
588000 0.0252673422488043 0.121835166308565 0.00270059806489428 0.0021556545723952 9.10019200517549e-05 0.001005505211256 -0.000396493206097747
588200 0.0255342968682384 0.120960455977857 5.6792331775137e-05 3.91110155670837e-05 0.000310063032478342 0.00219595932550991 0.0014181729884407
588400 0.0253633115667914 0.121778163550993 -0.00142547164786885 0.0016163180657051 0.00186702064225722 0.00184788057247265 0.000807733549300419
588600 0.025536147045035 0.125422911365002 0.000230531588317608 0.00129912954963888 0.00261498066716246 0.00275749308473613 0.00105303280197548
588800 0.0254301684185991 0.125803464122275 0.00362239617368095 0.00174519870447692 0.000230090178004212 0.00395907701426135 -0.000110477208320775
589000 0.0257087269353985 0.126844094261169 -0.00182054710977236 0.00162099798647965 0.00392471139606735 0.00381820057267576 -0.000296752651337699
589200 0.0251985007606897 0.120163598795695 3.99549601660852e-05 0.00101754114827446 0.00342727153158312 0.00223037392809575 0.000266521654012284
589400 0.0257794158545148 0.120644740194431 -0.00300531032278921 -0.00132721295655129 0.00403870252306437 0.00191975978657336 -3.99154551794215e-05
589600 0.0249988910549122 0.117008421648343 5.36284978060981e-05 -0.000455000562582269 0.00277079475208209 0.00195275175054434 0.000996568614286948
589800 0.0257627581070634 0.124447518888771 0.00103195662769251 0.000637416053096619 0.000527761353603951 0.00362566103353551 0.000586902687756113
590000 0.0252568080766286 0.12222033597095 0.00402405730887469 0.00128719429234643 0.00168043374875824 0.00221572128848472 -0.00105533801790233
590200 0.0256581703863217 0.125032610488336 0.00227663452467126 -0.000657723785625392 0.00127414752596575 0.000991260942296763 0.000811766964518981
590400 0.0254158567359562 0.123613609644779 0.00615948875759177 -0.00113566030631017 0.00194260469375636 0.00107268463364286 0.00125091169112553
590600 0.0254846048907983 0.123685875804388 0.00242206502031816 -9.03137837459454e-05 0.00105497317400981 0.00104336401997431 0.0016356624722061
590800 0.0252368092742373 0.120881395211525 0.000174899241988933 -0.00193425574517487 0.00176500433620591 0.00330645708372852 0.000808946733735202
591000 0.0254339186239092 0.123463559249944 -0.00331082261370056 0.00132507009693746 0.00100832343298333 0.00264066283025911 -0.000539407807855236
591200 0.0253743838001528 0.125489269049937 0.00162107594815456 -0.000485070930629115 0.00344777607134317 0.00287391175147437 0.0013267438565291
591400 0.0254690054656135 0.128726028317245 -0.00105614579659296 0.00302513010048453 0.00185185191470564 0.00369534006291007 -0.000318658051308416
591600 0.0253916943837101 0.127357476055764 0.00131284927295659 0.000901666366837163 0.00258098839117232 0.00181108754911213 -0.000179081827612753
591800 0.0253769562393134 0.12437092305231 -0.00123777615518036 0.00115141592649758 0.00271258756683665 0.00151448823642092 0.00154579328372585
592000 0.0253937128930632 0.123896370518385 -0.000534844213600438 0.000363298454075651 0.00260255898390768 0.00144641309495649 0.000985092260074481
592200 0.0253420312001772 0.123678501083023 -0.00136563995746856 -0.000538518798870733 0.00256053705943361 0.00362594728334616 0.00152990179783853
592400 0.025382922028659 0.122655665909672 0.0017870940945796 -0.00160131634889316 0.00318563067521643 0.000235687122238263 0.000923491292047473
592600 0.0253712405760865 0.120770472034285 0.000976070554520607 -0.000517613664789495 0.00285325464368976 0.00218041796402797 0.00147725677468585
592800 0.0255564633783828 0.125605185509997 0.000787007513719091 0.00218787176245456 0.00187234791433959 0.00375531824416823 0.00033062579453191
593000 0.0254843377554008 0.126315656164798 0.00323402197860312 0.00371804591023379 0.00150392017052266 0.00166099013735054 0.000655731304256978
593200 0.0258363643168842 0.125827868944451 0.00316488574029193 0.000959464349899824 0.00263154209710075 0.00160272122951491 0.000371464569785332
593400 0.0252143780438455 0.122704498629167 0.00250074580444062 0.00194032677179377 0.00333796768775757 0.00156551201852216 0.00128242703672654
593600 0.0257830307622615 0.124695800700313 -0.000925910150285663 -0.00178985842618379 0.002883666203421 0.000205892525811809 0.00137990137397707
593800 0.025185746725028 0.119456095128221 0.00168462516208286 -0.001773261317187 0.00220368167449617 0.00277688278000415 -0.000909450280558989
594000 0.0257448833026389 0.128651118444376 0.00192947195020992 -0.00105895414781281 0.0012503163399581 0.00243149780250203 -0.000891143856523878
594200 0.0253950834796416 0.121377725306251 0.00184813908600887 0.00185156792365396 0.0021388249664885 0.0026460566345302 -0.000335156760978856
594400 0.0258432229157538 0.12429472122077 0.00241009646898428 0.00127788382484059 0.000868147943152317 0.00251861855797553 0.00149053381521081
594600 0.0255866325568477 0.123641548442965 0.00437807062817225 0.00110543514878081 0.00217461223165042 0.00145465287712022 0.00139125255325286
594800 0.0256530597674113 0.126760355931642 0.00264847049183111 0.0021689499997395 0.00141351520714034 0.00142750590104028 0.00101546324205365
595000 0.0256992309606572 0.124557695437012 6.90994087348984e-05 0.00141453933616707 0.00189235691483443 0.0021872548703561 0.000414764729296327
595200 0.0253999434933751 0.122450637506959 -0.00128736282431575 -0.0015341140725254 0.00221057113620431 0.00339936333711043 0.0012636230313457
595400 0.0255853508723145 0.121440372239505 -0.000271585841714921 -0.00177042565571244 0.00357769584731803 0.00346548424059851 0.000745202303588597
595600 0.0255587898372353 0.123420449687412 -0.000311312748681709 0.000385418265187459 0.0024359895792345 0.00356692340009748 2.75584042843486e-05
595800 0.0257133492779887 0.127126125211489 0.000217716788561571 0.000162264309235579 0.00149414300522411 0.00404796731154805 0.000978089085662272
596000 0.0255022195922296 0.122676755037483 0.0031791770018199 0.00468174668980296 0.00148706805379522 0.00417097815446769 0.000256158769919142
596200 0.0257172195843225 0.124779558347768 0.00480508024653242 0.000425709323934474 0.00211697258545397 0.00337975875585965 -0.000630884036540244
596400 0.0254780462052178 0.121141546848109 0.00125594178162114 0.00279882210439105 0.00215231109022183 0.00154929121797726 -0.000442400836898657
596600 0.0257075736909903 0.122717961606132 -0.00131665998640753 0.00182249642092598 0.00262691753051751 0.00293875002331522 0.000225396702136532
596800 0.0255198798181294 0.122761966923162 0.000960852952762876 0.000490210283403554 0.00165781753343292 0.00404677350921114 0.00118938550777608
597000 0.0257573834138326 0.125661598810129 0.00379065565298344 -0.00185810347075101 0.00251572732863707 0.0022826033424824 -0.000437667026697143
597200 0.0253807557787882 0.123053620502696 0.00150272794801811 0.00128596754805693 0.0024062214535627 0.0022775276909591 -0.000585214954781395
597400 0.0259268345332444 0.126677401241973 0.00180689222944301 -0.00272893800867853 0.00257593782314971 0.00153667314995245 -0.000372019668020053
597600 0.0253953043763921 0.12262335402069 -0.00115533660830821 0.00412455837646208 0.00184378411848576 0.00384268681011983 -0.000501382333645203
597800 0.0258881115373145 0.126732161718122 0.000776785005054268 -0.0012210883516564 0.00239374727052292 0.00347258276177896 -0.000500573147494354
598000 0.0253700214061746 0.123714882241842 0.0015027321290982 0.00454338387667368 0.00257053751137823 0.00274648521165225 -0.000570993515536348
598200 0.0258039991329012 0.126096729116066 0.000684871906670754 -0.00175283237934644 0.00171602938007101 0.00258723300674683 0.000936803459089527
598400 0.0254153252667533 0.121211302250227 9.55118088377856e-05 0.00170972802476512 0.00283377918049741 0.00299365757886522 -0.000503233966731108
598600 0.0259405509087577 0.125330962792602 0.000883019771161437 -0.000883881105761822 0.00133210997417219 0.000969695432416646 0.000496378548628497
598800 0.0254802235771196 0.122077077083171 -0.000960606862608052 0.00295944732171248 0.00147613837167533 0.00230019846068495 0.000812942207725327
599000 0.025822456473164 0.124938114483438 -0.00219861905207826 -0.000352200283166865 0.00194029622366585 0.00214960283234274 0.000692491841743766
599200 0.0254034507470869 0.119904141682758 -0.000266271856787342 0.00183774948394998 0.00224616298333638 0.00285248207235086 -0.000692501263051508
599400 0.0257421859363431 0.122365390037621 -0.000280138160713241 0.000149536401944098 0.0017740191386261 0.00418494211773627 -0.000789523226832671
599600 0.0254796079348283 0.121567204184598 0.00166653965859282 0.00123035830530833 0.000704264751152022 0.00365701164321691 0.00104719256101478
599800 0.0258032909730385 0.123710627408113 0.00241668338268948 -0.000607658294679864 0.00138820723708813 0.00349838006475818 0.000847731692107853
600000 0.0255466736095889 0.124097775113701 0.00137822525748891 -0.00100123536528997 0.00263342537571197 0.00345879168203244 -0.000547572794945157
600200 0.0256189761103096 0.123577430597352 0.000110519779065919 -0.00164477925551736 0.00237621561482146 0.00458917270799822 -0.000467999548693165
600400 0.0255479134199523 0.123177389528882 -0.00296896179901131 -0.00326757086490834 0.000803444077043431 0.00208627334162096 -0.00028164281302468
600600 0.0254268959425313 0.12265588180401 -0.00434385581515041 -0.00085062884523698 0.000217228103003771 0.000839707606365908 0.00116501918183091
600800 0.0255906019958702 0.124492354637098 0.00176789879325094 -0.00148848431305677 -0.000498484414721183 0.0014046366601057 0.000479153085404042
601000 0.0256167461964107 0.125640041261016 0.00157228244727978 0.00316362605538197 0.00176700398162159 0.00117764008256202 0.00027060505218894
601200 0.0256398954549009 0.124749906493392 0.0049580507481656 0.000601552752718345 0.00152765064267232 0.0028136450127057 0.000855171196098185
601400 0.0255965881533061 0.122529573454763 0.00209803756761048 0.00310665611397779 0.00236160329809748 0.00405384265278387 0.000374200364638299
601600 0.0256424526289575 0.124388572620901 -3.08361201097981e-05 -0.000651084882459809 0.00328490197198431 0.00173088436924419 0.000638858963453337
601800 0.0254704560871095 0.121542547031777 -0.00178881594750049 0.00515006221869152 0.00320043969472741 0.00210310512528422 0.00098991637613514
602000 0.0256515748571402 0.124909438974794 0.00058053002760398 -0.00262200113096461 0.00104235977869578 0.00248519565954693 0.000140636776687015
602200 0.0254779161785732 0.122094240719061 -0.00158397832891702 0.00192989619373051 0.00204512783185534 0.00142771620549104 0.000887007839106289
602400 0.0255109497437488 0.12195410859254 -0.000839726352902658 -0.000131819293388442 0.0012234738350188 0.0048930252075745 0.000213049706208697
602600 0.0255656894256297 0.122842400909642 -0.000962304019153444 0.0028205045449715 0.00232643593889341 0.00331360100809049 -0.00125752304193583
602800 0.025593899409805 0.121943899323301 0.00204751725940614 -0.00217647694741983 0.00254145696419094 0.00420190872110875 -0.000634142618332487
603000 0.0256013502236537 0.124868675206161 0.002042162165718 0.00353163846624927 0.00332466384628101 0.00425531410774737 -0.000860298010570375
603200 0.0256421533310519 0.128760700279857 0.00376137286397707 0.000870190908573251 0.0027111327091996 0.00405144815606735 -0.000642317136130693
603400 0.0255196127968666 0.124497731991462 0.00115350096756954 0.0036318254480298 0.0029994767941621 0.00123527970544489 -0.000422053095175966
603600 0.0256682013588406 0.123006146418897 0.000421014973203319 -0.00167968679727032 0.00202544564697197 0.00475464360169502 -0.00112855161664344
603800 0.0254545591778809 0.119562046375964 -0.000889660239487551 -0.000182610719606614 0.00188296888511979 0.00316666053401092 -0.000458827125467404
604000 0.0256097307320254 0.122171985537543 0.000182989455173294 -0.00124644705977125 0.00202012661714788 0.00232486166206465 -0.000501154678687604
604200 0.0255217344065779 0.125448173483535 -0.000634149986333744 0.00222937356041098 0.000499813908814339 0.00278129901369347 0.000792758437066157
604400 0.025730112788822 0.125765690968429 0.00274099453355186 0.00373815745666684 0.000463530560011651 0.00339450455258911 6.44409495518694e-05
604600 0.0255794831754562 0.121307727397052 -0.000410247837104431 0.00360486420881704 0.000679250332951813 0.0024143608638467 0.00113428043856999
604800 0.0257837540601988 0.12295219946294 0.000711010581396806 0.000600093221806746 0.00111405914981948 0.0019695829770439 0.00203309051333838
605000 0.0254332497780453 0.120992807517831 -0.00362801231152358 0.00246250463723751 0.000746714560630412 0.00250777317141637 0.00347177563202603
605200 0.025505234086841 0.121270016817184 -0.000877566061904203 -0.000697124655047329 0.0020880171667827 0.00357979980475252 0.000600445614536555
605400 0.0254065540934722 0.122301773588367 0.000355576941804791 0.00276758220595481 0.00150332644808816 0.00345489923951433 0.0010195223686239
605600 0.0256738983282653 0.123771529130361 0.00449617965711712 -0.00129096296555751 0.00323789067895757 0.00384075248346402 0.000500724151540502
605800 0.0254679611851466 0.124556903346183 -0.0010289995189246 0.00275336870355087 0.00238954476356759 0.00265852765936922 -0.000875387855225554
606000 0.0257474508855204 0.125323165422058 0.00378714854332899 -5.36468852259465e-05 0.00166007589196768 0.00343273690282657 0.00077337333900203
606200 0.0255923802657744 0.122201755640171 0.00151591251626456 0.00223944155815646 0.00309141709390334 0.00171110899249771 -0.000281342354640578
606400 0.0255259887607077 0.122630176928454 0.00292956746038067 -0.00225636882402929 0.0012434991656681 0.00366992958707195 0.00128605741766974
606600 0.0254506798916289 0.12201410414301 -0.00205148014940174 -0.000380501440100872 0.00302220083033676 0.00384515429420263 0.00108040581784101
606800 0.0255602218059591 0.123004853660645 0.00138192880733548 -0.000460092634864661 0.00195023117065542 0.0041964295671004 -0.000722907622701658
607000 0.025572809531147 0.122991278871216 0.00147430998794774 0.00395913113243331 -0.000428914328067845 0.00399448131946677 0.000600136241417712
607200 0.0256360299404913 0.126699498085634 0.00788272619522802 -0.000245437215624846 0.000569611729086681 0.00353390051205395 -0.000351395849840874
607400 0.0257142425282131 0.127968577734146 0.000263245353562238 0.000237777623882366 0.00290328818079665 0.00445869876733116 0.000346210096954291
607600 0.0255659125573741 0.124725855591176 0.00289209688264496 -0.000823448209337212 0.000538505602723976 0.00447389424521271 -0.00159547233020002
607800 0.0255533615873668 0.125621413793083 0.00160291122170543 0.00201313706677496 -0.000516753532622959 0.00512966787123488 0.000821824179216808
608000 0.0255725322687784 0.12601093093176 0.00220864248907455 -0.00127230837466601 0.000891188568939694 0.00404744123657098 0.00182172961560693
608200 0.0255142167270163 0.123623491827979 -0.000140300356743025 0.00145305234162057 0.000473923039862978 0.0037151212707725 0.00020967415629195
608400 0.0256532590469581 0.122319611923878 -0.00169811130386579 0.00253551062534367 -0.00028697517879768 0.00280646818347256 0.00175375317521205
608600 0.0254934918015454 0.122184314426379 0.000480031847949642 0.00341951699176888 -0.000243048101424897 0.00319605994260932 0.00078430434614281
608800 0.0257863386903215 0.124227938129024 0.000950602722407948 0.00411810460010923 0.0012113149147204 0.00437089061706721 -0.000770160415845836
609000 0.0254102331289941 0.119947090117253 -0.000240065028893374 0.00254492727740857 0.00221559347812048 0.00375657459396915 -0.0021135999893301
609200 0.0258311751625139 0.122250416727469 -0.00155252922368724 -0.000200769155770129 0.000834711651726652 0.00335712189000472 -0.000669946898780558
609400 0.025453555889186 0.122252985454413 0.00131422317542378 0.00209573108897594 0.00298298455569555 0.00356170098704691 0.000278447383782804
609600 0.0257722637543454 0.126740678533205 0.000695072724521262 0.00247759987385307 0.00358496783773085 0.00398279069291105 -0.000835468530158716
609800 0.0255830783860894 0.123129910928984 -7.95501883143086e-05 0.00370151415296234 0.0020343761500262 0.00371709198480103 -0.00128437172850298
610000 0.0257752817302654 0.124310399671836 0.0031770176423451 0.00188369447581108 0.00259308024491424 0.0037411116745227 -0.000211126759428562
610200 0.0254190660127608 0.123488531074285 0.00356264924453479 0.0046340263505847 0.00302183232878106 0.00371489078345131 -0.000390035683089912
610400 0.0258099421521114 0.127405354616029 0.00329010247808018 0.000904979561541834 0.00329584494076745 0.00266714462266186 0.00121126997748668
610600 0.0253754960078834 0.12318833417787 -0.000193863517171322 -0.000966217727703776 0.00257650297587127 0.00368769749699807 0.000574648693357742
610800 0.0256006995773284 0.123636855392801 -0.00224241524491948 -0.00330264547844677 0.0028042444769475 0.00284412286597958 -0.00120544233987352
611000 0.0252639676117033 0.122907131893645 -0.00149584188356865 -0.00161264697856696 0.00108672722077728 0.00362468882068807 0.00185496291679998
611200 0.0256413384559262 0.122763642236178 -0.00206298568565163 -0.00287936258108286 0.00222907089284946 0.00482541859765346 0.0033230629252092
611400 0.0254327464291792 0.123301404151749 0.00110985560007264 0.00402888588974151 0.00268588461516651 0.00288131322080371 -0.000285363573989418
611600 0.0258142056713068 0.127260860964805 -4.86094505023279e-05 0.00369563063239691 0.00121909061831318 0.00216555483220523 -0.000507246937402834
611800 0.0254933385809968 0.123963102946509 0.00298740507107833 0.00424144737872336 0.00169358658564018 0.00163319441617248 0.000188071603556051
612000 0.0257449638892293 0.126357252453722 0.00249168011684626 0.00074705877207121 0.0001065461271337 0.00242809707393265 0.00230470949552277
612200 0.0251955752937733 0.12018824876668 -0.00204347240760525 -0.00208679554822089 -2.20113774232841e-05 0.0036179527196026 0.000646231926830142
612400 0.0256666881555955 0.123441671572687 -0.00184748691144826 0.000267874503991059 0.00108681503060275 0.00393116501090932 0.000287774396000049
612600 0.0254173874182397 0.123884229891999 0.000457614376136849 0.00178687631896542 0.00119204041014583 0.00420743269513014 0.00104353968068086
612800 0.0256326973955649 0.125228633768464 0.00188599718679566 0.00207601995385913 0.00127521529940612 0.00296552895844573 -0.000415829395868589
613000 0.0254588073022991 0.125079391736305 0.00282266870249817 7.83979400744417e-05 0.00135431643788611 0.00372674963214639 0.000841184721499028
613200 0.0257242697367749 0.125057702068174 -0.000532125306784288 0.0026899930304798 0.00193047484365673 0.00292221761825718 0.000324129747560063
613400 0.0253478307750193 0.122278900280107 0.0019380416890449 0.000636854814203205 0.00242414959369683 0.00366787501903556 0.000128459450735544
613600 0.0257687631392061 0.123592442577715 -0.00248146301842699 -7.40166509496016e-05 0.00156016613066877 0.00268811104060915 -0.000473095974134186
613800 0.0251965338924517 0.119482862185044 0.000595928527023532 -0.0026934604148306 0.000646776121580536 0.00342539215040106 -0.000971107597126322
614000 0.0256626713291766 0.124930980528551 -0.00247743985182705 0.00233871402042579 0.00147378703731697 0.00205001712785183 0.00110517601509974
614200 0.0255132818599671 0.123058370366212 0.0022011624024901 0.00165499904589325 0.000807442724535195 0.00298421260578532 0.00108953015430806
614400 0.0255561226574589 0.123226672448658 0.00282383303270976 4.16648736243999e-05 0.000435322203834689 0.00141440931427058 -0.00133420666681214
614600 0.0257002299997233 0.123801421165326 0.00192876649732076 4.75910808365263e-05 0.00243448366867848 0.00277846592822457 0.00037108041131035
614800 0.0255982000550152 0.122087424785981 -0.000668166713790342 0.00199756163333695 0.00176243190622915 0.00426941440737678 0.000851589097211548
615000 0.0256288905580058 0.121856059889772 0.00279403217578335 0.00108753401866579 0.00042317207133717 0.00493338683326047 0.000300117528746561
615200 0.0254242922947109 0.122235687826644 0.000785904803197494 0.00159620517618028 0.00195039029168602 0.00248729362222228 -0.000873688421704791
615400 0.025726792919673 0.124632940386396 0.00121775939788336 -0.000656605358581445 0.0027051552579394 0.00304863603608346 0.00023294408398238
615600 0.0254426564806529 0.122517098632553 0.000367890975072885 0.00225551336183028 0.00394744079481929 0.00218982517554425 -0.00038058860365022
615800 0.0257849740211333 0.122793486784878 0.00118082930530967 -0.00178536912958712 0.00347858549472761 0.00241960394592354 -0.000812607657240317
616000 0.0255230127766357 0.122108324650955 0.000253434395615511 0.00165217528715195 0.00347836667765611 0.00116305053936747 0.0012166926676049
616200 0.0258527540744746 0.122722698313523 0.00212519945171624 0.000112248649889567 0.00272965785388951 0.00259091112575457 9.79853009172371e-05
616400 0.0255460463414448 0.12345910918368 0.00135882940138138 0.00370314158428332 0.00379824022011545 0.00181424259025926 -0.00166030442157676
616600 0.0257256822004528 0.125588853685685 0.00167428388827702 -2.65629429940309e-05 0.00386329795846479 0.00380529591063655 -0.000279695388946375
616800 0.0255886183387371 0.124046405643619 -0.000577339069604773 0.00165267160137813 0.0038362036653184 0.00236612963223728 0.000737562464856203
617000 0.0257436634854612 0.125022157544926 -0.000852483051273276 9.16405814373451e-05 0.00233739781470551 0.0026515334210299 0.000258675535828795
617200 0.0255448632625891 0.121165780470891 0.00142488781789071 0.00134627196388427 0.00110583456306456 0.0032514342942316 -0.000977188154779188
617400 0.0257604312199708 0.123213696794915 0.00163928658868485 -0.00113237405092824 0.00333113391635393 0.00431541174691993 -0.000995783221957359
617600 0.0257276906929129 0.124114649267845 -0.000526939948292147 0.00118679411150974 0.004782026613767 0.00338763001282853 -0.000875981707192561
617800 0.0255999884148236 0.12240705344785 2.70133061610087e-05 0.00230193379248463 0.00273522349388204 0.0045270001573486 0.000621661462199954
618000 0.0258248817293306 0.123117190722974 -0.0011854407480707 0.00449072820323312 0.00137001549620003 0.00310796118573303 0.00039241255027511
618200 0.0256060091999155 0.125575226181249 0.000980524483009192 0.00441983123354925 0.00330912049486602 0.00443100114104781 0.000217539127572783
618400 0.0258538792283669 0.12746349603652 0.000274170333255211 0.00237751141858988 0.0033381359018013 0.00263816161995867 -0.000201183735218526
618600 0.0256337120908737 0.122450648360123 0.000113031274103572 0.00228610470986703 0.00136286888939924 0.00159879175355521 7.58823434791701e-05
618800 0.02559162982163 0.119842016663512 -0.000886380555882244 -0.00322230242502063 0.00280076539866659 0.00465089744516448 -0.000125197928067308
619000 0.0256257841462907 0.120344222344512 -0.000760341254861525 -0.0017811167463473 0.00137583182874967 0.00192978425049692 -0.000173654128369177
619200 0.0256892370691936 0.12187622864766 0.000840092645624333 0.00130438192484682 0.00208116132382447 0.003203931542215 6.44673447201279e-06
619400 0.0257536711763211 0.125749131490221 0.00408952547728903 0.00148290154940811 0.00237548536684783 0.00280399089049765 0.000320155338605221
619600 0.0257555956589286 0.127312228280846 0.00491332824556972 0.00518259433775782 0.00241892442027557 0.00200649952597135 -0.000427806453637133
619800 0.0257540331217184 0.124940321032626 0.00615127172894909 0.00328523158452566 0.00171002636976255 0.00174967277769013 -0.00227231440758191
620000 0.0257303707094955 0.124330094014754 -0.000496290140893218 0.00114114603746172 0.00282631559790279 0.00296391408872623 -0.00171519935697474
620200 0.0255963751375826 0.123186938999337 -0.00166977009458946 -0.00241928418909032 0.00181351931113579 0.00110531147851297 -0.00143757080530215
620400 0.0256108375116924 0.123178227735937 -0.00119903268404376 -0.0031304991181798 0.00210959220824743 0.00233124827571909 -0.000777806485240706
620600 0.0256445895151311 0.123864719063305 -0.00217030295769535 -0.000848572506792145 0.00113512696137036 0.002894143024297 3.90013434563838e-05
620800 0.0257248571050798 0.122674441911229 0.00255372178501973 0.00168007488183961 0.00278923656529397 0.00253549283261297 -0.000466224943911429
621000 0.0257153631720022 0.124193579405169 0.000750049998975846 0.00283517936369864 0.00267349351869248 0.00429161518893625 0.00172083294940326
621200 0.0257361493380359 0.123409029497804 0.00187350349896571 0.000957876494331989 0.00280713687483978 0.00376213119564794 0.00156856700302759
621400 0.0257802360991298 0.122161630205923 0.000784358444427525 0.000111509025174419 0.00138114255594823 0.00360242471778349 0.00160683488377615
621600 0.0255326171267294 0.123966073445738 0.00282047954346023 0.000520683415380365 0.00237937998733413 0.00405889801756021 0.000565605775079538
621800 0.0258581339518305 0.127111271578906 -8.28571552043339e-06 0.0043897742013138 0.000921583043229098 0.00438643399486053 9.73370840817706e-05
622000 0.0255580311290985 0.123613489025981 0.00282270611824684 0.000317787232854276 0.00356919195969639 0.00314365695894697 -5.45761834793204e-05
622200 0.0258547545728727 0.126084609848641 0.00032797837003248 0.00015132231481621 0.00316719537054272 0.00244602386481324 0.000634830379720582
622400 0.0255314649367251 0.122888405528175 0.00384635838903984 -0.000257110815494711 0.00229336704245465 0.00410322382680036 -0.00185891264182577
622600 0.0257436807822482 0.121830312671332 -0.0025524751916018 -0.0023791142382153 0.00245341843416228 0.00233416417559324 -0.000267790153707414
622800 0.025550871467241 0.121162516458387 0.000363670131867605 0.00150681152012302 0.00195003287404837 0.00339991957858979 0.000450424803876768
623000 0.0259023853460094 0.124499110244829 -0.000864136017891052 0.00408004081193842 0.00281055916035692 0.00436151454890885 0.00013422685260426
623200 0.0257054929127056 0.123377629654899 0.00298760668948389 0.00198459281771659 0.00392907047684974 0.00259000305569808 0.000197440362474916
623400 0.0258864313541889 0.125721768965148 0.00227048995630058 0.00444202665562956 0.00354480705814782 0.00518754047715998 -3.58481464638399e-05
623600 0.025754013689424 0.125404723820443 0.00188374471840385 0.00469702691124965 0.00249315152684365 0.00313613682652673 -0.000156245250377014
623800 0.0255471004339027 0.123776797424168 -0.00165169475098237 0.00447474617070891 0.00255568863510641 0.00390979928254113 -0.000139306268828753
624000 0.0256857895630862 0.124211070989304 0.000811521391307879 0.00284766266086936 0.00271597449218338 0.00357973613194559 0.000387255816954702
624200 0.0257306386859606 0.124023235883346 0.00230243018242977 0.000344075294170611 0.00373441243211811 0.00347088513521691 0.00107429006669801
624400 0.025736949951797 0.125507994375931 0.000948052086305359 0.0017127572700816 0.00123282799824513 0.00248203377337589 -0.000993517584995634
624600 0.0256404626585553 0.124590283949621 0.00284961500099481 0.00241449028900164 0.00276873162711275 0.00310913590907918 -0.00227965172052972
624800 0.025670819271366 0.124321932430345 0.00239456159295026 -0.00339394279610472 0.00334504280327783 0.00168428504712052 -0.000542303708742314
625000 0.0255679937758244 0.122744637993278 0.000791011424705402 -0.000946317276056504 0.0020207417288547 0.00184840126635826 0.000776370434393571
625200 0.0256747738641842 0.124481926762852 0.00198086445266599 0.00205484371420241 0.000577439354002731 0.00313821279412843 0.000469559597324294
625400 0.0256182027644452 0.122894932484025 0.00138499771969473 0.00178787828324703 0.00238964866589441 0.00339728904541682 -0.00100712471233591
625600 0.0256207827930663 0.123089383939379 0.000499458240597246 0.00108033854772463 0.0027446264349201 0.00234626842013099 0.00160375792281519
625800 0.0257108699163755 0.123725098766284 0.000645820075421744 0.000609574771295007 0.00225650037173349 0.00306503722798836 0.00214539540892914
626000 0.0256077869179315 0.122074268670301 0.0014895890130317 -0.000628900395582728 0.00300596522293892 0.00524456788569697 0.00145283494889252
626200 0.0257301807823674 0.125106548153598 0.00139948959769097 0.0010267447502813 0.0019301157439128 0.00321428757310068 -9.56826010777872e-05
626400 0.0255470993464678 0.12447705767083 0.00465836925754593 0.00245673384050762 0.0013922571712757 0.00362987022283953 -0.000775692951547324
626600 0.0258868939648034 0.125257709516225 0.00555559114097432 0.00204478388528798 0.00315033247723245 0.00255195460856819 -0.000309127429153911
626800 0.0254558353013606 0.122607378989681 0.00481327818330612 0.00620825539471081 0.00334854180217754 0.0045390781836101 0.000423000934009952
627000 0.0258681802766619 0.12346033365317 -0.000383340021794756 0.000555449825204597 0.0025606288276983 0.00443020809168723 0.000584036975925872
627200 0.0254890092300404 0.119229979296535 -0.000474274016375071 0.00060585544391021 0.00333065256760353 0.00547842965425688 -0.000216190457933636
627400 0.0257475869828425 0.124977592256762 0.000689036698373131 -0.000623461261927492 0.00169706023288608 0.00345083601612613 -1.8169073129202e-06
627600 0.0254828383989693 0.123049093615191 0.00280391534701096 -0.00128913725774032 0.00138313934862425 0.00403143561261348 0.000954344321448449
627800 0.0259029347692423 0.125626388608087 0.00296163649431528 0.00157698368295578 0.00268018695605482 0.00524713500875949 0.000695737710724243
628000 0.0255984161091086 0.124822012956905 0.00241117295263524 0.00150959834325255 0.00123810044786784 0.00474199709400801 0.000737905960342168
628200 0.0258735805141409 0.123726113327075 0.000654855453703753 0.00310123856843104 0.00213882855497112 0.00222738148994008 0.0014101524394367
628400 0.0255724014809439 0.123851312365085 0.000206374662561488 0.00073012789130603 0.00164684559013484 0.00371011191772754 0.00122363929737986
628600 0.0256606537734189 0.122387919616547 0.000965450668015206 -0.000557027786351214 0.00220511960262471 0.00360080026751781 0.0012912435199897
628800 0.0256782714485662 0.122486815238356 0.000782906413020389 0.000488299628489749 0.00195154385229444 0.00296682724868707 0.000276279234911704
629000 0.0256284670529941 0.120786688179355 -0.000367840791645499 0.00198369678906559 0.00187082702763468 0.00236536525836538 -0.00132799546700581
629200 0.0257465664291508 0.123266894800054 -0.000162582141850333 0.00187244109110385 0.00110875028217945 0.00607852382548321 -0.00128074247252408
629400 0.0257018627023392 0.123777841854632 0.000453627918942101 0.00157918774476809 0.0013285193286338 0.00519754324644786 -0.00058324598255414
629600 0.0258467840580876 0.124109696147584 0.00286525106138431 0.000561538469844969 0.00161554188906035 0.00595955303955854 0.000999633838208966
629800 0.025711581351185 0.123383152257482 0.000861080786563842 -0.000229129499232761 0.00252082068440108 0.00427837737795749 -0.00148742377350379
630000 0.0257719614654093 0.12435010042144 0.000413651057955265 -0.00183656904839624 0.00170216904074405 0.00399333499569057 -0.000336688073363208
630200 0.0257579659393858 0.121083216300685 0.00190844204750402 -0.00236820893452978 0.00352989872663337 0.00314527529325404 -0.0010027202896192
630400 0.025895369208952 0.124368703060916 0.000998551520209398 0.00012690794086835 0.00410005506925097 0.00218203132999573 -0.000709276700886923
630600 0.0257540623925996 0.126734720847608 0.00351930453919794 0.00334645016409416 0.0019376054588962 0.0033040001618942 0.000714613142662474
630800 0.026147559081941 0.130383858980662 0.00523905285579531 0.00226123554735456 0.00259037423230531 0.0040707133186965 -0.000638758201835451
631000 0.0256225370002217 0.124929416279755 0.000396877862391006 0.00276509833878272 0.00278584748651087 0.0021773812734815 0.00135888663891824
631200 0.0259463013465553 0.123158012615471 -0.00172059416216357 -0.00112676877831011 0.00378438222855875 0.00179847717088691 -8.21937752756979e-05
631400 0.0255342710425734 0.118721812716496 -0.0012733051958618 -0.000301369024700592 0.00404747605792176 0.00210826191311813 0.000273756105673929
631600 0.0259787757457645 0.124433771287453 -0.00211141247604543 0.00207899970192329 0.00160091064096428 0.0032271262997574 -0.000355656047291869
631800 0.0257401988226263 0.125489377325166 0.00195940223187725 0.0024305994505916 0.00259041772731726 0.00207997650680379 -0.000567939470584669
632000 0.0259337279562076 0.125587462323898 0.000182115055280554 0.00323578672904662 0.00206675693550938 0.00316213306773268 -0.00239253265878188
632200 0.0258218794441933 0.125280523748608 0.00355141439076704 0.000687376056667907 0.00386699384420441 0.00337172259580496 -0.000294735192567557
632400 0.0258534336137128 0.123891453637775 -7.65333915095784e-05 -0.000126173664783653 0.00351974128086128 0.00262246396281372 -0.0011432887886926
632600 0.025750150085458 0.12327184590905 -0.000192923317265185 -0.00195984969923657 0.00357599113472325 0.00237847779377139 0.00045832467917963
632800 0.0258100446247408 0.120427484037142 -0.00588318887038466 -0.00278088709131323 0.00246016835705597 0.00247208924570209 -0.000697923505999619
633000 0.0258469139244672 0.122718167671358 -0.000575963509402251 -0.00115299562618833 0.00328981874396257 0.00209653836943761 -0.00100720544878231
633200 0.0259426281133757 0.123433627037017 0.00283014858847598 0.00448777127183689 0.00365513084517056 0.00322283830165886 0.00133829815959479
633400 0.0259602772523341 0.123320671839055 0.00382287605677471 0.00479343562940746 1.49302622952042e-05 0.00169787896119637 -0.000356754787561084
633600 0.0257776266840254 0.123564993752986 0.00266624851204883 0.00214525245740947 0.00122736318091577 0.00352387523055137 -0.000221336933952852
633800 0.0258858815976136 0.122810628042293 0.00176426244689528 -0.00289705870912704 0.00232451107910968 0.00340107707496444 0.00128560551015377
634000 0.0257941121428233 0.123699745463476 -0.000364851528499891 -0.000183879485766282 0.00314181287212508 0.0026897378134107 0.00022356736635409
634200 0.0260647828296035 0.126788889143191 0.00261528465580495 -0.000402925918163257 0.00322968004123772 0.00315318153389846 -0.000889666735226384
634400 0.0257336173142166 0.125332497475543 0.0035456959654112 0.00266800686908105 0.00226894710988366 0.00343976284389729 -0.00126665619845197
634600 0.0261782972047769 0.127794541066536 0.00039219802565357 -0.000623764063381578 0.00391752398786842 0.00307926599428498 -0.00184673882596698
634800 0.0256380061612336 0.122443766546824 0.000286072398987263 0.00207433840377526 0.00276061630274571 0.00391443657927052 -0.000557329137387642
635000 0.026000461431132 0.125838655453751 -0.00183605648814896 0.0018863086544915 0.0016775452153883 0.00464131336165287 0.000828767079708552
635200 0.0257284542695213 0.124137319736585 0.00501331146899295 0.00325630719349172 0.00251337592933445 0.00537127824307381 0.000219760220647244
635400 0.0260604250013476 0.121811284780126 0.000369124957816901 0.000937072509466034 0.00112339169391049 0.00412283187436586 -0.000507023376721479
635600 0.0256416534409827 0.119762327815112 -5.74421278078691e-05 -0.00115472051700115 0.00181536784760987 0.00420722882024003 -0.00148164116663547
635800 0.0259116409916213 0.121917321566738 -0.00214909953043898 -0.000745655249018077 0.00243120711055759 0.00310038963349659 -0.00127087771746191
636000 0.0257004163168391 0.124498362352132 -0.000428236741502307 0.00074220040192085 0.00316034814135995 0.00296980543938994 -6.70915616007164e-05
636200 0.0259018151309129 0.124544471510673 0.000940672253827827 0.0014884308406372 0.00152009993945591 0.00339811350436417 0.00165689438394574
636400 0.0258219551723741 0.122741459052231 0.00135178808752105 0.000651874220334089 0.00204386576095083 0.00434243650599953 -0.000268482437163884
636600 0.0258346056757194 0.125008636990165 -4.73440855396917e-05 0.00079263035091697 0.00264389600086584 0.0026635528929292 -5.94966750735967e-05
636800 0.0258232137544047 0.127219234742952 0.000785511964014836 -0.0004943731291176 0.00332552866315961 0.00322552622721582 0.000269956852480962
637000 0.0258892580158912 0.124395367896666 0.00116103953892374 0.000138463718941923 0.00257260555433959 0.00329606624171588 0.00019749855906167
637200 0.0257711185640144 0.122920498131841 0.00395977015180963 -0.00339934634636603 0.00293976810689878 0.00495108755213205 -0.000834037874783239
637400 0.0259483855252123 0.126829039460553 0.000570556686137947 0.0012586662527935 0.00225201277791816 0.00462849075604129 0.000847804460322449
637600 0.0258041348078078 0.123924833985257 0.00244302906796287 0.000155680055074268 0.00224344361736322 0.00511077719268861 0.000407880386310362
637800 0.0257821080625691 0.123332242273211 0.000465110702727971 0.00148411593810838 0.00215150801973929 0.00420761028741596 0.00111402128500952
638000 0.0257883164549824 0.12221846834776 0.00103868096610377 0.000963809463690337 0.00376123993268128 0.00377652713325756 0.000623920604191227
638200 0.0258420461890182 0.123509518308507 0.00154500843837396 0.00127387953134337 0.00354827875767477 0.00406740512302738 0.000499826357333015
638400 0.0258831223843354 0.122741955364063 0.00536425353741417 0.0035370141571079 0.00341639419472296 0.00323088271549752 -7.49044687699518e-05
638600 0.0258984577006627 0.124240553343047 0.00089821533463784 -0.000336156072007875 0.00373861347357737 0.00322290908113911 0.000621929081654427
638800 0.025948167809754 0.123956903822104 0.00355438796002818 -0.00211655045702405 0.00227526364237328 0.00168317619973489 0.000570000169857928
639000 0.0257976432291892 0.124398017225639 0.00378818900902083 0.000265828088624517 0.00209700614390314 0.00156191636654891 -0.00026233311191224
639200 0.0258790103813411 0.123341725604909 0.00403702589715656 -0.000708783835948002 0.00192226627131904 0.00282279976392517 0.000389831987098907
639400 0.0257251579591878 0.122689366523726 0.00239872233651166 -0.000251008282432922 0.00179362779513375 0.00219830055443459 -0.000613118977070913
639600 0.0259917812643429 0.124566289149284 -0.00165374486019132 -0.00257642001487945 0.0035483516830854 0.00263126604260687 -0.00214304642174212
639800 0.0257143877032228 0.121927791876309 0.00134766270715254 0.0038252879629734 0.00355915095288876 0.00305576340136636 0.00193465699682502
640000 0.0261344233726403 0.124436687349428 0.00192082622886418 -3.92949815082313e-05 0.00297198146740559 0.00226264991590858 0.00159290567494336
640200 0.0256534693112527 0.121822845364095 0.00150396995870153 0.00286052999078024 0.00351171520957296 0.0028505813030622 0.000880434798312076
640400 0.0260767221309719 0.124645574226447 0.00312512802509834 -0.000383982871452087 0.00169647676884707 0.00389032534266798 -0.000231624941996086
640600 0.0256161841004708 0.119819102950707 0.00116571457567544 0.00127531412591042 0.000213912288455372 0.00340906838713694 0.00100275405501358
640800 0.0261519258227348 0.125893275503848 -0.000275629544756137 -0.000924141275034238 0.000784153437274618 0.00294743390235559 -0.00123124477146803
641000 0.0256947367607611 0.123982341890844 0.00492369211353099 0.00215577831439434 0.000739814498941086 0.00444199852662015 -0.000255871307784486
641200 0.0262487756825645 0.125512200866968 0.000898603391861901 0.00163965226209714 0.00134634488579395 0.00369848208649059 0.000504336216778029
641400 0.0257120934755992 0.122910368429762 0.00284650847791879 0.000969718760021209 0.00405306518409528 0.00350455346298691 -0.00119530562607653
641600 0.0261309820555329 0.124527698986933 -0.00267775789221441 0.000986124952469839 0.00312414095208013 0.00322817306432965 0.00021736082313944
641800 0.0256411687104877 0.119729413564282 0.00155634464651653 0.00095227513389053 0.0014980286992308 0.00372458122943307 0.0024725752128409
642000 0.02610755482052 0.12418240066521 -0.000473130235029708 0.00140694366614761 0.00216643948090172 0.00349563146045509 0.00105185024836795
642200 0.0258520306002671 0.124008291806424 0.0025329197940347 0.00151702091014139 0.00238848071124113 0.00205424486070426 5.48085306691744e-05
642400 0.0261744297898226 0.125160230797755 0.00265744678159906 0.0019433650388802 0.00256637564265802 0.00288399253924653 0.000280004929547549
642600 0.0258263260108601 0.124093501198067 0.00161503127891652 0.0031988841304912 0.00439336500564894 0.00288529601691676 -0.00118076786606458
642800 0.0261656027390132 0.125446968010555 0.000701398024322652 0.00260526246058941 0.00445769219141604 0.00295326139090139 -0.000508787448625146
643000 0.0259296387758826 0.125824845072179 0.00183727909788595 0.00242648956154835 0.00415655316420663 0.00318987464339192 -0.000584575228055618
643200 0.0260383412608037 0.124992932105718 0.0019210449849429 0.0013542257890189 0.00130866452742987 0.00360821923703895 0.000744080244381548
643400 0.0258926679063908 0.12238221793351 0.000710024371059122 -0.00271710513686274 0.00324862709015237 0.00407461422406865 -5.46764144048321e-05
643600 0.0258423684208177 0.122281495083011 -0.00182234612523874 -0.00118506374917605 0.00281771778513322 0.00351896827474789 0.00135991754843403
643800 0.025893086305297 0.125623306395148 -0.000137931801352696 -0.00208614596631444 0.00215528613645256 0.00341132257726505 0.00231174196659001
644000 0.0259361818775324 0.12478874662742 -9.38198725099645e-05 0.00126394457021869 0.00199365407620118 0.00262797602010335 0.00156799166001866
644200 0.0260604718194476 0.123369302856854 0.00103199072368355 0.000652693188263911 0.00129161555266945 0.00318689333096575 0.00097192463115468
644400 0.0258935563036121 0.123175158983453 -0.000150967931919905 0.00458433982441413 0.00113337575112041 0.00239897391246721 0.00130083713431371
644600 0.0259923103924743 0.12484842436335 0.000244919616619421 0.00155039184833563 0.00266853283283694 0.00403015040438612 0.00215458422945124
644800 0.0259604799173937 0.1263952308291 0.00117849462790893 0.000385205589666629 0.00255456295464112 0.00440286906702702 0.00157717942831166
645000 0.0258183110176369 0.12401274759339 0.00102222352689252 -0.0038701527603957 0.000784913566556653 0.0032830472281227 0.000309395050993324
645200 0.0260704472437461 0.124652553647344 0.000615348590673171 0.00147534094712704 0.00160954164866058 0.00298971954857765 -1.49130135485059e-05
645400 0.0259414153635129 0.125456598568166 0.00253065230209696 -0.000700933981409269 0.000765182811573332 0.00348801096774958 0.00100883298220306
645600 0.0261529850091119 0.125709682427896 -0.000901986741540651 0.00324338313330176 0.000894094056406617 0.00504526620463315 0.000533024861088475
645800 0.0259066820668933 0.122549164537764 0.000424023183282286 -0.000394876040642124 0.00271781368444675 0.00389705160304277 0.000949233764334821
646000 0.0259770734183503 0.124663511082791 -0.00221449912159392 0.000248850954200731 0.00362585934589852 0.00364333474271829 0.00201914248933492
646200 0.0259456899796549 0.121076123674286 0.000389440176380222 0.000669765934562404 0.0024818471197517 0.00294386003833192 0.00141216281437247
646400 0.0258954662528583 0.122847606536889 -0.00072682990850836 0.00238512670239597 0.00328001722807241 0.00377500628938952 -0.000541396956950002
646600 0.0259957326688213 0.125013407562918 0.00216467033342372 0.000730317126257194 0.00205018723951919 0.00351119017767188 0.000672379710667722
646800 0.0259948014638502 0.124998424590672 9.48202971857316e-05 0.000203780022911559 -0.000195931144734285 0.00262224609949776 3.62144670802079e-05
647000 0.0260146313350182 0.125332742966034 0.00263364867888113 2.6997779567319e-05 0.00092420724740865 0.00363076462648798 0.000774920523152127
647200 0.0259192333855663 0.124745819904278 0.00376295107658283 -0.00181460543980058 0.00158838309572118 0.00245974893840594 0.00060642050584377
647400 0.0259123562212867 0.121287170051226 -0.000188825680140793 -0.00190644585016716 0.00161930872746243 0.00259505256303608 0.000492683476133173
647600 0.0257973859893717 0.121210061315944 -0.000410810449340851 -0.0017094810262724 0.0026562964307353 0.00380853504391578 0.00136546206115526
647800 0.0260918756605794 0.124599631564811 0.00151794508728308 -0.000993855370937573 0.00366030461605511 0.00483889492000083 0.000527187496270145
648000 0.0259448558123479 0.128618878416416 0.0046409232357348 0.00343630104944565 0.00292578258484787 0.00385219642740482 0.000754659577130006
648200 0.0262003311249542 0.126884809812956 0.00093069688189277 0.00695212994342212 0.00245919271544248 0.00383968995082394 -0.000189325133513335
648400 0.0259309987744321 0.125267658321752 0.00267163540649889 0.00318043197299361 0.00169304842348229 0.00312375538537279 -0.000454159360942313
648600 0.025948958260589 0.123413122174309 -0.000721028714624045 0.00128974226615972 0.00201445944050072 0.00186202287195277 -0.000220424687194589
648800 0.0257980246317497 0.122932452191684 -0.00129542558261642 0.00125489760472504 0.00177292161503891 0.00184099181726303 0.000781551191196003
649000 0.0260141774659915 0.123940975826804 0.00256422527636351 0.00180810856450803 0.000904939065342201 0.00382463172436275 0.00133562693090368
649200 0.0259691421869275 0.124974333136586 0.00408078965784661 0.00246476635067085 0.00135418342838636 0.00319411136971939 0.00107360654002157
649400 0.0259246516953328 0.125885177285711 0.00235603353475032 0.00200786487161935 0.00261227097250139 0.00332847993812438 0.000536442178082513
649600 0.0258762919205394 0.122808386658198 0.000280805862998604 0.000957795275881941 0.00210703696395242 0.00234616029678757 0.00110639003266277
649800 0.0257481059015294 0.121591373426997 0.000651180609645372 -0.00281940408932173 0.00129229940806942 0.00275883968634809 0.0012063706254397
650000 0.025785697873677 0.121044392903019 -0.00298712698702588 -0.00120732471245995 0.00132724323191466 0.00253973444676471 0.00122582113555378
650200 0.0258578705272345 0.123247124917557 -0.000639629142168886 -0.000480176004547127 0.00247356893001079 0.0032925151982257 -0.00127677272013938
650400 0.0257579510246565 0.122834840150781 -0.000772942484228267 0.0026970728529521 0.00402876173982221 0.00275593251249357 0.000267564237447748
650600 0.0260279607823811 0.12469317146459 0.000231752744723713 0.00196945550547404 0.00264941415510986 0.000845152574200302 0.000413173446724979
650800 0.025871325840772 0.124824469097616 0.0011148709218026 0.00316744004019865 0.0060271792482721 0.00211578966965324 0.000687351742644994
651000 0.0261518100545187 0.124962173771202 0.00101477467136229 -0.000927635129798927 0.0031637923897216 0.00262462463790964 0.000348153452567515
651200 0.0255812318237362 0.122434434645434 0.00172662786889705 0.00307004551928475 0.00107254698720696 0.00397932385819003 -0.000330853936923902
651400 0.0262264817813338 0.12491866157006 0.000541646160588984 -0.00523535939334123 0.00250294925164782 0.00413730964534727 -0.000587569094417348
651600 0.0256478929552443 0.120257897514321 -0.000184920644282752 0.000260711628656671 0.00240923819216899 0.00343062239406621 -0.000203045911479083
651800 0.0261069778869942 0.124757707700381 6.47424212871212e-05 -0.00253612874602815 0.00337513866643292 0.00416053538151805 -0.000879414542766591
652000 0.0258921130579478 0.122839285596176 -0.000485045923906781 0.00307267670276109 0.00152526805016372 0.0049288218981077 -0.000668759147495774
652200 0.0262446363300583 0.124667842225729 0.00305794570707368 0.00125023050952008 0.00103980934137689 0.00256507388270785 0.000267619854887151
652400 0.0258670145481121 0.12291360335411 0.00138940568298204 0.0030537722108384 0.0017418166389183 0.00291966893775879 0.000598572802944867
652600 0.0261379370333045 0.123046568706472 0.000719587314778133 -4.77001172457527e-05 0.00259013906486016 0.00276035804606302 0.000367436923259282
652800 0.0258074290142955 0.12248968726604 0.000136136689151528 0.00162193957628024 0.00256073457189503 0.00154342577376866 -0.00120706572574081
653000 0.0262257512134159 0.124012428431643 0.0020918653822523 -0.0020305348217068 0.0012503174097652 0.00191360654609062 0.000678900711042685
653200 0.0258517328667898 0.122217205624409 0.00115798372366624 0.00562983695105366 0.00326236074027085 0.00323832342849267 0.00117840312223608
653400 0.0261383207509473 0.125807413897219 0.00274899456928057 0.00130025870487022 0.0017526891257259 0.00274997608837722 0.00102165696119703
653600 0.0258782801646543 0.123849366231839 -4.05801478863833e-05 0.00194377745273766 0.00272546864476327 0.00309540313475211 0.000635039660115877
653800 0.0261433662367701 0.124818098511133 0.00305718775859633 0.00149692576747963 0.00413068084759483 0.00446727049391429 -0.000111802315429527
654000 0.0257992350219228 0.121863200910826 0.00139391905118678 0.00111296837273889 0.00305305284049312 0.00208150489714839 0.000909511249125624
654200 0.0260883798994508 0.122019080087953 0.000342015141135717 0.000217611959690437 0.00144787570937151 0.00167324205575494 0.00100331785343172
654400 0.0257933160778254 0.122736789100537 0.001535011921967 -0.0003195657899086 0.000512955659357755 0.00287681942716681 9.31863589681713e-06
654600 0.0261078892672047 0.122381399210232 -0.00118889145801778 -0.00100454323579208 0.00334569951284029 0.00350442901764757 1.31721650535679e-05
654800 0.0258878191621289 0.121427537387761 0.000682841946519118 -0.000117195549630676 0.00135308800108236 0.00298549027969641 -0.000373963256151709
655000 0.0261104503676648 0.123282078048104 0.000396170192907909 0.000959711239236991 0.00210096335843693 0.0028538328914415 0.00128584681052826
655200 0.0260453234351793 0.124145989816145 0.000366540832850964 0.000198409667525804 0.00402460778829361 0.00223505859138096 -8.67972593236377e-06
655400 0.0260877506256702 0.124549443420687 0.00232588366011801 0.00115506157712694 0.0020673308685233 0.00313320270474439 -0.000144815048472672
655600 0.0261512929450444 0.125002361635215 0.0027506786349298 0.00290473711566591 0.002763875061349 0.00262557698897645 -0.00185433848996398
655800 0.0262000705470148 0.123768630294055 -0.00220287183147627 0.00278591818137839 0.00194613311452746 0.00186125522380031 0.000142733094737036
656000 0.0258954073040499 0.12262089627394 -0.000964648577462101 -0.00156515080443244 0.00241884313611657 0.00379994858077128 -0.00173866246487497
656200 0.0261690499676811 0.12381276820175 -0.00139996534966474 -0.00136288422700122 0.000752562753476106 0.00260331554890767 -0.000228203241465945
656400 0.0258863568435771 0.122387945490844 0.0029720132683597 0.00159664341904436 0.00171046882132398 0.00331001038992472 -0.000476922889588867
656600 0.0263831307058863 0.123971451741893 -0.00108173696646532 0.0048538421437595 0.00309188826970583 0.0025786314343937 -0.000608098387193511
656800 0.0258782388570719 0.125187147369913 0.00348428635229043 0.00300830463602933 0.00344464643967566 0.00399230618848768 -7.51991886493248e-05
657000 0.0263780303307701 0.128371462197145 0.0010206004516946 0.00226521565660808 0.00155882783090086 0.00314857201135767 0.00136425474713337
657200 0.025976718329323 0.123471602455127 0.00147675485485622 9.46518228238757e-05 0.00409236175346663 0.00453144675781894 0.000624505377245782
657400 0.026122472199866 0.125845919129337 0.000548029406814182 -0.000355430798953226 0.00264406821946588 0.00355763626297635 -0.000654055558370915
657600 0.0259751492983605 0.122796239197336 0.00127145602845649 -0.00183862018327362 0.00266820273851396 0.00336766222167902 -0.000570339726537277
657800 0.0262234250002214 0.124434868364521 -0.00222203266641976 9.88079552861109e-05 0.00335362260717772 0.00252498958704619 -0.00150154826990341
658000 0.0259300635052826 0.12241446210057 0.000206891911221169 0.00184196054591292 0.00120548060484399 0.00319369108616724 -0.000583934180923325
658200 0.0262047504589205 0.125405444506951 0.00266611037967379 0.00205003198295366 0.00345718596795947 0.00289177159657677 -7.93115137236507e-05
658400 0.0261060040907732 0.126072299541496 0.00373240068821371 0.000477936167467712 0.00269256803336214 0.00313281372431984 -0.000362623405604913
658600 0.0261880808855309 0.12670881099395 0.00155460168652751 0.000588284916451459 0.00288352671640431 0.00363613138892538 0.000216403530250435
658800 0.0259852165862436 0.122413694501409 0.00233735083363116 0.000985826544431074 0.00236315130199113 0.00377912018249276 -0.000107394264618466
659000 0.0261287174660224 0.124276580911191 -0.00207287274482624 0.00320526960628913 0.00203293700034339 0.00245684142299906 0.000654325175900492
659200 0.0258172227074431 0.12074337209613 0.000865638998336221 7.7922367664818e-05 0.00452307287371931 0.00253659926248846 0.00187232917462269
659400 0.0260291723477967 0.121672076000319 -0.00184053376176614 0.00108455882280379 0.00298952135580092 0.00360502588446665 0.000460466085446612
659600 0.0259274885837943 0.124369515612084 -0.000593070789419881 -0.00153907290766788 0.00374942283076275 0.00354514324115588 0.00145990529716155
659800 0.0259441781347533 0.125195206766353 0.000940248378978759 0.000686430969819559 0.00130379232566863 0.00174393112918657 0.000987673514194308
660000 0.0260959044392556 0.126772215496191 0.000517287800256429 0.000326874509794596 0.00240239561880333 0.0035943982810071 -0.000357965878710899
660200 0.0260545588506672 0.122406086914912 0.00186495171870003 0.00119636748119588 0.000963391974745102 0.00139442208714809 0.000387588517352729
660400 0.0260273566687514 0.121584433764219 -0.000846729893621793 0.000111632920560014 0.00164054021512237 0.00209922599920782 -0.000103297379889452
660600 0.0258935476945783 0.12111560137499 0.00194173930185035 -0.000418695413924909 0.00313150742231577 0.00145138484751945 0.000618818875101256
660800 0.0261851312227086 0.124019760218965 0.000485825527486359 -0.00267826759047036 0.00308420775415859 0.00241234750333218 0.000834354767778556
661000 0.026073371128806 0.12473226406088 0.00272889097183809 0.00217381746745158 0.00287968518670066 0.00267605670253552 0.000912331169895593
661200 0.0262064712811431 0.126751493761363 0.00487079250090478 0.00410631916438749 0.00101080726314256 0.00261685929353705 0.00114510879665278
661400 0.0260002837082634 0.125169668894031 0.00401456386454534 0.000774796204254368 0.00168755611267209 0.00330447117243944 -0.000262093756217558
661600 0.0260237175395146 0.122816285352485 0.00166581352008492 0.00129257479917737 0.00187596277835395 0.00351347728530885 -0.00138049116878303
661800 0.0259452421437968 0.123954134464593 -0.00154419513643005 -0.000177545839670163 0.00174270857902077 0.00421421599006876 -0.000685898764157185
662000 0.0258793695835077 0.121973333890501 -0.00132953680387811 -9.6363471091816e-05 0.00233326715578201 0.00235658792345487 -0.000174168284259861
662200 0.0260315949118004 0.123546619910186 0.0007408549521022 0.00253652266404544 0.00257955450202627 0.000591918585522911 -0.000241532880214843
662400 0.0261318361395249 0.122761177454128 0.0015993382422682 0.00142172380690778 0.00284590189870206 0.00229023120624004 0.00110820895410604
662600 0.025931795204867 0.122969304670138 -0.000304920088422759 0.00319644245802157 0.00238217466354257 0.0026799959780704 0.000731018707367792
662800 0.0261105595073411 0.123661610164253 0.000865136050170417 -0.00184201982431946 0.00172028649706987 0.00158825020250965 0.000581396386198211
663000 0.0259510626345195 0.124472150691106 0.00234716787186453 0.00459301490463605 0.00170067196160893 0.00278305430503738 0.000134059776473848
663200 0.0265934204904748 0.128458688518169 0.00394403803920255 0.000553570101726714 0.00300498697978269 0.00381252463430212 -0.00115222234797346
663400 0.0259170589917692 0.124085366004927 0.0027732511277453 0.00485613534235615 0.00304199340946175 0.00209953742350275 -0.000378289236981301
663600 0.0263479737910215 0.126166515642006 0.000734133906486726 0.00143556551403835 0.00211992279257611 0.00162134184189282 -0.000413596479750028
663800 0.0259122276892673 0.120545782093025 0.000288512752176083 0.00256226830896582 0.0022432358986078 0.00295351371832647 -0.000785230072032931
664000 0.0263331348549079 0.125069321836942 0.000324307903280024 -0.00158305546749435 0.00113673450511513 0.00495899358193982 -0.000616450460703428
664200 0.0258629854446334 0.122702980080791 0.000205214870630198 0.00236607121208609 0.00204504445438512 0.00432726205809099 -0.000599209608142555
664400 0.0263684051514069 0.122559611583284 -0.00133284553397142 -0.000287944824966813 0.00166526452161293 0.00256063437385071 9.45532557607041e-05
664600 0.0257565097248446 0.120327594624583 0.000355634853077941 0.00153199486525744 0.00305909320000411 0.00444371769819651 0.000647255122496569
664800 0.0264702930766124 0.126577480930039 0.00118725069542377 -0.000535203165570159 0.00260427010356754 0.00363976168738051 -0.000589432968480488
665000 0.0258631994877678 0.125734037396976 0.0019429528196686 0.00289297389529117 0.00252920816408605 0.00202115663683223 0.000393715962608443
665200 0.0262642288086152 0.126220960253615 -0.00179506603121391 -0.000811824383482058 0.00241134470524992 0.0024949644043077 0.000869772342067566
665400 0.02603213599312 0.123206371467087 0.000287772161916125 0.0033643560084211 0.00094366026057021 0.00165848351686092 -0.000328528439143339
665600 0.0262675178088426 0.122666418007434 0.00476463444184862 0.000728638021897992 0.00229729146287169 0.00198865419010012 -0.000955408449615892
665800 0.0261609304452674 0.126140188607242 0.00453913948620804 0.000565746820964195 0.00165297945497156 0.00249225087365488 -0.000304010276711437
666000 0.0262623054308213 0.126423645986566 0.00268452834889824 0.00288259449133973 0.00148289338529935 0.0014007193297664 -0.000342432345177945
666200 0.0260726040774549 0.124483521413995 0.00380050286047777 0.00169426306160497 0.00167093865313793 0.00203520204732485 0.000516400907287443
666400 0.0262311327987622 0.124635968014688 -0.00043966461579063 0.000298957277263788 0.00230259286623565 0.00167250178585743 0.00121081594105889
666600 0.0259104745724008 0.12016368612841 0.000903941080449175 -0.00234048330860247 0.00279950919874214 0.00302775387146607 9.48300987349025e-05
666800 0.0260723465928735 0.121581536343891 -0.00406736484250495 -0.000929741733958157 0.00242623012188386 0.0017820513236167 -0.000150234496286845
667000 0.0260981766925675 0.123599821162914 -0.000506681593050858 0.00227862305861851 0.00228085033750958 0.0027348427119075 0.000201095140914959
667200 0.0261342573272402 0.124491209655385 0.000294294875304802 0.00285370841708683 0.00101493216234072 0.00192717543459531 0.000132009939441252
667400 0.026163050355548 0.125178558610024 0.00355588142593933 0.000212048533924603 0.00195104108724614 0.0039195560689414 0.000446569604770815
667600 0.0262284814846699 0.126780281643921 0.00131294076668739 0.00363653186272093 0.00217531239531881 0.00218541991890771 -0.000117877997564825
667800 0.0260006262845604 0.122179628046692 0.00172055263997571 -0.00195971632097311 0.00358602095398364 0.00228103484037064 0.00227400478159499
668000 0.0262112364678633 0.123299276487808 -0.00298502793540875 -0.000819804984872693 0.00220789481152496 0.00168446783290703 0.0017093410493359
668200 0.0259615979333034 0.120457100958094 -0.00102541454990696 -0.000617444401583583 0.00131480526465378 0.000531428783326072 0.000614698528931088
668400 0.0261872448999252 0.123725423142121 0.000403703452498391 0.00308668333540137 0.00153957537459624 0.00169792443106912 0.00109552852951565
668600 0.0262435766155495 0.125809823331701 0.00488754482356221 0.00302852812916867 0.00354129552270716 0.00397718248170597 0.000561270926579088
668800 0.0262719952913665 0.124454674197577 0.00451345736117176 0.00342186737406281 0.00392748322257168 0.00221634198933171 0.00212240315523221
669000 0.0261574388580195 0.124148986402545 0.00212957738256974 0.000974763291982325 0.0024460179042907 0.00245903033656277 0.00165085525120395
669200 0.0262659552986375 0.125018894082282 -0.00125994063467312 0.000904643475627857 0.0025191357008329 0.00290927968464614 0.00169816242111746
669400 0.0260293683923061 0.124091807164186 0.000371635218804147 0.00239068729170141 0.00108995490196256 0.00218789467747927 -0.000457035679929326
669600 0.0262515318691307 0.125896542650807 0.000997482011123157 0.000205586394222663 0.00119744564984902 0.00233884465735692 0.000450663709265062
669800 0.0260910677808993 0.12469210461816 0.00186832654395203 -0.000584499961873392 0.00374163862862697 0.00324933466259554 -0.000213839689661628
670000 0.0262970362203255 0.123826936267264 -0.0011599308670603 0.000250161925318749 0.0023456205608185 0.00241371762838019 -0.000888710235528724
670200 0.0259692184170012 0.122278647110428 0.00356149819483314 0.00120875720648432 0.00367089718700643 0.00278429248736397 -0.000257842753602762
670400 0.0263007959701002 0.12259641909039 0.00134206239609156 0.00110326159263262 0.00248000156550935 0.00157896278284487 0.000165509588595762
670600 0.0259499067711695 0.121924278949548 0.00244055897548167 0.000330450802183482 0.00250875785652587 0.000686260184042905 0.00114679869395318
670800 0.026177067173027 0.123784731530848 -0.00191202847097246 -0.000602273145704246 0.00292502316179466 0.00106071077646923 0.000796324167342648
671000 0.0259526774483332 0.122104811177985 -0.00128535026487923 0.00274328698210735 0.00238215134751991 0.00206280389968629 0.00152220970444917
671200 0.0262410116450835 0.124139601098754 -0.0016653069131727 0.00130963430605341 0.00139891746232232 0.00331727818681744 0.00132464813087802
671400 0.0259851810172327 0.122721009421174 0.000985483046194761 0.000511804473031382 0.00321878541256691 0.00237439989377749 0.000644705188150551
671600 0.0263819618302313 0.124892436439391 -0.000586318056004572 0.00050369236588503 0.00252521572307768 0.0023996262994508 0.000693009100227807
671800 0.0261161893103502 0.125446998582761 0.00591323311252562 0.00406203430776848 0.00282384147094522 0.00330431657160539 0.00101032677274326
672000 0.0264622424693512 0.128417675306883 0.00207414759506168 0.0045194425513136 0.0026751588836293 0.0035000772816653 -0.000166615807142496
672200 0.0259930869515168 0.124180770181803 0.00240449263472813 0.00144022455015929 0.00315143855099603 0.0030581006329366 0.000817579764752412
672400 0.0262597359343265 0.123482397206802 -0.0011495578991833 1.41619541600169e-05 0.00281546440199327 0.0012937085427146 -0.000537906456456847
672600 0.0261051054854131 0.12299023178583 -0.00190752069036215 0.000333176266308033 0.00342443437545123 0.00298627060489542 0.00182143921404054
672800 0.0262191909818948 0.124059891006097 0.00137426976902553 -0.00163854712817248 0.00154074752497875 0.00090250982376505 0.000846408001283972
673000 0.0260718852430879 0.121293101026744 0.00348407142395953 0.0028330055179509 0.0022775987674658 0.00274488437210886 0.000228619628117393
673200 0.0263503461734478 0.12466092961286 0.0036048002802921 0.000849038743744778 0.00259417216351741 0.000202118767683039 0.000592686842206567
673400 0.0260930843274365 0.123617841904679 0.00383075316439496 0.00453213613315852 0.00326808151602503 0.00155043069219896 0.00122729932600672
673600 0.0263036363388478 0.125502171317626 0.000648958756538887 0.00102908654487767 0.00285155274715754 0.00274497907406939 0.000192258374344326
673800 0.0260063547972705 0.12311151740769 0.00167344026037623 -0.000713727317481407 0.00268795947371176 0.00175247262782134 0.000270589819001076
674000 0.0263092284474069 0.124679640512383 0.000754477094469614 -0.00111131039940617 0.000730220382107791 0.00207973098605213 -0.000894133470358696
674200 0.0260680917259718 0.123201539285526 0.000982785017571608 0.000816546860416474 0.00250591965785909 0.00112251820590175 0.000309874911604877
674400 0.0262644084644929 0.124987669223508 0.00206258258337083 0.00119681202726711 0.00202611177102179 0.00230054566019084 0.000558049305610023
674600 0.0261140670804673 0.123442368507758 0.00212787658447778 -0.000818635446083904 0.00164338715153621 0.00373719959436106 0.00120553946623053
674800 0.0261975533842779 0.121799979186745 -0.00245215541466647 0.0031940258929199 0.00169127329232839 0.00214013661567523 0.00123599354972652
675000 0.0261817630657181 0.122058566848378 0.000689338482089862 0.00167088688654292 0.00277128087349252 0.00224731431068081 0.00259534692437619
675200 0.0262431377946134 0.122008853457256 -0.00116780433152549 0.00398438774630161 0.00303745474571898 0.00106894898000417 0.00154206226938787
675400 0.0261113067388199 0.124610236479867 0.00375612401655466 0.000778174485389983 0.00121224852368766 0.000761396096966546 0.00142605890437529
675600 0.0262497701806157 0.124736432633889 -0.00168562986372394 0.00413277521494069 0.00216007744736436 0.00199900902478178 0.00211993208886261
675800 0.0261610056474504 0.124715619770549 -0.000324834935886203 -0.00218568632727239 0.00175366825238009 0.000567081242694889 0.000678401834388323
676000 0.0261857239746182 0.124447385866342 -0.00035236432278953 0.0023772478249644 0.00437976953700652 0.00148620337876191 -0.000851073485624843
676200 0.0262319055434726 0.124200225886483 0.00209217626887991 -0.000213665935816558 0.00337691501839255 0.00152799431719054 0.000440595034520117
676400 0.0260949553344735 0.123719727383302 -0.00162387284896584 -0.000436339534887276 0.00223545407936957 0.00151161188743083 -0.000248371030888009
676600 0.0262769691573307 0.122390187716195 -0.000230318337899166 -0.00155642050810548 0.00342534805724376 0.00122714909161383 -0.000575596377281292
676800 0.0262064384076687 0.121787404597655 0.000235842930314537 0.00378515542243606 0.0030414940998594 0.00284750746250848 -0.00109045372715723
677000 0.0263886486006714 0.123280315658412 0.00351767475480984 0.00287493035816578 0.00249261167511759 0.0036725911646739 -0.000107287721659407
677200 0.026033455771368 0.1217046717044 0.00323452355359648 0.00454956395984437 0.000839525162398251 0.00273388022332155 0.00104323152822384
677400 0.026150227004403 0.12211054634664 0.00215800925979638 -0.000648798640236659 0.00272626056267512 0.00198005068748243 0.00175785688410657
677600 0.0261201765664312 0.12124810291972 -0.00120492164419785 0.0025705451597042 0.0035141528198052 0.00192183554334298 0.0013066462749201
677800 0.0261737931573424 0.123617499533473 0.00183629784262329 -0.000158391196735374 0.00249536137672882 0.00274251742132816 0.000307013023964467
678000 0.0261608092418786 0.123471616040601 -0.000700995499141085 0.000596959309535402 0.00173309023030232 0.00218242630280133 0.000667331633632116
678200 0.0263024144656339 0.124997030506105 0.000777416456908934 -6.7535812823031e-05 0.00275001840601261 0.00310803781533084 -0.000376236737424287
678400 0.0262939458448697 0.125495428802357 0.00017739973182771 0.00270047676494799 0.00158362136764157 0.00276812702304827 -0.00265000779946967
678600 0.0262978920238381 0.12634113049492 0.0051515772493267 0.00101525544080228 0.00247319420943645 0.0024463605405241 -0.000959642380362616
678800 0.0262266473685184 0.125038181081736 -0.00124196930395671 0.00282341660841344 0.00108625026069144 0.00242845377344429 0.000610084747331815
679000 0.0261383348010374 0.123030888200056 0.000328394591902344 0.000751596999841604 0.00220151807769514 0.00318442388489222 0.000507107426916498
679200 0.0262441361950373 0.122134845333484 -0.00222897120172492 -0.000562007350013842 0.00416676479607372 0.00224764919125739 0.000658490989213879
679400 0.0260354332725989 0.123049923384992 0.00245959225000905 -0.00459746576642433 0.00419406958724522 0.00189340333561984 0.00115708016545475
679600 0.0262663225071511 0.122973519006503 0.00200041357870241 0.00242105990198162 0.00285100868405052 0.00191574841741461 0.00160978301407301
679800 0.0262330439728088 0.12662224309537 0.00268887817644325 0.00231601365819561 0.00304804092689259 0.00347648754715757 0.000850061824444196
680000 0.0262736755431451 0.123863038352832 -0.000431944947228199 0.00504195175477089 0.0023981078671886 0.00271505679388744 0.000755404961845155
680200 0.0261702889954651 0.123848004907297 0.00266637470851364 -0.000667229521283364 0.00231671130057436 0.00219096722651454 0.000811796586739811
680400 0.0261747864577108 0.120703660187441 -0.00138678665119493 0.00208269153098214 0.000754944831849111 0.0026773386088979 0.00241973914055812
680600 0.026180537744755 0.12343489148977 -0.000662870149247224 -0.00162497700711872 0.00218255658831437 0.00132690169462855 0.000430450193003047
680800 0.026255675187257 0.124420336969337 -0.000965504329346459 0.00264230546461288 0.00370217177409522 0.00259796379659572 0.00116522897559101
681000 0.0262725622563446 0.124648614833715 0.00585093117608625 0.00327535695060155 0.00298048613080749 0.0025998776401577 4.77985154533746e-05
681200 0.0263023612347415 0.128810427373639 0.00328404166721044 0.0054976898293751 0.00243554343463231 0.00058383238151168 -0.000524222461319966
681400 0.0261181683767494 0.124842886674988 0.00110610452539443 -0.000501314675753227 0.00190984325877752 0.00301142376581791 -0.000302102237023866
681600 0.0261722574939826 0.122503636239701 -0.000152077030049355 0.000471497531655163 0.00203926592171956 0.0029204660278949 0.000872875085725833
681800 0.0260701239451791 0.121531794745457 -0.00220903587914396 0.0013073237582085 0.00049112070981873 0.00206297346174963 0.00102808379773473
682000 0.0261023605897796 0.123527308581331 -0.00104899851689508 0.00242041213704858 0.000783971369443355 0.00293261828783469 0.00192407437651481
682200 0.0261793162141465 0.123408110841752 0.00281056253697359 -0.00228516565639597 0.000687635582769889 0.00179950895070833 0.00123121382435801
682400 0.0261376751526168 0.125911419811252 0.00182688276177456 0.00328430155650268 0.0010545536356318 0.0031978698721033 0.00133571515337235
682600 0.0263185302764213 0.12472064640464 0.00344319722436745 0.000806101509228778 0.00238434770974561 0.00266443416465952 0.00190214785103865
682800 0.0263006215777371 0.12418245873095 0.00229527371026548 0.00424743463137004 0.00304691672166598 0.00281108148607597 0.00188108860876476
683000 0.0262289241071115 0.124084745038458 0.00639980929755737 0.0011977092871721 0.00224194515187761 0.00298319811364155 0.000137851785735807
683200 0.0263134087536357 0.126667096049278 0.00129459002198197 0.0044860864745565 0.00494062866457922 0.0029410591325423 0.00170905968945628
683400 0.0261639921828286 0.123693703182121 0.00177637534099131 -0.00028528755421683 0.00326047626668738 0.00286451322279769 0.00133176139034722
683600 0.0261293502787419 0.122701378910161 -0.00485170769189806 -0.00161664477374209 0.00302371856774201 0.00336332306379611 0.00159369371502349
683800 0.0262200844828812 0.123578221465692 2.56539453484968e-05 -0.000558030844545028 0.00160478300339591 0.00162839918055831 0.00121010940570683
684000 0.0262004851903276 0.124730122584068 0.000151658732547348 0.00232104867608907 0.00255312139153695 0.00162210986704245 0.00156861033863518
684200 0.0261989269524139 0.123481192966974 0.00180243930135408 -0.00157810212370114 0.0019589265195379 0.00224057234020069 -0.000590978336090718
684400 0.0262407982381811 0.125766931504441 -0.0017830202732987 0.00291520503255031 0.00272226798209888 0.00267484085004518 -0.00172443802329472
684600 0.026060271982514 0.122171510259282 0.00140047860393315 -0.00218527106343488 0.00292134698995399 0.00297447770565227 -0.000313068162752429
684800 0.026428494304261 0.12241179368563 -0.00282810542791962 0.000418546884373139 0.0028639312802812 0.00260768900453968 -8.46346113348306e-05
685000 0.0261685165175277 0.122385979409519 0.0015664415931981 0.00133927591598327 0.00157825847340789 0.00211853403992765 -0.000160960609372013
685200 0.0264837389963584 0.125246322835853 0.00220026619125587 0.00238243029691187 0.0039269148371899 0.00111290794925443 0.00134097532894071
685400 0.0263108568899255 0.123864745064572 0.00552912635053855 0.00311873210260671 0.00233994069495754 0.00261263859821682 0.000168787657138023
685600 0.02645399473022 0.123779845337052 0.000636950086657731 0.00568635691933719 0.00126998074873425 0.00139851703841536 -0.000620550503155471
685800 0.0260415576703621 0.118758693892383 0.00351319922611151 -0.00185718602779113 0.00230919134199336 0.00270507973485485 0.000458511305494764
686000 0.0264098348746268 0.123548647243499 -0.0014912116986748 -0.000985535835540773 0.00383561325999529 0.00245285470728515 0.000378250579160538
686200 0.0262111098412232 0.120808762467697 0.00336173959821999 0.000135870025874689 0.0031116575522239 0.00161673277237203 -0.00100441705907479
686400 0.026342265099661 0.120001065028743 0.000690124891746597 0.00266516840165557 0.0011449465436051 0.00201207396062637 -0.00012144016268885
686600 0.026208655696878 0.123411779127354 0.00248347273700469 0.000467101232370075 0.00247370463931847 0.00221522875390451 0.000907865190420215
686800 0.0264948439898885 0.12685646078072 0.00112940729756095 0.000790400298781345 0.00127307034538229 0.00421641768929698 0.000851896467361593
687000 0.0262425458712337 0.123922137079123 0.00872889893814315 0.00274358750297845 0.00145692704162533 0.00256239968378523 -0.00102116355590674
687200 0.0265421348854419 0.126291951077445 0.000638453315771135 -0.000820324903693306 0.000809046986262537 0.00327065014454064 0.00018507908935752
687400 0.0260736732115558 0.120089931888343 0.00102659614544022 -0.000268581129510456 0.00101602065840121 0.000528341420103025 -0.00126119693777441
687600 0.0263471670797643 0.120953670620073 0.000280453680796731 -0.000888446677489566 0.00188185068009031 0.00100243657002305 -0.00185642487802598
687800 0.0262351854680302 0.122798386529738 0.00187326146979618 0.00050892371438803 0.00237075667706372 0.00221523256977251 -0.000858210986491599
688000 0.0262616539777543 0.125394968105171 0.000173870887292912 0.00300982688462188 0.00179060920725903 0.000631504187695871 -0.000913571849341538
688200 0.0262958161067594 0.122383856447713 0.000470160782486303 0.00144346796687467 0.00127162876663737 0.00267357172530788 0.000909117534997571
688400 0.0261766792307467 0.12198476201029 0.00103473047765316 -0.000814653170584571 0.0012828313719038 0.00249070769178198 0.000460504752583914
688600 0.0263885746814841 0.122667871190127 0.00139635803187234 -0.000580633007837537 0.00210453034472987 0.002275404683707 0.000592417572212482
688800 0.0263823939706727 0.124060986149597 0.00310765728073492 0.00367347944888902 0.00240227646279979 0.00281708931053002 -0.000121034877614522
689000 0.026452927404674 0.126116983291063 0.0039642925075509 0.00293117690846913 0.00193900530410054 0.0013562402906772 0.000479586682975509
689200 0.0263253603559626 0.124240782473032 0.00222992319960845 0.000553082688932446 0.00155999245566112 0.00148745953639497 0.000120202674904241
689400 0.0262803349411452 0.123392680243559 -0.00017329681529123 0.00362103149775674 0.00257387830497505 0.00428507946145083 0.000384103595148274
689600 0.0262666017927227 0.122532348846877 0.000595530614488596 0.000121750142138809 0.0036632318685154 0.00254191809230415 0.00133083648823393
689800 0.0262862700738215 0.12103369539191 -0.00119155772184781 0.00233897752322444 0.00320108846576481 0.00388291044013283 0.000438325496601416
690000 0.0263468540784666 0.124928751273874 0.000611739930571817 0.00421316329101952 0.00369667726100328 0.00355586790499515 0.000409521781723579
690200 0.0265304300598272 0.126153537598187 0.00129503090954599 0.00386599971924981 0.00303883457839977 0.00131416045716933 0.00324351179165354
690400 0.026337403293818 0.123526638020582 0.0033181796893735 0.000882255592066304 0.00281602722132859 0.00220869017033631 0.000238976641103504
690600 0.0263854636428812 0.122919035000771 8.89196414879712e-05 -0.00134868333714752 0.00191246502331851 0.00157483877366658 -0.000383759688170924
690800 0.0261919567218984 0.121537167892772 -0.00140814250581835 0.000520617459328694 0.00232074859808736 0.00295436802363159 0.000484563767044515
691000 0.0263414632513528 0.122804601157117 -0.000311850641613975 0.00138621019535171 0.00296757463951888 0.00305352434911304 -0.00174479969174649
691200 0.0262886447269546 0.122865203556569 0.000903593243239731 0.000616793909344055 0.00247892222804536 0.00126803855244702 -0.00078741227853386
691400 0.0264298728021137 0.126978751013216 0.00248776538760709 0.0025684734836676 0.00262782702527077 0.00120912673746983 0.000455110950233932
691600 0.0263151579272052 0.126636339785087 0.00504061250772713 0.00111890993486602 0.00205901213106821 0.00264835964117295 0.000418874437523663
691800 0.0265178478677989 0.127610136685447 0.0024875127534548 0.000779970794499179 0.00292378369923634 0.00314847495969074 4.43061485674837e-05
692000 0.0261603565694946 0.122967775100932 0.000982532068543562 -0.00139678273018014 0.00537880376273509 0.00380107358350284 0.000626668141049506
692200 0.0263929441022147 0.124251475750271 -0.000884300765679853 -0.000250446459532544 0.00316434083313942 0.00235523541805346 -0.00161341553636461
692400 0.0262880372052107 0.123275367955812 0.000268056345057705 0.000611699417371882 0.00277301444390104 -0.000496629499346529 0.000196685567384732
692600 0.0262876531530827 0.1213708477838 0.00186825004905901 -0.00130075738062127 0.00219189420475973 6.39941479236929e-05 0.00173436428532457
692800 0.0263811859173216 0.117157605488621 0.000221996159685237 0.000214263263483985 0.00235423832218764 0.00338532817575784 0.00113499966746681
693000 0.0263908329401892 0.122395657600445 0.00445408716411655 0.000346633663606859 0.00187411628525587 0.00381467922531617 0.000182749249767863
693200 0.0267208726354699 0.127844621049661 0.00331741512750015 0.00486531746027375 0.00333547304983849 0.00244010054196786 0.000694072511157127
693400 0.0264290766204809 0.127737130837205 0.00572547902993393 0.0020348722797011 0.00316400894932169 0.00337167816136598 0.000249444319657758
693600 0.0264939174362251 0.12645490322621 0.00199393420169342 0.00151559463950994 0.00302656130532525 0.00164666088976126 0.00249024181664825
693800 0.0263720561658413 0.124844740820345 0.00124358754549067 -0.000261700228649171 0.00197194700538602 0.00222602371617681 0.000718692741850038
694000 0.0263282527989926 0.121235133460984 -0.00191299891628051 -0.00167194077535786 0.000746828980463763 0.00122871428457338 0.000979020754608752
694200 0.0262041474271538 0.121490752212633 -0.000733905224016953 -0.000438308266466039 0.00162954751326723 0.00280620414204386 0.000580757842139971
694400 0.0264282373148728 0.123934959346148 -0.00106400974933127 0.00293868521125652 0.0032806037711008 0.00384066705091605 -0.000915678832412404
694600 0.0262779032484202 0.127373673915109 0.00288837554300721 0.00186526925245412 0.00135995649412017 0.00155090120195584 -0.000854408097722037
694800 0.0265348018073915 0.126518662213056 0.00333642621717591 0.00238258541517902 0.00162312582876679 0.00103334175373904 0.000844861762661284
695000 0.0262402994476859 0.125000037968503 0.0018922043297667 0.00126663734367149 0.00292352776723677 0.00123056169416279 -0.000208654314580268
695200 0.0262808993016431 0.124143903975471 -0.00244685445285077 -0.0012040627953588 0.00312415984439247 0.00326145133330044 0.0014508719299815
695400 0.0262489592902327 0.12061733216273 -0.00123944717739762 -0.00333124387640253 0.00293887369008213 0.0029514756541243 0.000425509396408716
695600 0.0263177863693644 0.121613538708384 0.000149434484624351 0.0012975374936034 0.00254824798182763 0.00287508984901342 0.00014091677630392
695800 0.0263091146290175 0.123264852388302 0.00190321515766267 0.00271219116488966 0.00270141545437552 0.00201616499450324 -0.00060425676301992
696000 0.0263549501854291 0.125297407181372 0.00151765373874589 0.00547414003891418 0.00223778303443173 0.00127778215429167 -0.000237763149152151
696200 0.0264342870578955 0.125639144462225 0.00124372565226613 0.00121368883666678 0.00136151574091059 0.0022256650899103 0.000776827513827363
696400 0.0264449423659864 0.12612324582416 0.00200011516905243 0.000678327113913273 0.00213903634127274 0.00281912194957774 0.000704273227920724
696600 0.0263397521669926 0.123015426917232 -0.00132972980788246 0.000981077248673175 0.0013023836265439 0.00225519379049821 0.00046861654480345
696800 0.0263732576966214 0.122471213302717 -0.00102149572271142 -0.0030746350850569 0.00161426842610192 0.00134993198427901 0.000737578029124951
697000 0.0262645317337314 0.123402320456294 -0.000555394564963238 -0.00359264061669032 0.0024690335431958 0.00127854224682711 0.000449895174424283
697200 0.0263894799758766 0.124997586408059 -0.000467124889137762 -0.0014748652233211 0.0010752948177403 0.00301559712054877 0.000215380321160309
697400 0.0265117129675735 0.125687015638938 0.00335380174491086 0.00232796226935325 0.00205968035904533 0.000361189299748415 0.000585416876227883
697600 0.026292386437114 0.125210158759296 0.00301398165071204 0.00208393503679802 0.00232503966750343 0.00148153239169111 0.000308442842133386
697800 0.0264597096689802 0.125934903509922 -0.000782103278444679 0.00256781303849279 0.00236105909000394 0.00192692336792604 0.000984527237627653
698000 0.0262230445136611 0.123860271311776 -0.00388859356747128 0.00265275209449598 0.00467897904021333 0.00120102335683996 0.00114490619444182
698200 0.0262786336261616 0.122188222620278 -0.000621922327778605 0.000831721722108341 0.00277519857654412 0.00229263046143483 0.00134398688501193
698400 0.0263087348911585 0.123247230214683 0.00130155190843241 0.00263891100750473 0.00182822665164339 0.0027984530900842 -0.000386477449391828
698600 0.0264584407655511 0.124425501217289 0.0023395566258467 0.00104024840664738 0.00299362829443215 -0.000424272111459756 0.000809423159122079
698800 0.0261886460813256 0.12357509286409 0.00346292014283068 0.00373279244275408 0.00241153024788188 -9.62168172793519e-06 -0.00100372298049122
699000 0.0266365739408327 0.124570505476776 0.00341231486453739 -0.000859643773380917 0.00386673172679468 0.00156505579545751 0.000150287299469324
699200 0.0261540521118201 0.121422880527184 0.00189226132704348 0.00126651050005965 0.00270177901511064 0.0021122186192945 0.00157979065671393
699400 0.0265034195205994 0.126081098669119 0.00152559509268501 -0.0018971654496929 0.00430323037880989 0.00214332096433665 0.00185393903832022
699600 0.0261955998462798 0.120793091755269 -0.00167661851389772 0.00330552738768866 0.00289989001784232 0.00168904904909026 0.00272762667021899
699800 0.0263940064815266 0.122418805000012 -0.000815748789565844 0.00124904662673235 0.00159393187417506 0.00161203863456211 0.000836624417753876
700000 0.0262661299065672 0.121422325278771 -0.00226368680023124 0.00270557132101932 0.0038438189742933 0.00020591673559206 0.00170731096986673
700200 0.0264288064594731 0.124129727573982 0.00310823942406557 0.00142205001987966 0.00344619187812918 0.0027560444293474 0.00052065950919239
700400 0.0262570334591787 0.123484398955407 -0.00123368790335323 0.00426029708185193 0.00218848317818014 0.00313141834733077 0.00147278844246965
700600 0.0263809207959897 0.123802994961697 0.00229366193446646 -0.000217850908043303 0.00153680653096871 0.00293371302446805 0.000851887136712634
700800 0.0262038349153446 0.122053590756592 -4.07498236847421e-05 -0.00024288987764492 0.00277241219811357 0.00131873737136899 0.0020193224695796
701000 0.0263938888530717 0.12168178458837 0.00232733716555735 -0.000460797350563993 0.00282403356736979 0.00125918259808386 0.00164562973418621
701200 0.0263432866379009 0.122793046558092 0.000797209255065859 0.000833828450695636 0.00323500562746373 0.00200821572180126 0.000850365032289613
701400 0.0262905293206946 0.124599127390076 0.00203193386762825 -0.000101795562492333 0.00554195797201703 0.00259533180116191 0.000178862486337044
701600 0.0263001844139736 0.12328393471104 0.00264897615425481 0.00100820395370243 0.00285518723553035 0.00249939780032927 0.00113873950597008
701800 0.0264114682539902 0.125252219165788 0.00542945885389512 6.57148596808453e-05 0.00297068473162957 0.00251791597226758 -0.00172700653189172
702000 0.026202142962383 0.1208908272115 -0.000428334132556363 0.00396078787453978 0.00149082346816817 0.00209098245679287 -0.00126307659676425
702200 0.0263670753877507 0.120701279597989 0.00189910622577079 -0.000565139964553105 0.000215116636527266 0.00103747728700824 0.000472459967419503
702400 0.0260822675753488 0.121031814544295 0.000514945920480915 -0.00123422143792112 0.00261465300667747 0.00211377883486544 0.000537709242260017
702600 0.0264236765372895 0.125485683662859 0.00148980222665707 -0.00177680926450411 0.0041984289604493 0.00123018472961461 0.00108283954465336
702800 0.026200880357257 0.12343096518118 0.00248671580294603 0.00436311476880009 0.00331635095186235 0.00130602891168533 0.00194670000818738
703000 0.0265115462768061 0.12455415250294 0.0017843062934109 0.000774283904335275 0.00142841560679718 0.00123356468585369 0.00145842713839322
703200 0.0261521940752682 0.123004839827006 0.000474859370110842 0.00439563434630378 0.00172674032066259 0.00217931647786291 -0.000107743523811886
703400 0.0264251751202891 0.124645464555623 0.000305333949308265 -0.00061268645634136 0.00303013525505689 0.00298012947188461 0.00100516733822797
703600 0.0261440597031738 0.121275486891993 0.000363444898896631 -0.000411739749667703 0.00331405715300196 0.00191550982003719 -0.000490282999906799
703800 0.026562766995638 0.12419086456333 0.00076997343874074 0.00171418113010616 0.00198935415910833 0.00167455276208515 0.000523019718115587
704000 0.0260884736738532 0.123807665583423 0.000122100319002508 0.00328100822716747 0.00188283777187488 0.00326508211311265 -0.000339149946012181
704200 0.0267654428197687 0.124609889469752 -0.000987611825084818 0.000432513186600185 0.00199801315164594 0.00166045365556148 -0.000294429022796403
704400 0.0259989278784348 0.120538855021749 0.00191724201131772 0.002905060986828 0.00179897610664951 0.0030430740198997 -0.000499674642246233
704600 0.0266512264431804 0.12642851530782 -0.000932376415606873 -0.00127671486404378 0.0015676681445685 0.0032632679549444 -0.00106945136421435
704800 0.0260633388416729 0.122677575411771 0.000873034254484898 0.000216878868118111 0.00150075871373229 0.000505836715014711 0.000405683794531789
705000 0.0265349243686403 0.124606728268696 -0.00120574560587336 -0.00115249323512195 0.00186638688882628 0.00179316438575157 0.00171467001995344
705200 0.0261923232290371 0.12159984587487 0.0021757002563346 0.00235522443968086 0.00297701765752171 0.000739541317295229 -0.00012851637764177
705400 0.026649335782865 0.124553189510059 0.000892350095670989 0.00221140495864458 0.00216808163704958 0.0033015071865288 0.000659434371414507
705600 0.0260693045865747 0.119500752840316 0.0011825078643985 0.00310291943558042 0.002465495621327 0.00260979909654175 0.00290562963982012
705800 0.026892082927941 0.127490657551482 -0.00195037485171423 -0.00117374746475694 0.00179027456181826 0.0015559337558852 -0.000213930045543005
706000 0.0259596443299757 0.12040069254073 0.00281393137955908 0.00346657026333504 0.00156976364720048 0.00220593480555697 0.00127265871044045
706200 0.0267096472777769 0.124931750505285 -0.000963867690002097 0.000329011787879497 0.00129297037306184 0.00460587173315517 -0.000336680198386527
706400 0.0262018014068488 0.121718866180537 0.00138052152524504 0.00126454711013662 0.00381038990804229 0.00375989112318373 0.00204210806331937
706600 0.0265173965321825 0.125766255799996 0.000785994724476296 0.00181613413587285 0.00246888445336063 0.00281632351311717 0.00270702123499685
706800 0.0264011969811652 0.12407973191677 0.00293639474973269 0.00263864422209222 0.00278736646322818 0.00125671883578233 0.00106165644789132
707000 0.0265431442781493 0.125338218346922 0.00305608838982179 0.00376251857542833 0.00270262735403508 0.00123649245886345 0.0025899375087387
707200 0.0264446026969688 0.124798882715635 0.00268829147887055 0.00284063444579321 0.00254937422167773 0.00199560513774135 0.00137503409389196
707400 0.0265727524463108 0.123153075128619 -0.000765597204592967 0.00250067229800563 0.00346202565360019 0.00114641582582002 0.00022054417529837
707600 0.0262817391769467 0.120727855431969 0.000250636373400165 -0.00161870162969001 0.00216389644515969 0.00162429407027671 -0.000752779842953341
707800 0.0264422163921077 0.123862654093239 -0.000626400715011628 0.00125550040246187 0.00218577855593669 0.0024478928610387 0.0004710251119612
708000 0.0264618891321635 0.12618101966036 0.00435451094801339 -0.000149986351753536 0.0027517194969058 0.00183545201377715 0.000735313826802868
708200 0.0266211915686546 0.126890503406074 0.00301077694787372 0.00473099391266866 0.00274291189127176 0.00225711503902281 0.000774368489659327
708400 0.026535018511362 0.126362863462878 0.00736125683252521 0.00140459285576369 0.00229039702041165 -2.61272534541258e-05 0.00130674773943975
708600 0.026499608647 0.125271237157746 0.00321738743209693 0.00480066334439837 0.00273549750893289 0.00246780937482043 0.001757494983693
708800 0.026324187099385 0.122909861783011 -0.000896413879494299 0.000189637628221092 0.0014929729027851 0.00391971997184622 -0.000961327114369501
709000 0.0264761090723384 0.123418105564729 -0.00104353532294831 0.00134202994046483 0.00102154341896981 0.0033660884815158 0.00171606139866284
709200 0.0263771504682754 0.120949918076681 -2.65429635396096e-05 -0.00273064976784003 0.00320657844333804 0.00377925053115401 0.00197250109517851
709400 0.0265128265928276 0.124035207103132 0.00231640047105911 0.000635107332144867 0.00158168870623807 0.0028927616837208 0.000444508888241815
709600 0.0263973220421372 0.122413055764821 0.00400523844668558 0.00319344053875852 0.00195816850384048 0.00169428324736295 0.000670975239957202
709800 0.0268175714490424 0.12696805951461 0.00130318073966655 0.005580879653319 0.00194979498207642 0.0015157797547703 0.0012481936011865
710000 0.0263253837530453 0.123380941968216 0.00235477244015735 0.00413598325482994 0.00268702216326191 0.00189857377170952 0.00150402427747231
710200 0.0267825055997272 0.12561247354878 0.00121755384379242 -0.00167816820917211 0.000822095611530612 0.00195644748375475 0.00181816947507808
710400 0.0263532524529351 0.121264280220581 0.00156233669927436 -0.00133272678354177 0.00249547321040418 0.00108130938868572 0.00137750372897388
710600 0.0266948089055234 0.122682377308517 0.00357117326470733 -0.000545798050477042 0.00270692561545931 0.00123783531565154 0.00171057796113101
710800 0.0263393783909625 0.12085389930137 0.0043437263773275 -0.00164213122061133 0.0023636626530183 0.00302463077612718 0.00169200351982321
711000 0.0267232009693876 0.12518728284564 -3.45465635407125e-05 -0.00167446260429261 0.00295491712813099 0.00279659191447054 0.000615510824605979
711200 0.0261927774087048 0.120938914809424 0.00307159396218963 0.00294266058567227 0.00243119681551189 0.00207426609518966 -8.50537324958987e-05
711400 0.0269136634019776 0.12795353131555 0.00138472600847796 0.000596035202107126 0.00211149993615691 0.00116721557598545 0.000605117221603089
711600 0.0262410600225319 0.123291939534586 0.00319657568969573 0.00468432998337091 0.00218614998539148 0.00058598609807447 0.00314161421211789
711800 0.0267578660951461 0.124658198715107 0.00240748374401572 0.00299702297869135 0.00318533672796577 -0.00197499524748915 0.00136250345869956
712000 0.0264407527369754 0.120909451224303 0.00334022786908956 0.00122422180559245 0.0031704531423796 0.000635749289703738 0.00023372817403023
712200 0.0266440933343747 0.123320816535772 0.00150494174776706 0.00206335481921402 0.00306780494673746 0.00244498182891865 0.0017766454987439
712400 0.0265559282019494 0.123830307183119 -0.000804881337988374 0.00205208112450346 0.001421028219736 0.00304965150752026 0.00197591602664338
712600 0.0266065520224653 0.124706620799433 -0.00183444728112922 0.000113184103708521 0.00111463701915197 0.00378131283433885 0.000625659599296965
712800 0.0264812325280479 0.121828019379905 -0.00395166721660175 -0.00155379158925352 0.000812069001681763 0.00251443507382528 0.000772393446453216
713000 0.026490246678727 0.124135790608435 -0.00391712599865585 -0.000214976810463626 0.00343350834654773 0.00119018901189767 -0.000570515254485632
713200 0.0267657025417943 0.126562042583633 0.000645714351031923 -0.00134225498922369 0.00280422155497422 0.00226579535776302 0.00124280802167185
713400 0.026507933313672 0.12461385517914 0.00193685916855159 0.00362706928589949 0.00279647578968822 0.00333522111207698 0.00390047070304187
713600 0.0268308764787507 0.126759887081857 0.00305933571355029 0.00172071580844014 0.00245647877823944 0.00118104677366711 0.00344184620946159
713800 0.0264617944772728 0.123947975888165 0.0020723029821526 0.00265002516348984 0.0025403692237204 0.00153532217090418 0.00264515401265713
714000 0.0268186927208462 0.127020736978107 -0.000423098952443851 -0.00147865008945328 0.00136868688236197 0.00131833769498889 -0.000135452724730519
714200 0.0261250358851698 0.11962343583431 0.00102104189145193 -0.000320297112207861 0.00356708502677746 0.00223502096951169 0.00146180901612932
714400 0.0269175235472981 0.124768823304891 -0.00290301629624415 -0.00233682367311407 0.00363775985137538 0.00215185960696459 0.00131536488836623
714600 0.026324918479472 0.120323400289575 0.0003897114677734 -0.000565951416025295 0.00404321295591125 0.00239649108532864 0.000996962651381622
714800 0.0266611624867768 0.124855980760221 0.000583373434414105 2.33321115889577e-05 0.00239602065469368 0.00299996514589523 0.000846145150090975
715000 0.0264157014289926 0.123991828885095 0.00172243132197629 0.00111570661829739 0.00439965490067548 0.00146362042367069 0.00159167984324975
715200 0.026583029685449 0.122589656920939 0.00185502164708917 0.00138053039826943 0.0037626322161294 0.000585338076468083 -0.000664971422896683
715400 0.0264431847085903 0.122278156763051 0.00204256794643282 0.00295724248596809 0.00261873001797413 0.00171681767532057 0.00167678125578277
715600 0.0266500877506315 0.123722995094113 -0.000748593100653709 0.00036567450274235 0.00244859306668301 0.00158456056917651 0.000463297556124419
715800 0.026239956127249 0.122029767058405 0.00179127527698806 0.00187481650564179 0.00232713371977233 0.00191885511609604 0.0001480922584981
716000 0.0268067010451524 0.123041766596374 -0.000983897292947887 0.000544462473242459 0.00342586321538992 0.00191334566678188 0.00066871105277477
716200 0.0262728055490328 0.120199555610341 0.00183743491536 0.00455853399517051 0.00327054789022446 0.00189922157031748 0.00134368824140033
716400 0.0268080985121678 0.126523045346608 0.00286722801730126 0.000183687041809277 0.00244928234202942 0.00237193230895581 0.000779897908863569
716600 0.0263668763942071 0.122675939082281 0.00173847909379466 0.000391851605663314 0.00143427222354781 0.00202445733402043 0.00109366615666165
716800 0.0267536298477663 0.126598636415125 2.13241508875751e-05 0.00268148929096961 0.00266688700942736 0.000568579092642338 0.000965212861887587
717000 0.026293316864284 0.122058028500463 0.00322478148711557 0.00205890105827527 0.00298300554691985 0.000970562539828446 0.00105099887412977
717200 0.0267337578700956 0.123908249165552 -7.73493342800383e-05 -0.000778592925627476 0.00328935293568922 0.00429962125918305 0.000957871635502715
717400 0.0263288050633057 0.12171736251523 0.000374701460021962 0.00120729498028299 0.00359800027169493 0.000173800396137795 0.000674873090234839
717600 0.0266731100149661 0.123734580943902 0.00405368722270162 0.00183302123074165 0.00448602846531932 0.0026566976601553 0.000939150666073234
717800 0.0263522363965989 0.12540047273964 0.00296048116710282 0.00283984161465345 0.00345551111786607 0.00241320896082358 0.00127926634027424
718000 0.0267000757330973 0.123373537633174 0.00154789656458665 -0.000367127693581409 0.00274879352661893 0.00171568433753901 0.0013221185255199
718200 0.0262235654539046 0.120023853511412 -0.000398506184829845 -0.000258299227805776 0.0033693165283196 0.00381034831619559 0.00172523654380796
718400 0.0267556329776167 0.124058543799963 -0.00139209587435223 -0.00309359367259989 0.00182160614418849 0.00249472842335514 0.0010950895333973
718600 0.0261789019312703 0.120863198627398 0.000509788341289773 0.000446152627422642 0.00264830752373203 9.29289502143458e-05 0.00215864918145555
718800 0.0268087714393955 0.127165954489448 0.000717303348422116 -0.0016906769352844 0.00374094605649787 0.00165881754154938 0.00152318544375819
719000 0.02641300558851 0.124481447565301 0.002473515880745 0.00156716638081127 0.00220148415587109 0.00406270063192573 3.57476070156448e-05
719200 0.0267736168564598 0.128329659101426 0.00136483122303343 -0.000574095654224408 0.00295493241991679 0.00370754587101304 0.00166598024825151
719400 0.0263803487240585 0.121295639102295 -4.14388320738788e-06 0.000377149689484472 0.00253724757042934 0.00229444555735612 0.000101449432481938
719600 0.0268529402488 0.12429888046881 0.000997824578524214 0.00290291087320482 0.00269391156698886 0.00103607720867121 0.000848881344342222
719800 0.0263092712992885 0.122019592518802 0.00223320551994388 0.00594298840568337 0.00220719368794386 0.00305824066737981 0.00199814063811277
720000 0.0269023533092572 0.128178775367681 -0.00106956542326634 0.00138611294786933 0.00305647564486438 0.00373737668188923 8.71387791682916e-05
720200 0.026228446014152 0.122659938055317 0.00272613411291144 0.000101897839902394 0.0042601082994234 0.00351101639113464 0.00124314845535322
720400 0.0268871691614652 0.125656233225268 -0.00022595363064743 -0.00484687282639327 0.00336045915352285 0.00308206270705944 0.000228147422797068
720600 0.0262527236099212 0.120067257124287 0.00110165358345253 -0.000871692731235609 0.00458117726302671 0.00189008783071873 -0.000432990370101794
720800 0.0267922303042376 0.125760906808709 -0.000692471343661472 0.000806752185671976 0.00398409912539538 0.00197409923621369 0.00157304188531794
721000 0.0264102283285219 0.125855299891712 0.00219474608698996 0.00108428688497425 0.0035617324621742 0.00244615875364716 0.0013299321473839
721200 0.0267324553429114 0.124919771957429 0.000985988947978632 0.00359727256755765 0.00425712641078643 0.00277828726415004 0.000373030889118466
721400 0.0264320234266321 0.125050141959318 0.000595067813988128 0.000177188692659164 0.00373436471603239 0.00283326231802123 0.00227798759654303
721600 0.0265752575466475 0.122732709826068 -0.00300899914313411 -0.00178492571247145 0.00448208982093405 0.00349003975742632 0.000457688144410748
721800 0.0262966635989533 0.122074839330456 0.0014060540850883 -0.00130192837287836 0.00450842644835526 0.00273243226464737 -0.00046708744535311
722000 0.0267210395386311 0.126818396487702 0.00240748182048769 -0.000771169065687037 0.00356094547382713 0.0040256374966709 -0.000393577353732298
722200 0.0264623915723997 0.126479290541467 0.00220203061679069 0.00510524096713641 0.00408188582615997 0.00238404395893767 0.000182892564701969
722400 0.0268222408207898 0.128242877239506 0.00330082479978615 0.00299660351278155 0.0032913569561313 0.00225269136631633 0.000840571584360919
722600 0.0263910526827003 0.121906098307515 0.00141564363016846 0.00136384130243857 0.0027150717578622 0.000352255242394355 -0.00105476473466123
722800 0.0266258685916386 0.120848718807753 -0.000523393289576149 0.000175265873493834 0.00319483409321397 0.00110676666748073 0.00184144805782577
723000 0.0264209907151889 0.121199214336502 -0.000834685859886462 0.000875762690353678 0.0020707864493686 0.00209710609596564 0.001743422249891
723200 0.0264798735617359 0.121706389568326 -0.000226530919309246 0.00107562078847357 0.00121410195937101 0.00171564350746768 0.00161880624254742
723400 0.0267009118758737 0.123641408309128 0.00305031403746194 0.00559498799873724 0.00113609047491269 0.0013458665846068 0.00205234462338234
723600 0.0265701007117746 0.127365327955351 0.00475314644759884 0.00398136837331729 0.00187611527194253 0.00324405844142301 0.00213621163135856
723800 0.0267352732798688 0.127300684749333 0.00238298184388187 0.00463889477396039 0.00200512403848827 0.00435383361113962 0.00162959291688489
724000 0.0264115801423489 0.124247412621174 0.00148643021198666 0.000861744870135449 0.00223466802407756 0.00401766085879925 2.51030902501674e-05
724200 0.0266908634623232 0.124900572607128 -0.0017244868962082 -0.000793716860990717 0.00384192047937922 0.00214129580255184 0.0007984971656447
724400 0.0263863145387137 0.121164368415113 0.00029089360541866 -0.00173852921623037 0.00417817828819864 0.00122263726284964 -0.000583301545329724
724600 0.0266455557441478 0.123244145929069 0.000396471878856906 0.00149401347855142 0.00262495941140885 0.00179459139647234 0.00210015955144633
724800 0.0266240093577048 0.124648955798205 0.00442900133026035 0.00262830539691337 0.00220561251113217 0.0022842755510988 0.000413990675312987
725000 0.0265951312085731 0.124942039248434 0.00363863643379936 0.00248370564827554 0.00073833349503177 0.00452429182697159 -0.000349623045405743
725200 0.026580194881904 0.124638553397154 0.000390153214213391 -0.000941024931851067 0.00351609190851211 0.00229916010036735 -0.000359305420103181
725400 0.0265098569915149 0.124859623475092 0.00115535521680318 0.00220005335915564 0.00172063719815552 0.00132120837504664 0.000271007041174411
725600 0.026718307834805 0.122515529614025 -0.00111634005808029 0.0004773144024623 0.00356249240848516 0.00261906456633039 -0.000801336983613803
725800 0.0263014990272496 0.123656834849632 0.00160718969444963 0.00121483398803098 0.00413648523850634 0.00067306871441684 0.000203418426477461
726000 0.0269201689487403 0.128136758754563 0.000823310064513238 0.00319561733855973 0.0035362900313388 0.000904708972046105 0.000449004377703458
726200 0.0263772449435599 0.124980325165295 0.00400249625830271 0.00247003399637012 0.00169982761336265 0.00308732350365978 -0.00128239860260206
726400 0.0268307878569868 0.126140027396438 0.0013699406037456 0.00125015533315718 0.00401602557396386 0.00213582895406623 -0.000669736529950813
726600 0.0264168028008903 0.122208778207585 -0.00177943677583007 0.00110699855273987 0.00340118201928326 0.00400466985748374 0.00138892394049932
726800 0.0265629903344264 0.125442621047359 0.00129713318919901 0.00279298030632716 0.00302976913906286 0.00398350631855812 2.12020780200721e-05
727000 0.0266053789383008 0.123918785064822 0.00209318354147399 0.000803845714879652 0.0017125625198032 0.00323472007602571 0.000775667729126276
727200 0.0266110748176344 0.123361115988657 0.00107806353828671 0.000862886143661514 0.00240696671403331 0.00327672851889342 -0.000743827536418027
727400 0.0265611062574381 0.121962304998515 0.000130770392634975 0.000442902459978415 0.0024769325808536 0.00145288879505978 0.00245786980514452
727600 0.026466891239584 0.121181357539492 -0.00218143760959386 -0.000281619628750102 0.00281242833073827 0.00363618335329708 8.24383439948734e-06
727800 0.0265321782544144 0.123634337727181 -0.00298600989654651 0.000147564411913242 0.00440084856366588 0.00330846366038996 0.000782611423605317
728000 0.0265155136764419 0.122890617034142 0.000320017791944427 -4.06601186553541e-05 0.00255861107945498 0.00238942000953888 0.00218828736209383
728200 0.0267221041143609 0.125301860194695 -0.0027724072314926 0.00267708063699415 0.0044118251659975 0.000841284899278579 0.00215900904112915
728400 0.0265631388228093 0.124598222037092 0.000122668827664222 0.00475026261909217 0.00371822355913828 0.00227224394179371 0.00202091078063392
728600 0.0267321227372205 0.123423706321362 -0.00138102269799144 0.00275471715779715 0.00570745063528031 0.000960303850964701 0.00290887367771405
728800 0.0264104990087562 0.121402270044683 -0.000219785912594227 0.000372361665880431 0.00395608530289175 -0.000560078179054579 0.00206467044389242
729000 0.026819809099549 0.125072794559573 0.000524595667469651 -0.000852303217450884 0.00331079980021241 0.00126101654097144 0.00302978183415725
729200 0.0263263978960575 0.121793716043586 -0.000251468696181631 0.00363741578989431 0.0020285949432638 0.0019830285971004 -0.000972279968520922
729400 0.0269022481432602 0.125781466524519 3.14040045618105e-05 0.00181989943526165 0.00171736082080152 0.00223770820342721 -0.000165867243861387
729600 0.0263041462358176 0.121994483381439 -0.000305519684326522 0.00377869839859294 0.00126350412158873 0.000866201574544729 0.000302461552505456
729800 0.0269356401971889 0.125173298631222 -0.00041801037823962 -0.00213752409825663 0.00207577415234757 0.0021390799329698 0.000210217508600538
730000 0.0263365953111592 0.124214930611319 0.00228430624034229 0.00393703119211012 0.00230444223362799 0.00167216271545842 0.00135528612210561
730200 0.0267950861276752 0.125600788993599 0.000923995791082074 -0.000168341497985028 0.000778540818124535 0.00320053072876732 0.000627967084179589
730400 0.0265119190879858 0.123281453423315 0.00175722437970501 0.00316261990854322 0.00208427866074586 0.00144027849849606 0.000386515637376648
730600 0.0267053580105214 0.122663787218867 0.00140270607112486 0.00276426193302938 0.00310246352045839 0.00087036251920329 0.00165252011620254
730800 0.0264570887096164 0.123261728535871 0.00270442653630159 0.00198078360634007 0.00307497533187327 0.00235560412344476 -2.71002164325605e-05
731000 0.0266302900525876 0.124741866366265 0.00294720760822123 0.00117020481495459 0.00313610508522506 0.00253881026347438 7.78400681354804e-05
731200 0.026467506077592 0.123292166083322 0.00259474433175907 0.00129152486774944 0.00338242297985766 0.00192966986297636 0.00102904522225483
731400 0.0267614467088404 0.123852005322905 0.000883253348680247 -0.000906159821485186 0.00269610631846822 0.00242795696696263 0.000294372403541442
731600 0.0264335453428711 0.122583484755125 -0.000346004436379349 0.000828539317652241 0.00310770398679284 0.00197309667518756 0.000378694760098095
731800 0.0267406201219507 0.1241552293053 -0.000137369391793105 -0.000555747589100656 0.00258936106360528 0.00265587348455317 -0.000501933290717084
732000 0.0265014189409107 0.12400457958411 0.000958939016787166 0.00212645480155006 0.00366501897189514 0.00216979247739099 0.000601458822598001
732200 0.02665247459854 0.126107943766928 0.00250544467991508 0.00167734815276761 0.00382341238671342 0.00237568971943366 0.00149206924927564
732400 0.0266683748425069 0.125069511359165 0.00259592968848642 0.00313262566759902 0.00387223122788173 0.00257282774044152 0.000559340533587205
732600 0.026665947027925 0.124168812807103 0.00295678406918146 0.00147306360224018 0.00157317933097756 0.000712622490145178 0.00157415761049644
732800 0.0265560311674031 0.12183271248805 0.00126420646725525 0.00153110441158024 0.00167149727261784 0.00280290031695494 0.000908073284507013
733000 0.0265146346726856 0.123931312436534 0.00125349267652456 0.00195669288511079 0.00260128742974192 0.00296288613578848 0.0010370765762281
733200 0.0266458449699083 0.121722497734913 -0.00350828057120384 0.000219299038379131 0.00414388221304841 0.00119162876680337 0.000812785043537223
733400 0.0265127920704703 0.117777722078395 -0.000284190751129486 -0.00184306283987006 0.00376801656516846 0.00150366624549793 0.000520478940159285
733600 0.0266080031169555 0.122602528609892 0.000242229790539814 0.000918461941753961 0.00331879583195212 0.00155923597801794 -0.000444424192437314
733800 0.0265238154746867 0.122394693205797 0.00282185402004974 0.00175653339252176 0.00200963099931293 0.0010587310401193 0.000830921708803541
734000 0.0267616781277955 0.126780048086909 0.00129092020713094 0.00316515480805827 0.00235815957049714 0.0015666711656644 0.00068038091127856
734200 0.026688826966394 0.126881396461103 0.00373868957110651 0.00035496414607028 0.0033289227230562 0.00171295913421267 0.000212371041284467
734400 0.0268384760245799 0.126842021783536 0.000244931607511706 0.0014232301265627 0.00213703461190859 0.000761419241747577 0.00107269766570374
734600 0.026566239055796 0.123343602048261 0.0019423547106165 -7.5774448514982e-05 0.0033708869180763 0.00232108323739072 0.000323168304145202
734800 0.0268177128594273 0.124387497868773 0.00137852513303844 -0.00010572419481388 0.00396425513913263 0.00339222529672704 0.000594718053390629
735000 0.0266112533059716 0.121922098764851 0.0043172778063592 -0.000667252529735733 0.00165855316373668 0.00305041415271236 0.00148972898684513
735200 0.0270604472664792 0.126033674083211 0.000419869240216511 -0.000130194051243281 0.00349163958615416 0.00232216845987721 0.00160191594763511
735400 0.0264035020011006 0.119946976050478 0.00439143795019535 0.00316958022161455 0.00321452694449658 0.00214898679630118 0.00176213628463344
735600 0.0269150967390442 0.1270502546562 -0.00140163409515165 0.00321343132186551 0.00312109346628474 0.00214677214124118 0.000160961618334102
735800 0.0263718780243667 0.122910027511712 0.00165856546484154 0.00400258691465933 0.00222119500291694 0.00269767567950481 0.0014522597991135
736000 0.0270194381518788 0.125478941645413 0.000159114357776334 0.000954189255724928 0.00282674877212007 0.00191698481484923 0.000273852733798705
736200 0.0265504652259341 0.119788394120926 0.00108780285328706 0.00327848452041611 0.00269154799528365 0.00332688609074081 0.000227740729299717
736400 0.0269165130044149 0.124175698225162 -0.00013026372524848 -0.000501446799655645 0.00351374902043085 0.00171976514995313 5.77930262641156e-05
736600 0.0264897758626417 0.122158140197724 0.00154571031131907 0.00223443592494132 0.00277476870872048 0.00185394421453347 0.000582709055428007
736800 0.0269248306943459 0.126350216886915 0.00108354390833491 -3.09517937681747e-05 0.00263771010878747 0.00312619856380001 -0.00101839307282614
737000 0.026366186767629 0.119981081173581 0.00100316497221364 0.000235837347365929 0.00175049496564201 0.00277706177659887 0.000620977304854151
737200 0.026966216150389 0.122570826012946 -0.000571405814568844 -0.000266191246852152 0.00222013584143053 0.00274404048943749 0.0010396183249609
737400 0.0264323761074544 0.120293671348505 0.00211025901636746 0.00113991796296464 0.00184773270801312 0.00186566208223057 0.000695929662459355
737600 0.026910641451657 0.127723762384493 0.00239184767389129 -1.71569913734148e-05 0.00274317481129815 0.0007055495315754 -0.000297431991912109
737800 0.0265948431376433 0.126111114767717 0.00377941709622114 0.00210793380121629 0.00197867092652564 0.00261789464209082 0.000725659572455592
738000 0.0268362047647845 0.127695969216593 0.00190024262140964 0.0022476295921636 0.000350822338836951 0.00220172129121053 0.000371892216350321
738200 0.0265981503836614 0.12356926862056 0.00111346682027866 0.00293825106454499 0.00219826640273101 0.00208275644253122 0.000467433791618769
738400 0.0266854744647149 0.12395058605291 -0.00101807194466138 -0.00016004083918262 0.00389367768936578 0.00271591687827512 -0.000181518764356228
738600 0.0266413065634059 0.122006687368651 0.000620330732498489 0.000476931310902444 0.0030190183240675 0.00176994887353935 0.00107695647908238
738800 0.026633765092554 0.122306745814879 0.00219299439439804 -0.00146501868897064 0.00257587553828581 0.000770836033608019 -0.000492266446829237
739000 0.0267828389420623 0.12584812110885 0.000995750740519155 -0.000382949184953695 0.00305214669712312 0.000931160655545775 0.00261817962030074
739200 0.0266128491631335 0.125303796185518 0.00122192823889643 -0.00129756322660322 0.00197233493666506 0.00138595490193637 0.00191665825928805
739400 0.026745940622373 0.126556199508534 0.00103944130664476 0.000473009509736841 0.00410789630295918 0.00162558211624918 -0.00128252169936111
739600 0.0266205205126171 0.126295286955003 -0.000733399099459155 0.00492720823404998 0.0014540915370792 0.00277428002334286 -0.00076458876447344
739800 0.0267535844955306 0.124243634013794 0.00158197305158732 0.00106773553609033 0.00239693041747185 0.00336656070920603 -0.00103100686681951
740000 0.0267120919850185 0.124866734700106 -0.000758023966830229 0.00367362979876682 0.00260786260543805 0.00124912016993057 0.00149791041223696
740200 0.0267615169804267 0.121072380905189 -0.000513518579517976 -0.000201124766860006 0.00268515163411259 0.00176656641300886 0.0018463226065608
740400 0.026493139537965 0.118968703585209 -0.00200491428993326 0.000943298757584857 0.00317038064603344 0.00241735612520851 0.000717906970484425
740600 0.0267341981974252 0.122185554089625 0.000234497054701505 0.0015791893301281 0.0041284568132432 0.00168870348324647 -0.000467008822399689
740800 0.0265966227739104 0.121383975476125 0.000764170284251999 0.00247425512284224 0.00203318327394071 0.00199000377824501 0.00222083333327126
741000 0.0269274804007476 0.125723620984159 0.00268743431548984 0.00206540118939584 0.00315945407174592 0.00248840016287892 -0.000481879895540167
741200 0.0267880470784934 0.125658488623768 0.00375318059941962 0.00319641450960043 0.00159354865088103 0.00308079312015056 0.000512734346018441
741400 0.0268066251367358 0.124089242868265 0.00317783796536101 -0.00141310239262868 0.00219683573374873 0.00275818851541249 0.00104271680957669
741600 0.0266397842334423 0.121006408142842 0.0021389160303736 0.00115725234434014 0.00316867345459754 0.00191328418612734 0.0010383197994042
741800 0.0268377503656026 0.123196467160288 0.00206059798816085 0.00115292173575526 0.00287462163680798 0.00202587915414593 0.00113509245564394
742000 0.0266405124229884 0.125736852984323 0.0017718095619533 0.00288110466759709 0.00276842369229714 0.00194721315431092 -0.000242016799515807
742200 0.0267125690888958 0.12567812826589 0.00164858103932154 0.000893702442537575 0.00291366140642142 0.00128513222166212 0.00124845122913004
742400 0.0265545267444561 0.123380292416894 0.00169465343723739 0.00151791763804607 0.00189026134108293 0.00293274929677427 0.00054377883364952
742600 0.0267781769865028 0.125069190148783 0.0043885974482696 0.00190784660744195 0.000973952802320236 0.00208457307265552 -0.000574078476893146
742800 0.0264296165001345 0.12027650849149 0.000705249105355716 0.00180249709453575 0.00265530000692093 0.000743158492093587 -0.000554676199342557
743000 0.0268568592823009 0.1246765519417 -0.00107727232617982 -0.00135211691659697 0.00316061119235558 0.00215369534872873 0.000423972455693667
743200 0.0264108912363671 0.123334704566179 0.000884344046785697 0.000705215061132748 0.00157801691917395 0.00127106913946035 -0.000314442605418604
743400 0.0269418517026507 0.126708052409 0.00145150846648582 0.00074150567830146 0.00530858995249608 0.00109992267261591 0.000520001574386817
743600 0.0265476793684117 0.123694162404183 0.002718669464802 0.00105913685298121 0.0037804126626002 0.00296408675559111 5.17300296573736e-05
743800 0.0267727444684254 0.124963002161739 0.00348510486993496 0.000718178677915308 0.00228712073092543 0.00257077818403567 0.00102471640927374
744000 0.0264404269875858 0.124080385864569 0.00139170271563397 0.00108402038171184 0.00349723363676531 0.0034099117988088 0.000405901646740723
744200 0.0268203570661128 0.126646084543048 0.00167481857288442 0.000976220607504114 0.00128045660260551 0.00134255707073197 0.000722170205556159
744400 0.0264335634086349 0.122013639247646 0.000318246806117863 6.33683226281141e-05 0.00412776075368735 0.000574454057397033 -0.000452507545371509
744600 0.0267072847665048 0.122022206482918 -0.00158277310245933 0.00026334954689666 0.00208001270239894 0.00251120469407114 -0.00154123631066015
744800 0.0266173528705715 0.123259428236578 0.000331926261449134 0.00367578210123357 0.00275378258626291 0.00366752560537332 -0.000484527505395503
745000 0.0267543806471915 0.124248057958923 0.0026552432354495 0.000253664090541743 0.00166665047436833 0.00292063057750872 0.00120610479733733
745200 0.0265848207582716 0.12162021698858 0.000890985895520579 0.00267113968640244 0.00237122883155014 0.00252863115349494 0.000339802796459623
745400 0.0267131886662476 0.122281491697479 0.00121055884598217 -0.00100925730787834 0.00292266366101823 0.00185946590861371 0.000970035859887355
745600 0.0267317623996446 0.125390237572976 0.00262839568274335 0.00383743703970037 0.00169146155366009 0.00105075087666845 0.0011358359335391
745800 0.0268367555027493 0.126252501319515 0.00209333625764499 0.00246564706643775 0.00291557738757291 0.00157132643275893 0.000686647759808885
746000 0.0267047793521793 0.121173544670513 0.00169198663441611 0.00120392931847498 0.000946912697069797 0.00289476894111176 0.000408964969372844
746200 0.0267703287001634 0.121285366487471 -0.00383329121875776 -0.00394956049187141 0.000248007929173503 0.00222300005218547 0.000228585438292004
746400 0.0266216143064181 0.119515066185034 0.00106123268991565 9.73693942447687e-05 0.00143887548673092 0.000894284279143833 0.00248338428830379
746600 0.0268404754952325 0.12529586254319 0.0025569014791201 0.00139583972745232 0.00243422065861831 0.00183992528041108 0.00191225847784669
746800 0.026812488601066 0.125748330960382 0.00436260173871364 0.00442552607867877 0.00097882915224535 -0.000369143509307068 0.000288269022439955
747000 0.0268921296664896 0.126831170379688 0.00476739892449943 0.000677371995595358 0.00368592628127642 0.00144660210936676 0.000340932967230704
747200 0.0267077282278641 0.121566278086589 0.000288793967643771 0.00272071750691114 0.00459409530292276 0.00241384492551868 0.000947410175011595
747400 0.0267698435422968 0.122816333251887 0.000572469552261901 -0.00147227309997874 0.00363812927701386 0.00150259067518123 0.000901211016258716
747600 0.0267060972454297 0.121336033051751 0.000824609733243778 -0.00107517435538121 0.0040011232013618 0.0036194446441278 0.000417036073031742
747800 0.0267692119373101 0.121105749889627 0.000928230231483648 -0.000751505202472254 0.00365687389680501 0.00129261781102623 0.000865036283662831
748000 0.0267298674881173 0.121783423436747 0.0015572246736557 0.00240898398726237 0.00462033097345728 0.0018327413568003 0.0011576860676487
748200 0.0269091768519536 0.124680582870104 0.00193565302992885 6.49745733664303e-05 0.00366924790144506 0.00336502739110271 0.000670176563404083
748400 0.0267018266051384 0.123667313956024 0.0040742769591943 0.00182008752642948 0.00182325754592929 0.00278882325072732 0.000136815274173676
748600 0.0268185488610631 0.125114226762513 0.000971849678952789 0.00271072319406257 0.00124220774361468 0.00238651927798864 0.00239096019538756
748800 0.0267184690846827 0.124542089595157 -0.000199819613725478 0.00444885275707198 0.00224565159800093 0.00225206322731243 0.00172473530933734
749000 0.0267700342579893 0.123662076126179 0.00164362429439559 -0.00124330995933023 0.00310772326850201 0.00305171463737359 -0.000357619014207436
749200 0.0267710627873494 0.124874800302881 0.000946042510195008 0.000273449545014665 0.00249921741404274 0.00344150091405677 -0.000228860705659212
749400 0.0267749956863249 0.123627587903891 0.000306516374839316 0.00299815312570074 0.00189209172857601 0.00284070573498376 -0.00197232172595995
749600 0.0268304023433457 0.121422457772388 0.000915624060681249 -0.00063303574336081 0.0020596359929343 0.00253637261500252 -0.000534805645307797
749800 0.026670542941291 0.122562835667352 0.00160177929527262 -7.00388188481032e-06 0.00323531274848101 0.00268488346915628 -0.00127955181271366
750000 0.0268815439408543 0.124104254996225 0.00302646096205071 0.000867203982121054 0.00303040054416983 -0.000151574390862672 0.00179982334843264
750200 0.0267540921748805 0.124854553162288 0.00023015760390078 0.00716290616553496 0.00328130652613454 0.000606627750803172 -0.000686422358541382
750400 0.0269966157700995 0.125648776805927 0.000654493243987435 0.00182524169750827 0.00297609383072652 0.00140606771230729 -0.000662630072948345
750600 0.0265514676136879 0.123233452824755 -0.000568465488481988 0.00241512642671292 0.0020822663061109 0.00201517146698064 -7.67207006100541e-05
750800 0.02688959059001 0.124321074706346 0.000394984467187384 -0.00243239218120251 0.00254959040578226 0.00256794476004422 -0.000616170037183697
751000 0.0265996721086694 0.124436543651583 0.00048831193566667 0.00080353914796215 0.00386605248998681 0.00197733137875514 0.000348989010829854
751200 0.0269898470623805 0.127886344561253 0.000104771171603907 -0.000468649907547857 0.00293949979260937 0.00181332951703958 -0.00162592580970945
751400 0.0267269898493797 0.123178008145313 0.000864824469723059 0.00253083553646735 0.00291804194396345 0.00224681491083182 -0.000740916806840382
751600 0.0268745562779321 0.125615065704406 -2.16932699340964e-05 0.00257457145561462 0.00249501762749223 0.00183646732922727 0.000196573182302543
751800 0.0265713614845667 0.121237695586939 -0.000721651251120684 0.00160647277774823 0.00308593881311154 0.00120896126808116 0.000280065065546812
752000 0.0269857882280667 0.123955526775228 -0.000761682758462915 -0.00223510542958555 0.00370356998177927 0.00297680277617435 -0.000765966134154615
752200 0.0265678643827328 0.12234950021305 0.00243906146604586 -0.00111304651594668 0.0032233818541296 0.00252929297904835 -0.00142191415293
752400 0.0268998858776373 0.126205789124591 0.00150261486383677 0.000146211576144462 0.00252121344376293 0.00269358424387548 -0.000936283912147242
752600 0.0265630975197475 0.122118436823069 0.00335083685152883 0.000849154510217018 0.00126213003813221 0.00206309199793814 0.000850632792573369
752800 0.0269478228637215 0.124450107220891 -0.00248657333839681 0.00127779308071538 0.00226605654570406 0.00271708994816739 0.000629347650529573
753000 0.0266177382164997 0.124517180652763 0.00162680192429504 0.000724771662615992 0.00417261217072521 0.00370547528059463 -0.000526999238119153
753200 0.0269580871013298 0.124553133878459 -0.000535998729203874 0.00274526517218066 0.00212106356099855 0.00184566643655415 0.001013073866526
753400 0.0265633589539627 0.122175288826416 0.00198652598893336 -0.000283095596579778 0.00162103324706977 0.00186717552947128 0.00173754692588619
753600 0.026914549790524 0.124437921271146 -0.00313140918830617 0.00263406636809216 0.00259259195332162 0.00227310690995654 0.0014033288307513
753800 0.0265474940719439 0.121937087563496 0.00299840855098829 -0.000289845328323966 0.00386876008107643 0.00221100212253466 0.00102682886600333
754000 0.0268592079987921 0.124328421650181 -0.00255547781474671 0.00203460751358736 0.00316879309275266 0.00280644461676226 -0.000196778541468367
754200 0.0266741823952646 0.125627693283058 0.00381659656987917 0.000355845457710697 0.00322565021313611 0.00215330085279993 0.000685346178635528
754400 0.0267868522359866 0.123343725549891 0.000917237852001432 -0.00115223669924154 0.00279716928190726 0.00227596686587178 -1.87059308751305e-05
754600 0.0266768844879063 0.123620635885306 0.00143771855967256 -0.00171611067714955 0.00390565436370964 0.00190026678250135 -0.000151293388400172
754800 0.0268756083073602 0.123887640108288 0.00185542998731974 9.03380080966751e-05 0.00230906208607238 0.00259035147801741 1.87728534877967e-05
755000 0.0267016484728808 0.124097504299357 0.00207349826083449 0.000805234396833997 0.00257216723773677 0.000509466258459763 0.00276389270841149
755200 0.0268827268182106 0.123794006521613 0.00234743929200049 0.00125564409408285 0.00125030054894772 0.00250355058397399 0.000419794652234217
755400 0.0267038631921557 0.125740289974186 0.00506019072424151 0.000218182262493958 0.0025697435537262 0.00178132654485434 0.000692284943828019
755600 0.0270455847483164 0.125948447755491 4.80987366585408e-05 0.00262550366341099 0.00285659470581094 0.000629872898590213 0.000306915395646355
755800 0.0265572995158024 0.120611776750229 0.0019578966611299 0.00111502119554022 0.00331012902045384 0.00164694971466151 0.000844638554610184
756000 0.0269734776128887 0.124708339277086 -0.00228482074554811 -0.00320603990574422 0.00300600936494257 0.00203779213815931 0.00203831664494462
756200 0.0267139024407865 0.12443981659553 0.00241401162230544 -0.000121586704961111 0.00322584734964295 0.0015257288362479 0.0011625647264693
756400 0.0270128531696905 0.126900757680322 0.00109034360939793 0.0021834261910308 0.00316290542943604 0.00246456099245415 0.00214267297755939
756600 0.0268723031987058 0.125076221107801 0.00228389771641809 0.00285698148656846 0.0024730181793053 0.000830350545007505 0.000419403217561278
756800 0.0268704672724197 0.12474903553365 0.00298278394570952 0.00367296766002226 0.00349750123857163 0.00320216728238954 0.000300624370511588
757000 0.0268314342777402 0.122391697238865 0.00260466811025213 0.00174772702030241 0.0037271799330306 0.00066157062813422 0.00101164340826735
757200 0.0267520900168719 0.121461960294036 0.00319165468181824 0.000539749999072611 0.00271936583789698 0.00155606057606153 0.000950064943510785
757400 0.0268874094410255 0.122834418626423 0.00164562213611184 4.43977719336866e-05 0.00202075464635044 0.00264953553487747 0.000842706361598753
757600 0.0267690274270365 0.125118768817155 0.00144564604256338 0.00231005550302341 0.00242920513536783 0.0019267151287491 0.000155659669074752
757800 0.0269026538091587 0.127156700356654 0.00322384725894819 0.00138423259687971 0.00380982267497139 0.00199060475298224 0.00191635225913542
758000 0.0268456201720345 0.125523000239034 -0.000635042478847896 0.00251972946579854 0.0022285375317261 0.00109199912386365 0.00117406279467937
758200 0.0268580444003343 0.12300276776174 0.000451634227650322 0.00016526561862337 0.0023905531513612 0.00178872252457224 0.000268096252758568
758400 0.0267992995004883 0.122573401955785 -0.00179762696764899 0.00460497062278402 0.0041141778210238 0.00228497600037045 0.00099736163621033
758600 0.0268524707910933 0.12237734743179 0.00358440211025712 -0.000783562551629235 0.00321107727956962 0.00292483033944437 0.000452416321693343
758800 0.0267992350752297 0.122897426244226 -0.000767682648978558 0.000985186019769745 0.00241629781565165 0.00400566770692518 0.000719171946733051
759000 0.0269406905010929 0.122738672880894 0.00194070992909781 -0.00159414497289905 0.00252691728760747 0.0025933096388997 0.000226429437368275
759200 0.0269056476605616 0.125218729053459 0.000746959370396959 0.0020569343543883 0.00177395011977147 0.00124507953706591 0.000737103331127032
759400 0.0269228176924047 0.12607775142897 0.00608187382437292 -0.000415620574901619 0.00179603089218703 0.0014581843451534 0.00067206096492501
759600 0.0268102674782169 0.123092640929036 0.00106666238142962 0.00314789551027782 0.00281854017002115 0.00174332541053507 0.000540526787552793
759800 0.0269451426013461 0.125154473951685 0.00382537989045485 -0.0010882460433455 0.00207244067811469 0.00225404860805019 0.00158005487936015
760000 0.0267548394645195 0.123101060477153 -0.00217522691444757 -0.000240952640321196 0.00274220253642647 0.00102025314393463 0.000936932077325726
760200 0.0268125331990888 0.123227959541166 -8.91949005088411e-05 -0.00160833889171701 0.00324190843103127 0.000952348099228551 -0.00074245612542241
760400 0.0266617050571795 0.118635267343296 -0.00210040170703279 0.00078624485095179 0.00407924857909347 0.00147454416577104 -0.00110383351067251
760600 0.0268629016050919 0.122994846545019 -0.000974171351610987 -0.00153525797648987 0.00366968410758278 0.00113112270156358 0.00102910503828404
760800 0.0266198953496144 0.122500494089019 0.000381389835996223 0.0015441357028015 0.00297073782542526 0.00301815911470352 0.000111316197400214
761000 0.0270347024588859 0.126713140577041 0.00221536393726864 0.00121171652894566 0.00224182835561785 0.00137887139516861 0.000350855921027017
761200 0.0266425733237051 0.124637361014015 -0.000618810596960523 0.0024815320754016 -0.000354586662341108 0.00269698969976683 0.00098603291955863
761400 0.0270530031684299 0.126387639530603 0.00188100995870911 -0.00299099477231139 0.00264747275631867 0.00199838776419402 0.00112840755566493
761600 0.0266213926323446 0.121991390164865 -0.000939500218878407 0.00115764712102414 0.00286055399065836 0.00396648021600066 0.00146849751729035
761800 0.0269907471975169 0.122411921013193 0.0014733968302915 -0.00321671644673986 0.00425489529305793 0.00327563733713476 -0.000291525822038711
762000 0.0267245447642735 0.123015872703853 0.000478345877726966 0.00488521322827943 0.00220369867855245 0.00400203510495765 -0.000287582946197361
762200 0.0269615115636681 0.126272395811792 0.00373557203770167 -0.000765889363074304 0.000492091444477052 0.00148480611327473 0.000824518078672481
762400 0.0267735620307211 0.125349461570465 -0.00150067768511682 0.0035105654012529 0.000920244993855252 0.00129189474781093 0.00223041203698833
762600 0.0269321123148418 0.124135246713446 0.00353608730339143 0.00359693746416691 0.0019182620151886 0.00122832078219993 0.00123942946056603
762800 0.0268543276611112 0.123259305209597 -0.000986620079633235 0.00416939531759056 0.00316333630660037 0.00142215288439919 0.00142641394061993
763000 0.0268842571898276 0.122962623185984 0.000211418868107085 -0.00183988420359049 0.00212934588466652 0.00143355417369701 0.000817168544756879
763200 0.026820437522574 0.122888483046477 -0.000940469110490388 -0.000778464568388737 0.00382722086596147 0.000964056533620044 0.000888787701170531
763400 0.027000062891288 0.124722230497813 0.00147587082144862 -0.00223311667301776 0.00303045045354238 0.0016485591853737 0.000775507463306895
763600 0.0269168089645181 0.123331260527713 0.000832897903457052 0.0027129157078522 0.00223302042330627 0.0026797224994301 0.00122501174397247
763800 0.0270313286646902 0.125263737851043 0.00287208100138262 0.00312033688262499 0.00233563059912711 0.00254148578766408 -0.000146304029256738
764000 0.0269529580989354 0.122831916283891 0.00212123312382491 0.00320957818421405 0.00280302829185143 0.00269827171528997 -0.000791329928850233
764200 0.0270754641911593 0.124611841561859 0.00345516013139345 -0.00142204223076999 0.00442759889799797 0.0024177667486922 0.00142109907684092
764400 0.0267710076491845 0.123333370862676 -0.000417358635162073 0.000734459652825663 0.00352359542673981 0.00409384422692641 0.000454024299328218
764600 0.0270416731543752 0.123956233957847 0.00178565667823349 -0.00352705959859863 0.0024146862980865 0.00304879874001849 0.00239797461141979
764800 0.0267454918402089 0.121357226933693 0.000997057545588654 0.000172025913606593 0.00162558954372927 0.00146844850304082 0.00120615539739386
765000 0.0268963679065085 0.12393351694616 0.00325384975606248 -0.000295153278704178 0.00291989715482016 0.000972011592805373 0.000851562705979258
765200 0.0268811749279205 0.124799485144674 0.000659438115168198 0.000510038599834265 0.00287592451598512 0.00284299266687847 -0.00196048684861576
765400 0.0269960853904357 0.127101314943011 0.00212965877441934 -0.00104271572620707 0.00279054044766261 0.00293337999711922 -0.000650117853799623
765600 0.0267683784263658 0.122355563286707 0.000374472154979464 0.00218957047835935 0.0029438702650607 0.0022745935516314 0.00167389112127447
765800 0.0269050429188209 0.124440619275365 0.00289291343446818 0.00245527128644259 0.00480722480091686 0.00226811174877296 0.000519533292016783
766000 0.0268169668029412 0.123246964115826 -0.00172140954258307 0.00135718573355806 0.00234848101192345 0.00217279809171306 -0.00100619875544495
766200 0.0268643216076433 0.123992018754335 3.23697674486752e-05 -0.0007779365017753 0.00258985693694247 0.00332166057351456 0.000203868100886824
766400 0.0269055375039306 0.12415988533199 -0.00422652365185778 0.000548236291395706 0.000879096078840333 0.00187669882744913 -0.000918062499905901
766600 0.0267492385957532 0.122516209314356 0.00244981607977191 -0.00383800981811251 0.0014148793385354 0.00304710291470959 0.00138540516376683
766800 0.0268478134419962 0.122126362056772 -0.0021673412458021 0.000668037164943715 0.00266451475051847 0.00191424117776986 0.00157175448868424
767000 0.0269012851566093 0.124305976555065 -0.000303198105652388 0.00254919192639666 0.00404556009001569 0.00129173097799177 0.000849360795281374
767200 0.0268188662098432 0.1244733838254 0.00283236157438128 0.0018474226240957 0.00387522038288298 0.00198426889462016 0.00223306588062639
767400 0.0268814716142796 0.125077890096609 0.00442171297113379 0.00023664492375765 0.00352942078026273 0.00129999024159254 0.00014951491408723
767600 0.0268062901282223 0.123839890562135 0.000364849251898722 0.00057331910749438 0.00163508638380299 0.00263612655782132 -0.000340492703461035
767800 0.0268754045360027 0.123532113599188 0.000616368870114061 -0.00378609211872139 0.00357466547768108 0.00413196130839093 0.00202352583669765
768000 0.0268988726609355 0.12518119202997 -0.00138812443360699 0.0018814116685547 0.00263886609601893 0.00289425052109324 0.00182278624664409
768200 0.0269573214083913 0.12461856694133 0.000125629967976317 -1.67247541708396e-05 0.0025299077156391 0.00302465561704045 -0.000340295565098987
768400 0.0268677467006414 0.12404589591135 -0.000619349083452849 0.00222491580185951 0.00312505204035011 0.00203286027067687 0.000777368133008856
768600 0.0267936252562224 0.12446796894246 0.00198488689145839 0.000581695440841589 0.00448372462198979 0.00219181237587411 0.0031830354163609
768800 0.0268314400177562 0.125645689140713 0.00113316416349151 0.0011014355391799 0.00339147013118449 0.00054090437807564 0.00184071308501885
769000 0.0269035792789523 0.12375695371575 0.00103279676537911 -0.00140122534100837 0.00184292146327992 0.0024700105349696 0.00066905632004611
769200 0.0268765617619874 0.12352704149055 -0.000217237029538974 0.00239074270268469 0.00143160011081085 0.00297173427248262 0.000777405361075184
769400 0.0269242228410319 0.125608252674943 0.00227783905617289 -0.000927545018239457 0.00201267552142419 0.0017204077798926 -0.000796085396802574
769600 0.0270017225299431 0.124399107797782 0.00063913853258506 0.0011770426310323 0.00284606662588999 0.00194146446766852 0.00021881244998766
769800 0.0270193095129764 0.125163386567418 0.00477502761734396 0.00125467589830211 0.00248209820425713 0.00231276835914103 4.3872516372522e-05
770000 0.026930828979685 0.123553955417535 0.00105484933710783 0.00063667211561596 0.00418983288762037 0.00272177561253783 0.000951885024534169
770200 0.0268112675872279 0.122518754603173 0.000982943203583234 -0.00106692816124897 0.00498283854088322 0.00199204816011655 0.00113407505163553
770400 0.0269520333330498 0.123560811493885 0.00184382678273242 -0.00134470990702269 0.00184902237651106 0.00224297218438894 -3.24395898290182e-05
770600 0.02690823751397 0.123339688004595 -0.00160887740691903 0.000935056933713218 0.000951309262484468 0.0012707499121246 -0.00083942979884629
770800 0.0269947128495275 0.125004448192218 0.00102461883449057 0.00282411052234389 0.002037795842675 0.000201700396553246 -0.000615281118016719
771000 0.027102210719441 0.125042434564872 0.00281470395917623 0.00164662391229625 0.00367017033318063 0.000838030559129408 0.000439944533884447
771200 0.0270199472740081 0.125486355382403 0.00184322135512316 0.0031057238205069 0.00331797846263766 0.00259418764514921 -0.000411089253559165
771400 0.0268886407869734 0.121066211327815 -0.00140192399234877 0.00408006465873696 0.00362584961968254 0.00415470162477952 -0.000306697286861318
771600 0.0269418445849412 0.118332512665276 -0.00151151091446047 -0.00448875450163289 0.00311785040779144 0.00371254820722453 -0.000379138595562198
771800 0.026766838578314 0.121974138880585 0.000617248468364431 0.00109241310789984 0.00211534167928857 0.00322239142022399 0.000158329153696225
772000 0.0269280578628628 0.123752515180765 0.00270349815957561 0.00113219000311196 0.00243612360120552 0.00190186515218073 -1.49572397633691e-05
772200 0.0271966678870568 0.127289674347562 0.00365726031429738 0.00469645727040368 -0.000487703505214993 0.00254556125467189 0.00252550820845222
772400 0.026898639384525 0.126187533646338 0.00279361182450432 0.00189204295845212 0.00139214140492988 0.00206850043578272 0.0010468766609823
772600 0.0270950110353569 0.125429795148856 0.00174698404358459 0.00105779782039839 0.00294970518256913 0.00230027539541702 -0.000699296592319296
772800 0.0267584963305574 0.122996098023459 0.001875246123858 0.000515272395005789 0.00323973072416576 0.00134397459019121 -0.00102422695879766
773000 0.0269825911683697 0.122403698755693 -0.00241037593482517 -0.0010500372377881 0.00325917862893576 0.00276056465297413 -0.00165282709367507
773200 0.0268373873579713 0.120671654878954 0.000509088473462319 -0.000855800174182735 0.00251355251905581 0.00421117759790557 -0.000220432867262525
773400 0.0271015106395321 0.125683047041245 -0.002433627525828 -0.00218083381444228 0.00254887828063683 0.00331600008031095 -0.00247733910284048
773600 0.026837599247724 0.124370779040746 0.00316601615955947 4.74428689918591e-05 0.00265402393779047 0.00316395672514204 0.000241304234388943
773800 0.027350479601749 0.128693232165091 0.00144048652960183 0.00393840352700037 0.00272268993301326 0.00407194617591084 0.000394835353363797
774000 0.0267707077009431 0.123439474216705 0.00611905151105091 0.00212134054127401 0.00148449393633691 0.00145560167492744 0.00088756120331894
774200 0.0271762853391499 0.122264121545843 0.00111745029671712 0.00236794393665273 0.0032291497029559 0.00167643452957219 -0.000685064509151815
774400 0.0269191753006808 0.123352996528261 -4.89820903224702e-05 0.00101026423865299 0.00117754045957797 0.00171226194316826 -0.000580745381712713
774600 0.0270446825127554 0.125254247157709 0.00243835786879827 -0.00181870303986978 0.0019722114799376 0.0025185408915928 0.000620168157244546
774800 0.0269329748797641 0.125492540492561 0.000161221804730823 -0.000751751399734481 0.00276131353070108 0.00182653615657861 -0.000733591339493557
775000 0.0270164887930291 0.125195993282305 -0.000612103928679723 -0.000483538335682449 0.00224314939458515 0.000692966341758247 0.0002822402403799
775200 0.0269511202598334 0.122570032417101 -0.000836198426202731 -0.000912695329119682 0.00334593827222182 0.00210024751259234 0.000812219094559523
775400 0.0269573261963742 0.124035060717925 -0.000928491798506304 -0.00238797322674624 0.00223233295140079 0.0034424298799475 0.00152181437955537
775600 0.0269552287330456 0.126252889773925 0.00226897433518532 0.00115192726605625 0.00161567510956072 0.00257325928445778 0.000461131233009395
775800 0.0269957634249316 0.126510148456394 0.00251737100045571 0.00412760374788563 0.00280528536744538 0.00295060941576252 0.000451377452506031
776000 0.0269740951947905 0.126606318117557 0.00118878724703617 0.0027314737444875 0.00344373478539492 0.00384503304493138 0.00243519445204842
776200 0.0268517870093003 0.122890154845735 -0.000694617749648116 -0.00114192902327811 0.00424874197934719 0.00254898430790861 0.00130466342618297
776400 0.0269350030919809 0.121509994464096 -0.00136081189162321 -0.000872369481124184 0.00254729264027024 0.00175520394329816 0.00180201501820014
776600 0.0269453081765624 0.120783370121307 0.000369216911166325 0.0016457198358581 0.00213116810209258 0.00332884694248452 0.00114301350254065
776800 0.0270082623813328 0.123878441424496 0.00193487801138616 0.0032290648891204 0.00171143046478972 0.00533532722307591 0.000357812237352937
777000 0.0270017418415427 0.122575615154391 0.00198991621040276 0.00432091348434044 0.00198085282450479 0.00326777977296112 -0.000418906272648255
777200 0.0271994647083913 0.125862719890289 0.000892265991117188 0.000377134590834991 0.00284561963858274 0.00183889122911153 -0.000282770856890248
777400 0.0267062075002179 0.12048979265011 6.95036625707753e-05 0.00377097312972122 0.00258733218172045 0.00220409562334898 0.000146075587785883
777600 0.0272863098719662 0.124232486178936 0.000262624147954142 -0.00293517642015156 0.0010411438235319 0.00455289658581481 -0.00200463838059572
777800 0.0266995276186495 0.120291190660765 -0.00162104089076267 0.00340417323204251 0.00215971851661789 0.00354735829465809 0.000426642926579368
778000 0.0272886404277168 0.127299652468844 0.00397092399461804 0.00104868650448247 0.00343910728818191 0.00166286233085791 0.000638154145516251
778200 0.0269410568552144 0.125799900981193 0.000956906920621882 0.00611656081952914 0.00281832040778177 0.00305717263558681 0.000147234583313941
778400 0.0271578088360132 0.127549882603907 0.000510994211851111 0.00149221000805108 0.00239034814213989 0.00196424137379456 0.00164810808299148
778600 0.0268347620129615 0.122271694863228 0.00245122924541815 0.00254279173841263 0.00209686344462743 0.00218863322539775 0.00157414866333415
778800 0.0270221578213646 0.125018074859838 0.00160739405682888 -0.000207249479315816 0.00387477589835627 0.00223884927411173 -3.12504275578689e-05
779000 0.0268815746042018 0.12308954002942 -0.000570224069161319 0.00203044407403733 0.00217194295343015 0.000642595541912144 -0.000235740214696595
779200 0.0269419947658869 0.122154595249442 0.0039174176148656 -0.00166781515216145 0.00217692762080379 0.00211732445162532 0.00197983495308342
779400 0.0269831641212048 0.122955455862054 0.00151548444777352 0.00140801131061147 0.00251202033663825 0.00195603907320375 0.00117106310604648
779600 0.0269305809302323 0.119910534911468 0.00332147488602131 -0.000331646295821359 0.00281285410274802 0.00393204623198725 0.000445941946458726
779800 0.0271326714727689 0.124416908334302 0.000119042024874649 0.00336309372918772 0.00369756288650403 0.00368026135857623 0.000861002067150364
780000 0.0268979866356281 0.12250532042462 0.00380790487060407 0.00188924778336105 0.00335558785431327 0.00212159307514356 -0.0001398515567644
780200 0.0269754873191186 0.124573663993382 0.00050102745068481 0.000166989122635674 0.00379091429706158 0.00241273015470951 0.00111349489869923
780400 0.0269052411798158 0.123502180265779 0.00202648281889485 -0.00119566866251645 0.00295149718239275 0.000569673201074533 -0.000425668664406349
780600 0.0270970160467607 0.124918364886867 -0.000396788425656359 0.000147499627497333 0.00203399190475545 0.00277160460701506 0.00115524072736149
780800 0.0269582502556569 0.121853953844756 0.00125704081757502 0.00267761974850173 0.00259797723796606 0.00286281199179838 0.000750813826703098
781000 0.0270836965542913 0.125134906601676 -0.00100875380039102 0.00126078010789123 0.00185467565866079 0.00354419544262658 0.00062892373207798
781200 0.0268183612365451 0.122013066023006 -9.52711475300842e-05 0.00135703941781074 0.00188744689531702 0.00228692997527365 -0.000765668994778389
781400 0.0271365294505436 0.123859440406589 -0.00142300261900735 0.000605342536552932 0.00337852610824951 0.00316257234239044 0.00175137484093743
781600 0.0267655161619216 0.121461773013427 0.00215494769006771 0.00292028578191585 0.00258059721392715 0.00282078372744234 0.000331810404872278
781800 0.0272325572009586 0.126760025988362 -0.000681026358730427 0.00298519766770038 0.00314382457531424 0.00277452462223737 0.000796989907276765
782000 0.0267616042541748 0.123216872883277 0.000846099952477902 0.000578818037892444 0.00300822762585298 0.00178245126540776 0.00194395470366357
782200 0.02703352630398 0.125178175428809 -0.0018183833171484 0.000986574464719586 0.00286627043184843 0.00116886985827248 0.000920158748601143
782400 0.0269018336087203 0.124551856187883 0.00152604450727534 0.00158624783537673 0.00326814942695994 0.00179341110310061 0.000142066448284248
782600 0.0271342532683372 0.126650162576241 -0.000501651133274434 0.00411883934773876 0.00328179974476375 0.0019145428071267 -0.00084530449464666
782800 0.0270665052829142 0.124392261025846 0.00352175969842578 0.00271171588116984 0.00177026730940547 0.00139868908091455 0.00123323862944202
783000 0.0271932363960005 0.125934543784702 0.000922473329533791 0.00314075048646061 0.00363462000104334 0.0031067060911212 0.00160787197183057
783200 0.0269130199787439 0.12248509215306 -0.000246217635090178 0.0008845325402555 0.00319865903842276 0.00173350744906523 0.00185007808898009
783400 0.0269646437065695 0.121580343098583 -0.00209486355728776 -0.00239677782591816 0.00299902468929064 0.00208305329840358 -0.000513271658818799
783600 0.0268725250625264 0.122013970842724 -0.000220626455017243 -0.00127022523990899 0.00140843323717761 0.00128014827342785 0.000267239002184446
783800 0.027081060562311 0.12562374872628 0.00380404193583489 0.000404789885075714 0.000411699517777766 0.00168388312000215 0.00125250495353741
784000 0.026941783073249 0.124489937443079 0.00157426248028326 0.0031674617071189 0.00247616931831677 0.00223684680546407 0.000565152228023224
784200 0.0271273672808771 0.127023470486198 -0.000452204001589135 0.00266894423101718 0.00360318095350773 0.00269520957201259 0.00125097867162406
784400 0.0269290913975916 0.123680912380529 0.00128220326787648 0.00320045970970727 0.00400964181438352 0.00301051959290107 0.00136102201765132
784600 0.0272617963373255 0.124999952818359 0.0014164432587134 0.000817413354396873 0.00251078565851289 0.00255468500156984 -0.000655415269023893
784800 0.0267041521759274 0.122617028298764 0.00352964441293853 0.00477282703177878 0.00247768815779023 0.00259897847099472 0.000213036126622743
785000 0.0272615254150359 0.123894923986711 0.000277992067379247 -0.000238729816283648 0.00276768587030097 0.00172698857564994 -0.00047235454037603
785200 0.026776813710473 0.12143919584068 -0.000536572764057323 -0.00107397490204557 0.0017344243635419 0.000744805778323837 0.000805734500780723
785400 0.0269866507961535 0.123298923232849 0.000314423551888276 -0.000391338307780404 0.00151657255176217 0.00232532699212392 -0.000605202321675368
785600 0.026915635723409 0.123553432004242 0.0027714065170006 0.000563986123312515 0.00299714297126408 0.0037242324914334 9.24302208888209e-07
785800 0.0269891746156737 0.12514623251112 0.00317987786514297 -0.00340874687778518 0.00286804362309934 0.00320363110218205 0.00107498692056134
786000 0.027014337588407 0.124736300980583 0.000706426030760534 0.00130438703966262 0.00107801322394471 0.00308866902521909 0.00153293018686739
786200 0.0268389936586857 0.126026504860723 0.00349330566634163 0.00165884331315593 0.00313494311214677 0.00268710063523431 0.00148219731876044
786400 0.0273304736324721 0.12823685437945 0.0019901343056827 0.0017776249585228 0.00554411390764112 0.00251044635715492 -0.000179749846706822
786600 0.026895340979715 0.125204489636626 0.00453161463216098 -0.000153238857864775 0.0017512357205394 0.00467892913295458 -0.000435980039774106
786800 0.027098673452544 0.121921779426284 -0.00167228245432654 0.000702419275338869 0.000994113544185122 0.00420565847312919 0.000427002998591315
787000 0.0267756014464305 0.119113602090196 -9.92261763927409e-05 -0.00187414911577712 0.000702941880610544 0.00307538141547342 0.00152722822188121
787200 0.0270994012528703 0.124650022969817 7.24027475942405e-05 0.00116640475009789 0.00175174488652171 0.00258118937347953 0.000978799427003083
787400 0.026890715750265 0.126442237974543 0.00411571112543594 0.000237959484798194 0.00392284761739331 0.00166838936098656 -0.000156043245721159
787600 0.0272230904976377 0.126890730740982 0.00354283370691869 0.00495872032529928 0.00376708708912588 0.00176891498173355 0.000751065427225819
787800 0.0270538081693595 0.126151070548575 0.00297944682802206 0.00282497921567523 0.00291023215902689 0.00257892089169414 0.00243156148639611
788000 0.0269790855987884 0.121820373114225 0.000569239210774204 0.00196502412896656 0.00285880545595487 0.00156575340006662 0.00166308978300689
788200 0.0269401795966999 0.121930756599155 0.000931927221991332 -0.00314133520706002 0.00138074622522081 0.00275777946734996 0.000328594795679078
788400 0.0270465201699703 0.121925692761864 4.83759875842178e-05 0.00133488509101723 0.00179460633968504 0.00149913069110835 0.000216071595181546
788600 0.0268484356798508 0.123129250023251 0.00170712137514544 0.0037260521076151 0.00412313215154741 0.00292457859063678 0.000250909449416356
788800 0.0271845419210437 0.12630134259444 0.0011048151318396 0.00229463454084632 0.00383362539365111 0.00220622648377355 0.00123704720990909
789000 0.0268198840660952 0.121144581540652 0.00300962272462288 0.0012527354219402 0.00357195769972427 0.00262749700988487 0.000229339195038772
789200 0.0271505325831007 0.124497385193216 -0.00153094054699267 0.000647054820511382 0.00259547719383525 0.00340996905942512 -0.000743533794523061
789400 0.0268413819896504 0.121562585355935 0.00233150926059895 0.000811944585177307 0.00374405810019788 0.00370888885793705 -0.00207093723142336
789600 0.0271084739527335 0.123227901895469 0.000898954646948048 0.00284517770711672 0.00288754771071546 0.00256716235921251 -0.0029000936392078
789800 0.0268409772973787 0.122453227586042 0.00349169535321803 0.00148136909508449 0.000912740499470582 0.00277661692080635 2.4687872198255e-05
790000 0.0271223622485759 0.124584663087066 0.00161362891090859 -0.000139596556441382 0.00231472290088166 0.00263361262557826 0.000114636314284478
790200 0.026784530810165 0.124399290814824 0.00271035483983771 -0.000482109181716539 0.00190124464617826 0.00330710858344108 0.000768295376869324
790400 0.0271993793792348 0.125332282308798 0.000332411679462245 0.00225861183964471 0.00162245816594029 0.00158113856715237 0.000644432879319395
790600 0.0269101318781885 0.123011898941643 0.00266885887190633 0.00229932919377743 0.00142396397175272 0.0030195434550131 0.00184899776757191
790800 0.0272193634509876 0.124991981806292 2.40523197232069e-05 0.000199857321138329 0.000657956014902278 0.00405968752110726 0.000512723076599453
791000 0.0267146578444263 0.122512722445412 -0.000706805162832758 -0.000987317979257551 0.000997604525410878 0.00153153584438224 -0.000545479528601359
791200 0.0272890971854034 0.125279640258331 -0.00540752615599629 -0.00103119350293241 0.00318321753861283 0.00207346647728075 0.000612734544165115
791400 0.0265340168100688 0.119700934248709 -0.000372932632290987 -0.00246501789157477 0.00250307713144106 0.00136672685373228 -0.000106791437501343
791600 0.0272004150033317 0.12568434476882 -0.000150442603518292 0.000747649736691035 0.00203285466423943 0.00156390363015011 0.000621007321949095
791800 0.0268267910717907 0.123185268672193 0.00266595439878403 0.00290837735572432 0.00119437806341505 0.00267292594850211 0.00208468156217513
792000 0.0272095586403695 0.127458265343108 0.00299060961490208 -0.000413512293882209 0.00256670484075682 0.00160731694416704 0.00145982351972191
792200 0.0268865098932511 0.125104292893975 0.00215923061318236 0.00168794788834561 0.00327802292248562 0.00255048566883533 -0.000273916869400413
792400 0.0271536343141697 0.127785319397621 0.00130576252662094 0.00167701161213807 0.00118983122759165 0.00205509830368256 -0.000190180968988913
792600 0.0268929088951229 0.124625197760594 0.00266453688584929 -7.74019757898232e-05 0.00275596723180273 0.00275260852331603 0.0018000949131152
792800 0.0270717789273659 0.122697711761736 -0.00258794884250995 0.00211076381718185 0.00321859771420799 0.00260156761118663 0.000542956360850022
793000 0.0268997921829999 0.123038974122696 -0.0012474554074911 -0.00394250503668036 0.00277690640374878 0.00298217239815333 0.000841388742284751
793200 0.0268592962678552 0.123079855142237 -0.00112790818397244 -0.00035704912049994 0.00225048979337416 0.00328487477773412 -0.000209026264035232
793400 0.0270509299148584 0.125605505837595 0.00317989731111669 0.000319030897212208 0.00217960107363394 0.00273808348479423 0.000694084871477657
793600 0.0269558373130285 0.12622111389188 0.00393002399205403 0.00236982766079338 0.00319963279194606 0.00412920696270024 -0.000358104654168126
793800 0.0271539950613611 0.124939418363479 0.00238118840551856 -6.66768146928555e-05 0.00312326370590029 0.00300494840385628 0.000578292504829788
794000 0.0267898463453009 0.123597181810418 0.00020792191663829 -0.00184768506067279 0.00219943325696208 0.00401117632364968 0.002362300043969
794200 0.0271302649064418 0.124099534287962 2.20706931434421e-05 -0.00232656185977456 0.00502905558181594 0.00185578686169061 0.00126980045486259
794400 0.0268091079666771 0.122476800327893 0.000576892971423651 0.00185350005645766 0.0039007069124028 0.00269994186366948 0.00136085904030092
794600 0.027236526464309 0.127591310365104 0.00291844781198954 0.000703424917753136 0.00195015224623797 0.00509111257361585 -0.000500500574147255
794800 0.0268539790757907 0.124675321264677 0.00379812208719005 0.0027286559192089 0.00309460376466111 0.00314952810564168 3.10645620983977e-05
795000 0.0271587811554767 0.125365651657807 0.00307125854036157 0.00185039300543558 0.00375924569087479 0.00110738533349902 0.00173232009260455
795200 0.0269884278970097 0.12271881302067 -0.000139689703847803 -0.00141973702778447 0.00150272992178187 0.00160888277589136 0.0019113438329116
795400 0.0270349688888269 0.122665113526535 -0.00150216813526907 -0.00248443087039605 0.000771495212008452 0.00358207656048421 0.000468584655427317
795600 0.026964394233328 0.121906312836209 -0.0013274888894367 -0.00116557994840759 0.00249248587976747 0.00271920213866815 0.00265623663665022
795800 0.0269922912359569 0.123686167395719 0.00095697749916311 0.000273855897022092 0.000860050495262294 0.00163374259501047 0.000782187770036913
796000 0.0270302561053219 0.124511859353897 0.0005589184174509 0.00147848939528213 0.00145356221408087 0.00439163409832898 0.000273626090629771
796200 0.027083811622955 0.124452220127658 0.00177662694399873 0.000811996046096094 0.00304996228840415 0.00280547252804947 -0.00029806861355204
796400 0.0269559268748846 0.121455241750902 0.00124921973972692 0.00324582719754579 0.00391181965921752 0.00313020934132947 -0.000282857677309671
796600 0.0270958417381126 0.123694424599783 0.00246108182270898 -0.000245694192059947 0.00330753663256359 0.00473216657740813 -9.82629848691313e-05
796800 0.0270090221762998 0.122520063189918 -0.000431306262299033 0.00242029796945186 0.00382308977792522 0.00349428284357442 0.000282722425989929
797000 0.0271134510217632 0.12409888828705 0.00249244025731578 -0.00227914984077091 0.00265835292918173 0.00402881696516345 -0.000731590044747849
797200 0.026888479022839 0.123121080762463 -0.000869684455606709 0.00249431273280143 0.00363057791101542 0.00404412116639269 -0.000381968182762946
797400 0.0270672104575455 0.123196289908969 0.00381845364612692 -0.00214751464450656 0.00197590283614802 0.00213745253496926 -4.2464349614839e-05
797600 0.026834714058088 0.121923781971692 0.00217477270211296 0.00216296581541346 0.00163994120730484 0.00257922012177193 -0.000899812656874093
797800 0.0271130993558269 0.12545106792773 0.00221119383606728 -0.000859058020346126 0.00292399375185032 0.003553558340672 -0.000905533187061446
798000 0.0269439249369415 0.123075103927812 0.000341349291159216 0.000879785326448162 -0.000593143203828802 0.00392343599649648 -0.000470933475019886
798200 0.0271464461732896 0.125245751774013 -0.00123998084815795 0.00128538460982806 0.00280549178340852 0.00249505694149808 -0.000264745210883948
798400 0.0269221787896257 0.120752451340613 -0.00140391290865802 0.00225806011873625 0.00163976412927737 0.00275170748629891 0.000390443765198242
798600 0.0270965726140473 0.12198805662995 0.000641593606062265 -0.00312549177446278 0.00307266446816938 0.00325101932664798 -0.000241340367335395
798800 0.026884109236531 0.122611780698842 0.0025849273436594 -0.000568691632716079 0.00295269277763225 0.00101588344295978 0.001241740388245
799000 0.0272682560295763 0.12633966406206 0.00327441105713508 -0.00213356681704964 0.00426170766619156 0.00046987604061382 0.00108872496494746
799200 0.0269766967672778 0.125717356830467 0.0042378912251544 0.00206658218011972 0.0020593202644798 0.00109097958325348 0.000395202619799652
799400 0.0272827159106393 0.125089540456966 0.00262550500516839 -0.00238445776394227 0.00251803930057004 0.00215867933250216 0.000376420479200611
799600 0.0268859375768912 0.123477860761599 -0.000490112779283949 0.0018951637397316 0.000492223296952775 0.00220502792701943 -0.00112307497325504
799800 0.0273155717840369 0.124914873441637 0.00176843026447266 0.000120865495071221 0.0013987819015415 0.00135101896978801 0.000791326959890882
800000 0.0268780157517322 0.122601011285983 0.00193830075365656 0.00380585979131656 0.0030646384151124 0.000708509607786023 0.000750515047324501
800200 0.0272176180550528 0.126751320051975 0.00267177352354674 -0.00170101578595854 0.00281400479627653 0.000989421505002551 9.55235385802995e-05
800400 0.0269318755821689 0.122500355020398 0.00233933202140377 -0.000700710497076161 0.00445550668544809 0.000898808503829649 -0.00128337532630126
800600 0.0270926285484072 0.122912199695737 0.00207434788027387 -0.000172372570421336 0.00289219893363029 0.0016332896679848 -9.96559805297493e-05
800800 0.0270436031588178 0.122318252237354 -1.98141713102029e-05 0.000687754966827188 0.00349413292874222 0.00256842322443561 -0.000744917586992525
801000 0.0270526307808287 0.119784628001969 -0.000218458339355858 0.000724557248933424 0.00237650572980888 0.00346090908851618 0.00136146862009077
801200 0.027031618902484 0.123167341767136 -0.00130813314736704 0.00241646942233119 0.00313601779443037 0.00154922523204817 0.00206213616721345
801400 0.027113281933689 0.124904464242553 0.00110919774671595 0.000759784338421746 0.001915166081414 0.00219305659441584 -0.00062108277587864
801600 0.0270493549994676 0.126032614284644 0.00171422246231374 0.00336288480325477 0.00175550100896303 3.87799574966477e-05 -0.000554886634382648
801800 0.0271171701851185 0.125813580911432 0.0033225201464804 0.00106024589706277 0.000316705558778109 0.00152936631989354 -0.000131964478392715
802000 0.0269903740028308 0.124758885345466 -0.00324705354955064 0.00209151486648389 0.00192167743063448 0.000752781636715573 0.000682129087016342
802200 0.0269912591567402 0.125701429857182 -0.000649878148242111 -0.000313871685622874 0.0031031832348753 0.00146279248213549 0.00104366855796042
802400 0.027072878711425 0.123692846542656 -0.00340460877647902 0.000315560334477489 0.00298129386230847 0.00290069119464723 0.000226493131287085
802600 0.0270634069589514 0.121077609132119 0.00195048058388217 -0.00131816275426184 0.00149656566116977 0.00422572763159867 -0.000855921068096462
802800 0.0271760484358784 0.122683150196432 0.00173797945978602 0.00454159097949855 0.00270584267093026 0.00321072390898155 0.00100960872221733
803000 0.0271622091443582 0.125161407591234 0.00240460253546964 0.00243497291167551 0.00482467279063785 0.00238757089465305 0.000223920169111367
803200 0.0270741577966417 0.123994181146207 0.000319436602008397 0.000609425261728623 0.00363151126612293 0.00118454786667124 0.00161868797422845
803400 0.0270575247005128 0.121181978280335 0.0011492931285612 0.00212225748593104 0.00279723109411001 0.00184227783921575 6.63521179519705e-05
803600 0.0271854950008848 0.12365479428191 0.00151491740946011 0.0024226824679708 0.00257383659193529 0.00146048447491225 0.000326069922009537
803800 0.0270884927484461 0.124349695237675 0.00229184435549434 0.00127550755952708 0.00279798935143484 0.00114472220369168 -0.000773965288936264
804000 0.0272096698296772 0.126024482819806 0.00108961968530034 0.00428812526712302 0.00077312627834736 0.000894563716456838 0.000525500741743185
804200 0.0271423334941543 0.123836800405851 0.00186463015074354 0.0045537934060931 0.0039553938759041 0.00221827174978203 -0.00027130697725705
804400 0.0272771603086226 0.12389294624647 0.00053848667181244 0.00320025633214675 0.000847898606800943 0.00188323705081216 5.5594121580883e-05
804600 0.0270572790041718 0.119724654181148 -0.00205137015077495 -0.000777029532468957 0.00131530960432687 0.0022477238724294 0.00115825070220475
804800 0.0270967889765 0.121321293376267 0.000494945734714972 -0.00115116928261268 0.00408689662798347 0.00349576926021085 0.000456412336195974
805000 0.0270773502177622 0.121821307606718 0.0066430387123991 -0.00161528440980024 0.00238208343262589 0.00292123903857259 -0.000284624204389763
805200 0.0271665105874197 0.124945399797829 0.00395864367695216 0.00207752982042535 0.00279794795119861 0.00295846063411685 -1.73418530515223e-05
805400 0.0273226935523396 0.126286272919277 0.00229912524726719 0.00292338270946115 0.00102718867684865 0.00309862798973943 0.000775012001377088
805600 0.0271644197375169 0.126447462475319 0.00119906380396779 0.000441825168649433 0.000292534023040067 0.00375505900790954 0.00188940561709133
805800 0.027208351251546 0.125889416804437 0.000104124075266728 -0.00143383316470396 0.00215454791020927 0.00279943835528359 0.000525321281597934
806000 0.0269476969982578 0.121829398738334 -0.00101818936378504 0.000653488151928464 0.00204720997777338 0.00305398423638338 0.000853630967340582
806200 0.027052549536593 0.119983606879479 -2.98774452654677e-05 -0.0032452548846534 0.00202220241663996 0.00243916360160918 0.0027476317311729
806400 0.0270538092497736 0.12182049162056 -0.000162294052019684 0.00133297723359348 0.00274042629772891 0.00244033757941121 0.00127318648908585
806600 0.0272068657183509 0.122901831143635 0.0016557504240812 0.00201323437849201 0.00201515500109427 0.00165356384611651 0.00159921759976939
806800 0.027217177456014 0.124729124755258 0.00363139960398965 0.00329923346249308 0.0023842614132915 0.00205774880065468 0.000344596799641717
807000 0.0271342008131295 0.12394130766047 0.00253454678731715 0.00524778107979696 0.00186506186069977 0.00200711938236893 -0.00140184548071737
807200 0.0270217605337714 0.123894216715575 0.000159489269504334 0.000293202760878743 0.00137984375763264 0.00177988016089298 -0.000653156781529494
807400 0.0271111275293643 0.122818889347117 0.000533484186318095 -0.000994772493488522 0.0030046338513559 0.00153129503193221 -0.00102117468354367
807600 0.0270276289059704 0.12056703373356 -3.30333706178986e-05 -0.00133183009860981 0.00215660189028257 0.00263593642720338 0.000551401942821539
807800 0.0269095311593002 0.12078045916396 -0.00179524507655038 0.00130075091375754 0.00128111167727065 0.00319580130226383 0.000400255468202633
808000 0.0272007508104692 0.125227352992937 -0.00122000310193509 0.00287712239205118 0.00312611861953529 0.00313590646886798 0.000903576708287974
808200 0.0268813067381606 0.12461577830756 0.00191833139671911 0.000145432480371803 0.00398021897538966 0.00333501873727166 0.00142669371669193
808400 0.0272234755382409 0.126676971349203 0.000502437350632833 0.00216005832633246 0.00132124607645737 0.00352587458376256 0.000770570229955173
808600 0.0269046532061173 0.121736178208312 0.00173492473220563 0.00188381281388678 0.00151164235507163 0.0030885064923643 -0.000184329321659629
808800 0.0271855249565319 0.125110196976896 -0.000634332185671839 -0.000503972171295635 0.00216884063499359 0.00224914775690836 0.00195824550371929
809000 0.0268075362768016 0.123358618809193 -0.00057470315513122 0.000358454948355755 0.00207640137508002 0.00191767069053959 0.0016327897739361
809200 0.0273056923300259 0.126625246007344 -0.00185979384153284 -8.98347267774043e-05 0.000701982735370681 0.00180104709664576 0.000476033114529435
809400 0.0267438966439305 0.119951300195955 0.000240259864886774 0.000964546846876066 0.00136802085280427 0.00232869636248421 0.0009522454031233
809600 0.0271945389407443 0.122814898274091 -0.00119602491981132 -0.00151406285002392 0.00264220937482799 0.00303841453799569 0.00141433304647917
809800 0.0268441856082886 0.123114138662972 0.00186841725005753 0.0022594194816476 0.00153474660932703 0.00163389454698883 -0.00150017538847194
810000 0.0273120824685651 0.126828884561024 0.0025249639300847 0.00329760046544908 0.00247408257118346 0.00134979333953082 0.00125747955484387
810200 0.0269653530024437 0.125078369486112 0.00241641961280503 0.00355074668022166 0.00294559144121777 0.00241795682836422 0.001583195139874
810400 0.0271684321655927 0.122128698900441 0.00173748407897989 0.00253372390577965 0.0026718107408059 -0.000308968711050776 0.0010056165107608
810600 0.0268836191314172 0.11904139280048 0.00133331098386483 -0.000423409459339476 0.000710258594246629 0.0016079836938366 0.000735871492383038
810800 0.0270701328183294 0.121140214321386 0.0010275059656154 -0.00250649974622211 0.00164178465262441 0.0029103995966278 0.00156777054503272
811000 0.0269032671527338 0.123470933331096 -0.00089155337497442 0.00254544435778278 0.00248091661619184 0.00283468124130105 -0.00112549938103056
811200 0.0271194955115544 0.125739416337575 0.00287998730530356 0.00270475328498425 0.00383524345588564 0.0033883042513876 7.45042940002893e-05
811400 0.0270459241005377 0.127762317034629 0.000900962682997943 0.00245443971366193 0.00194609801991035 0.00207268140108228 -5.70605628987936e-05
811600 0.0271080396304629 0.128190939462633 0.00399616966858939 0.00153287630416719 0.00201220927573968 0.00355298596920602 0.00102827269834727
811800 0.0270450182240971 0.124929759257868 0.000972139245379043 0.00193535112008835 0.00194046037278823 0.00346664543800069 -0.000840046742161865
812000 0.0269086121325768 0.119596868211497 0.000673368262400837 -0.00197680990780423 0.00235051952989219 0.00187686650003521 -0.000989577990366107
812200 0.0268978089410006 0.122817380904403 -0.00277746454429541 0.00165684101772063 0.00416552877661261 0.002778499720876 0.00184611143815184
812400 0.0270189663025765 0.124271020285835 0.000386940583902293 0.000503293509570946 0.00311567623137213 0.00281532924582315 -0.000152488895929061
812600 0.0270140761223242 0.122445995844721 -0.000733858607674136 0.00256317656591675 0.00351820507868536 0.00219352501681211 -0.00147984685306077
812800 0.0269784817320222 0.120156031293115 0.00333231095502246 0.000568594115286063 0.00201137868424649 0.00310533363153822 0.00118519548580913
813000 0.0271722575463789 0.123522394570173 0.00139835064459253 0.0014448366409448 0.00347244997621763 0.00235679078659326 0.00151794401668927
813200 0.0271158535791461 0.126744082128906 0.00330472204635959 0.00409437077792248 0.00349728595571258 0.0015600566626896 0.000892027060406305
813400 0.0272463324290517 0.12884892965857 0.00392829864168744 0.000693895817619872 0.00289946695101765 0.00133465015512318 0.000641441501711891
813600 0.0269029456842475 0.124234093282009 0.000511874845282632 0.000454708113935931 0.00249332937469071 0.0016531137922062 0.000989265234134712
813800 0.0271458896406679 0.123784238841455 0.000615311405351747 -0.00295996819181154 0.00199531727506288 0.0016996716993743 0.000999164082935094
814000 0.0270107455413788 0.123162433285284 0.000837843513664843 0.00214388465612307 0.0008503787738142 0.00321059412398492 0.000698401696912135
814200 0.0272992118754376 0.124445096310111 0.00287701047512004 0.00108108202468871 0.00254862975587057 0.00163731951613649 0.00209167188833118
814400 0.0270103895875405 0.124532670235504 0.00373418113607399 0.00553391569028359 0.00187852645196815 0.00211716522468203 0.00197182572017738
814600 0.0273848122317619 0.128222568566216 -0.000184902441036568 0.0023528291208561 0.00196182322950018 0.00240538179759051 0.000754132602226806
814800 0.0267316401357324 0.118509479178289 2.48353189417026e-05 0.003527147435318 0.00180358826684511 0.0025978712212691 0.000507432459484632
815000 0.0275421510374921 0.123885662889255 -0.00411654830721232 0.000349898127563775 0.00346422529053102 0.00182052715362114 0.00180802421925968
815200 0.0268041698628959 0.12101015073089 0.000924891270166785 0.00047467158561205 0.00480849822997364 0.00109709907823851 0.00209127147704378
815400 0.0273915928006336 0.125130933794393 0.00412427004028342 -0.0016507062678305 0.00315772528037388 0.00228128223085513 -0.000231684806273767
815600 0.0269700959229466 0.123923272531065 0.0029610807514255 0.00263378800019838 0.00337953235211617 0.00245507973669188 0.000677318320910276
815800 0.0273794401246403 0.124557427661989 0.0010064654968835 -0.000150786251694408 0.00350059399739881 0.00149916365799313 -0.000796459872159006
816000 0.0269139502805414 0.122579517313915 -0.000501620630921533 0.00402052565019194 0.002230349986735 0.00378880085943283 -0.00134938699156366
816200 0.0272229652370284 0.12170287770454 -0.00165072300890961 -0.00113778314663496 0.00186177180814652 0.00242207857518807 -0.00168032562610999
816400 0.026784977463875 0.120221935404307 0.000915609506119174 0.000720671963492347 0.00107663154228413 0.00440716470111923 -0.00134740189250331
816600 0.0272541474612282 0.125434927300305 -0.00234560586042066 -0.000876367808561232 0.00488157325472278 0.00428384216647805 -0.000213347433180587
816800 0.0269301730289387 0.124239892778438 0.00131324005167642 -0.000187512284224398 0.00230249073026571 0.00185789586741138 0.000556169369570913
817000 0.0273759814802114 0.126831435718143 -0.000275340223308027 0.00109198070831596 0.001492309648207 0.00238411113867099 0.000374737143067661
817200 0.0270366284266871 0.12649969335508 0.00412129636325416 0.00409870926317665 0.00336725678706826 0.00358060714989454 -8.86201101648826e-05
817400 0.0272677584677554 0.127696732761633 0.000867630398861559 0.00279983781867089 0.00355448813988704 0.00138727018117237 0.000674489853623169
817600 0.0269166525090844 0.121121514277512 0.00287423483522337 -0.00326666354290953 0.00198759809491062 0.002454537278081 -0.0014972375909386
817800 0.0271295971634303 0.122206626304302 0.00155791805548281 -0.0018287856541793 0.00113853909676461 0.00237043359696399 8.32282288876103e-05
818000 0.0270389225067501 0.122541065399552 0.00138959510068189 -0.00029076943276703 0.00191693610428093 0.000868380831750277 -5.86881258007772e-05
818200 0.0272085035789115 0.126374505625007 -1.49967218029754e-05 0.00624733931247324 0.00240473749391396 0.00184074010310464 0.00108904176290258
818400 0.0271264419320777 0.128493775055002 0.00208405529680128 0.00422135013281733 0.000549167563315171 0.00373930932431563 0.000701147861351562
818600 0.0272547704550875 0.12763712233184 0.00233916994517473 0.00057971484827534 0.00127928765713127 0.00286176388248554 0.00098268069568022
818800 0.027027130502658 0.122660998628214 0.00133205641638306 -0.000960038670039158 0.00246835254091323 0.00150076830776388 0.000675144329095437
819000 0.0271380447424711 0.122999949032707 -0.000386188333929558 -0.00243801507681175 0.00391085705439083 0.00160830822731944 0.00108728942115989
819200 0.0270951927232328 0.124318429715368 0.000325976446066469 0.000453758392146485 0.001459135077414 1.64832671943395e-05 0.000333870104262513
819400 0.0271025448260993 0.1234285126388 0.00120172225664559 -0.000321768779645125 0.00133049731578014 0.000951164368504106 -0.000191183140538613
819600 0.0271728866052127 0.124167424633625 0.00299462893168343 -0.000535947586449377 0.00206149108523409 0.00151717533137836 0.000743895718813653
819800 0.0269442541365905 0.12315941242088 0.000973104651311683 0.00325469495658795 0.00139384038396771 0.00314183495529826 0.00246733522287797
820000 0.0274114639122936 0.127314551210798 0.00147363134839701 0.00101770396342124 0.00104686272065358 0.00288156001449108 0.00123724597018463
820200 0.0268653148620616 0.123603447902317 0.000975335180137229 0.00140184922224643 0.00239524922870406 0.00362096527886041 0.00152066715973307
820400 0.0271691479699329 0.121283278832489 -0.00178526762695487 -0.00181258605072676 0.00186310561132746 0.00299289415169938 0.00174277927072874
820600 0.0269388251724882 0.121637224418378 0.00256619123226707 -0.0014929688840762 0.00202660445325004 0.00233962772883832 0.000753646081364656
820800 0.0271761314187188 0.125070401865279 -0.000996102290549421 0.000637137230870504 0.00369963553300591 0.00154799068818364 0.0013981832641775
821000 0.0269924784027215 0.125529414652792 0.00182266225137627 0.00163498810674935 0.00528968304259667 0.00212430054412341 0.00275455994728725
821200 0.0272793891921796 0.126787180711319 -0.000230266396061226 8.95825144347953e-05 0.00404144768367515 0.00203764685824035 -0.000360034330080877
821400 0.0268825700075518 0.123132970385146 0.00191969437764917 0.000922382797994798 0.00394892118168218 0.00225475863283561 0.000704446756510828
821600 0.0272729996506449 0.124826157145255 -0.000547522823732644 -0.00148580792540178 0.00229688494151877 0.00278965396499143 0.00123701260895805
821800 0.0269180909656461 0.123925635754973 0.00217733307995139 0.0025907861649726 0.00221443023466905 0.00255228234184083 0.000842345976518421
822000 0.0273278905348245 0.124385355112005 -0.0021303724864993 0.00106808015277303 0.00228051892223198 0.00255553624606423 0.000582035072913881
822200 0.0269446866576879 0.124241792658245 0.00249599722593673 0.00109530832257351 0.00247202860187687 0.00426155874919432 0.00125662898310928
822400 0.0273416144212996 0.124282712503766 -0.00154604047017064 0.00250098854254525 0.00149837624532487 0.00321371681673244 0.00228033600280324
822600 0.0269654801610866 0.122106048724524 0.00195255314518506 0.00122769653795352 0.00195480343336119 0.00151084956292353 0.00251601702056798
822800 0.0272565288134582 0.124804482007921 -0.00149610270846494 -0.000524193239414499 0.00320705232118749 0.00305287460786377 0.0013587142111833
823000 0.0270942871955032 0.125434841221209 0.00150215687580978 -0.00180050936458529 0.00452318767972179 0.00279377806683557 -1.62278373237958e-05
823200 0.0271717238258933 0.122227624247661 0.0011470724764358 0.00103322595362783 0.00291871924198156 0.00333471721229475 0.00135953967292604
823400 0.0272239038098917 0.124685329035016 -0.000810039724596339 0.0040915496133682 0.00181391645477651 0.00151632263402413 0.00131476464437713
823600 0.0272806276136961 0.124789755868892 0.00149931679456587 0.00281700151394684 0.00143658716468409 0.00135914757632088 -0.00101880097472997
823800 0.0272471872174984 0.127870883107049 0.00354303960392542 0.00482798207334129 0.00184180501032526 0.000736787066985349 -0.00171725053766044
824000 0.0274083990767112 0.126398035528232 0.00533766326886958 0.000381782231054174 0.00422274764577006 0.00130535223246466 -0.000107881154071996
824200 0.0269770155247592 0.121470016390139 0.00246112551085854 -0.00130714930343756 0.00268899115958211 0.00357924279759924 0.00067264135993898
824400 0.0273188878018621 0.122850649538531 -0.000850874196812804 -0.00360674038114 0.0020070443420232 0.00328701079749626 0.000676640171581525
824600 0.0271201878123574 0.122814171727619 -0.000715805670309215 -9.49624530102783e-05 0.00310037265495981 0.0020291220599922 0.00135363813610192
824800 0.0271780357175983 0.125373363383283 0.000398143137402664 -4.78996814856314e-05 0.00301477720442713 0.00248631575069811 0.00137157169938925
825000 0.0271622952699363 0.126342727141089 0.00194773386232306 0.00234696421005225 0.00193865701057676 0.00234538891033911 0.00105095218467214
825200 0.0272736306944758 0.125891686871162 0.00154121145307342 0.00301917733350725 0.0019678839767861 0.00170147608925187 0.000326804810085026
825400 0.0270558935226013 0.121643063838636 -0.00120982357441504 0.0026485808672449 0.00040993275104091 0.0033457238589343 0.00170176744775055
825600 0.0272526957176828 0.12102112185333 -0.000621822743635462 -0.00155276679297642 0.000504848799159481 0.00161245406461514 -0.000334342825547431
825800 0.0269257871968503 0.119852066523176 -6.2265092096006e-05 0.000432666133187429 0.0019324431094421 0.00319218968842794 -0.000102622218056478
826000 0.0272671588814976 0.122384583937705 0.00392223299604718 -7.13324388985989e-05 0.00264767470758762 0.00124767464663194 0.000619859504744979
826200 0.0270805108855878 0.125939580189672 0.00242133910102436 0.0038587151007538 0.00259018288526967 0.00111113994676444 0.00100849962197741
826400 0.0272433835895001 0.125276106402612 0.00296051944339064 -0.000425454483990919 0.00188621255616335 0.00152806776861649 0.00204059280443837
826600 0.0271320205670908 0.122312103788995 0.00242599178929081 0.00102962021977303 0.00288046336834719 0.00202056301023134 0.00218668130428539
826800 0.0271208502742074 0.123293033263278 -0.00058382792905762 0.00283564864720199 0.00291585728639873 0.00245890316761401 0.00318045957236982
827000 0.027226987548657 0.127113489126716 0.00519103714773627 0.00198041812327864 0.00260004451304753 0.00242309065342066 0.000899907334232733
827200 0.0273485729789637 0.126918204846975 0.00277722239134246 0.00282167443103003 0.00284178985320002 0.00156590599927299 0.00122224812085032
827400 0.0272697828660644 0.122708026403629 0.00233985353783177 0.000275077242903103 0.00398682012342909 0.00155355212689974 -0.00191877967663936
827600 0.0271986306871377 0.121328963571942 -0.000311299678443956 0.000325879504790079 0.00195116739874714 0.00119095607479489 0.000946590803901497
827800 0.0271787577931622 0.121109085641969 0.00143714827111595 -0.00222071065804648 0.00266102583108797 0.00290592299962957 0.000723822652543251
828000 0.0270904291052035 0.122415573929051 0.0025881362581687 -0.00126042991533273 0.00246774825993352 0.00266351936616829 0.000402628054639817
828200 0.0272409082957932 0.12209193334515 0.00318870008864467 0.000921981607588428 0.00226010055051689 0.00218834215406355 0.00147097379548438
828400 0.0271932876141796 0.12375808574553 3.14879922288536e-05 0.00119294939243944 0.00104033858186548 0.00337608460534797 0.00091975230081865
828600 0.0272736831020588 0.125153552860716 0.00402692627080765 0.000607084576656014 0.00167727496697197 0.00357288908284523 0.000290535334416876
828800 0.0273298991621537 0.124806215507817 0.00110118250642588 0.0044233513274338 0.000246106427046367 0.00476594702753298 0.000579899824983739
829000 0.0271582476424169 0.123805325992786 0.0035163020245275 -0.00156235953956846 0.00130135782201424 0.00268669212568754 0.00260548829126048
829200 0.0272863057777616 0.12434697023274 -0.00298168533378209 -0.000409450887640931 0.0023156911391393 0.00159342140701473 0.00141601294341363
829400 0.0270575644143095 0.120738311050203 -0.000378076004112642 -0.0027452775921651 0.000528157750840582 0.000101326784905399 0.000962202287284281
829600 0.0272533558745705 0.122059789738809 -0.00268273009288483 0.00120797707934905 0.00150934345275782 0.00445803791292199 -0.00125956406041491
829800 0.0271462877040477 0.125416675573358 0.00238670795822688 0.00284284906798768 0.00252128912385069 0.0030406241506102 0.000660844281689709
830000 0.0272524464762993 0.126804883092993 0.00238994711328452 0.00319589129391125 0.00240691131124279 0.00545726582744088 0.00208579044532642
830200 0.0272304510491887 0.124497475066188 0.00483659941596195 0.00147280893598332 0.000719283554199347 0.00371504268249799 0.0028497814643158
830400 0.0273081594037354 0.126539473244665 0.00117542184067219 0.0021987795320486 0.00235604527975718 0.00430936731410406 0.00205932894190353
830600 0.0270266417568463 0.12313937444863 0.00490264071103195 0.00034043143172225 0.00142997555316528 0.0030728896489228 0.000757400724919123
830800 0.027395552018493 0.121721700660757 0.000549451576416554 -0.00244705030922469 0.00188710342488209 0.00181993757718953 0.000691545602089367
831000 0.0269306587379726 0.119277476163856 0.000616430432368006 -0.000214976021191513 0.00281765157060848 0.00200537401088197 0.00130606503010925
831200 0.0273827218217047 0.125376921166516 -0.000349208185200826 0.000824700702044623 0.00138777491843226 0.00300756565295525 0.000938115001282336
831400 0.0271635369934643 0.123425722377854 0.00207113113912095 -0.00034275306788293 0.00142604348668619 0.00224385577357028 0.000875559624400821
831600 0.0273877934775832 0.125071338017919 0.00232682633494002 0.000120665445497248 0.00204785320927488 0.00217149803598818 0.000568283810116621
831800 0.0272217908737897 0.121495391250718 0.00180190316868154 0.00428490734652199 0.000745426744122478 0.00177467091679155 -0.000210417497021387
832000 0.0273768393830582 0.121716920613976 -0.000111760381037908 0.00209290628401379 0.00136825270714677 0.00356522618705756 0.00140456061424185
832200 0.0271901158858978 0.120809848974578 -0.000235795308321998 -0.0040471726139343 0.000528776098910073 0.00328677084008375 0.000793111257510308
832400 0.027191626431621 0.121494887911601 -0.00332168237064776 -0.00216758838308879 0.00173424975761338 0.00391220098766364 0.000670693557040278
832600 0.0274244655384967 0.125545024883557 0.00301839591100143 -0.00142128104957865 0.00120707229732035 0.00111048798267392 0.00159483040684129
832800 0.0272901616189095 0.124816011610358 0.00669785870478534 0.00174691933714854 0.00109856719695582 0.00199105173284271 0.00122264358407178
833000 0.0274970430395699 0.127494905951493 0.00523446799608935 0.00224984935687739 0.00126775987891856 0.00155878371078452 3.73422213187403e-05
833200 0.027289009953243 0.12581888609543 0.00568318570674592 0.00126849817319089 0.00163990648488552 0.00346345382765108 0.00021456447877687
833400 0.0273009799541988 0.123210165984272 0.00104362427388269 0.00260893239641895 0.00229993055220465 0.00366835698534936 0.002316210558366
833600 0.0272104949632505 0.123955394786981 0.00270818802090324 -0.000417543860989478 0.000893004953549489 0.00399586734697458 0.000976171087137346
833800 0.0271995133733051 0.121576843383721 0.000560694221781239 -0.000706123648462765 0.00182534087249651 0.00351363699259515 -0.000468363796607224
834000 0.0271471884245759 0.122584612356995 -0.00105431971342867 -0.00302848415573991 0.000874832153645071 0.0050529145660948 -0.000169638343575977
834200 0.0273424404968027 0.123522968686579 -0.00221900236602822 -0.00132524694197796 0.00205989194925917 0.0014212741074374 0.000659696415548121
834400 0.0272630884890602 0.126313192239886 0.00260772233150192 0.00212230489883918 0.00161103373747237 0.000803930244405376 0.00182479219995841
834600 0.0274928754728013 0.127272758971957 0.00305982164070538 0.00114770584858165 0.00315386549720887 0.00204754091495373 0.000133387348521867
834800 0.0273262503465366 0.124071899477995 0.00728403995217408 0.0031002626959553 0.00210800245986169 0.00279939832529488 0.00111955998902828
835000 0.0273944023867382 0.12249609088114 0.00393592114538416 -2.50390988570336e-05 0.00183109604282949 0.00200222135400959 0.00199209818162208
835200 0.0272635917230423 0.122015641196599 0.00470064376145013 -0.000405548288163406 0.000628923540358538 0.00288725400860515 0.000279074526306155
835400 0.0272783602495979 0.122194194088906 0.000532742800240995 -0.00182007886169229 0.00150906129179655 0.00214866178922175 -0.000125081088969025
835600 0.0272555444121807 0.123857527119864 0.000993925456393723 -0.000603439063908956 0.00206216773952807 0.00327881071669066 0.00225171006599656
835800 0.02748301788921 0.125880164347674 0.00374065037914577 0.00172340345233693 0.00119418134210722 0.00383648910210662 0.00060577381497372
836000 0.0272717923535277 0.123471169041557 0.0018247322658448 0.00485027063935665 0.00200430809503902 0.00236196085084554 0.00112137181679192
836200 0.0277357988875718 0.127245948416133 0.00222449773826568 0.00275570971334934 0.000357566180190348 0.00134205310589353 0.00134982899171527
836400 0.0271118154338116 0.12320214767255 -0.000363757199551882 0.00525445393494411 0.00118272756690705 0.00164734363667123 -7.57941803686032e-05
836600 0.0274530795576903 0.124468445554974 -0.00215157280231757 -0.000841582969213633 0.00148985860195978 0.00387546682290622 0.000542881448028564
836800 0.0269983961508493 0.119328672398377 -0.00130182306842379 0.00060341426321321 0.000542441769015631 0.00120245703770477 -0.000626136249877901
837000 0.0275633163592631 0.12720963262842 -0.00163393078414915 -0.000962517372598855 0.00157087858773421 0.00188628786876518 0.00125470600730129
837200 0.0271992058450805 0.123743355531813 0.00362384209865022 0.00587981854428533 -0.000113322142060994 0.00160232903348909 0.000981728964834148
837400 0.0275915702516295 0.12786326842647 0.00219845287287032 0.000104661011067 0.00191602709489313 0.00218663882030584 0.00181251396417546
837600 0.0272393519230501 0.124335531802853 0.00231032039434181 0.00192158315356216 0.00346964962620235 0.00168306817187571 0.00129234857002752
837800 0.0274247730862948 0.126072191054877 0.00157893532509953 0.00327635599209082 0.00339421751210172 0.00265348779377891 0.000604340119776919
838000 0.0272181053586294 0.122865521668221 0.000511373687717441 0.00224762509758463 0.00070341347692166 0.0035429393418436 0.00117150122893011
838200 0.0272599268682535 0.122494096217787 -0.00235457994845986 0.00215855288716895 0.00103875446131334 0.00224980816638172 -0.000522575195230466
838400 0.0272581451970532 0.122996306042023 0.00112386061384233 0.00107088770036158 0.00252040071679696 0.00240113968303057 -7.57333841942751e-05
838600 0.0272645222399418 0.121271122252754 -0.000207939919783701 0.00189963461901746 0.0029071215708837 0.0037352302562262 0.00194998180501376
838800 0.0274407401671694 0.12364941318024 0.00392916439015481 -0.000164900298759387 0.00250362008714575 0.00293342740181945 0.00192367982715463
839000 0.0272968812699908 0.125768248878298 0.00426643973987249 0.00478485881783553 0.00269154212381228 0.00303087051852895 0.0027264809992069
839200 0.0277254833283116 0.128530870686298 0.00441258930514781 -0.000652366287410872 0.00174854098071156 0.00333598489673578 0.00133501903070804
839400 0.0270278132726448 0.122748777985576 0.00222663482541348 0.00160585294875895 0.00158124307652536 0.0021991409046615 0.00102963733706129
839600 0.0274188296765289 0.123274884155722 0.00133173695593476 -0.00168852784570988 0.000486388924587782 8.69916500579489e-05 0.0013683696877821
839800 0.0272533692665574 0.124010554634038 -0.000795837113853705 0.00073447106800602 -0.000838452689571924 0.00193564266918171 0.00151393664323007
840000 0.0274518065913618 0.124857092068271 0.000828946429631735 -0.00515897459587106 0.00175670735823371 0.00201511667850449 0.00126968331809819
840200 0.0272263887358128 0.124209248619749 -0.000360295370934288 0.00106601479489928 0.0022718448704593 0.00221543922408265 0.00252053553226001
840400 0.0274969789753522 0.125997113867824 0.00198229160497234 0.0017182195197351 0.00379113487252747 0.00302931575139621 0.00153589035894216
840600 0.0272574122208667 0.123698039245667 -0.000280724888408103 0.00577429619968959 0.00341461886388479 0.00450854508020389 0.000473204385139466
840800 0.0274506582073828 0.125773432486539 -0.000386256181623874 -0.00119758509466833 0.00159913367949545 0.00357468435799886 0.000727603312239848
841000 0.0272378383022831 0.121095654298242 -0.00202164407116585 0.00098685889652504 0.00133010851164401 0.00285438910680771 -0.000876304336319834
841200 0.0273774967794 0.121376790297049 0.00135057043011812 -0.00425593178266319 0.000266818589791183 0.00133643709402779 0.000544664805049859
841400 0.0272748991957425 0.11946020975535 -0.00236033122413447 0.00182722612737308 0.00146148641888065 0.00236485213571932 0.00075217938258535
841600 0.0273556634577591 0.123397479480743 0.00142775398336397 -2.86725994342926e-05 0.00289664374830108 0.00304640100218695 0.000919060373999512
841800 0.0273950106280341 0.126208490524549 0.00126628492448739 0.00223266927324694 0.00237861100621402 0.00269506042005508 0.00140943232766962
842000 0.0274898395305889 0.12608083428651 0.00249323331666714 0.00012072229070065 0.00318712494647341 0.00246593878324398 0.000457190019267735
842200 0.0274506988939419 0.124603755525236 -0.000377008093321773 0.000856388364297535 0.001242936203686 0.00263090051870357 0.000787668637885915
842400 0.0273880850117296 0.123764249480405 0.00290816918295287 -0.00205415180211604 0.00261593883831815 0.00178500976026054 5.39121588766392e-05
842600 0.0274847340478735 0.124400104649131 -0.00101121686128151 0.00113287954382575 0.00184613821742223 0.00342898648145009 0.000733172868945612
842800 0.0271893572054952 0.121667390868461 0.00348439631689576 -0.00192567403149567 0.00296141524896917 0.00330899896167961 -0.000680467184542411
843000 0.0276809197518359 0.124995027125547 -0.00082768381188847 0.00300170163041343 0.00187841130075687 0.0012151590491012 -3.69340063161999e-05
843200 0.0272233791176503 0.122121971455171 0.00263377817635047 -0.000127198768713057 -0.000487027666021842 0.00206554968196371 0.00143154966664889
843400 0.0276677718962585 0.126550385648788 0.00121023848929133 0.00228647123663883 0.00217004315852341 0.00238477535302349 0.000737292054284131
843600 0.027318259310694 0.125130232596594 0.00691748748923823 0.00158834555344441 0.00128750964772734 0.00177248545349535 -5.48988853226155e-05
843800 0.0276080075373843 0.126161480311767 -0.000836308449847835 0.00082790351852555 0.001380829885293 0.00313736028387081 -0.000922216742099121
844000 0.0271999386427048 0.122836060790438 0.000646028642849921 -0.000906276871642004 0.0023057503994807 0.00407631403461061 -0.00224637233337541
844200 0.0275118020878089 0.123068955026244 0.00340988448377035 0.000533769849453165 0.000712757235733973 0.00278879221401703 0.000513686345183251
844400 0.0271281303512638 0.122384288726264 0.00181454280380493 -0.00193905845884692 0.000913660092513971 0.00113846286052201 -0.000222614988927665
844600 0.0274793321215974 0.126144024427875 -0.00162581526579155 -0.00136673575736795 0.0029642684432821 0.00201648428640478 0.000320810537717327
844800 0.0271230349400216 0.125607603184376 0.00204101387355819 0.00139729510712414 0.00162470149919863 0.00267737092156011 -0.0010845754148827
845000 0.0277235910431902 0.128577426221009 0.00227810047951377 0.000349450225564133 0.00413320135334164 0.00241579145344947 -0.000685957615368971
845200 0.0270947818846434 0.123422682417597 0.0048588308405998 0.0042093975569594 0.00381604640219118 0.00319919059458014 -2.89212883672895e-05
845400 0.0276270859919367 0.125185334638765 0.00226074945267602 0.000844507250449188 0.00335086489231178 0.00281377104954597 0.00113703078209033
845600 0.0271885968185248 0.121853258859299 0.00292617208610401 0.00191692155969112 0.00250862545768418 0.00511729531669883 0.00215245637840115
845800 0.0276267033628149 0.125587522780302 0.000834207226603492 0.000277467564040508 0.00334623505112937 0.00268746802705418 0.000541078393202521
846000 0.0271344054753241 0.121181195809625 0.00132300904454366 0.00474324089937019 0.00251070399604809 0.00211155356855593 0.00246683707320193
846200 0.0275755824834363 0.125455331021334 0.000594992859102961 0.000869590476021624 0.00125270119611964 0.00216901527096886 0.00040030469297285
846400 0.0272026720817152 0.125329142840429 0.0026356541058548 0.000411017601031593 0.00267146068247075 0.00245309509209474 2.48329937636529e-05
846600 0.0275925258289975 0.127159959744071 -0.00118251966989556 -0.000180163090281673 0.00255831454954859 0.0023088312171694 -0.000113141841795366
846800 0.0272200189829551 0.122374321257518 0.00194834247998703 -0.00190248330797598 0.00143523853387645 0.00152628732812248 0.000631649899871059
847000 0.0274695617752377 0.125211561552533 -0.000669656609771262 -0.0002881554499555 0.00263173326295324 0.00140581602387933 0.000915776542388102
847200 0.0273537082410563 0.123855665183985 0.00345077101036831 0.00120030315839452 0.00310857848657054 0.00292614952254914 0.000575367566853749
847400 0.0274506981202653 0.125421739705011 0.00212988999799893 0.00106245131626752 0.00284350169058305 0.00141301469513925 0.000130216551548005
847600 0.0274358486288732 0.125056399595395 0.00309489292873922 -0.000366903463140999 0.00197152541671653 0.000949385891793239 0.000722330240269932
847800 0.0273220028499548 0.120774591839821 -0.000471076669421222 0.00166370519071099 0.00252275014342902 0.00505508271620006 0.00112365710800549
848000 0.0273694581049112 0.121322895504803 -0.00106733148327815 -0.0026572517929927 0.00068361430704971 0.00291820380802703 0.00109158994110304
848200 0.0273262059724699 0.121969343527636 -0.00235301530389349 0.00107648490137528 0.00196691811526037 0.00301825924989055 0.00124023676076715
848400 0.0274487446932682 0.125521668170954 0.000476055516790127 0.00234130208841995 0.00189452594989188 0.00238173982255909 0.00102150543201337
848600 0.0276022648000259 0.126854375399271 0.00441180697025264 0.0034796076962277 0.00189831422104077 0.0027106538326519 0.00202047531706774
848800 0.0274951231581937 0.125176128898632 0.00327324818788082 0.00265868495904667 0.00135512973674205 0.00214261817777372 0.000123247894559585
849000 0.0275488702376049 0.124832730183493 0.00153612673916182 0.00176641411113389 0.00239732728539131 0.00268172931158558 0.00132894651326737
849200 0.0273545080661747 0.122013088795719 0.00264752278363994 -0.00095881149544693 0.000751382649264744 0.00146070153574498 0.000950192616367902
849400 0.0274761107412777 0.122928059672366 -0.000929378775687556 -0.0013250158501783 0.0022238378778469 0.0043657170044187 -0.00133692994199359
849600 0.0273297216196458 0.123219619966522 0.00118153334407337 -0.00207455107294195 0.00239309032546266 0.00290228092410432 0.000297066463056047
849800 0.0276034365563558 0.127385893795083 0.00450320605548495 0.00172652805212 0.00108979175281773 0.00290579908147129 0.000136230603052262
850000 0.0271948739816671 0.124972752853607 0.00582070524922194 0.00396163721365696 0.000169224551168288 0.00447310947413308 -0.00118609157598319
850200 0.0278041743705782 0.129116900234577 4.17679787307478e-05 0.00115330361123364 0.000465945530744208 0.00283975828710935 0.000326460669539539
850400 0.0272238594006115 0.122931036650159 0.0023546102716435 0.00319284018941676 0.000138982932560086 0.00262273790726175 0.00139557075879601
850600 0.027628822189559 0.126028488610205 -0.00284095324687836 0.000757979177149675 0.00131768919280734 0.00368088027146883 0.000471436293458983
850800 0.0272120342813569 0.120920159618814 -0.002082480975945 0.00131212823093323 0.000798323269223615 0.00280775160913399 0.00155552770958336
851000 0.0275524016348523 0.123144442522483 -0.00186670623392664 0.000598951349311713 0.000168377494061216 0.00214767375618162 0.00106569175672754
851200 0.0274066324853263 0.122995529556786 0.000600536629732335 0.00189111005635871 0.00193551691386663 0.00131613217761389 0.00064683949498976
851400 0.0276787056893609 0.126263716668575 0.00213472447490186 0.00231057965313178 0.00270277449307727 0.00216529087380503 0.000818187556119447
851600 0.0273864849516445 0.126052741945516 0.00294472415990508 0.00530580104124094 0.00249456828745456 0.000999106107290732 8.4482170058886e-05
851800 0.027784804647563 0.127560849143907 0.00251987628747025 0.00313662151338771 -0.000291203631412201 -4.89884091844943e-05 -0.00165919094383377
852000 0.0271769159047328 0.123265031514529 0.00159410870153686 0.00398062881324586 0.00279530712183465 0.00175843665675314 -0.00189105643879246
852200 0.027721702419081 0.122138880182913 -0.00309025411426893 -0.00134409119432254 0.00134842654131254 0.00136697468570923 0.00166474218098542
852400 0.0271500289144716 0.117707552804582 0.00109013083503868 -0.00201399980008181 0.00151089312033223 0.00209299675368157 0.00235406657929267
852600 0.027521711948355 0.123114296935811 -0.000320147550719567 -0.000868191460374932 0.00255599003359513 0.00208583839116286 0.00252642270621092
852800 0.0273420984242726 0.121897583739814 0.00290138505353451 0.000393218666654159 0.00291550448049527 0.00280424855473283 0.00145274348318074
853000 0.0274773183490042 0.125081848010587 0.00149558976672424 0.00124151972073497 0.00268136038710333 0.00251935442753487 0.000636134118939803
853200 0.0273308188693126 0.122763416675335 -0.00102676431918643 0.00287610709660278 0.00183452351298256 0.00135982472050996 0.0015285196839998
853400 0.0276215624452381 0.123207481596039 0.00162243895677639 0.00266079514690389 0.00213186722383292 0.0021087763302904 0.000269165442457113
853600 0.0273149660224471 0.121761668064972 0.00164944859858322 0.00134750645887604 0.00260585072768323 0.00308347134917024 0.00138531168995895
853800 0.0276232579242562 0.12529011612009 0.00401150027690228 -0.000688843743954774 0.00235966031233917 0.00300129061777925 0.0021174880298592
854000 0.0273635071041186 0.123541778024704 0.00445387412734336 -0.00139698284058541 0.00146437725412969 0.00426812245581492 -0.00164991353070279
854200 0.0275052050413046 0.121932796651318 9.48250813163625e-05 0.000975570141015901 0.00307950307982239 0.00229203424494857 0.000239494191584278
854400 0.0274658763445978 0.123801781643665 0.00023602859305718 0.00255307965325936 0.000933989845674383 0.00273570024730102 -0.00010839100900256
854600 0.0274772761913631 0.122865062791624 -0.000727983332144083 0.00285527010507567 0.00195496424706397 0.00284758074877654 0.0022776154908453
854800 0.027435178753071 0.124098342994775 -0.000797953471072595 0.00323022249717747 0.000840396877568373 0.00504782034869058 0.00173135798264581
855000 0.0275283559154185 0.123870917317835 -0.000911754461368737 0.00619690926393941 0.00219678646909751 0.00352925910000495 0.00111227024624007
855200 0.0274113158676514 0.122731291576691 0.00229303359843665 0.00320960982249756 0.00127891432757301 0.00267753405977691 0.00061426516575529
855400 0.0274443328850392 0.12345328114884 -0.000869266366365586 0.00343932043227738 0.00204008691841753 0.00266892609151356 0.000689735261600741
855600 0.0274576466155399 0.124196700590718 0.000663293541820124 -0.000820341202773661 0.0035013737294423 0.0031360665956399 0.00110429492709357
855800 0.0273168819969817 0.122215368068958 -1.98951439325158e-05 0.00377670234292104 -0.000542964889659177 0.00181256182838264 0.0019757990992726
856000 0.0274944126020956 0.124765552190006 0.00393145148223523 -0.000978079670459645 0.000783444881406208 0.00258725522720307 0.00250643717878377
856200 0.0274594626174389 0.123479918551428 -0.000330142719501711 0.00251830408747064 0.00157828770695374 0.00410280270206605 0.00177766831403331
856400 0.0275072330915931 0.126096629173784 0.00399607659116855 0.00264188620780512 0.00144142676024529 0.00389806022070036 0.00184553337378423
856600 0.0274224733461677 0.124744188429567 -0.00192363386975886 0.00496025639105189 0.00221768927888947 0.00354960273751526 0.00234424497742895
856800 0.0274707117373282 0.122256311287894 -0.002123374534235 -0.000172611003130446 0.00208732355054724 0.00167704024716449 0.000822677921950293
857000 0.0272774534451806 0.120058245878272 -0.00263594675925803 -0.000573643012550514 0.00193035975752992 0.00277384048713992 -0.000771254897585434
857200 0.0275749652773542 0.124595530709671 0.00213256241679943 -0.000351818540096959 0.000832268711721815 0.00392854100366171 0.00246584752898679
857400 0.0274816580777446 0.125219163290327 0.00174650512074761 0.00168040848429196 0.00156448496280565 0.00191266585469062 0.00105474803219487
857600 0.0274709626490015 0.124882035245503 0.000321135972168795 0.00276327756400258 0.00239525126930218 0.000947249868444384 0.00187153562360058
857800 0.0274452826481956 0.122150656625466 0.00131132327053868 0.00240264772014591 0.0020250682873126 0.00104460181251783 -0.00167155056914652
858000 0.0275178633637966 0.123565521670459 0.00192414754745594 0.00340826820753546 0.00206919189571197 0.00278961977475637 -3.58899811930332e-06
858200 0.0274466838677437 0.122461727655699 0.00188529419387 0.00126760153928559 0.00227841991560998 0.00272510410141982 8.32990001365321e-05
858400 0.0275605592680789 0.120714134701451 -0.000493886229595584 -0.00268902803045076 0.00341805938233785 0.00226968077167624 0.00125682100333291
858600 0.0273853756046644 0.119036008610101 -0.00304385042049014 8.76812802890762e-05 0.00138247490334725 0.00535096308113321 0.000609882318154261
858800 0.0275202628658169 0.12474394299764 -0.000208383042366886 -0.000344774350987346 0.00221016685437484 0.00407557041898508 0.000650690813591614
859000 0.0274574666818415 0.125205532945501 0.000986370864018337 0.00457719708442577 0.00101898394703377 0.00172369030342231 0.000171248151828209
859200 0.0276528225760529 0.126831356537772 0.00239085979668539 0.00259892332163944 0.00189540097399306 0.00259185254954762 0.000846513602009176
859400 0.0274705351297764 0.123091686137624 -0.000241398305849419 0.0039907532602651 0.00239346454089877 0.00273686519339885 0.000889357857485755
859600 0.0275259807438493 0.121648923537239 0.0023669545121982 0.000396807488129518 0.000264476610730906 0.00303641871248737 -4.2118279505757e-05
859800 0.0274033516306925 0.122737791217979 0.000463089747564644 0.00315423288115646 0.00108758214195523 0.00205804419270962 0.00176679537400586
860000 0.0276535361913499 0.124913309403692 0.00227618543921863 0.000753039685877594 0.0039199536273248 0.00419786122210039 0.00169515406532665
860200 0.0274430797665117 0.123361396460476 0.00147069405118569 0.00360300693068865 0.00539213966649608 0.00301422895871978 0.00245072806984123
860400 0.0278508024862046 0.127678624962956 0.00155775617831694 0.00240170680473836 0.00358053605423567 0.00180473810942303 0.00260529354985338
860600 0.0274539285838906 0.125475817453743 -0.00107879270953404 0.0034846124097314 0.0021390954604343 0.00203557679494996 0.0016742663614287
860800 0.0276522817686814 0.126548122183263 0.000399374389754849 -0.000662386177600769 0.00221671131720229 0.00338987353572462 0.00135744624342454
861000 0.0273584284799343 0.123385419270358 0.000463647698863746 -9.18828051505567e-05 0.000866566727743234 0.00381600947690459 0.00133438256665789
861200 0.0275949843397848 0.122263111633829 0.00313679746981387 -0.00139681996062524 0.00223120834397269 0.00365379926838941 0.00167886761382449
861400 0.0274438707332025 0.121483866550004 -0.000212332571440072 -0.000115985580856968 0.00278608832291164 0.00273843880408462 0.00176332990450161
861600 0.0276284862849325 0.125646401066879 0.000695987952035426 0.000319687228967011 0.000726805970487773 0.00249293689344561 0.00163672015597884
861800 0.027422091871459 0.125854455198202 0.00235626271546583 0.00282189250507333 0.00284324727279958 0.00223109730503552 0.00271555631461135
862000 0.0278012740815584 0.12791544622462 0.00358902352713453 0.00206745524669924 0.00264857601648716 0.00284953930745646 0.000959017585916083
862200 0.0273744686507652 0.123705251472989 0.00148223028734426 0.00407666983203707 0.00217420273971068 0.00277874640257133 0.0024465104889552
862400 0.027808658120574 0.123004618209606 -0.00264923639110994 0.00158438058758541 0.002185563939497 0.00182528106761052 0.00295605427209597
862600 0.0274142677272458 0.122253013550388 0.0018694468035944 0.00206622043439392 0.00169525135425625 0.00292891586790513 0.00368457073898828
862800 0.0276372060246757 0.121524402577765 0.00245253397745346 0.00203654677643074 0.00212162641829729 0.00278094071924368 0.00239680804978158
863000 0.0276111365364652 0.122816207698127 0.000555538326535413 0.000787917094158636 0.00104351115669429 0.00203139906429109 0.00125236793352718
863200 0.027665951491622 0.125387066488563 0.00126749520594893 0.0028017569050993 0.000974880031947424 0.000879291701061212 0.00118985017226447
863400 0.0275819303005366 0.122634503568154 0.00347799257932958 0.00155800533806728 0.00129313875465202 0.0027568346941985 0.000710803947994746
863600 0.0277069204145003 0.125399360526362 0.00175969452870136 0.00126300641988071 0.000804669105043567 0.002114522222559 -7.28602332533542e-05
863800 0.0274102525132802 0.124045747740143 0.00433215375908338 -0.00132708616279646 0.00164600460825063 0.00269683386552842 0.000246997605261387
864000 0.0276850706789657 0.122361732111401 0.000873443709070481 0.00165794996779018 0.000841887641926258 0.00208652779418976 0.000344632263578119
864200 0.02777363577498 0.124452327573868 0.00669114405351708 0.000285845158446807 0.00234410634451334 0.00142536918111456 0.000260602972322101
864400 0.027680750592206 0.123505109614233 -0.000166462092222394 0.0023399259412841 0.000169712815248927 0.00189973471375087 0.00100554613788985
864600 0.0276076765785393 0.122516596896404 -0.000198208533752183 -0.000607005803518355 0.00250399113324516 0.00225878072482747 0.00156621858856939
864800 0.0275341672464936 0.123752881961688 -0.00356836959825934 0.00346525348431453 0.000825629955837132 0.00277303106564878 0.00202653780640154
865000 0.0276129664159967 0.12451952824131 0.00155498487530646 5.53446603861801e-05 0.00267685291012782 0.00105439214697513 0.00200886835018066
865200 0.0277176071942387 0.124966162935761 0.000409678934311633 0.00214334442780396 0.00284407983399421 0.00240956476273734 0.00179659786613656
865400 0.0276477382070834 0.124119150623889 0.00475583006950149 0.0010852136235419 0.0027114050158975 0.00299667097206355 -3.37460660558696e-05
865600 0.0277430536055893 0.124326511282845 0.000637998614514744 0.000848873797224398 0.00157762880162669 0.0035883980279468 0.00122583226073284
865800 0.0276210242417645 0.124790140021246 0.00155767392893253 0.000443415549159633 0.00119803718209954 0.00511386857607215 0.00014697699691644
866000 0.0276300654197148 0.123744180766061 -0.00136455265793444 0.0013721460736705 0.000519808894331041 0.00445943306790447 0.00193702887500121
866200 0.0276736343513126 0.123869187114958 0.00232893903214686 -0.000502270148638545 0.00115060201973773 0.00326411383297471 0.00206902290951896
866400 0.0277623933857224 0.125300595891752 -0.000639908324448111 0.00380739125906721 0.000934915679771332 0.000690021889716835 0.000207595391984574
866600 0.0277434348394187 0.124431806550942 0.00417782279678695 0.00144672420479165 0.000605386394381573 0.00175335754760029 0.000316644193333696
866800 0.0277865514745206 0.123900713454205 -0.00218173003530185 0.00330849763636628 -0.0016615362350031 0.00239822621228345 -0.000397176292118835
867000 0.027788578268902 0.124954560071294 0.00325971560959986 -0.000275709438549341 0.00108444744402245 0.00292983006805559 -0.00107218826630133
867200 0.0277638289420364 0.121693057088046 -0.000178492179374345 0.000508767967870208 0.00148279288026958 0.00195051985199537 0.000329851798598307
867400 0.0277741656415114 0.124012527540595 0.00190222889919279 -0.00241853217948713 0.00277758781827446 0.00109023530051976 0.00125547426484285
867600 0.0276876787003142 0.123251648455576 -0.00308521312994118 0.000812137809458436 0.00430021337863385 0.00359450224253651 0.000864355869595293
867800 0.0276898735295018 0.124263088050687 0.00299071926130495 0.000714656100389289 0.00155190783740249 0.00165120477118211 0.000953189495968501
868000 0.0277681312092835 0.126309953221889 0.000957557896215331 0.00220569260127737 0.0012007570971645 0.00290808640179303 0.00151299047905446
868200 0.0277698573212951 0.126141655824185 0.00325022518903548 -0.000257755080115322 -0.000534812107867459 0.00151958095429041 0.000795646697996769
868400 0.0277131840498028 0.123065984283058 0.000317945290688392 0.00118198544303032 0.000391570553917888 -0.00014070613786365 0.00276933533213107
868600 0.0276415847986382 0.12308783470606 0.00250988983363827 -0.00250341481498456 0.00248778073134115 0.00276694659446659 0.000442426532943442
868800 0.0278725464891813 0.124727373085065 -0.0016037064009983 0.00188110581114322 0.00325154712744655 0.00361790441217689 4.86546226411312e-05
869000 0.0275285364090654 0.120474232725491 -0.00067717047198357 -6.01005292502807e-05 0.00247948319401787 0.00291729369494771 0.00194384013110603
869200 0.0277911790436357 0.123342514233427 -0.00180080775175813 0.00239593095270301 0.00183644493049519 0.00289598225121975 0.000945484730725151
869400 0.027739989173057 0.124476780809691 0.00328020652335533 0.00269493665892012 0.00116369004065998 0.00144120519821386 0.00132331104832663
869600 0.027836278527643 0.124194835330973 0.00189359270480092 0.00334828282729247 0.00118911801115631 0.00324667951734761 0.000958433927631036
869800 0.0276919383569377 0.12588226383423 0.00273373292549351 -3.64307909911463e-05 0.00196942156953953 0.00337738221049925 0.000759126499938759
870000 0.0277503355526343 0.124824844887725 -0.0010263624217565 0.000497843617482116 0.00165538137846972 0.00399699066159933 0.0010242542928835
870200 0.0276847043619682 0.123265336952934 -0.00244806607105784 -0.000405080387467736 0.00338330717804477 0.00299236940113247 0.00106298658593245
870400 0.0275897332035159 0.121436359601319 -0.00231142880887786 0.000736256087620648 0.00396186954610593 0.00346177167901617 0.00285098874153445
870600 0.0278747232749677 0.124694450737493 0.00329752693983163 0.00562898847118995 0.0031118015293175 0.00328801970837419 0.00125761231665257
870800 0.0278311753218567 0.1253536620589 0.00455584192292793 0.00503261418587822 0.003142184979644 0.00263274162098892 0.00134656292812513
871000 0.0277866878421957 0.12631168883471 0.00359630739812516 0.00468180787672036 0.00179244706594808 0.00320254578907526 0.00237619790158811
871200 0.0277921414403482 0.124879419451102 0.00240709790810655 0.00128604122298881 0.00338676339666226 0.00208911675492652 0.00104334124637651
871400 0.0277221001416606 0.124824448959476 -0.00083945392649224 0.000694564146364975 0.00361989115030908 0.00202151686443569 0.000632101967815618
871600 0.0275733392602396 0.120402866337547 0.000928061063783126 0.000257776836987921 0.00099378481103013 0.00308668510779755 0.00153274858850819
871800 0.0276924556248691 0.122063148422892 -0.00326944873815712 0.000792346757051474 0.00294549800577427 0.0032170753548514 0.000460541852413372
872000 0.0275146523792499 0.122967038441543 0.00175602159892948 -0.000606551472135817 0.00214279837078554 0.00271481819255873 0.00242936307453257
872200 0.0278180147355531 0.124308827417723 5.39925802890766e-05 -0.000422753745320885 0.00108579068602228 0.00267075046611839 0.00206883151933594
872400 0.0275617254806245 0.126029249391861 0.00444188532833474 0.0020278307653955 0.0032102225830792 0.00260415415769376 0.00115425815469584
872600 0.0278260875115789 0.127320572450504 0.00163717141529061 0.00426435708496403 0.00279426276405348 0.00287383688588233 0.00245268001211838
872800 0.0276175670270241 0.123469828225611 0.000895368445925973 0.00159507725687495 0.00190223650827153 0.0024067821127762 0.0018598238949302
873000 0.0278087478524214 0.124986356600352 0.000421295845562714 0.00110193095280156 0.0012250452044425 0.00235482224889789 0.000444089926700095
873200 0.0276368142473107 0.121357378449492 0.00294926045940925 0.000503920106469936 0.00368384192657768 0.00253942163332532 -0.00128012482075795
873400 0.0276983554638426 0.121345989545952 -0.000224623149995907 0.000112850698052229 0.00232477183677426 0.0025573293476021 -0.00168391553988309
873600 0.027641627675167 0.122049377521523 -0.00126532392898612 8.93714260018185e-05 0.00232693747284016 0.00333297627446811 0.00084496317925464
873800 0.0278501628587 0.124939698375611 0.00141511311296706 0.00534708554664163 0.00371245472753555 0.00293807307411156 0.000974561598016593
874000 0.0278154662805787 0.127146665065901 0.00591656443021665 0.00497611747049794 0.00497796006117077 0.00178298801218721 0.00102944914250758
874200 0.02776480136611 0.125987465612864 0.00166728499880958 0.00313025488288887 0.00300222710597976 0.00311340180418076 -9.02804291681798e-06
874400 0.0276494992316515 0.125105604206757 0.000792917964700607 -0.000278670006857302 0.00246772951456957 0.00247480643589293 -0.000375574883276568
874600 0.0277108085257767 0.123513828993185 0.00172625711801282 -0.000521853040084434 0.0026043357346527 0.000468281124871234 0.00124486810116968
874800 0.0277081659522184 0.122445453448624 -0.00127047096740738 -0.0021425589786999 0.00176935006797289 0.00190957654521844 -5.84123105048215e-05
875000 0.0276937236415516 0.122630530551992 0.0023188498751617 -0.00238853877852758 0.00235517955833937 0.00414699771369844 4.69442508752609e-05
875200 0.027753324445536 0.124777701443204 0.00243546952806 -0.000419587492923772 0.00267624623299941 0.0035515177155674 -7.56437757368273e-07
875400 0.0277705995352809 0.12578355909219 0.00205525848452879 0.00289737538339314 0.00296931770843427 0.00347574018860757 -0.00150524955053629
875600 0.0277067811730755 0.123846541580771 -0.00022687054523669 0.00304845185961128 0.00225907177501047 0.00296851448575144 -9.14845671861262e-05
875800 0.0278343097506747 0.126519252997673 0.00192849557424284 0.00434703577022042 0.00320369086015898 0.00349706570529237 0.000689545483368468
876000 0.0276264184301934 0.123508238838009 -0.000948157583650112 0.000847243724740667 0.00343063498119028 0.00218620900681357 0.00129115083992354
876200 0.0277176454112378 0.122417874614586 0.000694626643204727 -0.00148669323885717 0.00199747553285301 0.00360593063150884 0.000345482146540385
876400 0.0275270734701363 0.121163882978289 0.000840157701013577 0.00215807823572258 0.00172244787953203 0.00257152627581161 0.00145005242312188
876600 0.0279797541725779 0.12589026666662 0.00296024374128407 0.00117078065479735 0.00245742796044351 0.00208630055673157 0.000690609772886905
876800 0.0274238334788251 0.122384444046037 0.00448049423277627 0.00725540765765825 0.00337831513639031 0.00251142796338782 0.00141075966378614
877000 0.028009469959924 0.126030577525485 0.00264312722663237 0.00201795111516208 0.00354829730541748 0.00280950924775706 0.00245121774432376
877200 0.0274453738000777 0.120281975614719 0.00044282055641222 0.00278365780353188 0.00304057808664258 0.0029924457731274 0.00192582230163949
877400 0.0279405272879473 0.123750426104008 -0.00244744962202272 0.00112052540194759 0.00227021502723354 0.00168552247020789 0.00125883635659337
877600 0.0274123384825057 0.123461445282506 0.000363012724411639 0.000318405357843024 0.00290029420492648 0.00204190666817941 0.00163107254651451
877800 0.0280490987092777 0.127752682711244 0.00180675339760806 1.03057862223115e-05 0.00362086581100701 0.00283326894277044 0.00137836933177478
878000 0.027582082023527 0.123586805539705 0.00375219185684863 0.00259163056308466 0.00246451043868774 0.00188577928276014 0.0017139422167396
878200 0.0279623544577689 0.126005704604233 -0.000238216418538762 -0.00103087350660342 0.00307128410732388 0.00227567169959005 0.000179699297598621
878400 0.0274409745470129 0.123446683971051 0.000936961312256123 0.0021962273535122 0.00332143018297896 0.0027108830183811 -0.00140642619062879
878600 0.0279700897961737 0.123466407270538 -0.00262999866913913 0.000398461014341821 1.29998586958357e-05 0.00313890374204351 0.00125790630898177
878800 0.0275977585194318 0.122565818042634 0.00135118540379185 0.00206857503182969 0.000396609030379519 0.00105661478846817 0.000816461014583229
879000 0.0278314166069734 0.124039050432639 0.00341701583768844 0.00386235727323617 -7.60215795868459e-05 0.00248687447931202 0.00121708434524173
879200 0.0275693057750017 0.123824639129808 0.00168556847754286 0.00262060683668814 0.00176947046839249 0.00271276731462784 0.00133901127989779
879400 0.0277628679537127 0.122794051772414 -0.00153858734527741 0.00186335618722546 0.0020428934731011 0.002576957362704 0.0018671247788955
879600 0.0276296294035813 0.121337807207403 0.000203817373701958 0.000416964330028561 0.00275450544867951 0.00301046187392067 0.000108171283296778
879800 0.0276314958319822 0.121795810288936 0.00164664186674977 0.000250606434134158 0.00276956403927098 0.00233417858454736 -0.00011799724421627
880000 0.0277327182384569 0.122544793445933 0.000501906354744135 0.000539499393366088 0.00240063516693215 0.00295906831445182 0.0014956954996448
880200 0.0276672590169281 0.122150022921313 -0.00030236687116135 0.000305124268627708 0.00246965638828565 0.00453824458979501 -0.00100639415501824
880400 0.0277316436380009 0.123741263382075 -0.000932428149621956 0.000283216861823672 0.00272049939100073 0.00224181619104315 0.00078896036129721
880600 0.027720451261727 0.125001731759699 0.00256122490115266 0.00372147925142447 0.00202946208610052 0.00236357657771155 0.00116190496365195
880800 0.0279329457085879 0.127313771032208 0.00482519053005694 0.00308206379471019 0.00142973525121793 0.00282937138125205 9.65720014664157e-05
881000 0.0276307845243938 0.12138404325513 0.00246846626454875 0.0034293560478061 0.00149548324822035 0.00350525831939661 0.000834621406333112
881200 0.0277978760766659 0.124242059952118 -0.000158951385008022 -0.000663107055354786 0.00345253154334283 0.00318871648196466 -0.00127020900713835
881400 0.0276938216651211 0.122297248031825 0.00101882143774926 -0.00169866098825451 0.00180591682302683 0.00220946093301389 0.000316319983256574
881600 0.0278530889030618 0.124101110592033 0.000345582479799096 -0.00305899087446408 0.000839995699942268 0.00343391367504314 0.000112568628379215
881800 0.0278185854362212 0.125923723271178 0.00168758565761014 0.00059929071257091 0.00203557187137477 0.00353443617754665 -5.06701049866606e-05
882000 0.0279949990638269 0.128442732712765 0.00160298186769129 0.00203501238868256 0.00221119781920475 0.00369386084548054 0.000350523572746614
882200 0.0278605106036741 0.126471210531292 0.00437594280572739 0.00185654685685407 0.00185546415367589 0.00246794634389499 -0.00109029452956018
882400 0.0281287230228341 0.128846754197548 0.00118840447833086 0.0038417988746609 0.00336474552326585 0.00267471226060795 0.000226426314640998
882600 0.0276152467757145 0.122014283233531 0.000977195601077747 0.00138073785825353 0.00278578550528625 0.00216412068040028 0.000282178636378972
882800 0.0279684446447133 0.124184382899238 -0.00125240095805824 -0.000650404711503892 0.0016983751843884 0.00138292143264021 -0.000351216153761954
883000 0.0275775047950793 0.122020333242281 0.000634823071791868 -0.000898837029066349 0.00183974772382237 0.00234441349676262 -0.000187700319371539
883200 0.0280132627408717 0.123462660086678 -0.000408666395899444 0.000213290053688091 0.00232727285463039 0.00169233642000206 0.0010311413208579
883400 0.02787686675244 0.121385571588247 0.00333235481149838 0.00367219758074648 0.00241439039708804 0.000717881702011022 0.00169336646744612
883600 0.028010563132889 0.127196751069185 0.00245308102941545 0.00222096793658608 0.00300755752305792 0.00358105758662354 0.000814517727142245
883800 0.0278338053493959 0.123843211772555 0.00205259024853625 0.00449015020872537 0.00270759975453324 0.00127830595659108 0.0003945619399205
884000 0.028024578524603 0.12528976400517 0.000409798205563797 -8.35832503952032e-05 0.00250000625916733 0.00118297349425012 0.000314354818004943
884200 0.0276819998229323 0.12174241108061 0.00318666254044466 -0.000572808149568758 0.00319984102446834 0.00273900222250896 0.000592692492506345
884400 0.0279690736535236 0.12502508645896 -0.00231897575838872 -0.00162003088737399 0.000110702048810344 0.00131598331779387 0.00112690318505292
884600 0.0276787469479873 0.12139841258581 0.00113125337605707 -0.000832307972331905 0.00321779905867016 0.000706447232418576 0.000275513435898256
884800 0.028066245270914 0.125321230768759 0.000451240578016522 -0.000367563487401355 0.000744768238759781 0.00332568529681952 0.000449499347675776
885000 0.0275984971468465 0.123857337840099 -0.000107642943570825 0.00262934547022675 0.00213031080533112 0.00218808735472617 -0.000162503360077796
885200 0.0282405827358628 0.127025172859169 0.00217903210948995 0.00235659990971746 0.00111610752475027 0.000990965363287893 0.00103879322855298
885400 0.0276004585734579 0.125245320091167 0.00437654991565032 0.00617393757649927 0.00133940003028033 0.00219542090406378 0.000790667128591045
885600 0.0280118196457034 0.124065954839038 -0.00100921270624495 -0.000817823536742903 0.00136835092060849 0.00246993038805072 0.000572710386843079
885800 0.0276598836572242 0.12384489549039 -0.000617180339243714 8.19733213629827e-05 0.00259688104846579 0.0019031589788467 0.00126647051166381
886000 0.0278123296202937 0.125524384442645 0.0011329312549388 -0.00328275043621159 0.00279499940847782 0.00417774670754315 -0.000382176875357541
886200 0.0278121735918441 0.12579990156962 0.00229151340112269 -0.000278892058614787 0.00320860917331371 0.00181985710791243 -0.000319491936994455
886400 0.0278733681704935 0.126709098242978 0.00370413946108529 0.00225230426598513 0.00191023490734176 0.00298968667029587 -0.000432512683190903
886600 0.0278373575937348 0.124504811632483 0.00210574729764493 0.00600710338101738 0.00245990807052938 0.00462290650326272 3.15039860648632e-05
886800 0.0278841984412122 0.126253603144981 0.00228195242208206 0.000458196350589072 0.00334486637234258 0.00329718457953397 4.2516171511006e-05
887000 0.0276499286886038 0.120524562373972 -0.000264571310276782 9.12422220282662e-05 0.00282586689486327 0.00419404912308067 0.00119900637639034
887200 0.0277697312526244 0.121594535676229 -0.00121906204971053 -0.00312528586189656 0.00337914122137098 0.00311114740723112 0.00154045194223632
887400 0.0276494238258357 0.121335388714124 -0.000391807717411246 -0.00184004143965613 0.00352043464658189 0.00248711624056624 0.00112132380398065
887600 0.0279560378829431 0.12661559637384 -3.25344727205902e-05 1.07706304252279e-06 0.0041490566321276 0.00357419798659297 0.00142029637824306
887800 0.0278073370164408 0.125213147927751 0.0035084608013857 0.000877285070670323 0.00227336606055741 0.00228776955444874 0.00128945724435349
888000 0.028006827541276 0.12598743815945 -0.000344251007732557 0.00053073448156456 0.00450796874475244 0.00294950627667289 0.000200569960823448
888200 0.0277650316845636 0.124146174858665 0.000301974438404229 0.00109889042485308 0.0028286530502392 0.00456843543812474 0.000253309498965364
888400 0.028027657984115 0.126102904202729 0.00155522468472734 0.00106800403346298 0.0038928057334322 0.0024547586867659 -0.000271624438460332
888600 0.0277559651341652 0.124371775232497 0.00366460521707923 0.00429803105472301 0.00323286490532291 0.00346867023200378 -0.000414997650451417
888800 0.0279798862047609 0.125825772310144 0.000617289736205409 -4.88097103661413e-05 0.00419847389964125 0.00333422614176934 0.00127312186760422
889000 0.0275653849382017 0.119215694966522 -0.00104198414078565 0.000425826042172782 0.00112931880165161 0.00302224796411887 0.00200038340741746
889200 0.0279527978094365 0.122544825626283 -0.000530643657269125 -0.00136474072227267 0.00242079714074299 0.00399131486001293 0.00168721273722937
889400 0.0278551653341002 0.124647100610965 0.00225785456549997 0.00165239251752116 0.00201050215316756 0.00340798526347711 0.00215982552575206
889600 0.0278431548243153 0.126727450802001 -0.00117055981612294 0.000693297439031407 0.00351236995429321 0.00296233038710032 0.000669551270948467
889800 0.0278302506685024 0.125450720670872 0.000428320413219224 0.00122169873946469 0.00232924588913194 0.00226410074957692 0.000488130154288812
890000 0.0278762902355587 0.12311352731217 0.000358017561373566 0.00190163759756855 0.00147469666008869 0.00351050268996405 0.000651917385678218
890200 0.0278067706431623 0.121606982727838 0.00305834428494189 0.00139971410149256 0.00239638940293869 0.00362284506593326 4.68352094737724e-05
890400 0.0277625477270344 0.123354259809214 0.000705806030513486 0.000373534414139395 0.00250934599727047 0.00371735503399353 -0.00104918657253746
890600 0.0277721544838073 0.124797158582766 0.000612529530235276 0.00258402064508882 0.00259841798331853 0.00306787156275339 0.00139126025294348
890800 0.0279097169875262 0.125695883765862 0.00470632126064203 0.00335793383011783 0.00409239810668545 0.00401657695574312 0.000510760798146383
891000 0.0278486190917706 0.124093801802109 0.00279657944695399 0.00523217883508571 0.00352548133144265 0.00356139117907233 -0.000410619176611034
891200 0.0278436066935233 0.124878573425906 0.000724980948913948 -0.000211655965937477 0.00364854710983238 0.00327599910504449 0.000675436891834698
891400 0.0276811253583462 0.122124478503768 -0.000297126683978381 0.00187711469062998 0.0030059354036508 0.00268277530410393 0.000233982018514172
891600 0.0278346798512118 0.123246334892383 0.000114266858137324 -0.000651316186670094 0.00238867691329196 0.00171230285581069 0.00140140412993767
891800 0.027814305518241 0.126511774161566 0.00104872849020323 -0.0016712824024022 0.00232978027422214 0.00175255553282082 0.00177506095779718
892000 0.0278639446180524 0.126313836063493 0.00311809903594956 1.88452386265917e-05 0.00252245310238437 0.00203502407946337 0.00156952297781005
892200 0.0278940219414535 0.125785384454565 0.00258712654052066 0.000786329111590519 0.00305323290090798 0.00294022302612034 0.0013048952867541
892400 0.0277959048439152 0.123867142763794 0.00200082316908692 6.91560876274916e-05 0.000874850779267909 0.00242549549682782 0.000586260511515192
892600 0.0279200804376792 0.123767606583197 -0.00102026075754818 -0.00189237955803283 0.00273015519066482 0.00441937709259119 0.00213072003223395
892800 0.0277568040128647 0.12100038220389 0.000325608434851972 0.000112475634631282 0.00315228640042139 0.00275250574418022 0.00117233314738284
893000 0.0279670865837296 0.123181044009996 0.0012817387347779 0.00182224017745874 0.00144897790285685 0.00278385385920916 0.00152654989342614
893200 0.0278775909912415 0.125233829268913 0.00385596949780528 0.00248851003988653 0.00336425638324898 0.00258124518631378 -0.000362494733417063
893400 0.0279441958444588 0.125540826624869 0.000218213337998833 0.00348964655667384 0.00287358107441003 0.00304622736164084 -0.000610518522775072
893600 0.0278971553787783 0.123091489420944 0.00244782689584678 0.00137191527867153 0.00251744222998303 0.00312426235516301 -0.000784631998116941
893800 0.0279834812578185 0.125269951727513 -0.00106182902849426 -0.000638441185005368 0.00228092414615027 0.00147713886984663 0.000338004243159068
894000 0.0278525681489981 0.122927836874992 0.000247067710573521 0.000587914395254496 0.00425448407740835 0.00368414131667967 0.000708699034309778
894200 0.0281459421083735 0.126119750033443 0.000148811470732931 0.00181686817179439 0.00291899376655476 0.00324943606285735 0.000244674593203467
894400 0.0278086199161478 0.124876337764153 0.00552850946243099 0.00375972363811301 0.00260294661802297 0.00282048923748734 0.000955046946262726
894600 0.0281553497026608 0.126166287350679 0.00258958147548354 0.00145171239113567 0.00103953003121312 0.00234416775839584 0.000985626104423391
894800 0.0277440132721843 0.123910319225193 0.00237942638316005 0.00135839421904332 0.00221824499802887 0.00263172106855211 0.000868380822497781
895000 0.0280572669597851 0.126905281200315 -0.000971346884413216 0.000846554519407316 0.00205504765381495 0.00299613659850053 0.00174918783144311
895200 0.0276580874108538 0.120802129538792 0.000692341250419762 0.00211546692686132 0.00303578674149879 0.00260450153238385 0.000757728118652518
895400 0.0281394655454221 0.126221377846413 0.00230090291912707 0.00144200242869441 0.00415504800761553 0.00306551614092261 0.00116224050893912
895600 0.0278303657365191 0.123413510123012 0.00247863849322482 0.00282698886524789 0.00328671196002482 0.00304715855799347 0.00131510771919571
895800 0.0280550626501746 0.124506006779248 0.000336582306071987 0.00191539688321276 0.00333785210096651 0.00384909841408029 -3.56058809911508e-05
896000 0.0277302338461737 0.122592223782479 -0.000542251284261259 -0.000435159309618161 0.00246423669213305 0.0036132330050454 0.00116417416566776
896200 0.0281525974736506 0.124872604776597 -0.00273530930490364 -0.000846818695176602 0.00303982011764799 0.00287476726882182 0.00095919866026601
896400 0.027687985115597 0.12049081421656 -0.000947059334646855 -0.00094104745230674 0.00175747419304136 0.00361850644027898 -3.07206156029859e-05
896600 0.0280955927595002 0.123137677002465 0.00126965798619851 -0.000200156824800043 0.00367096316946475 0.000650078980189542 0.000776673767327913
896800 0.0278641223474159 0.123991896742877 0.00298230740333807 0.00104284763746447 0.00130696066691576 0.00232519121916752 0.00067127151215131
897000 0.0280650609789487 0.126128057107189 0.0038007667415724 0.00330424965876204 0.00115893098653538 0.00383856969857119 -0.000235793682751075
897200 0.027992878445201 0.125944856833797 0.00224313693586626 0.00253770135118987 0.00174365301257521 0.0030961924679606 0.000943881028042826
897400 0.0278970197740952 0.121555635388185 0.0037674657286791 -0.0017690191199762 0.00112215043794772 0.00428391849680646 0.00169191334721782
897600 0.0280436469555066 0.125975072579757 0.00183828801982659 -0.00132056152425552 0.00254385692419691 0.00415106350777948 0.00059477549762339
897800 0.0278906100066465 0.120458700482738 -0.000676394189568913 -0.000639540179510787 0.00103989669234068 0.00349265221177963 -0.00110367468293428
898000 0.0280891581747164 0.124490225345079 0.00220040185161851 0.00293703965932307 0.00214216286075511 0.00310541507574365 0.00141601481220851
898200 0.0280680604882449 0.127081134125312 0.00314513953887355 0.00223161449943945 0.00222049627865609 0.00299267931504592 0.000964107039346567
898400 0.0280134276967415 0.126457066445184 0.00225753776714546 0.000540129901520417 0.0023813012712612 0.00126889948486365 -3.92072460899649e-05
898600 0.0278932690115741 0.125369647593625 0.0017306049065077 -0.000653317233931343 0.00199351832446536 0.00126107216286599 0.000276354268073775
898800 0.0280253562872901 0.122540815017568 0.000736283476633101 0.00184198613275834 0.00145744107184044 0.00230206002356201 0.000600570939951443
899000 0.0279820175593342 0.124792503187933 0.00145453030726848 0.00300145963383052 0.00176982117578636 0.00401756337304532 -0.000184857055940621
899200 0.0279743665481989 0.124571238920836 -0.000673843576357809 0.00175167329800413 0.00179602057030164 0.00386308350497635 0.000666364457205453
899400 0.0278396245516906 0.122134304324238 0.00103915732300443 0.000224454202927171 0.00211951148581886 0.000908654398562373 0.00111446140210544
899600 0.0280285929062547 0.125040631709967 -0.000968448929535245 0.00177047795065654 0.00146156375513952 0.00180520306805975 0.00107077220242898
899800 0.0279005795231505 0.124671955676622 0.00429957749977948 0.000547239245250037 0.00340937406204017 0.00123675961694411 0.00107241625584386
900000 0.0281765146373846 0.126205125248075 0.0011796060659749 0.00270780968230741 0.00387452494692173 0.00178352161675616 0.00012350016995569
900200 0.0279261724925498 0.127749425832202 0.00265550194452244 -0.000439345554827597 0.00435716272135053 0.00375775035323533 0.00202978025759019
900400 0.0280396606491086 0.124469880254745 0.00215761631304478 0.000441659257062222 0.00278731855890652 0.00441015801682192 -0.000349296605807295
900600 0.0279254217482851 0.123471374867208 0.0027853725444688 0.00102972644926402 0.00189957429322467 0.00176497466044205 0.000602184983424281
900800 0.0280468998601717 0.127232133753914 -0.000510011773511794 -0.00086369581014188 0.000700025134954946 0.000919106435641872 0.000277346698301234
901000 0.0279833826627017 0.123897226334126 0.00211622707764435 0.000475085669840495 0.00210741766294162 0.00213482928716217 0.000805861112734744
901200 0.0280163730387071 0.125557088640167 0.000885107747042087 0.00203036523109111 0.000949847137332549 0.00184743896409517 0.00161676740673147
901400 0.0280644166479687 0.123184514595864 0.000310114711051361 0.00200206220278392 0.00186871189225014 0.00214649979757151 -0.000602245834398899
901600 0.0278839698009192 0.123056652969712 0.00261150554191227 0.00265084711861588 0.0028616771186718 0.00351312292704968 0.00122536353645838
901800 0.0280358265853491 0.123587744150572 0.000864484933231626 -0.000241158410128178 0.00237005339871747 0.00342650831719 0.000234117267517161
902000 0.0278954062990115 0.123274717363563 0.000834151825652664 -4.84428642251006e-07 0.00170511776132977 0.0044970589410517 0.000165881674868466
902200 0.0280336427753025 0.124548522019828 -0.000196145702820707 -0.0019527097172139 0.000995584818144992 0.00456106683390842 -0.000539918935399601
902400 0.0279414680410445 0.123112403388605 -0.000714285214384666 0.00302643254662785 0.00201827310788682 0.00112020849252208 0.000448917848481439
902600 0.0280533912818557 0.123854765639312 -1.7286901331698e-05 0.00284640072925272 0.00367588334100508 0.00364760098874664 0.00080491050555117
902800 0.027934821366505 0.124944357871859 0.00137457024998983 0.00241635351883509 0.00459294620326089 0.00199027254053199 0.000888497177854624
903000 0.0280744918995166 0.126408250491751 0.00153331996724257 0.000752411263838078 0.00282350036806393 0.00278084677454319 -0.000235032680147306
903200 0.0279658990412643 0.125495691969574 0.000276991467456457 -0.000324298479971659 0.00264116433006719 0.000951188447660163 -0.00114828005273632
903400 0.027873062448351 0.123188725142684 0.00031142680948702 0.000294795838805484 0.0023094325037181 0.00285676851905013 0.000139640923405595
903600 0.0281210277821506 0.122017349070547 0.000378168669161228 0.00149519134522732 0.00295537189553477 0.00275443016843697 0.0010512418246465
903800 0.0278613326820418 0.124024367729063 0.00265203681194467 0.00346843560209386 0.00290580840561513 0.00329027619335415 0.000228025021029732
904000 0.028325449929594 0.12899610312964 0.00427934061457831 0.00299582930686284 0.00213247329842489 0.00318477670960552 -0.000366151442887936
904200 0.0279982329173321 0.127485394226094 0.00286564372070986 0.00308620734582814 0.000968577233132584 0.00231054044760464 0.000985942209960665
904400 0.0282619465419584 0.126903787962835 2.63079500623681e-06 0.00113557628577593 0.00214721374239889 0.00225347772372783 -0.00119307260605618
904600 0.0279423353083668 0.123353614438114 1.18206702295827e-05 0.00278379520327636 0.00244133967249451 0.00345211157904506 -0.00121941214471999
904800 0.028216782283191 0.124347699946286 0.000762858268123719 -0.00104538153868283 0.00229609614756449 0.00337817266072171 0.000651895273735511
905000 0.0278607978983292 0.124911185059692 0.00175053442840254 -0.000456045265491476 0.00114059881539785 0.00177296837071082 0.00204175622821218
905200 0.0282294584820001 0.123712325610554 0.000121626667426286 0.00177740182606953 0.0031193967889511 0.00197687256814071 -0.000371260489090396
905400 0.0279737209363012 0.123715410567198 0.00377507103146043 0.00632433936226787 0.00176903679101641 0.00242573784581818 -0.000482116920163854
905600 0.0283483032348032 0.125503363397637 -0.000312146596743386 0.00133357853156034 0.00297034050684574 0.00205614714753802 0.000172451491489012
905800 0.0279172996189892 0.122574249884705 9.82407720014198e-05 0.00235119929404514 0.00240162421233394 0.00141960593624532 0.00172299706472601
906000 0.0282467212492093 0.124037811862992 -0.00142299881353181 -0.000827146137940807 0.00247284916682665 0.0025661295701398 0.000461025003385507
906200 0.0277942914843903 0.120849477943717 -0.00257488378935857 0.00122889941949411 0.0024870618241126 0.00250551532054611 0.000838429702525991
906400 0.0282440312005599 0.125624886090886 0.00243708506917765 -0.00122359127121316 0.00166452749815254 0.00212742884612448 0.000966990524790368
906600 0.0280137556900278 0.123421905840324 0.00252192859624797 0.00468267626480483 0.000600250628552708 0.00337442828346812 -0.000279188725548185
906800 0.0282348002645757 0.125809415968205 0.00258958896133369 0.00292196830236509 0.00085937298379522 0.00404314591089346 0.000813789486505587
907000 0.0279822099084443 0.124180009213466 -0.00076342021947777 0.00133803646234738 0.00287724229350739 0.00276129833746079 0.00124449535954638
907200 0.0281188075220116 0.122709205185081 -0.00320289202828805 0.000772035090897534 0.0025548405127719 0.00196047347491206 0.00172237258960397
907400 0.0278375632220821 0.120171767389182 -0.0014180829743921 -0.00201727308146918 0.000126779601424499 0.00224312248622849 0.00018534157347631
907600 0.0282309037004953 0.123640631842163 -0.00114042763405085 0.00236565888301045 -0.000579853535275082 0.00288640758573543 -0.00123306189353047
907800 0.0280592517837064 0.12340825573752 0.00455757722565083 0.00153406886467757 0.00171358212847155 0.00242168897377623 -0.00075891035571558
908000 0.0283839506643441 0.12882449193629 0.00552113352047544 0.00145545404347523 0.00217618484544519 0.00267549003603783 0.0016158270003251
908200 0.0281062048167533 0.125867748205103 0.00437397465734712 0.00438479449296221 0.00038860793910481 0.00324045242483992 0.00140451115364322
908400 0.028322024918218 0.125648727421458 -0.00139060944507013 0.00128505066567234 0.00081734437833998 0.00305097765138471 -0.000501098732523068
908600 0.0280084177251515 0.122606326910604 -0.00152253503425162 0.00126942393089551 0.000449380367010724 0.00362381165926702 0.00132310890668701
908800 0.028129105541776 0.119799387486813 -0.00476741612918785 0.000330730975424306 0.0026967091675644 0.00313410324399007 0.000184097214523455
909000 0.0280432276739223 0.122882657448796 0.000555846501117317 0.00342210934363746 0.00142597142714371 0.000854409382352263 -0.000537977609998007
909200 0.0282643619349383 0.127380578930557 0.00208740687432115 0.00435721121294956 8.5407687481256e-06 0.00183687235142977 0.000517235481994707
909400 0.0282258704385057 0.12654997296948 0.00260144739050694 0.00464233823453726 0.00138762194400059 0.00189982576962477 0.000780724237401588
909600 0.0281569569410777 0.122430857739971 0.000852618912014346 8.85734074206825e-05 0.00222775620932685 0.00159639580643845 -0.000322619266791977
909800 0.0281584504023323 0.121106778060566 -0.00109990611529524 -0.00178693619978606 0.00305449436068742 0.00300168483008009 -0.00129218374443833
910000 0.0280441626555027 0.121346485811428 -0.00310609186593814 -0.00269757311501147 0.00293725699672151 0.00145253122287251 -0.000543113893511468
910200 0.0281999000574404 0.123563995679785 0.00145382551224356 -0.000314887310109041 0.00113659919876819 0.0016219344608785 0.000129244628594416
910400 0.028260743391605 0.124056695580291 0.00183572069896536 0.00258716875227984 0.000417328350705797 0.000895578553160759 0.000151345163190593
910600 0.0282325584418942 0.124901979476213 0.00252251082426277 0.00366378494374301 0.00216016857360361 0.000810155737144998 0.000291071256298051
910800 0.0283408744810316 0.126999263694151 0.0044953530959104 0.00135116706666621 0.00246558575562327 0.00202314778318433 0.000768395095025586
911000 0.0281772083471836 0.124420566986096 0.00131692195070868 -0.000153216597550371 0.00197251661908735 0.00227452757690311 -2.07448516593479e-05
911200 0.0282704447169252 0.123519725029575 0.000401492485777642 -0.0015224708531544 0.000976748406564401 0.00274651634321913 0.00151626548831188
911400 0.0280220949487665 0.121268306917796 -0.0031942783993927 0.000637765171511638 0.00102917769209581 0.00345059538743542 0.000945845398463728
911600 0.0282722617031121 0.122974926014304 -0.00102420032674568 -0.000751279365622683 0.00253696457860763 0.00172948732516312 0.000608240727491145
911800 0.0280026365883087 0.121651283968987 -0.00334976765689865 0.00206597886384857 0.00229905736860236 0.00226193056639664 -0.000809129435186235
912000 0.0283612091659052 0.125491692433826 0.0028105300774283 -4.30695761720886e-05 0.00222881066590336 0.000937292034316987 0.00185338817330969
912200 0.0281509205884617 0.122519619894867 0.00152299773267442 0.0011097364183092 0.00255410513775135 0.000722137380347331 0.000124921668868821
912400 0.0283669579907754 0.123632484887602 0.00209707111811124 -0.00147372815597768 0.00247168665758375 0.0021009072409961 0.000670575412922891
912600 0.0281712186999789 0.124924624815283 0.000616509825756206 0.00398713107738364 0.00256220660768502 0.00205299472785571 0.00119064913497643
912800 0.0285903673651811 0.127291897258014 0.00234031707374264 -0.000121847317515671 0.000908990167368288 0.00403762121865927 -8.92266026394638e-05
913000 0.028085473747906 0.124366698022251 0.00173230992390236 0.00519753756547001 -0.000519400201907459 0.00290379719445967 0.000130542623790167
913200 0.028550857300309 0.124951872573046 -0.00025913090251646 -0.00331414742852415 0.00205880050943971 0.0015950028446802 -0.000856403351889807
913400 0.0280464852004617 0.123695874461499 -0.00058083476917367 0.000630547887190106 0.00262255544490411 0.00113918491950985 0.00121986298298057
913600 0.0284541057987096 0.127242878592579 0.000699331941159815 -0.00127713775816969 0.00177518369000692 0.00204671557519339 -0.000977539901417316
913800 0.0282643883975429 0.125571898897625 0.00282596360661357 0.00610950972029509 0.00341538098460435 0.00320183524668519 0.000181909048274852
914000 0.0285633623415267 0.128266792253366 0.00393559663797542 0.00256714961074448 0.00223848730691319 0.00259754562454715 0.00136473998422112
914200 0.0281624935427362 0.126204982999849 0.00282432741311308 0.001469412577444 0.00187495365931358 0.000537674029778657 -9.8921630484839e-06
914400 0.0282381825288444 0.123064612537403 -0.0028694945672547 0.00135374786993769 -5.69523769307914e-05 0.0017308128925755 -0.000981842008305653
914600 0.0281111871317749 0.118276133712943 -0.00215084277366605 -0.000703042754882758 0.00186896486972629 0.00253627152771785 -0.000109609662027107
914800 0.0282489549117693 0.11969402983678 -0.00221153344037719 0.00109379625841823 0.00177144425406498 0.00279372264142928 0.00245272437404666
915000 0.0285382167341102 0.125882479423908 0.00122752475995654 0.00182723403474853 0.00172727304281757 0.0022893358264152 0.00115238372940766
915200 0.0282510038762886 0.125372928659905 0.000736839401331338 0.00480994413170439 0.00272542836905859 0.0017877226907875 0.000333398989681622
915400 0.0284109400058178 0.12724237901155 0.00179659418309166 0.00056292041028508 0.00254771162195564 0.00237745764875658 -0.000650954403772334
915600 0.0280919389072399 0.124725323766695 0.000559063815777819 0.00112263145202979 0.00319739735081246 0.00100543425372761 0.00041233841263237
915800 0.0282739027588425 0.122855779431965 -0.000498160001825523 -0.00201095964483151 0.00253237215734185 0.00366327700591218 -0.000527386610810054
916000 0.0279942543681487 0.122362249596845 0.00129394481931864 -0.00229086393629382 0.000629723664923815 0.00272212220711576 0.00153581775237785
916200 0.0285739099817097 0.123927520268857 -0.000703158360218525 0.00168515667615209 0.00183703102080673 0.00245270571261413 0.00100937910247522
916400 0.0279554045291149 0.121514387858995 0.0042454892213428 0.00346277791279092 0.00213250092677866 0.00253957798435059 -0.000292685034314607
916600 0.0286838960593111 0.12732866734209 0.00374265319183094 0.00402671857174468 0.00134969551927426 0.00132625762396584 -0.00119042460384413
916800 0.0282229172898533 0.123897720586598 0.00216169707987546 0.00224126995993628 0.00207579718864188 0.000649770380836072 -0.00129209209252236
917000 0.0284330709201083 0.12278886764536 -0.00148515113263633 0.00176018525159338 0.00202789712706833 0.0017731182905009 -0.000245634123776082
917200 0.0283120675112744 0.122756217732093 0.00211609415814486 0.00181748379136242 0.00246667937924386 0.00251821618230498 0.000900733648899184
917400 0.0283528168878171 0.123157938821106 0.00022771759353875 0.00249979777503628 0.000436127899383038 0.002013227102471 -0.001354962745548
917600 0.0282333802101486 0.122993401381579 0.00103107159026394 -0.000331021308983622 0.00123959883727997 0.00229438185363476 -0.00196975793275107
917800 0.0283294769194836 0.123759427798223 -0.00142081545228376 0.00245675184687681 0.00195556119362097 0.00172924384485004 -0.000194171125187783
918000 0.0282045935761454 0.124408393792915 -0.000296044759622913 -0.000909856267728788 0.00364950782565552 0.0024480428507614 0.00011247364963532
918200 0.0283570998734907 0.1240460243819 -0.00170746318605753 0.000915906384616135 0.00362655503082737 0.00172692419112427 0.000230562869444066
918400 0.0282144970573867 0.122894326646725 0.00286004115092361 -0.000629604397785249 0.00337859586173925 0.00176498584032341 0.000191664398702777
918600 0.0283495495835309 0.125380889704494 0.000704991565730838 0.00141666962107759 0.00244027050854716 0.00296879213554009 -0.000744745109093797
918800 0.0282513312327146 0.124053639894321 0.0053277568541878 0.00152619707801265 0.0027936705927504 0.00177040543476212 -0.000980251383644063
919000 0.0283096259922897 0.126296341906651 0.0029447541294744 0.00219585159221358 0.00440438865902604 0.00270998731293612 -0.000651394632930283
919200 0.0282366082490242 0.124455749276036 0.00263836462969126 -0.000385391765211215 0.00398689510202605 0.0029280914929945 -0.000862875150174698
919400 0.0283189816774514 0.125107009223614 -0.000357908451176296 0.00279497222097914 0.00182711273323394 0.00161025583211326 -0.0002882682814449
919600 0.0282109524915204 0.123433353969367 2.29218408716188e-06 -0.00209145618541471 0.00280676182340258 0.00226039815720564 -0.000731527064547015
919800 0.0281982720125504 0.122754196958655 -0.00258132537124612 -0.000666723342506527 0.00207572186906312 0.00106376963308273 -0.000785316627378874
920000 0.0283142447745646 0.123650876973757 0.00292172715911543 -0.00395498145803013 0.00244391466007688 0.00256739041728343 0.000606570067442824
920200 0.0281681670765541 0.125158198496477 0.00150296555476507 0.00269813461579016 0.00281544236273406 0.00228437439935011 0.000304232323033714
920400 0.0284130127370435 0.127254696848192 0.0015291637378718 0.00127121165785837 0.00290466284423807 0.00280817781327651 -0.000189016742178916
920600 0.0283139791359122 0.125836105600999 -0.00094993931621084 0.00442982065292276 0.00354295791483083 0.00212601946649394 -0.000755412000118053
920800 0.0283945356614177 0.125627808678931 0.000915006481215013 0.000127725155390342 0.00110692791903005 0.00237946852770832 5.32432480848765e-06
921000 0.0283180328669178 0.123764292119011 0.000139215636451665 0.000278553347972054 0.00377280957012199 0.00106762178902233 -0.00151730853816713
921200 0.0282894458950339 0.125416783227146 0.00417753866365187 0.000498426282631859 0.00189063567351403 0.00144760734819763 -0.00124716811830061
921400 0.0282708927374622 0.123398871000736 -0.00192377765336041 0.000914148419158314 0.00338236621486282 0.00225242911136177 0.000550665903587832
921600 0.0282479666173581 0.123061627015093 0.00331219347488788 -0.00161195181438459 0.00238496054305273 0.00217262903336959 -0.000854570290082503
921800 0.0283333746347518 0.124083940209153 -0.000492135063627807 0.00405584376679732 0.00269608150834062 0.00171218052267215 -0.0002910469756033
922000 0.0283045323376793 0.124669091281505 0.000227791522323694 0.002916775012476 0.000640157672139906 0.00195520943881537 0.000647363818678125
922200 0.0283754371088823 0.124813481545938 0.00280727890325807 0.00390750712139452 0.00139872318108437 0.00186221228065781 -0.000723527696153585
922400 0.0281627932047591 0.122634051102339 0.000751868324318637 0.000974798749652007 0.0010464927359374 0.0024837532394175 0.000171674995181679
922600 0.0284672078216963 0.124157261456244 -0.00268803997168386 0.000181637210283786 0.00271287996843441 0.00263976161076183 -0.000741624577104417
922800 0.0281587896425279 0.122462917322916 8.39148466511146e-05 0.000783172701926837 0.00238429629638183 0.00232104849522482 0.00180799617601518
923000 0.0284868284416751 0.125696442569913 -0.00011412565063489 0.00200107967029008 0.00262692685912772 0.00128549837854728 -0.000386012306177989
923200 0.028290938992481 0.123178459751962 0.00451592934045176 0.00496189807979484 0.0044158358133738 0.00195515282564848 -6.45263180783017e-05
923400 0.0285040660495708 0.126081588436554 0.00217263657321889 0.00204960786514849 0.00303693629446079 0.00139001024264654 -0.000456711767110442
923600 0.0282735401854221 0.121333759991347 0.00262560158411206 -0.00192225411233117 0.00313096732327699 0.00279547931643982 -0.00132445373849959
923800 0.0283967681430836 0.122755667060051 -0.00128285991661064 -0.00175142020915601 0.00155237496568413 0.00238547596345964 0.00117483814986993
924000 0.0281659507162052 0.121916201034735 -0.00148762323449992 0.000115869437761502 0.00250027276363175 0.00355179725945522 0.000317738078217258
924200 0.0285935199338904 0.127020074556427 0.00228032834998684 0.00262784034488103 0.00213587663983376 0.00151017557713749 4.35916045272718e-05
924400 0.028409316040241 0.127907272967104 0.00558818929100368 0.00616821114872538 0.00230188248639271 0.00310065740847257 0.000930975249398666
924600 0.0284939495408968 0.126926409093622 0.00405907407642072 0.00377273230446172 0.00324873574997865 0.00284167416647184 -0.00126060111522803
924800 0.028185785831854 0.123572737872077 -0.00234126016517778 0.00148409921715576 0.0029836672596899 0.00486662562926672 -0.00132220674017231
925000 0.0282918842435365 0.12247766283339 -0.001512442735184 -0.0023614831124117 0.00256662805555866 0.00258498752256646 -0.000627777174948846
925200 0.0280685429201393 0.123799198908588 -0.00157557168233036 -0.00259900893308359 0.00382872324789145 0.00345565640377026 0.000761482590604102
925400 0.028371655659073 0.123600445645089 0.00144388801497656 0.000380225848430167 0.0028803580291227 0.00254743518718095 0.0011326224929769
925600 0.0283467611087791 0.122752927889893 0.00292524217497666 0.00537764179727249 0.00319209275470358 0.0033317038320955 -0.00107075243075113
925800 0.0284832342693294 0.127788521526151 0.00645542180040525 0.00337363239351125 0.00168830583044085 0.00326761999263034 -0.00104980709276395
926000 0.0281798360133004 0.126777433035932 0.00370605962880152 0.00233292854942109 0.00270245377614479 0.00270107326363606 0.000334663317684843
926200 0.0283287441979162 0.12639072615813 -0.0010297932555835 -0.00149458582436437 0.00333265272244823 0.00146351584718759 0.000788981581497301
926400 0.0281855939346509 0.122670445303064 0.00113885778228007 0.000838656125200503 0.00276955624120253 0.00274934886244419 0.00174185608060586
926600 0.0282136685741385 0.120003951863857 -0.000585410635809624 0.00242866099165868 0.00303892663879492 0.002422816041729 0.00235422635479052
926800 0.0282229909564369 0.122393010591018 -0.00201183169289564 -0.00126493654986272 0.00235462370224939 0.00195915941797291 0.00195425909571025
927000 0.0283645625795935 0.124522147683606 0.000765434948344497 0.00264993695230874 0.0025777707608604 0.00232785714429705 0.000261592124429787
927200 0.0283560343752215 0.123107618311425 0.0022298109992837 0.0031780923755314 0.00203190391046421 0.000485556765781531 -0.000163496417984755
927400 0.02832231862665 0.12332303961198 0.00286292937055855 0.0012568812197853 0.00361950620586452 0.00141371370094392 -0.0021291267693575
927600 0.0283341153063075 0.124556572535591 0.000450409475239759 0.000778142583511984 0.002850794929064 0.000658462088160661 0.000482918293736814
927800 0.0281415957210859 0.122471078638369 0.00128861413373794 -0.00244673124882076 0.00262256879668784 0.00067879910831991 0.000190635457774653
928000 0.0283842397994564 0.125102013567819 -0.000607756069334981 -0.00101903461507166 0.00275624765553909 0.0025230285017122 -0.000234721840164853
928200 0.0281257731054948 0.124154522294698 -0.000420225098325494 0.00392665366115577 0.00136061008471959 0.00315544754041164 -0.000630620040160439
928400 0.0286908649352954 0.129750676249059 0.00261663461724989 0.00369152315092216 0.00328574955861456 0.00320738328086481 0.00211567299387069
928600 0.0281000990655875 0.122401127615986 0.00304397341713268 0.00608074642500807 0.00293788283030374 0.00166374983058529 0.000750073845560688
928800 0.028517564153342 0.125069224195131 0.00238420845799098 -0.00193060416628282 0.00292741315517325 0.00185430587045869 0.000295347316128721
929000 0.0281984293495094 0.121328216208004 0.00470229102144368 0.000219535693612946 0.00262252908023446 0.00182584021480495 -0.000596802901389769
929200 0.0285087019153737 0.124792187811757 0.00130001412366463 -0.000758414496662596 0.0034631471088745 0.00231703711890016 -0.00123647796864026
929400 0.028192276244247 0.122266585637927 -0.00120592104460922 0.00380950883101022 0.00225709417106348 0.0033614595393892 0.00116521236146665
929600 0.0283296820594445 0.123155471099743 -0.00076747309331835 0.00102822846152982 0.00200341380169261 0.00266431825329982 0.0002714734781171
929800 0.028297338780367 0.1240986053996 0.0012029167080494 -5.59898495376894e-05 0.00420344877232565 0.00413250859342314 0.000321862117977511
930000 0.0283249989047463 0.124873865025305 0.000602520715462097 0.00217010048101695 0.0016851034588583 0.00345717149757948 0.00116822150715933
930200 0.0284194825673345 0.126254731039744 0.00452454299484018 0.00114038505433521 0.0036210559522349 -0.000346155973384855 -0.000522050020127262
930400 0.0284199090733568 0.125796153415563 0.00521551239226813 0.00327101670843721 0.00263692488956591 0.00155307989394018 -0.000531943106606817
930600 0.0285466412544619 0.128038029037865 0.00397922997718439 -0.000190312343419618 0.00175740616303351 0.0025103695748838 -0.000613430391539997
930800 0.0283702866786356 0.124608537276514 -0.00152903601587981 7.72940073556967e-05 0.00242171987482878 0.00444071937631465 4.78202527669976e-05
931000 0.0284290422138383 0.122754304528308 1.38611604965174e-05 -0.00188882547398724 0.00327630981256747 0.00245618570870669 0.000189781594939534
931200 0.0283244121102164 0.121781795474283 -0.00033109669254079 0.00104909232670863 0.00419668343894396 0.00180592745031901 0.000539475039447099
931400 0.0283212692902712 0.122616797546517 0.00154599900314083 -0.0016036437235691 0.00250258325785045 0.00345339904755256 -0.000563534466369219
931600 0.0284593710546982 0.126232074830618 0.00128776365992381 0.0030649500306325 0.00146376117255483 0.00328729949660944 -0.000164793973675404
931800 0.0284846727182139 0.125090761961332 0.00383658603950717 0.00189067179187602 0.000569685955918921 0.00166082381000273 0.000583744691823348
932000 0.0284745870906641 0.123181239901854 0.00273927512122159 0.00384110905500207 0.0015704384812934 0.00096947396648537 -0.000306599315179984
932200 0.028415819466385 0.123003283643202 0.00233945885711926 -0.000374932669469996 0.00148083269481284 5.19029079791645e-06 0.000848704691127877
932400 0.0282957350022959 0.120372592144621 -0.00253943237082889 0.000490621737602953 0.00273893487448829 0.00143796608055906 0.00112777674493987
932600 0.0284423485860268 0.12309279934275 0.000465233364664825 -0.00398616158725204 0.00316225380281169 0.00287959582391347 -0.000812064628628623
932800 0.0283207748712566 0.122874156320212 -0.000222153336988216 0.00142898442365719 0.00288880335535104 0.00230328374011926 -0.000157994097488595
933000 0.0286293607157407 0.126856230948033 0.00368540375843742 0.0017372976539444 0.00378496544219258 0.00131792942175231 -0.000159976852964916
933200 0.0284508877593436 0.125961231725869 0.0027519067174619 0.00543024710744459 0.00263745098196807 0.00178036521266289 0.00138723999528536
933400 0.0288127855486311 0.129296558422165 0.00189773160997884 0.00204617677108412 0.00346743552047158 0.00207209392279372 -0.000247535843568601
933600 0.0283579535398323 0.125136003959432 -0.00130249494996924 0.000200525120860875 0.00211169505749747 0.00299069366367149 -0.000830660354697613
933800 0.0285081261778439 0.12422939246919 -0.000470005323829537 -0.00351285775795607 0.00211213735926974 0.000967394513198086 -0.000567104327943976
934000 0.0282717983844639 0.121400661759425 -0.00258157439141027 0.00230748900733382 0.00161403594843913 0.00046377831927233 0.000501145625602051
934200 0.0284110580977182 0.123314780115251 -0.00133601730812442 -0.000438021714830682 0.00130150797294049 0.00271033266283844 -3.76939061231101e-05
934400 0.0284679426427422 0.123766185983759 0.00141571009001639 0.00340010318073748 0.00363791262220927 0.00378635128104954 0.000173402260843414
934600 0.0284851723368802 0.126164416216348 0.00132349234455537 0.00252578920884714 0.00226217043515378 0.00137831580753179 0.000232823971369711
934800 0.0286046873298989 0.126994927255439 0.0018626186061363 0.00470144207733911 0.00176249873422982 0.00190185531604098 0.000236897903368039
935000 0.0285436566131824 0.12372968431471 0.00289012300795696 0.00189760998821601 0.00157929555779687 0.00405763551417455 -0.000327089840191283
935200 0.0283442655699443 0.122109371631378 -0.000215309329127469 0.000874144136345566 0.00235436841921124 0.00323591228347301 -0.00169319046667287
935400 0.0284386611829034 0.122735064047753 -0.0014179841483432 -0.00156916200309409 0.00438450822384239 0.00242079966447125 -0.00102485873746454
935600 0.028400103240441 0.121572149024283 -0.000778791535272089 0.000151821204809314 0.00155706964825991 0.00282362267062234 -0.00113551394747193
935800 0.0284837443617913 0.123821881021515 0.00070274617174143 0.00236720810616968 0.00302291476767733 0.00254046981081794 -0.00108279260270195
936000 0.0285586192281945 0.126439242459184 0.00115115127434537 0.00290913870580199 0.0037213106777052 0.00236408809892362 -0.000571318813321562
936200 0.0284056333323441 0.126773865493645 0.00155771859392695 3.08724673015992e-05 0.00458099946053699 0.000644840920212914 -0.000223319533488101
936400 0.0286346360107946 0.125735749207323 0.00128851052296891 0.00190507420806663 0.00519217961560057 0.00124749474985534 -0.000753937837482501
936600 0.0282371467056641 0.120513177689856 0.0011867038210396 0.000685091410745846 0.00256739027898074 0.00196019451755071 0.000203305998888295
936800 0.028608429145422 0.123839217306258 0.00128008010359105 0.00110008749205889 0.00221754647061934 0.00316618414450114 0.000409174329506278
937000 0.0284221803224829 0.124241555956598 0.000269588015643215 0.000825422929451818 0.00331475525509676 0.000609697454521661 -0.000486266208968092
937200 0.0285769634954132 0.123970713716716 0.00110908919270168 0.000697354873864866 0.00447027565374879 0.0013476423028078 -0.00136307693213323
937400 0.0284723405005601 0.123971212015614 0.00261577891831844 -0.00103497806084059 0.00233553047800005 0.00133924770482562 -0.000289588669217447
937600 0.028638360425706 0.125535451252972 0.00218616498748506 0.00267851845086174 0.00261234376953327 0.00184022521217437 -0.000418316202787893
937800 0.0284619672438707 0.125167384476485 0.00236139562864725 0.00296614602079057 0.00251117669895528 0.00308476674970572 0.000846441945850623
938000 0.0286872964555021 0.126257938414696 0.000408741760120768 -0.000429272480870447 0.000591032578946849 0.0025810769839486 0.00195451175438182
938200 0.0282749150714713 0.122399039444942 0.00241796540144324 -0.000462284495185202 0.00178992558754254 0.00208669304426289 0.000912530265767313
938400 0.0286899247518988 0.124628606251499 0.000175981966207531 -0.0016105300418129 0.00321325160657901 0.00236963405486418 -0.0014096432406788
938600 0.0282989514921545 0.121685172255927 0.0011536073163988 0.00359008043190705 0.00228612816431419 0.0014801610694355 0.000637448151744687
938800 0.0289113448812039 0.1293135518339 0.00335032255084639 0.00284765701605276 0.00277173809287296 0.00115444734495052 0.00269424595818322
939000 0.0284125474872021 0.126974843696872 0.00113318423217741 0.00313348321674035 0.00204363063760866 0.00286844959024621 0.00108974767761151
939200 0.0287347984107153 0.126622280023386 0.00207796406181747 0.00112470112343358 0.00209321177672425 0.00301160486178249 0.000600898294315163
939400 0.0284173777115008 0.12201693133142 -3.45891347905601e-05 0.000629841641535359 0.00200936275389333 0.00153226688460631 0.000801899742223443
939600 0.0285273666090145 0.12283926522067 -0.0020680263998372 -0.000930004371914786 0.00186319167978925 0.00176732270261748 -0.000301086974075642
939800 0.0284439383498594 0.122871258895081 -0.000189215722862633 0.00274858920941467 -8.9646512675389e-06 0.00325288576861578 0.00154538257085441
940000 0.0287881770088449 0.12359531045952 0.0046338285128894 -0.000986149651874006 0.00202400774962578 0.00373039516866336 -8.34187576836414e-05
940200 0.0285059258445768 0.123988008091527 0.00223802571777592 0.00153643824139548 0.00231332574514866 0.00140612340434152 -0.000972164857369705
940400 0.0287319676900875 0.127515819174182 0.00466746184655228 0.00091591374161162 0.00258419281043961 0.00332917396380667 -0.000178033410107197
940600 0.0285059171954598 0.123863957351857 0.00287386298358048 0.00393298453271435 0.00303816042993019 0.0028960761151739 0.0003758215640079
940800 0.0287000313992631 0.124401914825074 0.00116081436399829 6.42420393608501e-05 0.00255872283993483 0.0015636043703167 7.46247269959069e-05
941000 0.0284730040110097 0.122672862421066 -0.00110468868761068 0.000436280669896874 0.00205300604590829 0.00275789398565141 0.0011129436914482
941200 0.028646519706776 0.122913078110695 -0.00192994396068713 -0.00260432070113747 0.00114729338176483 0.00263989665367665 0.000632627662387542
941400 0.0284490937034139 0.123077136720659 -0.000373085138008593 0.000905256726397838 0.00244648667005903 0.00380834397711806 0.000261435713968553
941600 0.0286618002862887 0.124120569142051 0.00247277937425484 -0.000440229059138233 0.00380954362695289 0.00290331566577476 0.000338607431208729
941800 0.0286962210785298 0.124106712215098 0.00183498701728353 0.00189991915189682 0.00246876153902961 0.000700640386740784 -0.0004897585018249
942000 0.0285142386531087 0.125913309371423 0.00214969195186406 0.00489768643688848 0.000571883335277917 0.00257787116883073 -0.000815568367341838
942200 0.0285486309509346 0.122638910614631 -0.00136480766905072 0.00185032016090096 0.00109133056221444 0.0014238830396712 0.00171404019471898
942400 0.0285064862026579 0.122383787518776 -0.00174805554097928 0.000574474126947958 0.00161377943603338 0.00394959580169194 0.000759935609774842
942600 0.0286680227041999 0.1222975894714 0.000770129863570672 -0.000168644112404912 0.00208126136631184 0.00220907232781415 0.00159166243981874
942800 0.0284813289853946 0.12415131228278 0.0035945013994845 0.00230524148387692 0.00189017610143106 0.00251217717048202 -0.000164134437847965
943000 0.0287929526066017 0.127710837281794 0.00388304689084294 0.00349278715491611 0.00341971230961874 0.00352044862171847 -0.0012886457938736
943200 0.0284494665246906 0.126405298279355 0.00427531564776527 0.00465859582132803 0.00427531185365932 0.00282151913385496 -0.00115326327210164
943400 0.0287442604360394 0.125431092784976 0.00164860252433232 0.00129696836871434 0.00394652098711798 0.00316914209474137 -0.00116892001091064
943600 0.0284206150360121 0.123039019280789 0.00265849846043116 -0.00115756062073773 0.000816481593118387 0.00186534617073931 0.000165538173445237
943800 0.0286344889215516 0.122658685745245 7.61121208037856e-05 -0.00239088779990701 0.00389645987440887 0.00148586257437329 0.000551593897643741
944000 0.0284616491696307 0.120861834387902 0.00160235658548244 -0.000654590420765963 0.0030163908093074 0.00102418219360281 0.000331600519020346
944200 0.0287548514910354 0.125377453791297 0.00108815529479048 0.00151247889907305 0.00375159723766021 0.00201419629457805 -0.00149986133700032
944400 0.028510537974315 0.127434991771759 0.00378634159658782 0.0027089115758131 0.00201768283347846 0.00206965249290757 -0.000471261705391534
944600 0.0287062807528572 0.125196666203829 0.00233120480119452 0.00211180287234881 0.0029656189895295 0.00230797912396795 -0.000206175875907009
944800 0.0284193775262667 0.120701479615006 -0.000721096944007883 0.000670245501065901 0.00283405359234233 0.00328369437104503 -0.00101836634254347
945000 0.0288786266682234 0.125306846618341 0.00161175988505525 0.000457160992140691 0.00159318064347515 0.00163579954601639 0.00070966639051612
945200 0.0282192482270267 0.119922864211865 0.00307566177113474 0.00257713365993721 0.00171641657014236 0.00280709463434743 -2.34724211967123e-05
945400 0.0289344311269798 0.127870114650729 3.63109616675484e-05 -0.000169305705550523 0.00097381754785797 0.00241293258572146 0.00149140477324699
945600 0.0283727769699209 0.125450980407821 0.00341646358377584 0.00245765018558297 0.00231428863190365 0.00125607343551211 0.00229806354718492
945800 0.0288324620820267 0.128784094669127 0.00042756382362224 0.000205044389222215 0.00246772740651259 0.00150918976239189 0.00114471083191592
946000 0.0282608456857474 0.122126652737144 0.00231624210947493 -0.000172517017252851 0.0017936614589582 0.00200323399161985 3.12100438754152e-05
946200 0.0287898229845261 0.123320681182255 -0.00238978551811376 -0.00431910714327834 0.00196281420730458 0.00138593087032157 0.000359034465980399
946400 0.0283973349627226 0.121108150921403 -0.00117348241352908 0.000619878674429575 0.00266593874748476 0.00314022659428436 -0.00129952385052409
946600 0.0288026455065974 0.125361387450088 -0.0001362749553607 0.000815089392051837 0.00321630325411369 0.00268462725585932 -0.00116747687940354
946800 0.0284736696928595 0.123839924200378 0.00260843854052479 0.00287742458468394 0.00328810699700436 0.00244717263135406 -0.00107998979866422
947000 0.028717783882995 0.124487576302671 0.0023420331922805 0.0019022205243802 0.00248779896648059 0.00296050220613321 0.000227390484764992
947200 0.0285495425636369 0.126310965501275 0.00117106471066003 -0.00110179826114177 0.00275481656519755 0.00173650119228622 -0.00151009898319413
947400 0.0286281887365739 0.123529688052329 -0.000818585035528825 -3.28467708520818e-05 0.00204080308675277 0.00159441591383034 -0.00149661787633885
947600 0.0285569070996798 0.122772511976674 -0.00322454940838144 -0.00027288322369902 0.00125288664105967 0.00206826577388646 -0.000493798939682632
947800 0.0286997801294169 0.121469150151415 -0.00229972113424421 -0.00430504711601038 -0.00038150430521083 0.00290517110792876 -0.000480373250199779
948000 0.0284756558797702 0.120317053270754 -0.000294878242079097 0.00150599665606802 0.00177546623353808 0.00238287239119593 0.00187593730786252
948200 0.0288711202306993 0.127606028282028 0.00366307388923803 0.00296304299022393 0.00298019456382826 0.0017555541232103 0.000970368813143079
948400 0.0286325809057174 0.125828668125345 0.00362351200337446 0.00215821446139019 0.0025200522378621 0.00117757169493787 0.000233123914962241
948600 0.0286537238704548 0.123025782398544 -0.000795677166465032 0.000429084714907883 0.00342889444179369 0.00211843458271174 0.000559591522392243
948800 0.0285105177927653 0.120569638852681 -0.00204662963068291 0.0010662053693492 0.00172766833520378 0.00162227999413417 0.00170040318815958
949000 0.0286343273507807 0.122511046738505 0.000836686888611228 -0.000909457379238035 0.00245950347131686 0.00306564880141901 0.00229406595312058
949200 0.0284975433115117 0.123065963920991 0.00512265613244029 -0.00188436143867831 0.00155015472660368 0.00378654461201689 -0.000844945500068285
949400 0.0287433467636322 0.125666911321407 -0.000272088859686074 0.000714732881921538 0.00283319453050999 0.00300397488948514 -0.000284285348105474
949600 0.0285568314796758 0.12605433314428 0.00507155099957622 0.000505014114682449 0.00223719616892425 0.00184145545654246 -0.000594080765936695
949800 0.0287560141055586 0.126234590567994 -0.000777161236609773 0.0045599414427567 0.00209223038330001 0.00235190759741289 -1.33031245157971e-06
950000 0.0284936428078639 0.124589094491499 0.00441915384801937 0.00127322892520771 0.00289247981013836 0.00412165215705956 -0.000253128374795081
950200 0.0287401961688817 0.127243321783261 -0.000789339086335002 0.00263811459269501 0.00468498277199393 0.00258781529420776 0.00131463241230651
950400 0.0285075458093424 0.125056926324027 0.00231628648718134 -0.00176616766746648 0.0030728560635197 0.00194032077714549 0.000218832383187803
950600 0.028728111520887 0.124567414136333 0.000338593900115924 -0.000340349317268937 0.00559423362656046 0.000445707313745078 0.00106046818232322
950800 0.0285002725716667 0.124029581301358 0.00171825801226305 -0.00208537811744917 0.00247984561528277 0.00253004712908101 0.000580859611211549
951000 0.0287507971918229 0.123575075892469 -0.000224804561892403 0.0010005837863295 0.0012896606564268 0.000508745075257102 0.000582288318117274
951200 0.0286593121338561 0.125619594334191 -0.00192217039886338 0.000199776731403638 0.00338954594703941 0.00139318432388471 0.000546176937071515
951400 0.02878960077161 0.127351118293828 -0.00157912533998414 0.00244714997798082 0.00321816950932035 0.00314218538460626 0.000801116681810935
951600 0.0287945877552607 0.127985277849014 0.000514017111627059 0.00107386177917419 0.00125266700119446 0.0032863508520232 0.00160287442700478
951800 0.0287597372705173 0.125151769054827 0.00133503522195448 0.00105532785404231 0.00383497474068809 0.00292751956320876 0.00140287161866192
952000 0.0286920861380945 0.124809675778015 0.00141255830113923 -0.000522558901154102 0.0039970097415459 0.00209831940812494 0.00133932719326211
952200 0.0286485572473957 0.123630638447607 0.000177034682239236 0.00019965375349712 0.00443730874596462 0.00106585457181207 0.000902563763884197
952400 0.0286585761195361 0.123601634098702 0.00105569560338862 -0.001059496470479 0.00304866726625673 0.00173463287402534 0.00103475593753214
952600 0.0287609048444816 0.125786555620065 -0.000402343294889262 0.000944988669551274 0.00337773575660692 0.00188544637670522 0.000862496317669885
952800 0.0289063199891057 0.127592282125016 0.00572963021916214 0.0045593468911447 0.00293992066222452 0.00134063444957821 0.00107500160952102
953000 0.0287207475665196 0.125230519568135 0.00379976277562694 0.00655411012188184 0.00158616418247313 0.00240059542466565 0.000575983829822811
953200 0.0287605887265311 0.125256413911627 0.00288429057576966 -0.0013216751113096 0.00249686405937449 0.00161709892198114 0.000532478333219727
953400 0.0286095474320129 0.121813657852245 -0.000772113552619147 0.0016096146955171 0.00278909100035928 0.00171203581327221 0.00173571143565438
953600 0.0286884851270863 0.122524060607322 0.00183051696492408 -0.00299218786166551 0.0041913612891984 0.0025272513249613 0.000381684801888992
953800 0.0286067997059947 0.12349499671552 0.000539362664500285 -0.000174099467221867 0.00227235071023059 0.00201286251035623 -3.30690979461155e-05
954000 0.0287403946183424 0.124148301685829 0.00269825796275682 1.89810404742127e-05 0.00340017678370731 0.00241546788789108 -0.00110510154100899
954200 0.0286536674440596 0.124470820218197 0.000848915908714009 0.000972011594457979 0.00278986772761147 0.00205606696792857 0.000838363041516205
954400 0.0288625279764765 0.125091800771342 0.000193795200672992 -1.09454509603207e-05 0.00230949193976947 0.00212043148031774 0.000588179970998094
954600 0.0284917128806332 0.121576921001106 0.00278531735082371 0.00396531191053178 0.00268679367457108 -9.87870085432505e-05 0.0001809815176508
954800 0.0287525878677809 0.124917873117263 -0.000708748330076901 -0.00242408512047212 0.00365025776730641 0.0006365627344069 5.26439051065632e-05
955000 0.0285115561793413 0.124740109838007 0.00239069234072772 0.00173023889600016 0.00358979052170957 0.00106972878270923 -0.000216393359602114
955200 0.0287720293581323 0.12443151994892 0.00348075407102521 0.00079771131770977 0.00290426725040484 0.00153845844946633 6.33376028100546e-05
955400 0.0286600357157844 0.125949174147288 0.00175845154035918 0.00277797640905024 0.0029868941570861 0.00204485110376643 0.00105764524714785
955600 0.0287637915641122 0.126059165187303 0.000776722158486789 0.00076399269808742 0.00247739538269144 0.0029464892371386 -0.000271450575683159
955800 0.0287412773629219 0.123452256324153 0.000954186197823367 -0.00056367559918709 0.00286597139244604 0.00196953904226018 0.000200328395292711
956000 0.0286445973658323 0.121907409553699 -0.000352899536813308 -0.000109829561964439 0.00365327332876257 0.00171183379935691 0.000685820693814542
956200 0.0287386882379734 0.123690375271166 -0.000366957373380314 -0.00125509130857653 0.00426217567544516 0.00264674986687831 0.00115541778077876
956400 0.0287244201872886 0.125852370492606 -0.000246497957229407 0.0044511163941293 0.00309541643223329 0.00179104997584956 0.00140464681173934
956600 0.0287873319426967 0.127805139743342 0.00327837801974638 0.00125884557980977 0.0021131187267301 0.0022366689536604 0.000331738766208726
956800 0.0287782499208673 0.124508362415156 0.00282459676503032 0.00352256545731655 0.000960420651891154 0.00214174086773036 0.000326350273300852
957000 0.0288432549330547 0.125638369621813 0.00288972046429369 0.00181630152884368 0.0021191081930912 0.00128165764564278 0.00130407982695844
957200 0.0286727727335104 0.122715346446373 -0.000555997948120815 0.000425010265061846 0.00296165295604576 -0.00173440313568076 0.000164906281250339
957400 0.028746210336707 0.123704953311249 0.000256343666947638 0.000321996913340441 0.00400932440436343 -0.000212100363378408 0.00144079379880909
957600 0.0286968345236806 0.124768233141819 0.000940085668990607 0.001827859664266 0.00493947147653279 0.00265698467513155 -9.52311489802824e-05
957800 0.0287800965192042 0.123986438234825 0.0038541276657307 -0.000222415380457412 0.00269720129687301 0.00243837792065513 -0.0010578412693237
958000 0.028819851998921 0.125151750441734 0.00354873622847068 0.00169976482713191 0.0012246142362758 0.00177550794270088 -0.000321209348610989
958200 0.0287347276626257 0.126781024308385 0.00148550166647144 0.00164113672296958 0.00186043741490813 0.00223769874434459 -0.000900414735588977
958400 0.0287727687403812 0.124225410448073 0.00108974837481616 0.00255770874284719 0.0019013882767492 0.00261451380242688 0.000779116258409779
958600 0.0286976511733955 0.124787191704834 0.00215365350694235 0.00261315809003962 7.24311773866421e-05 0.0015670665453085 0.000547338582977898
958800 0.0287033621885799 0.124202360462976 -0.000553214185735738 0.0019690077788253 0.00185389669199618 0.00176944779626122 -0.000142605187888306
959000 0.0287335848834619 0.12531330870591 -0.00166845484873651 -0.000270291995194434 0.00233270901779922 0.00117610138448035 -0.000266455416387972
959200 0.0288265826135687 0.125124711260547 -0.000291449749010639 0.00182589892042665 0.00291366733666974 0.00252127419728741 0.00067748114100644
959400 0.0288103386302519 0.12221054092004 0.00290840040358653 0.000330089786221739 0.000529701720798889 0.00229532211491667 0.0015383955610473
959600 0.0287311900839976 0.122630459491363 0.00158780434755356 0.00366503228247515 0.000426239716175145 0.00147457320953847 0.00089590334591314
959800 0.0289425461475942 0.124977860793659 0.00179137109094697 0.00580670605631724 0.00342037920072922 0.00212535191164657 -5.0433913909843e-05
960000 0.0285904752165951 0.124262264496163 0.00111502153122276 0.000847266438243101 0.00272506170046246 -7.51442635694903e-05 -0.000286868386430941
960200 0.0289428093982365 0.126352577729481 0.00131199266016922 -0.00168226998929431 0.00399798236194064 0.000499243175462463 0.00264547843553203
960400 0.0286105030946438 0.124086816435124 0.00403739422894142 0.00215009640707057 0.00280994957975474 0.00233791569678285 0.000888306170852631
960600 0.0287116253676921 0.123689127430613 0.00153768782897764 9.13319049979498e-05 0.00405008438221986 0.00148197235783879 0.000201645721817247
960800 0.0286027041126306 0.122169484323693 -0.00126137503993259 0.000685055718177939 0.00422856184096004 0.00231140612427716 -0.000336583805539311
961000 0.0285645997928497 0.123084149625007 -0.00223794525729527 0.0013769885575216 0.00427625743547629 0.000471935784965651 0.000356778705031871
961200 0.0288588409928683 0.124317829353531 0.00172480468815297 0.00031978330029857 0.0032004137232139 0.000863210513416136 -0.00113868054190822
961400 0.0286885363841235 0.125628005329308 0.00336046427423833 0.00582818902176941 0.00318780398701627 -0.000318215799141758 -0.000207719011750664
961600 0.0289853674366032 0.129396265625532 0.00395269867903227 0.00186329637517589 0.00209687368866399 6.89364835738857e-05 -0.00029907665531552
961800 0.0284592257089772 0.125840082306463 0.00181230543393484 0.0014157881377797 0.00308359523219267 0.00113347965793144 -0.00160250767322967
962000 0.0288843536526533 0.125723769708082 -0.00135455827952473 -0.000777866225934717 0.00189713475103608 0.00107624819844896 -0.00113465475145229
962200 0.0284935935750428 0.121449329777769 -0.00134418529074613 0.00098053305350611 0.00207914491792207 0.00378563987630038 0.000267871573862641
962400 0.028782329570486 0.123919305645571 -0.00238856382408229 0.00123506280135749 0.00348028019465096 0.00414048910166488 -0.00128403134790185
962600 0.0287521625528596 0.125743214371253 0.0049196437566374 0.0015830536151902 0.00271134592694413 0.00366373901076655 -0.000528456434591956
962800 0.0289742995339922 0.126879565440842 0.00334793242244446 0.00444054789935789 0.0031859594691785 0.00274334399793837 -0.000505894512196118
963000 0.0286736313946063 0.123882783020367 0.00275603584355672 0.00143434083041813 0.00268981821619588 0.00133312946612434 0.00106167226879483
963200 0.0287994857579624 0.124773409118742 -0.00311427476450519 -0.00165105213078874 0.00368383241609943 0.00072026845574205 0.00108023524555349
963400 0.0284663716154742 0.119635052490299 -0.00127290055754092 -0.00146169291132694 0.00378589204495568 0.000543412791531026 -0.000562157298677808
963600 0.0287396986458651 0.122135424474277 -0.00384814430718628 -0.00111420902542242 0.00235292260884217 0.00125969886175909 -0.00116170333686382
963800 0.0284901392768518 0.126141605060081 -0.000125148882705655 0.00216914445318382 0.00252702757524533 0.00127175632440081 -0.000731080752137613
964000 0.0289136781645468 0.127098792783589 0.00162739276316294 0.000621888150482314 0.00246781697494165 0.00211390501383742 -0.000825477922721996
964200 0.0286161641026416 0.121903706768535 0.00451663295290365 0.00222201301588444 0.00209058356775072 0.00182367714086494 -0.00118943760196109
964400 0.0288863723242023 0.125055071737993 0.00323840933382758 0.000587229886933428 0.0025453750716776 0.00212850076671686 -0.000657339055470949
964600 0.0284238690129969 0.12059681589379 0.00315674593400723 0.000385897378182828 0.000641869101385965 0.00152770735674779 0.000672185294102042
964800 0.0289459723581152 0.124296774395063 -0.00187569585757479 0.00109677514187347 0.00289890806277358 -0.000139048745974864 -0.00126635715478791
965000 0.0284570597587701 0.124414042218662 -0.000380640039630573 0.00114945257580802 0.00122619563284844 0.00147320576773238 -0.00163746486900808
965200 0.0288978716452075 0.127573406611582 -0.000234691424524178 -0.000192474838967422 0.00220820168591551 0.000889669385022894 0.000789355718948657
965400 0.0286215240945885 0.123120071458368 0.00291369947003806 0.00161116670139684 0.00139484596163421 0.00186376489703762 -0.000575995719421364
965600 0.0289794743270581 0.125122634484854 0.00104798016099846 0.00114553724555238 0.00203864468606411 0.0016771334776628 0.000188391037988291
965800 0.0285737402248498 0.122743027190239 0.00325114075289043 0.00271989268281685 0.00247564367507076 0.000510117091190684 -0.000646388316445234
966000 0.0289381355119215 0.122765757586964 0.00172318075229493 0.00143880139337864 0.003021609126353 0.00289182198047184 -0.000326449600286602
966200 0.02861413173901 0.120882419558778 0.00422053187544919 0.000687935084519454 0.00253030158090342 0.00178768655438533 -0.000415823615865058
966400 0.028794516764307 0.123955616504196 0.000274788397660885 -0.00120311122666293 0.0026990569133381 0.000758806138057535 0.000120056103281112
966600 0.0286671637046164 0.12497578313869 0.00184206847648151 0.000692898018745795 0.00247865276288079 0.0012257743062879 5.90065602706651e-05
966800 0.0287892480511702 0.124822045055474 0.000326376589553244 0.00126308599849615 0.00337343942141499 0.00207430001322407 -0.0013630228921607
967000 0.0287804159194882 0.124594171653702 0.000915541181098169 0.00214500347471157 0.00238634103463489 0.00178804170133351 -0.00103362017704846
967200 0.0288528847594368 0.127734252382237 0.000686165078887248 0.000868989718709118 0.00399612507703821 0.00159626911093063 0.000582118082348868
967400 0.0288047703114709 0.125713202688869 0.00436549168452471 0.00356172087580016 0.00281972827256291 0.00125715867968074 3.20842772956544e-05
967600 0.0288196187064515 0.122021451462026 -0.000379500256273299 0.00044330052501573 0.00272045428338002 0.00154192765126543 -0.000469724272334371
967800 0.0285461158136962 0.120647800254112 0.000211562348859797 0.00164938561009956 0.00073969568583057 0.0030131877275374 -0.000992072147100033
968000 0.0288368424875602 0.122372982334356 -0.00069370641224166 0.000394376804699746 0.000703536992501347 0.000326639315605232 -0.000564588613732772
968200 0.0287062651068254 0.12484002372275 0.00164770318909713 -0.000827409345963761 0.0035146161250355 0.000418416893558815 0.000432123917164291
968400 0.0289184238279573 0.12535525645101 0.000753682056978716 0.00146563724175829 0.00275932178389026 -0.000457922967412248 0.000768653049704186
968600 0.0286224880285606 0.125142331882149 0.00369178264920346 0.000797785531032418 0.00321494832718424 0.0017257407127894 0.00108329974748387
968800 0.029028774754492 0.125750494152472 0.0020320919875487 0.000265647568846674 0.00433159944156851 0.000428379504494302 -0.000227278863824473
969000 0.0286501875733865 0.12292066681867 0.00570072705891967 0.00123384419949153 0.00546842688028025 -0.000424431839500234 0.00150138353823291
969200 0.0290384957551315 0.126445221211796 0.00152503550904408 0.00356629056750319 0.0044106123710882 0.00208070815123861 1.78047594043655e-05
969400 0.0287622680893455 0.12320301835595 0.00442054501441034 0.00237164651853684 0.00357308942154172 0.00335706283696217 -0.000357552404184284
969600 0.0289455826809619 0.124858114721609 -0.000640100323100338 -5.92007540759312e-05 0.00302934685125308 0.000813413406741245 -0.000445605401608072
969800 0.0288136512166062 0.121270151406911 0.00226103947486494 -0.000357142791818997 0.00290573221081702 0.000320120364484904 -0.0019264789062215
970000 0.0289311679904875 0.123412269435366 0.00136464148516439 0.00251533833858444 0.00214831737289047 -0.000587149098026136 -3.52550826328699e-05
970200 0.0287555434869955 0.12348235725484 0.00294388941028104 -0.00113205947037245 0.00141238582130045 0.00139571357617135 -0.000796722866054045
970400 0.0290590771860013 0.12671041736578 -0.00022944573717751 0.00250381218046746 0.00356469869359503 0.00294317044506159 -0.000453696739300252
970600 0.0287815458297522 0.126046092338772 0.00884206334718522 0.000998201323777009 0.00174531329027789 0.000989850538327912 0.00117619141942825
970800 0.0290703300641307 0.126429229801861 0.00300810273271356 0.00368425497758915 0.00202659817398334 0.000536441460821155 0.000646049220660219
971000 0.0287331726262369 0.122159139457869 0.00298353197937713 0.000560574396405451 0.00259660626796995 0.00122846780846773 0.000658163442784089
971200 0.0288624948053741 0.12339132455895 0.00103611534379604 0.000125959730288839 0.00178661939479409 0.00163794884549122 -0.000110127794888867
971400 0.0287736604219431 0.123778381934468 -0.000426646291799749 0.000105369422370226 0.00276264634137489 0.00221777224591189 -0.00107859379365125
971600 0.0289098159960363 0.123462713957238 -0.00215446164824446 2.27536419082523e-05 0.00501827718723663 0.001011941430764 -0.000671248890533122
971800 0.0286142488719469 0.122348481366719 0.0036623284444653 0.00227565556474256 0.00237067391348589 0.00179360020133661 -0.000978732137003084
972000 0.029149367125169 0.127340045141808 0.00317183724053475 0.00218785851665839 0.00380779129331554 0.000539900441179938 0.000361577471292004
972200 0.028646564052418 0.121877672433527 0.00379048700700064 0.00447587039046525 0.00411945783561677 0.000421619693280655 0.00112191831224171
972400 0.028952837012605 0.124727652288928 -0.0013637104863735 0.000492566734802981 0.00387647976841043 0.000933603136467978 0.000646015617362118
972600 0.0285438174984243 0.120950464023661 0.00178544958325673 -0.00199988855068338 0.00243137750480894 0.00472822549662389 -0.000264252825448652
972800 0.0289493779357874 0.122022501184282 -0.000262585607060308 -0.00168984841071609 0.00285864941566384 0.00376114488125481 -0.000267963850753037
973000 0.0286699184819341 0.121402542108502 0.000532730028611039 0.00136305432706517 0.00248562673367575 0.00452773140174226 -0.00140744943566355
973200 0.0290814679946334 0.126342261828599 0.00283440785035041 0.00329581472211108 0.0031296453553896 0.00185276376903912 -0.000227455768831372
973400 0.0287032131856637 0.12725528166736 0.00576767624176607 0.0021641420593456 0.00110398199158252 0.000238459503841388 0.00012820552673078
973600 0.0290853130235294 0.128736341318595 0.00321027572343251 0.00188733402654477 0.00293908224913615 0.00218991702001755 -0.00100135530616602
973800 0.0288328420862582 0.122805621776788 0.00261180269107931 0.00323841387606795 0.00245585044742381 0.00222629866087797 -0.000767829051325373
974000 0.0287031383756743 0.120457258481712 0.000825421928779174 0.000232172104831054 0.00245976458562198 0.000728001873375165 0.00018154295266388
974200 0.0287501868312632 0.121237901853173 -0.00289175186737363 -0.00131869827704885 0.00271338200976692 0.00151357262136327 -0.000169186792069678
974400 0.0286278624747419 0.122342839073343 -0.0018807346846456 0.00228720229304958 0.0043530809870958 -0.000815171491542282 -0.00141017724394213
974600 0.0289987296570278 0.126939675184573 0.00130670230343778 0.00181861132584811 0.00286342322036123 0.000824473708699208 -0.0006616122284291
974800 0.0289027478673665 0.127762595181773 0.00231590801484763 0.00488484433938289 0.00283141946148437 0.00142980618997681 -0.00112607305286799
975000 0.0290835483852767 0.126049557676702 0.00219365061308011 0.00406872395630628 0.00287892028323896 0.00178509759294104 0.000829303101524089
975200 0.0289090898816384 0.123528111565554 0.00286475446573805 0.00341096427856821 0.00169275842077395 0.0014815964328512 -0.000711886463484478
975400 0.0289075145559014 0.124552284422034 -0.0010016333662134 -0.00013162023424241 0.00204858793857711 0.000960474813836997 -0.00103042415822271
975600 0.0287628860018708 0.122063151114809 -0.00120880342879073 0.00246640366810594 0.00356733601743763 0.00229622457281876 -0.000178342136254616
975800 0.0290228099582181 0.123216627891114 -0.000107196160737251 2.59057843255091e-05 0.00353088011869511 0.00417402451567453 7.75825272499423e-05
976000 0.0286305639646274 0.125243108851946 0.00193021876683724 0.00303349707415671 0.00369533484428216 0.00170620250481591 0.000308751118357293
976200 0.0292700593692533 0.128321065365035 0.000634969120285255 0.00187841140857569 0.0029718662642252 0.00211209591481076 -0.0010663196421484
976400 0.028672659019146 0.122770146050597 0.00358348080073862 0.00228626446884328 0.00296501799753627 0.00240487503966795 -3.45988360292603e-05
976600 0.0290075991813328 0.123200135694552 0.00228332907428064 0.00185197528255373 0.00266122966739387 0.00154928248241178 0.000184576359326179
976800 0.028722739075719 0.122069778226398 0.00135197091989279 0.000149034365002668 0.00141794017640843 0.00235016808639899 -0.000778373649952376
977000 0.0290309065926029 0.125609873658312 -0.000227364580194361 0.000689479843950236 0.00264771056328094 0.00272861602038627 5.16176024517146e-05
977200 0.0288502886368994 0.127481185448112 0.00212980027770848 0.00142720773126703 0.0013446097457069 0.00393119433389579 -0.00126787276316803
977400 0.0289397333486048 0.127774148005715 -0.000121098662793032 0.00137028282841292 0.0037168427152838 0.00424935822206921 -0.000446449477858602
977600 0.0288217614393838 0.123499341949409 0.000667250480640886 0.000452835040932094 0.00282366438381662 0.00327347204014321 0.000642901332588748
977800 0.028848896247511 0.122392555402791 -0.000203877919426962 -0.00010358588430518 0.002418516489996 0.00279416659261764 0.000321007394155691
978000 0.0289422367236455 0.123847998022987 0.00355382243787581 0.000601048130100213 0.00472029019696594 0.00286554729366794 2.54509700856049e-05
978200 0.0289224361882075 0.123788890185123 8.95345084517509e-05 0.00336382073926257 0.00199510169295078 0.00293192825537438 0.000481295364759052
978400 0.0289503719120666 0.125961678616687 -3.71412812589818e-06 0.00104674242154044 0.00251970836594837 0.00267062245419047 -0.00102480378764868
978600 0.0288187266625981 0.122812904937854 -0.000686024154524841 0.00137198687444298 0.000976682301731493 0.00167386821557098 -0.00346349301542471
978800 0.0290337786832875 0.123609928425072 0.00254475879042012 0.000219799440130036 0.0019787887754911 0.00319020411857946 -0.00270479013126941
979000 0.0288033477528103 0.124050613958985 0.00144637392807909 0.00303168330633389 0.0027384045611542 0.00256244101069726 0.00136144584515625
979200 0.0292460019111247 0.129888839696329 0.00257499099752571 -0.00239698544001519 0.00345793665587716 0.00116501274351308 0.00194720532949222
979400 0.0289510430725731 0.124853948681792 -0.000230917442508914 0.00507479224135841 0.00112704889626866 0.00188852987329643 0.00146212026835067
979600 0.0289898623368483 0.125304134647121 0.00163084095301221 -0.00147500792081428 0.00343390973970226 0.00134914822072117 -0.000798285155911548
979800 0.028859711825069 0.124210670376432 6.2718331108494e-05 0.00248629820682366 0.00213704535803204 0.00153985458696676 -2.91825529048205e-05
980000 0.0290012987596456 0.123662509553278 0.00167221443046283 0.000140239397434819 0.00282921375869425 0.00153188461790295 7.34680937680043e-05
980200 0.0288122517010236 0.122274690310665 0.0012213417487478 0.00340436371265596 0.00290967517667982 0.00172483086261271 -1.76499903382088e-05
980400 0.0291795588216766 0.125038470211009 0.00385660094734045 0.000541935267975403 0.00177102200189902 0.00364114466476205 -0.00193817205527255
980600 0.0286815952393545 0.120620968805626 0.00144956484803617 0.000209212368256223 0.00213839396573636 0.000679896839695949 0.000836063883634224
980800 0.0290128737923158 0.120249147435149 -0.00228856866958531 -0.0022630357643076 0.00322641334211099 0.00203198750208634 -0.00048842519953047
981000 0.0286859708113467 0.122933964052561 -0.00206743834188418 0.000694125548198724 0.00242864395365571 0.000988194102183476 -0.000303037321457489
981200 0.0291122690200429 0.126031909384277 0.000947103071816083 -0.00246671508517704 0.000497702793327036 0.00169568148136333 -0.00160174680967459
981400 0.0288144629878674 0.125873167694754 0.00309318048430479 0.0041466702912387 0.00158137913090848 0.000450953156449647 3.88030277755376e-05
981600 0.0291620921202221 0.127061355781251 0.00473669612611348 0.00200384215160995 0.000989084647216887 0.00289636678159091 0.00114734545938732
981800 0.028852316697707 0.1241851461201 0.00489451338188344 1.74181961784213e-05 0.00147244350879327 0.000996474235768451 -0.00092791450696835
982000 0.0290633736305642 0.126007216519687 0.00145335280142566 6.66393961089443e-05 0.00184753653059042 0.000685339713116509 -0.000904843392142724
982200 0.0289308520145123 0.12360193493255 0.000155368101220134 0.00182669467649774 0.00154743496678511 -0.000473579666122813 -0.000867505029241798
982400 0.0290257712893879 0.124024971001914 0.00256762489659079 0.00189355450895597 0.00385644189127978 0.000192066624360231 -0.000927978812591523
982600 0.02894863534867 0.1243162451513 0.000396264746383579 0.00156792274637245 0.00433993490642096 0.0013477029849568 9.00750485443464e-05
982800 0.0289024262035358 0.121563532870377 0.00172906272454382 0.00247963467644023 0.00332150223363501 0.00047390140450448 -0.000805634001057844
983000 0.0290244240058714 0.125258546067131 0.000300586503428266 0.00306376747730884 0.0010012340412147 0.00227792291236095 -0.000792131913790074
983200 0.0291429800248764 0.126644765821527 0.00223823660191524 0.00494291800790497 0.00149025159564539 0.00185582655173689 -0.00087954089627847
983400 0.0290852923268842 0.125943144395961 0.00262295562453725 0.00433992827886955 0.00210003039438698 0.00206484888319321 -0.00184509122191343
983600 0.0291722898350611 0.12696071421689 0.00131287683369386 -0.00115129711165077 0.00288198456479515 0.00159785455775691 -3.19773156929193e-05
983800 0.0289507328839055 0.121722628998935 0.000223990812837866 0.00120023256689417 0.00285625042530672 0.00102727778116573 0.000427352673768046
984000 0.0290016180996594 0.122764933912032 -2.51831724188282e-05 -0.000533178010662754 0.00330029328759388 0.00164377727006108 -0.000375714991099044
984200 0.028898268495738 0.121820029726037 0.00195811977858407 0.00052223648585954 0.00371185784976492 0.00183696313636695 -0.00124988188731848
984400 0.0290772579238982 0.126489557708542 0.00228242823515535 0.00214104004763984 0.00179844506648614 0.00201915957517347 0.000420213207512913
984600 0.0288961531699806 0.127214352110289 0.00249698612557326 0.00282587746051481 0.0024728102429124 0.00290215406092794 0.000431349952455824
984800 0.0290953393491172 0.126800827436056 0.000699044429638801 0.00217581998240656 0.00254595191216827 0.00122285181897358 0.000791623351262778
985000 0.0287637092996137 0.124129383756446 0.00152214071700748 0.00130359150464176 0.000862461862893451 0.000208202833937605 0.00140930489745813
985200 0.0290694248587598 0.127016475749816 -0.0022265793015159 0.00159901590731829 0.00247536288020122 0.00112120330950696 0.000134721197179397
985400 0.0287047138930641 0.12298472871197 -7.15417848973587e-06 0.00245674719442931 0.00237036348307952 0.00266474800381283 0.000245510881332857
985600 0.02921420066213 0.125407460324404 0.000339207896120784 0.00202853872543546 0.000817114823009512 0.00110233760646885 0.00105966254898901
985800 0.0286587839406536 0.123116405174823 0.00344904579177079 0.00301640616598231 0.00237540209686383 0.0022436742175836 0.000705786398900701
986000 0.0293964813813123 0.12762722138859 0.00161462706100121 0.00229662440425789 0.00284615383760297 0.000737265705558634 0.00106205436052957
986200 0.0288147168340752 0.124434176881117 0.00268391033768741 0.00249520558365181 0.00405513862074615 0.000282611723330905 0.000407055514790213
986400 0.0291553126096205 0.12524560742728 -0.000936195300107069 -5.13005218956331e-05 0.00409300192823794 0.00363506662764937 -0.000440996267515499
986600 0.0287227256714026 0.123651252069127 -0.000262435696220983 -0.00248114553581442 0.0042196866882501 0.00222833492950175 0.00063920932567319
986800 0.0290460848109539 0.126082942148291 -0.00157143522399735 0.00105890891262881 0.00253778114852559 0.00100515162191608 0.00064792397711461
987000 0.028901709906091 0.125038613168155 0.00229685439614432 0.0016466511443783 0.00361588971312899 0.00273969131123999 0.000415682863485586
987200 0.0291249926790354 0.12469684687124 0.00310515037922838 0.00200489265062688 0.00193935574940823 0.00212401262439237 0.00064990845542363
987400 0.0288293848646124 0.122961038249888 0.00165987925565513 -0.00103843925299197 0.000700353864999935 0.00295157084031511 -0.00233753662624651
987600 0.0290992173098148 0.124906963445855 0.000221264501831933 0.00029355856127945 0.00127321962294077 0.00343020324546446 0.000706376492542267
987800 0.0288616266014565 0.121954420696009 -9.63546088976636e-05 -0.00453567265982907 0.0015744535458734 0.00204759303899764 0.00102492435125138
988000 0.0290590553748014 0.122475675157588 -0.00193353457182462 0.00101926371295282 0.00146241912965282 0.00232808313465943 0.00122855941009775
988200 0.0289642591934292 0.125273376620132 0.00339313438649205 0.00144330313813337 0.00323847940454386 0.00411472283637351 0.00119471187324467
988400 0.029200725272355 0.128063089803015 0.00251930537801155 0.00473302656169198 0.00227045396154811 0.00430291848480979 0.00148599861313832
988600 0.0289010197688947 0.126924001198286 0.00509934959599537 -0.00026620524906465 0.00281066644716764 0.00376847703490723 -0.000547832847501944
988800 0.0289793670571861 0.125044442125376 -0.00023966062853871 0.00240534178561763 0.00184866811385347 0.00142807821009277 0.000640677824662671
989000 0.0289660956346039 0.123452882945733 0.00226699722372863 -0.00147694923284433 0.00311829865053701 0.00230721591111273 -0.0010536312299257
989200 0.0289945370895763 0.123918674804902 0.000563881741054031 0.000390000756377186 0.00156758620753135 0.00288139884382258 -0.00128491706930568
989400 0.0289812032596987 0.122477168857962 0.00418198448515716 -0.00030766802869994 0.000300944644381708 0.0021761016482953 0.00113058685843286
989600 0.0288533576894239 0.122000933881231 -0.00227179524525353 0.00412870815801832 0.00206617196753825 0.00268382200404007 -0.000383662480099727
989800 0.0288261418088147 0.12257871417592 0.00189489461229996 -0.00119702128054206 0.00153016213260798 0.00262981097184386 0.00165498826185501
990000 0.0289575497286933 0.121838132015826 -0.000498237449447977 -0.000379270214073285 0.00226274981821071 0.00161940122855644 0.00185617437208632
990200 0.0288338214374575 0.123424936433773 0.00380314596756958 -0.00120628757003952 0.00224282559315134 0.00141966214903667 0.000874743205636969
990400 0.028986136835185 0.12197726649061 0.00237105869044045 0.00328229435532959 0.00142640445062218 0.000886598352421597 0.00161368354267149
990600 0.0289264848669895 0.123342566410869 0.00516957652822541 0.000330253900278977 0.00240726828397352 0.00240932032615566 0.00127214788387534
990800 0.0290419658714711 0.124178623778094 0.00254816280514296 5.51634282390161e-05 0.00181993899633402 0.00163331346471826 8.04286015928521e-05
991000 0.0287143120856396 0.123742030914613 0.00338018519729855 -0.00491849609999959 0.00273346471522141 0.00323279903687518 0.00125824795657288
991200 0.0290730564728613 0.124851002520966 -0.00053008996885267 -0.00174584060302039 0.00226974388600847 0.00179993975976733 -0.000763042483027744
991400 0.0286448191889858 0.123260279168885 0.00472204260552516 -0.000616482251727638 0.00126036960880812 0.00211224228143356 -0.00085435036282477
991600 0.0292462629142035 0.126437535811596 -0.00118193335958141 0.00237289946245119 0.00321958769067908 0.00223894260182554 0.00025678799926436
991800 0.0287088772280884 0.124059891210855 0.00389336352413687 0.00318900874621653 0.00304009808539429 0.00290064298160088 -0.00112100403127017
992000 0.0291387707078073 0.12760259034245 -0.000961232191248207 -3.44609845771136e-06 0.00158773414573888 0.00355364912526703 -0.00148439927867212
992200 0.0287471243945551 0.123935988132635 0.00139855408741753 -0.00215283822467463 0.00362883677918359 0.00412823940678055 -0.00213384256009457
992400 0.0291013949330472 0.125052829012865 0.00126652685054365 0.00112218112981837 0.00392580373487262 0.00223528261757037 -0.00123211749501513
992600 0.028913592971863 0.12233606039247 0.00409292074708205 0.00182121540288539 0.0028641431257594 0.00174562125046234 -0.000600146511897505
992800 0.0290677829415556 0.124216914373296 -0.000951815069598146 0.000781726291349837 0.00130181507946694 0.00160760023665238 0.000865236456105289
993000 0.0288886821060921 0.122785645394027 0.00121088599136536 -5.12286311341333e-06 0.00209520505226824 0.000972426565892997 0.000964732363503179
993200 0.0291338694682853 0.12337906052703 -0.00109698431691464 0.00601876595424556 0.00396607312169921 0.00173295322306635 -0.000791819367137694
993400 0.0289630047177273 0.127310423478686 0.00545346429809723 0.000528715195710818 0.00179008510085578 0.000924538084852267 -0.000322820742326937
993600 0.029128220947932 0.126190947342244 0.00189146715764274 0.00202299449734592 0.00249259425364407 0.000396344602475196 0.00128119457698242
993800 0.0289777986552181 0.123629329892666 0.00326324704723186 -0.00205497546214694 0.00211780337785894 0.00133682043897179 0.000699902461106437
994000 0.028881050765654 0.123497726093318 -0.00148708920253037 0.00106493942751289 0.00230761431520093 -0.000289272887653793 5.94850749505005e-05
994200 0.0289774096187463 0.121962652483867 0.00334644108919501 -0.00379107835194126 0.0025831546018255 0.00215862364064154 -0.00123646289120344
994400 0.028862856711031 0.124100417595117 -0.00362641042974614 0.00132350799864405 0.00261590154811474 0.00244746784323082 -0.000260623084451313
994600 0.0289924272936969 0.126164656576306 -0.0015070982879119 -0.00363573283996224 0.00371104610614345 0.00332848544965349 0.00018599756555699
994800 0.0288805850200092 0.123088661177372 0.00191292813636105 0.001556789149343 0.00406132085514262 0.00333903452945318 -0.000248786007300384
995000 0.0291436029503546 0.127980143052674 0.00190056273844654 -0.00180067693554278 0.0037408854713768 0.00263208577044902 0.00128786499768461
995200 0.0288514871642476 0.125070963607453 -0.000486598209761496 0.00240522110488731 0.00273157489047342 0.000578071803048266 0.00246645561149732
995400 0.0290578962196514 0.125005421562807 0.00248467872189097 0.000982115982010091 0.00137868634782958 0.00279838705298023 0.000868015266648
995600 0.0289345375074145 0.122976535091904 0.00154533415916616 0.00146312519894814 0.00280066570912375 0.0018484954416077 0.000723997111639632
995800 0.0290433406442175 0.122974176194856 0.000969239916345637 0.00108087836518208 0.00269383097410522 0.00274280797370429 -0.000242808712609029
996000 0.0289516479491496 0.124425691535732 -0.000506405940512339 0.00249548043696997 0.00285357741743169 0.00109979879679962 0.00127969383120729
996200 0.0292273875208726 0.127866778387157 0.00171500687501737 0.000669876298728868 0.0017111855877917 0.00320578728719041 -0.00123920331543491
996400 0.0288296947025262 0.124983381844475 -0.0030327420264027 0.00382835159923847 0.000905833344731025 0.00170559715365388 -0.000139635264755745
996600 0.0290703928984158 0.125029128175953 0.00171410532934925 -0.0032600432631741 0.00194031765638974 0.000752433949685506 0.00134388074351464
996800 0.0289118477914814 0.123545186993171 -0.000527411676896535 0.00262514014211072 0.00331386072517157 0.00131466230411039 0.000447825771409822
997000 0.0290026428948067 0.124109124204439 0.00162275619545078 -0.00110418050849864 0.0041543034352927 0.000906180157869099 0.000484514247954498
997200 0.028918990359464 0.123464002816951 -0.00130086457486861 0.00347612259228781 0.00254361059299577 0.00054624028931423 -0.000415948883966161
997400 0.0290806589812704 0.125453762356472 0.00399633939794186 0.00180977654038608 0.00115955116022113 0.00279892920093898 0.00212227480631154
997600 0.0290323073231571 0.125006245106035 -8.48870056447007e-05 0.00162629027150829 0.00247601899964082 0.00142735919845862 2.28753916666873e-05
997800 0.0290728680072841 0.125050004606248 0.00190276429451417 0.000545477534190014 0.00306615383428741 0.00254153322595086 -0.000744813711482456
998000 0.0290218393375083 0.122269909211684 -0.00022507034380639 0.00115666473562409 0.0027985646351613 0.00238609754823833 0.000906698014196475
998200 0.028902100868366 0.123223265167128 0.000571136350814795 -0.000271546013006712 0.00356975540769803 0.00193755997238521 0.00128335464074561
998400 0.0290660494714088 0.122991794818083 -0.00126797987091976 0.00133896669114025 0.00313995446922521 0.00318532051710187 -0.000470662186982211
998600 0.0288536795671699 0.124318472493909 0.00246365198376363 9.54712311646907e-05 0.00213332384788388 0.00292330681940341 -3.67870254231308e-05
998800 0.0291724600007438 0.124246178441429 0.00171033053507463 0.00390647739966746 0.00197143573776746 0.0015038710772753 -0.000848636304833638
999000 0.0288912904400407 0.121470796244808 0.00314510692620472 0.00230940629237422 0.00301980330869502 0.00144803550046615 -0.00141287351400352
999200 0.0291639196704719 0.124083043779494 0.0013836895154914 0.000513400710465248 0.00277079903771637 0.00253986948825167 -0.00119983696302554
999400 0.0288806061100841 0.122276132680284 -0.000907284527571885 0.00137058993133147 0.00240396995372018 0.0011296857960493 0.000825440984983826
999600 0.0292685279920208 0.126712500241472 0.000153114361616163 -0.000582334633003821 0.00293628493867309 0.00253966451477189 0.000971872250518334
999800 0.0288982304842662 0.121361011662486 0.0016422841104766 -0.000391769368383077 0.00136437548009693 0.000852529411765306 0.00126137232011709
1000000 0.0294144846980205 0.126652555323635 6.46222161840892e-05 0.000724829178061932 0.00262566158528931 0.000867910757172652 0.000709074208587761
