# Fix print output for fix def1
0 6.58082071240042e-16 0.00045794664332034 0.00387529415074221 0.00229285858746199 -0.00371865870393734 0.00333739927861623 0.00124463662829773
200 0.0118542756692454 0.11984486954043 0.0297900698552225 0.0306330571850465 -0.0012954801024625 0.0037964871459131 0.00256612936532331
400 0.0178803744695993 0.159515276660337 0.0138732589221415 0.014572251112002 -0.00164600802844888 0.00217911494729224 0.00101065591328886
600 0.0211958505721802 0.175062286817443 0.00841363569016409 0.00557777387320114 -0.000805388889465546 0.000605242028104501 0.00131345195104171
800 0.0226283172682835 0.180904431541608 0.00177760830113985 0.00352977750183777 0.00141971764190541 0.00270055400687807 0.0016295817667766
1000 0.0229677443211622 0.183900414089438 0.00148039265628713 0.00134043217659923 0.000449077167870085 0.00196029162739627 0.000439207333590121
1200 0.0231109560404317 0.186237230193072 0.000332323022002776 0.00338005196369821 -0.000627303766026978 0.00440755218611475 6.10802492321016e-05
1400 0.0231637857438184 0.183998377881039 0.00179423013919845 0.00125292602469065 -0.000179176645372868 0.00291880727145492 0.000232798912423327
1600 0.0233096437051863 0.186572318553826 0.00192210009382732 0.00234656510635719 -0.00157675655055 0.00392217059454946 -0.000947126017031295
1800 0.0232530376007399 0.182669132233991 0.00124955058905582 0.00169710901524537 -0.000350211750052891 0.00322555345743476 0.00032599527214706
2000 0.0234569058735357 0.184931655139657 0.000169712715731607 0.000508399135429711 -0.000223721414262525 0.00368948218437706 0.000204045657065793
2200 0.0233665605265319 0.183650271039404 0.00169019560316764 0.00113326663980695 -0.000542257344213052 0.00115528372120442 0.000316590280891804
2400 0.0236237071988404 0.188315006089221 -0.000523696412055254 -0.000436995003946261 -0.00103022116442295 0.00296869857885209 0.000675584868303562
2600 0.0234032601318116 0.184858545182349 -0.000614710103227002 0.000770152242522054 0.000434670310368473 0.00247624098724444 0.00303459326865733
2800 0.0236577649876319 0.184896160232131 0.000558214003544325 9.19918859520508e-05 -0.00125486347251274 0.00119478959769128 0.000593180768901645
3000 0.0235152975453856 0.184736333524584 0.00411820586714942 0.00109452057229462 -0.000590310967008004 0.000913442444785126 0.00146115965976537
3200 0.0239220911445041 0.189326151038756 0.000408702764794236 0.000494855799134027 -0.00271934249485272 0.00402570909256021 -0.00033844116869312
3400 0.0237112210356162 0.186233601003619 0.00360604309940826 -0.00123529479413667 -0.00153671777608161 0.00347130936101518 0.000262542482817259
3600 0.023936563723454 0.186206117291059 0.00366639676706013 0.000312915799900984 -0.000325057181057017 0.00105157451214231 0.00107118557823639
3800 0.0239366140426181 0.184276531482071 0.00428861168428658 -0.000793706114068778 -0.00114133640099589 0.001612751701814 0.000751530964009992
4000 0.0239218084774747 0.184504776584924 0.00480154207553095 0.000455234542464489 -0.00186527894125198 0.0019418185616971 9.86985702478761e-05
4200 0.0240456356676346 0.184960669859424 0.00300018229223086 -0.000473926866963797 -0.00172834761207507 0.00256573208746274 7.19966725389764e-05
4400 0.0240857128959631 0.183807915445838 0.00136616319051414 -0.000197719713491816 -0.00105257421925743 0.00241004897822435 0.00132941255562288
4600 0.0240017712465237 0.182521550341097 0.00191775125304849 2.57500823521624e-05 0.00029184699889509 0.00197097994673011 0.00122702318168625
4800 0.0241312833249895 0.184829952790876 0.00138389373241211 -1.88885946601688e-05 0.000277358785105712 0.00170005226686959 -0.000318359655498733
5000 0.0242509183279538 0.186538996673468 0.00393610660714631 0.00267422627841234 0.000273226752049445 0.00346294141779866 0.000808908451523527
5200 0.0243398658857937 0.186190842703939 0.00406078333084975 0.00465405484458203 -0.000114554615232056 0.00183015236795612 0.000150651765713967
5400 0.0242287594705641 0.184227496343353 0.00237176143855181 0.00273376139755972 -0.0007832732755276 0.00137551741070487 -0.000573172932538929
5600 0.0242315759408088 0.182991606207493 0.0021383708198077 -0.000840323477399317 -0.000382640110470925 0.00292418638149461 0.00211569765640836
5800 0.0242428815184954 0.184983961361074 0.00107942584838308 0.000663151348488587 -0.000825063581599715 0.00285359345952699 0.00142045386598522
6000 0.0242528895033993 0.184695674640603 -0.000300612462742562 0.000895281349875929 -0.00130228519913213 0.00357229877631308 0.00151442935440151
6200 0.0242661790810971 0.180270063018784 0.00195843837524358 0.00150711934870892 0.000127910854313975 0.00267732019436288 0.000578668346568242
6400 0.024472270665308 0.188626775869015 0.00361269712026279 0.00226946000355542 0.00109970669723633 0.00230688212542367 0.00108116994168436
6600 0.0244325260906749 0.188186424108843 0.00382964125909648 0.00526864466170581 0.000222516098152092 0.00304128974483282 -0.00121838802338134
6800 0.0244444582659515 0.18723509812818 0.00243433115384526 0.00438666622118878 -0.000538490508565701 0.00190986868257664 -0.000658350017314859
7000 0.0243807589806718 0.185885180461546 0.000169716413276676 0.00222600437876204 -0.00101118288972873 0.00327929868256926 0.00208832524679164
7200 0.0244957798662509 0.184970453175454 0.00116086794786857 -2.44023267643438e-05 -0.000882194097092831 0.00171480793115898 0.00270240305642309
7400 0.0244909232894448 0.18313788679183 0.00162723853201479 0.000740397896029032 -0.000810881461419355 0.00263743001835281 0.00165402207373878
7600 0.024545138665455 0.182565059915802 -0.00122405295781585 0.00178107846311698 -0.000398550073515566 0.00210919219973867 0.000860699784030625
7800 0.024528111189025 0.184639960698175 0.000177106673544786 0.00147463105177195 6.98748635158472e-05 0.00235528427283197 0.00130430846092234
8000 0.0247537371421524 0.185563873751957 -0.00160393481298339 0.00300580582867003 -0.000364169329055529 0.00349935172343166 0.00147764033542129
8200 0.0245053869852091 0.187359830244811 0.00463227820483967 0.000764815317768707 -0.00181887860982038 0.00238932570563197 0.00102123019567332
8400 0.024812826330515 0.187821800596821 0.000979733149278572 0.00541872306174679 0.00037755855309918 0.00159993050158087 0.000328961418315221
8600 0.0245562283022768 0.183487195643053 0.00220188263790632 -0.000136944763175773 0.000825660598608249 0.000663776196404267 0.000749686793319355
8800 0.0246812247363862 0.184935210679434 0.00100019750404835 0.000667980610589028 -0.000731200393361795 0.00352053725998545 0.0012161922167051
9000 0.0247571309583449 0.184425843636938 0.00373947805529904 -0.000826595860511021 0.000727123008635927 0.00420005946848697 0.000102584779802974
9200 0.0248557761143608 0.186191191898105 -9.22765736126969e-05 0.00487256915232123 3.45476076227764e-05 0.00317748926648453 0.000560803122885049
9400 0.024817719339634 0.187148629385487 0.001289552851498 0.00219347926695969 -0.000239188267393192 0.00302642694596812 0.00154755504493909
9600 0.0249688661304893 0.187261441945972 0.00257012794273185 0.000166243170519161 -0.000608043778203211 0.00511170398392866 7.0286278527835e-05
9800 0.0247417595234584 0.184265967157391 0.000611973121706654 -0.00415935761721832 -0.00055289800180804 0.0025485372607856 0.000706317859482055
10000 0.0246492044423724 0.18417041733256 -0.00216073385494944 -0.00281255453034489 -5.82919738753073e-05 0.00411488552464468 0.00194552805239844
10200 0.0248035622890168 0.183589792269926 -0.00536520702358129 -0.000958715342124518 0.000282865904798329 0.00217347410313934 0.00229011849746279
10400 0.0247198072743431 0.18244544151319 0.00224743415971909 0.00230537909249721 -0.000556058960861199 0.00104602300482447 0.000636284146187669
10600 0.025026898087443 0.185444098454529 0.00486786275539157 0.000497983859461796 -2.62299102839378e-05 0.00267200949150277 0.00027415484873059
10800 0.0248142393533218 0.183930320332372 0.00515808955592934 0.0052959413706699 0.000777447482631207 0.00278907004669325 -0.000268990507060085
11000 0.0251387731396538 0.186176391561197 0.00319664858997392 0.00319706927183927 0.000627945327362794 0.00258112672100837 0.000413738783889772
11200 0.024882850305728 0.185018526412384 0.00262009138033889 0.000520454046848321 -0.00165816170867849 0.00248092515542562 0.000868259009542844
11400 0.0251175386753901 0.183817020989593 -0.00287033476303205 -5.44861557640735e-05 -0.00014523355121515 0.00127463480052778 0.00375170410674719
11600 0.0249013506436429 0.183604203949447 -0.00138316766663677 0.00102114516720562 0.000922670658069345 0.0024658154827943 0.00254465135137621
11800 0.0251343739299785 0.185163549552283 -0.00220611650653036 0.000134135755836533 -9.43125382832286e-05 0.00151140048496776 0.00203480001401097
12000 0.0250441158970483 0.184631785563272 0.00253937447172732 0.00506125106873578 -0.000718056946287265 -0.000645528492709132 0.00176247878130838
12200 0.0253451748004938 0.185366018690251 0.0031685747649691 0.00346862939817739 0.000498504850305463 -2.6523472406805e-05 0.00171747738707052
12400 0.0249907076612724 0.183696577607144 0.00416721773841391 0.0042484341717093 -0.00277285451683466 0.0020696972103589 0.000250183096438724
12600 0.0253937557276857 0.186952256930028 8.43311516012885e-05 0.00153155577968091 0.000763466622587149 0.0010817993515538 0.000450695128183289
12800 0.0249755526649473 0.184049328966876 0.00097979125676781 0.000823408401486439 -0.000439072055797459 0.000934589712539184 0.000976051373877437
13000 0.0254084788036112 0.184530457544149 0.000913468340847934 -0.00143130217734673 0.000175575105230345 0.00138508145863019 0.000938348392131604
13200 0.0249949312359521 0.184586252545078 0.00246158707740533 -0.00329679768147963 -0.000112773479314716 0.00129113211660098 0.00133756371084886
13400 0.0255963254327692 0.190456096624703 0.00393887994959864 0.00168634001103849 0.00170328055250037 0.00170431688235308 0.00281079371374466
13600 0.0251997377380881 0.186737029736264 0.00538437092888272 0.00539420070770982 0.00141307842998427 0.000968854251039532 0.00231624840479841
13800 0.0257676417688786 0.190767784439292 0.00335874713318713 0.00047557759771302 0.0011192855241578 0.00202128609148304 0.000996968330419975
14000 0.0252424963557115 0.187214302162236 0.00338607413477734 -0.000593830044817387 0.000897354596891448 0.00356330135873505 0.00107266092157988
14200 0.0252777050752921 0.185327788373691 -0.00223257834889798 -0.000399888692548615 0.00143493720921181 0.00303215474309465 0.000697971428104612
14400 0.0252117314130568 0.182151119453546 -0.000857699190692255 8.97971720351139e-05 0.0010306176415096 0.0034369931140674 -0.00110095049405181
14600 0.0253964645309005 0.182749120653725 -0.00126831138832745 3.7164207330189e-05 -0.000281777547749439 0.000803709124660262 0.00056092530567889
14800 0.0251944740049479 0.183185094010976 0.00104929251905766 0.000233122791302068 0.000371160858487368 0.00110255992614968 -2.21162396767471e-05
15000 0.0256033903741307 0.187929725645383 0.00445469736035363 0.00289166181381263 0.00065091829178028 0.00261728760847357 0.00174363818353493
15200 0.0252355801424503 0.183749418466746 0.00345904418458547 0.00444198313724999 0.00114830196505182 0.00102248999328007 0.000196277583380569
15400 0.0255900291054213 0.18553126490071 0.00279771430489394 0.000913522539376318 -0.000174413252630529 0.00280736517110122 0.000113006569145254
15600 0.0252592224603818 0.182481395810411 0.000419064797681982 0.000294759303743952 -0.000998490256246737 0.00279417714278254 -0.00030130925592524
15800 0.0256233033523891 0.185365048199682 0.000894444389039878 -0.000144130681345425 4.72831125188241e-05 0.00135487144624169 -0.000884450775312373
16000 0.0253283048852902 0.184404685968984 0.000821472368158137 0.00403098698961229 0.000100804364981898 0.00028891722663173 0.00110625324160963
16200 0.0258011039413708 0.190112650884149 0.00293385372617251 0.00182753229893747 0.00038223091100054 0.00285725303502088 0.000173639366596891
16400 0.0253431693693776 0.184838052203334 0.00345508708588312 0.00389838826475437 -0.000403537522448284 0.00290140408143016 -0.000709012466389919
16600 0.025719848159434 0.186687790738911 0.00469992833205894 0.000447096521158241 0.000134668146158244 0.00249614197985459 0.000508339898139166
16800 0.0253738321248839 0.183820344067341 2.42422718946064e-05 0.00218754349600298 0.000269589054435197 0.002321033248293 0.00228465433682205
17000 0.0256606066016365 0.186900749814456 0.000862461144975471 -0.000792479098249961 8.98251373321045e-05 0.0015048555835042 0.000609575958378094
17200 0.0254974971837052 0.186215221208009 0.000453415450744357 -0.000991855711665363 0.000807664106245741 0.00351241777442848 0.00120631013886359
17400 0.0257338712767462 0.185591212960187 0.000723928115284633 -0.000845356252249446 -7.11306599586621e-05 0.00314453283984326 0.000844887363487455
17600 0.0255995452651017 0.184965153823966 0.00366205442221294 0.000763301972504916 -7.22187868517217e-05 0.00166394881086083 0.000486756449833897
17800 0.0259179672675444 0.187302326190817 0.00375360182108836 0.00278119804558083 0.00249262546292375 0.00145473439612654 0.000861320856583268
18000 0.0257305219002172 0.18641682744366 0.00200982287793182 0.00322094207838968 0.000988442929659872 0.00283927153656127 0.000106391174646125
18200 0.0257563656740062 0.185654209694397 -0.000643832752978544 0.00176411147644268 -1.11142547035336e-05 0.00189172254784329 0.00121252106379844
18400 0.0256291083663881 0.184863932587737 -0.00198744351017477 0.00225203355862373 0.000208277271212369 0.00288865160072551 -0.000881067989260212
18600 0.02569400496606 0.186784750079838 -3.66549502828866e-05 0.00230617869352036 -0.00198744962002148 0.00253031635202533 0.00132635756165746
18800 0.0259025760052034 0.188622821591025 0.000407274097325984 0.00309723432373769 -0.00113616939705241 0.00167024544877933 0.00185110406733632
19000 0.0256121744826693 0.187195362239216 0.00404573525715298 0.00350540418087823 -0.000844874472364302 0.00224456642371433 0.00175669865085574
19200 0.0258585846208239 0.18461395158557 -0.000343259521202449 0.00280286328730901 0.000984125678414566 0.00252005228736474 0.00190745053125631
19400 0.0254803228242449 0.182019576873754 0.00156370938084109 -0.00109792296843023 -0.00184665320023854 0.00215089821602806 0.00102754782188709
19600 0.025805516382553 0.182218709545382 -0.00141659195893019 -0.00100495513949275 -0.000662633091616231 0.00213953046263676 0.00190751110380927
19800 0.0256551070432453 0.185154868091319 0.00258947646436057 0.00175715385011007 0.00094396625834931 0.000287439539785896 6.82250307977094e-05
20000 0.0260150266750408 0.188129277087892 0.00278294449204232 0.00156010424074557 0.00139565982421166 0.00208820183516637 0.000849461166707105
20200 0.0256737485668426 0.186357740232848 0.00490589454069107 0.00418097970523086 0.000328280381725427 0.00224893347472833 0.0028024475669071
20400 0.0260585108389235 0.187940313256279 -0.000358711304400809 0.00230723726695339 0.000306158350509485 0.00177971726356241 0.0004171733682495
20600 0.0257967160517302 0.183064744980452 0.00313515608272261 0.00252776654995427 0.000389895839671289 0.00106895430133991 0.000575729809845068
20800 0.0259503120128638 0.184341254038426 -0.000157266446316946 0.000332288972564182 0.00123440579810636 0.00183375314480605 0.000386550280375016
21000 0.0256926077451253 0.182304116219815 0.00259274439857073 0.00101581849444155 -0.00180733374339443 0.000850912741786183 0.000760508874115087
21200 0.0260679194390787 0.186943884898866 -0.000390649318188365 -0.001863586061701 0.000431576934970073 0.00139873493328466 0.00115472033669099
21400 0.0257714039903628 0.186255003435597 0.001239012014268 0.00156752128859242 -0.000536514721654914 0.00205338967304445 -0.000947220667428752
21600 0.0263824000779957 0.190542856625895 0.00236054736478218 0.00229059742249252 0.000708055020158139 0.00291317401625594 0.00228163336763594
21800 0.0259081197749505 0.187893796770755 0.0058339304004105 0.00365858740531884 -0.000553862371444077 0.00058176372891017 0.00112066702045898
22000 0.0263078527450726 0.186447919449829 0.000935656882942559 0.00223603262833427 8.31207179460389e-05 0.00149439233969944 0.000989563038931992
22200 0.0256823618697137 0.181852632795841 -0.00115761961027352 0.00251161172354027 -0.000250509477042002 0.00225968156167469 -0.000416753804658576
22400 0.0260839649701397 0.183767764539411 5.28184353139384e-05 -0.000931025749268887 0.000462024656179114 0.00276035212635723 -1.14810813337348e-05
22600 0.0258473049449536 0.183481071577634 0.00153967427093113 0.0035016489712324 -0.0013547001113216 0.00316956620234578 0.000449414096266312
22800 0.0263078554584503 0.187838405054118 0.000143293751378611 0.00184991503754784 0.00032004127781759 0.00236246237147244 0.00237588001423952
23000 0.0260661332962228 0.185124543786394 0.0030855239829827 0.00165951365381678 -0.00103371106583093 0.00299265505555565 0.00138897121300173
23200 0.0262782601895498 0.188772563385246 0.0030067699570858 0.00287616744084833 1.99738882693947e-05 0.00442125872319726 0.000223549041208507
23400 0.0260736615360827 0.187587878779479 0.00343491425296888 0.00256932710007944 0.00105640151911013 0.00374809125372728 -0.000188462427998864
23600 0.0263122056606364 0.183914749952591 0.00153949997839974 -0.000429380011791741 0.000261881677832475 0.0031638035679799 -0.00043632388726434
23800 0.0259491553315584 0.181800055140529 0.00278397407862832 -0.00102725311159055 -0.00114088661266871 0.00262921654654031 0.000158985517582075
24000 0.0263795822705475 0.184261557923611 -0.000412661063791111 -0.00102178556800596 -0.000198168223151848 0.00228136310449381 0.000628583050161528
24200 0.0261021699616684 0.184242447668849 0.00320798329770828 0.000117497200414598 -0.00158754353434731 0.00160972582130161 0.00073086879713867
24400 0.0265337155785942 0.188604333846418 0.00276590102608702 0.000838977406372101 -0.000130109671852213 0.00228598738477893 0.00162078576979512
24600 0.0260765646695331 0.185030364868946 0.00294778813780881 0.00436380301831667 -0.000464963301071563 0.00315576049009051 0.00171341709897493
24800 0.0265274006376076 0.18780420476551 0.00152421993127169 -0.00071886750695602 -0.000258876075263536 0.00207320836562502 0.00104827262474428
25000 0.0262102833477364 0.186691609576865 0.00454748249586607 0.0029566702921963 -0.000346232333905519 0.00403712978512133 0.000250044153983893
25200 0.0265937995710631 0.187582965534381 0.00149398217882727 0.00162637656034282 0.000383928986807441 0.00426762880032027 0.000103879490848043
25400 0.0262121775125156 0.185743972080919 0.00430783653908356 0.00147011358336375 0.00107794320397841 0.00202143421523419 0.000873702190002445
25600 0.0263574657866489 0.187736605528454 -0.000465820917376235 0.000116229169395454 0.00097517456950883 0.0017029235060328 0.000322196049881599
25800 0.0261824534504693 0.184188577278438 0.0011532677870611 -0.000649287050204617 -0.00102586656501657 0.00361438139408275 0.000565087194573556
26000 0.0264981395195805 0.184968712235793 0.000634464704821318 0.000494494796650733 -0.000662934792227123 0.00385946253940964 0.00176999257429032
26200 0.026366174398172 0.18390988311564 0.00331643707934282 -0.00168747328846179 0.00106965653988354 0.00269278545580055 -3.11309747685418e-05
26400 0.0264439701017893 0.185144499301403 0.000927322883949097 0.000693312548721238 -0.000689603244933897 0.00319950330428948 0.000714398495290866
26600 0.0264869376861047 0.185422929175044 0.00387020945818316 0.00144384362732124 0.00108900055830886 0.00301269244162448 -0.000365319583018297
26800 0.0265145837132539 0.187713227612702 0.00296608970826514 0.00473946256658081 0.000464351148059005 0.00310292426781685 0.000343379788149191
27000 0.0265658459712295 0.188542874152034 0.0055410093056801 0.00265626170734276 0.000914426702656028 0.00360370001099816 -0.000689045758966274
27200 0.0265394287008258 0.188202383014414 0.00375930399860705 0.00328840863898411 5.95027258976221e-05 0.00190959401188743 -0.00115812838817486
27400 0.0265528891593022 0.186201219169687 0.00220135840312195 0.00229937722819164 -0.000982423308596109 0.00349232297278202 0.000760116086617921
27600 0.0264718195242659 0.182084326950777 0.00104339727879073 0.00284396848286027 -0.000338283230987381 0.00279071278704228 0.000604299374312783
27800 0.026646552939568 0.18426136768883 0.000631877700366224 -0.00133923257383457 0.000722544686070243 0.00366597499534894 3.97761513899059e-05
28000 0.026670530443725 0.184583685552307 0.000606023995806272 0.00196698819587994 -0.00059624164015173 0.00450803174440273 -0.000119917305485523
28200 0.0265932186002802 0.182620866094781 0.00310458024201383 -0.00122220356052874 -0.00065266967027826 0.000431006381795794 0.00127055022911433
28400 0.026637330554149 0.183877892256151 0.00112177732362264 0.00351475033989718 0.000678661380819826 0.00263439384770718 0.00172054749360751
28600 0.0265759200487752 0.184442575164034 0.00235628480942472 -0.00183694293817048 -0.000110770192279852 0.00175209647111059 0.00209007091006643
28800 0.0267149218790067 0.185950997879894 -0.00305951143980065 0.00252897428075589 0.00127644428235357 0.00098543137945955 0.000804233975549218
29000 0.0266047080599761 0.183623119176905 0.00398073356790294 -0.000812835329550977 -0.000132576573202296 0.00273182988516318 0.00124707296594308
29200 0.0266645547285378 0.186140247344114 0.00101524696501205 0.00326160173848342 -0.00172176985193992 0.00244946619805313 0.000831546688447514
29400 0.0267066835456416 0.186915320348584 0.00134838957866071 0.00115328868542122 -0.000561077597498294 0.00277744663340036 0.00153737041147215
29600 0.0267469963814861 0.18672758364941 0.00135160725955385 0.00134899824359687 0.000720406630518922 0.00347170392931207 -0.000476413447214761
29800 0.0267282907221652 0.185557764603025 0.001312909284016 0.000886748139509258 0.000839775411957237 0.00507729672029958 -0.000514296853843141
30000 0.0266680780284764 0.183737419961382 -0.00145755978746133 0.00180858038218592 -0.000226386792947949 0.0035098974662078 -0.000922241387753099
30200 0.0267201952296079 0.184396120410976 0.00215717940751488 -0.000351670018449362 0.000863468318365876 0.00127703941680612 -0.00146750202361229
30400 0.0267813419051894 0.187483155055983 0.0036713234055738 0.00305767202910761 -0.00134044775764782 0.000817855021121533 -3.88591319150286e-05
30600 0.0268965171056109 0.189314973965133 0.00377428604467864 0.00493334278327438 -0.00107733291616499 0.00301613763535971 0.000332658368487976
30800 0.0268762173176597 0.18871426118464 0.00320189999983593 0.00612332946037485 0.000682788694791904 0.00406815545228926 0.00330751800625794
31000 0.0267564601322183 0.187034988512786 0.0013893295239679 0.00217613718212354 -0.00102368236831317 0.00087511531396538 -7.23062938976316e-05
31200 0.0267241963231321 0.184684084825639 0.000245722184719447 0.00255416560915346 -0.00131116636658965 0.00165463045736222 0.000756661372121157
31400 0.0268296125124708 0.183059274826753 0.00190195093230714 0.00209406627833756 -0.00031647444559905 0.00226687596925754 -0.00121674653369903
31600 0.026632052623725 0.183783303018021 0.000237260777506569 0.00176507051453014 5.62379453235595e-05 0.00157607290564493 0.00163885661359377
31800 0.0269329096179616 0.187549582916276 0.00170180609655869 0.000908006930881988 -0.00148731586929334 -0.00034069669530985 0.0012644874367162
32000 0.0267044279968555 0.184709257497115 0.00444513803467664 0.00403569470973363 -1.07877350243173e-05 0.00111572098712427 0.00144133952624478
32200 0.0270821257671478 0.188692974421992 0.00306273887263683 0.00444570074827081 -0.000538607069623531 0.00140568382639988 0.00030626190652387
32400 0.026601620271179 0.18666657037316 0.003888811030203 0.00166788239341859 -0.00133188696367974 0.00186399466727486 -0.0012546184354865
32600 0.0268517897466328 0.184013702542521 -0.000552479733736272 0.000253255443878304 0.000909784223094278 0.00324097657588288 0.000704743692324102
32800 0.0267159817248215 0.181742668136761 0.00203826506046297 -0.000220529907240877 -0.000132609802228125 0.00129797125412855 -0.000502750752074219
33000 0.0270129150025004 0.183435366727561 -6.83121590906164e-05 -0.00204943379652571 -0.000669074259649117 0.00199716850649643 0.000873555752753278
33200 0.0267161730524305 0.18392412887225 0.00182834382254295 0.00133363001734384 0.000580938898007669 0.00149216886867927 0.00180070418393133
33400 0.0271618469378381 0.191342313642857 0.00213160292615407 0.00370105832475051 0.000369591863362699 0.00203961189374109 0.000801364058876013
33600 0.0268587971366367 0.188004024211083 0.00435775064183582 0.00563206480462608 -0.000261071314226225 0.00280967992346407 -0.000504815709809379
33800 0.0270489757119205 0.187076645041921 0.00294725366501894 0.00278048008082923 0.000879197531363836 0.00219419059093156 -8.79620206203054e-05
34000 0.0267942420406499 0.181231740381925 0.00190561723421852 0.00390131363172106 0.00099252268063175 0.00429995237714688 0.000646141243014683
34200 0.0270061058050464 0.184952046664569 0.00103172876687724 0.000970969976911753 0.000263585916667327 0.00273625002096816 -0.000124329116193104
34400 0.027037586730798 0.187647337665256 0.00275768486067121 0.00359708195828329 -0.00118099589732568 0.00276368600524433 -0.000442843397778729
34600 0.0272697926656501 0.189077323056389 0.00684475470305929 0.00432268503079273 -0.00102797323979192 0.00309412219802988 0.000242270185925175
34800 0.0270904806478313 0.186775195291206 0.0021569061296654 0.00494714129062852 -0.00229495112525649 0.00260428785968344 0.000389988810282159
35000 0.0270952050466095 0.184883050380645 0.0033293968168274 -0.000702808824767248 0.000272147148636916 0.00247948526540479 0.00200592246764297
35200 0.0269799922524069 0.183462241943112 -0.000504117370306239 0.00066271774417581 0.000675471157908112 0.0027018107871751 0.00132575168563762
35400 0.0270172019826833 0.183671951281373 0.00132155673896905 0.00023076282525228 0.000550022195090602 0.00214012580176844 -0.000558904024791661
35600 0.0270947936914365 0.184321250134637 0.00194531087306868 -0.00018586435176471 9.77464172930578e-05 0.00349523542539397 0.00214188661576668
35800 0.0269867766077196 0.185720653371987 0.00194458513419878 0.000738499758208388 0.000201943135427518 0.00254316053075507 0.000190212476472811
36000 0.0272197425773156 0.187831828932509 0.00274709009170618 0.00330973820526513 -1.65141190148928e-05 0.00130267196861804 0.000620773061974616
36200 0.0270662506772236 0.187470461433651 0.0029251782815207 0.00254524933723656 0.000714396488596416 0.00147058970490522 -0.000174233545605625
36400 0.0271562303453758 0.187298628608487 0.000573141079632213 0.000848690738919399 -0.000293013618900223 0.00110065403920312 0.000784793685539586
36600 0.0270327569888989 0.184301477289844 0.00231327572317653 0.00152058352901724 -0.00060909001416858 0.00202897332498638 -0.000840969903192398
36800 0.0271911696055759 0.18618847797089 0.00045647201783856 -0.000249743152728634 -0.000359118072097233 0.00332719009102047 0.000468672975671745
37000 0.0269894420771191 0.185754246874991 0.00253729548470097 0.00077454645890194 -0.000421281706398142 0.0026929222578146 0.00140714016524384
37200 0.0271941433713161 0.186421960123213 0.00316918984626175 0.00306938908801347 2.04282242236161e-05 0.000744746801101029 0.000267967282881742
37400 0.0270016316725494 0.183629540744483 0.00277627260316611 0.00256640321138013 -0.000836806951143818 0.00103013304533869 0.00141225209189208
37600 0.0272060331534954 0.18389401621019 0.00400124411411593 0.00337916845623479 0.000320873295587545 0.00148349442041602 -8.37772344986376e-05
37800 0.027192082840611 0.185900565270694 0.0042168069075456 0.00281200258952771 0.00120306533224133 0.00271362701659256 -0.000498766768784553
38000 0.0272703359261439 0.183137666810637 0.0034597130218757 0.00517298956529851 -0.000641113188303985 0.00306721675282912 -0.00075202726062914
38200 0.0271932408976888 0.184809891697052 0.00254147405071529 0.00146540161788534 -0.00137112150648897 0.00476898069122567 0.00131837180552917
38400 0.0272019679605241 0.183537081747158 0.00157332365812031 0.00217736295581311 -0.0017462744209348 0.00364513859420678 0.00280772976565035
38600 0.0271348829288487 0.18371008073648 0.00273577508280368 -0.000135316979331257 0.000150453143093495 0.00187737245174607 0.00149895034712316
38800 0.0272847675931911 0.186890281390322 -0.000481415655303303 0.00112323688871758 0.000658014045181634 0.00335609239260002 0.00222356948608182
39000 0.0272198307752345 0.184770281700778 0.000567322912689156 0.000924920455004564 0.00158913794709334 0.00101185040062782 0.0021620711521494
39200 0.027279731785909 0.182234581786529 0.00291036608125949 0.00321858767855026 0.000541457824786671 0.00191792009439941 0.000343533284845803
39400 0.0273260779325597 0.185574062482289 0.00348501858434669 0.00116884893986249 -0.00140917869981525 0.00290009589656052 0.00222727411303951
39600 0.0272158384527704 0.187540600194222 0.00342605533046871 0.00404542900344291 -0.000883670950188786 0.00188136645022405 0.00113610750944736
39800 0.0273391340590992 0.187347108179719 0.00190137889568844 0.00157167873258778 9.07328130206807e-05 0.00309102548894697 -5.51863311222984e-05
40000 0.0271136691244593 0.188192829240306 -0.000301526444382492 0.00132081618878472 -0.000945667427933934 0.00103443486523181 -0.00038694186981048
40200 0.0272971969493873 0.182488944588268 -0.00187748923723548 -0.00241805376661141 0.00216714379622914 0.00143590831276249 0.000545285126181113
40400 0.0269981319087925 0.183034545263003 -0.00200806014701102 0.00229652987456135 -0.00115710565745574 0.00181093192403716 0.00105927719732374
40600 0.02727490490682 0.187383098295917 0.000590252732237188 -0.00130506972801082 -0.00115945876546118 0.00172661910742251 0.00203216351209916
40800 0.0272123711584072 0.184790958580274 -0.000374763787136833 0.00087211643784589 -0.00272844951290133 0.00204060391778381 0.00120745356623054
41000 0.0273426563896248 0.185983492187768 0.00126168484906869 0.000524131662394304 -0.00235145439034505 0.00160246721975464 0.00275084216044177
41200 0.0271688052139461 0.183538736601323 0.0033969670612445 0.000265859876745724 -0.000374632991265851 0.00146688650338427 0.000512516840636446
41400 0.0275317177467963 0.188116651651851 0.00243934085848436 0.00493731266534303 0.00055152821881354 0.00236805137057035 0.00104258555799619
41600 0.0271390518689172 0.185604489390314 0.00188965683286308 0.000465464903647146 0.00035064053888841 0.0020893382399207 0.00273518573078853
41800 0.0276936116518047 0.189433442990841 0.00317120764605714 0.00349390164669597 -0.000589511803411345 0.00150687056383616 -0.000330368412787021
42000 0.0271885209208148 0.185508570360197 0.00103900497909059 0.00398897076535506 2.94946552500352e-06 0.00160548725980453 0.000868752827255685
42200 0.0277112086262816 0.187874540703683 -0.000129069114265277 0.00159842277675646 -0.000227095869819368 0.00144330182162634 1.66408467183732e-05
42400 0.0272107845816818 0.184219006120633 -0.000422897479349895 0.00315604598463711 -0.00220291757495899 0.00175116288638673 0.000993632462466151
42600 0.0275385806267671 0.185139429694978 0.000148815795941195 -0.000691538219860715 -0.00292428171494891 0.00237089814015532 0.000788052090525499
42800 0.0273246938529267 0.185501056309437 0.00140904826847783 0.000824001803739165 -0.000246513642601239 0.00321985768663966 -0.000529955815046981
43000 0.0275082520985267 0.186401620077666 0.00309375027808029 0.00128587260213043 -0.00177259733130834 0.00295227954413189 0.000769771951998537
43200 0.0274473274849855 0.186790997378535 0.000731475614855035 0.00130881144053883 -0.000473656059198267 0.00226964216495985 0.00104713630624142
43400 0.0274776035924451 0.186928003360132 0.000959291095343794 -0.00173887918154132 -0.00211856341117167 0.00374055744932711 3.71614874099077e-05
43600 0.0274089114100301 0.184789427991555 0.00170405792573901 0.00170611579745263 -0.000806637088717328 0.00299051013220876 0.00059193712198989
43800 0.0275822020614829 0.186893018408426 0.00515186021304008 0.00186577922479612 -7.19728170003671e-05 0.00168711243893781 -0.00053118979805793
44000 0.0275865767639318 0.189996086450063 0.0029786224088977 0.00106403236161201 0.00162104609605831 0.00409552485355094 -0.000133198157365293
44200 0.0275721218080915 0.187418827224731 0.00250157046970888 0.00247926286722595 0.000135525030715681 0.00373013635714428 -0.000791178520629068
44400 0.0275520797514496 0.18451904984186 -0.00188159955249294 0.000363568122601272 -0.00106857149873659 0.003094083797486 -0.000131837291905424
44600 0.0273603430958871 0.182510535467273 -0.00103138975532049 -0.000978077298206085 -0.00235493238699024 0.00295384346516256 -0.00153178451310416
44800 0.0276909683259937 0.187808388215488 0.00134078466838423 0.001865601215306 -0.000427837998075363 0.00188152026840168 -0.00103312618327312
45000 0.0275171434501496 0.186490787974703 0.00190647536476035 0.00396055402690568 0.00134090054513497 0.00236453886459022 0.000907571568848035
45200 0.0277219807446158 0.188606160419072 0.00386827340494724 0.00206945854399413 0.000918235011112338 0.00320250348464697 -0.000390827334872553
45400 0.0274289835263162 0.187311972352273 0.0035136329079407 0.00105753655506357 0.000630127771442561 0.00217872131764446 -0.00101477832173236
45600 0.0277212970016461 0.185556736017698 0.000144927599419162 -0.000788162636197874 -1.21758174906357e-05 0.00312834462322763 0.00216925883145845
45800 0.0274075465648194 0.182736984030802 -0.00283030223630475 -0.00222677753976957 -0.000816077151437027 0.00178530629245864 0.000881274081483151
46000 0.0277110037487867 0.184990654612402 0.0010615766186711 -0.0017901881797214 0.000499578686380178 0.00177071862781105 0.00107768514479372
46200 0.0277069309633402 0.18687712368802 0.00420188237208519 0.000973916141089369 -7.76503016161068e-05 0.00217682429629591 0.000199623992188332
46400 0.0279246883754188 0.186966620037975 0.00331398599521046 0.00245860189161361 -0.000307808232475346 0.00266266189401955 -0.00159948940184778
46600 0.0277503599150987 0.186746700036055 0.00606706329221539 0.00139333232763461 -0.00104500092378053 0.00138024136869632 -0.00107960393237666
46800 0.027872672820091 0.184629806782128 0.000278111772411481 0.000754391287443114 0.000319183377423591 0.00172571922321604 0.000298707987557125
47000 0.0274644349239414 0.181746065734259 0.000431139699909473 -0.00451111419152582 0.000620198550253881 0.00101120645058109 -0.000912460082741819
47200 0.0278025049952745 0.184945355895599 -0.00198441100598307 -0.00123794474736865 0.00242367719631286 0.00397750190162834 -0.00131822556033718
47400 0.0276843499254018 0.185855622376272 0.00380627903342913 0.00110710395295567 -0.000480638207847233 0.00333739059577812 -0.000274864732268164
47600 0.0278969088793762 0.190379627953286 -1.88185673513755e-05 0.00301737771704696 0.000410690199128126 0.00192152783499876 -0.00035552772445027
47800 0.0276427305093832 0.186962934103182 0.00114543793218691 0.000248011080164607 -0.00175068609929515 0.000882742700867755 -0.000548521364227825
48000 0.0278733518292813 0.186378960757979 0.00145097465374309 0.00176299723294304 0.000831497967072719 0.00193575145410095 0.000945649014285031
48200 0.0277747450680933 0.1842405875659 0.00206295729433473 0.00240096385215315 0.000651562014335828 0.00344161603487952 0.00240030750445759
48400 0.0279915102127006 0.186536296495287 0.00353974745593417 0.00257638050553987 -0.000557682000478148 0.00253625496997345 0.000718847962583999
48600 0.0278683868585829 0.188114119417919 0.00484394678706978 0.00363931373454991 -0.00216111647157585 0.00359248670180144 0.0012548692409975
48800 0.0279553999146112 0.186371826711361 0.00411445763169121 0.00273414020222074 -0.0016974428433739 0.00153860142340956 -0.000575268467522006
49000 0.0277573603332344 0.183697139695197 0.00408054840279479 0.00118871393176749 0.00122948483272502 0.00275129900266382 -0.00067522268035511
49200 0.027769919859553 0.182272375189461 0.000582711703206203 -0.000254772851828996 -0.00101807091692061 0.00223030390055783 -0.00103222387021956
49400 0.0278053805295405 0.18367202023656 0.00134661853061533 0.00141107704473336 0.00229757709997613 0.00305546243412578 -0.000757870684858378
49600 0.0277618682255533 0.185246185060333 0.00106995256065624 0.0038460206315945 -0.000877612500136677 0.00249000877052013 -0.00125452024004719
49800 0.0278261706290022 0.18619117235262 0.00323662523148841 0.00165530140083264 -0.000691000430433859 0.00266075021622548 -0.000897487098208291
50000 0.0278741154845084 0.183837031391168 0.00256228003071438 0.000694402422363532 -0.00102932982134992 0.00189250164953088 -0.00103926616130612
50200 0.0278947312593877 0.186610828962771 0.0022476831106768 0.00044451760677839 3.339748926102e-05 0.00168531271501708 -0.000425981238900218
50400 0.0280930131128595 0.186207936427677 0.00580232099347284 -0.001009795718882 0.000208354655222075 0.00222394046893238 -0.000275438167676866
50600 0.0279102284537747 0.185772009518887 0.000587635386547303 0.00299213215120002 0.000723167027504927 0.00201124247058865 0.00129927338472494
50800 0.0281271331177944 0.188685541970737 0.00128086612522186 -0.00398003957795934 0.000943334431595436 0.00323902943503852 -0.000124314140749525
51000 0.0278739821038904 0.183458475800425 -0.00042390194520073 0.00201143008762787 0.000523267913853987 0.00251588319513809 -0.000220862293415491
51200 0.0281021308104396 0.186597761194637 0.00172120999203221 -0.000331574528154201 0.00056522044306816 0.000450156264348618 0.00114444807176562
51400 0.0279440885882896 0.185796918346599 0.00432444787030334 0.00212227213009633 -0.00102492472959645 0.00129233604226519 0.0015074005499472
51600 0.0280307443006482 0.187005159884581 0.00396375463543138 -0.000951344079344076 -0.000461351193269826 0.00276118520141115 0.0020187784910219
51800 0.0279011813645107 0.183351062641873 -0.000548582075840621 0.00216079122328915 0.000701852804092046 0.00276704330944667 -0.000222524976531465
52000 0.0280368764374708 0.187259172311122 0.00251131867140748 -0.000900352527297421 0.00213094866407558 0.00326714730230191 0.000191582679501926
52200 0.0278932958332326 0.186218920546486 0.001957671323834 0.000402356776423964 0.00158514740313767 0.00185149827539426 -0.00132050618747362
52400 0.0281623157306793 0.187427779076132 0.00462915523769202 0.00240527762346985 0.00120380474702815 0.00298108622203666 -0.00135270052549265
52600 0.0279764922115911 0.187220877825123 0.00257284044541932 0.0034744023480542 0.00114508976575807 0.00355541182057532 -0.00202683371950209
52800 0.0281888271873612 0.185800430698405 0.00469605850833609 0.00123191866447797 0.00121311706813062 0.00210084451562232 -0.000865392747711262
53000 0.0281384925761823 0.187088615625946 0.00174783076719217 -0.00212260454014419 0.00207523900921111 0.00299753509772258 -0.000803267773549284
53200 0.0281029240853206 0.186957795492364 0.000263237475096385 -0.00198846127032959 0.000997614319150012 0.00156615329540782 -0.000256329766511335
53400 0.0279940565639011 0.185173818867805 -0.00238351284779385 0.000262394959457576 0.000408370031526108 0.00328059384463923 0.000303268961654457
53600 0.027986125066658 0.183557397640924 0.0014813404046721 -0.000961176198545547 0.000868452006788111 0.00278526521270466 9.94682477509679e-05
53800 0.0280570623417344 0.184780322439004 -3.10885929310827e-05 0.00117209558485247 0.000228216046707452 0.00297309570457766 0.000781042913563002
54000 0.0280282413079949 0.185405681987479 0.00241589362175239 0.00226033793381471 4.70710237056719e-05 0.0031669591492109 0.000679190920357749
54200 0.0283014598181015 0.187960682972765 0.0035396652079453 0.00583391664977193 -0.00117729324585104 0.00309734159179085 0.000736062361943856
54400 0.0282184386007996 0.188121703168088 0.0059138676809468 0.00594729207771292 -0.000116429599754565 0.00409549545496681 0.000206574929062059
54600 0.0283281884327509 0.187427989832544 0.000712200879420746 0.00378598833617166 0.00163465444766532 0.00404433736134167 -0.00122219119246923
54800 0.0280176547607591 0.182891120191971 0.00295888661352112 -0.000624012507597582 0.00170787130624172 0.00297728671253132 0.00100721331981001
55000 0.0281754749164493 0.183912591966915 -0.00124355970758721 -0.000926588317722954 -0.000913050223861441 0.00280128049646855 0.00229352745412414
55200 0.027923774909918 0.184117150699817 0.00386370374553206 -0.0017077886140579 0.000249394463682638 0.00271698178252317 0.00212558579772871
55400 0.0283977555476851 0.188899386080386 0.00532362152654766 0.00240119385131148 -0.000127479495826622 0.00026383083764043 0.00181222957621191
55600 0.028169805673363 0.187028229304711 0.00757438645145488 0.00350030180766226 -0.000148689198231467 0.00122884426268191 0.000870677662666127
55800 0.0283377068110614 0.186993546942924 0.00136634137332381 0.00126314327094988 0.000107087527673115 0.00386366884836097 0.00114102951785761
56000 0.0282678504923472 0.184695869873308 0.00121132232653172 -0.000535716132062367 -0.00165379743043252 0.00209188393569342 -0.000589788323325694
56200 0.0281294706541932 0.183504043701082 0.00135608181982036 0.00164103487288873 -0.00152372758478776 0.00291976772242303 -0.00247971888977136
56400 0.0282701375507265 0.185681733495764 0.00123033920204291 -0.00246640837381252 -0.00172854942520413 0.00164268309696564 0.000154139208386643
56600 0.028084250479282 0.184540884917096 0.00264735668982442 0.00174512441622474 -0.00125460891957813 0.0015638002048445 -0.000809470885457592
56800 0.0285522366179307 0.188535455159978 0.00445668571838588 0.00177847912155464 -0.000884598652561988 0.00172683165555208 0.000512180557388728
57000 0.0282949283265876 0.187934094190819 0.00392847140810055 0.00446101561274281 0.00152553186181042 0.00320881717778492 0.00102887260103786
57200 0.0285977045947665 0.191058360183164 0.00482507185146186 0.00229565237474444 -0.000192532022072713 0.00189674951889166 0.0032886760209602
57400 0.0283176780416442 0.184060869361338 0.00403190667760219 0.00200784493566371 0.000543495007508803 0.00222650709010989 0.00181765593475251
57600 0.0283954863883452 0.185090522683679 0.0026893661802733 0.000723078915546298 -6.79539791427784e-05 0.00113120339382765 0.000954373610973414
57800 0.0283706436841096 0.185210995440322 0.00355653859177564 -0.000493058977185093 -0.000985526102986423 0.00211626121144418 2.62481749966154e-06
58000 0.0282274733852327 0.184372832943828 -1.04320587276043e-05 0.00120130856533445 -0.00247872815586132 0.00147201441108029 0.00248709560432154
58200 0.0282706493628185 0.186146849418295 0.00202915600336839 -0.000151897189620612 -0.00167490301581305 0.00210025971376572 0.00241129620006704
58400 0.0284047657086359 0.187270831087864 0.00180144238559501 0.00411624592779659 -0.000633533263488419 0.00232488218139998 0.00126932713486485
58600 0.0284325835544061 0.189206271608604 0.00502798944328368 0.00193798258848581 0.00186854953431822 0.00244292740036391 8.19354749701182e-05
58800 0.0284437549663936 0.188623300000534 0.0044372528710481 0.00229795452415551 -0.000119848013029692 0.000994635928774597 1.41814975006421e-05
59000 0.0284201527448245 0.188442173820789 0.00532921232033693 0.0038914913062624 -0.00148137231602497 0.0023702084724293 0.000499589781019666
59200 0.028352672971057 0.184259825656803 0.00108020655984544 0.00110893185121718 0.000984344730681305 0.00259395708720245 0.00367532328380855
59400 0.0283757399700116 0.183655105359519 0.0014609100984709 0.00123165150341528 0.000843263848968182 0.0011099178454846 0.00291687338853882
59600 0.0283491490532973 0.183433486749948 -0.00085984977108758 0.00247566980883411 0.00121252730045694 0.00195585432141083 0.00141225289672467
59800 0.0284038098805776 0.186475896075271 0.00197827103957159 7.52718420990114e-05 0.00136236073733603 0.00386918363731804 0.000871409206163213
60000 0.028669262308078 0.189647827828245 0.00184114038297579 0.00328344896293061 0.000906289679253938 0.00417813605710314 -0.000751385199519015
60200 0.028292852302061 0.187926876611937 0.000909091606657707 0.0047918336021995 0.00126880999390254 0.00286083796662527 0.00228677067184481
60400 0.0286715180333658 0.188601307990839 0.00206943056981396 -0.00113069233684581 0.00105979412277372 0.00243172159881731 0.000492400866171118
60600 0.0284205479200125 0.187220622986545 0.00398610864721096 0.00248039546994173 0.00192440537787193 0.00377632426999035 0.000791224409779942
60800 0.0286607013944925 0.187753269560796 0.00197266546144583 0.000521350230345138 -0.000119197471517048 0.0025119730944676 -0.000760914282084068
61000 0.0282590393474201 0.183536011492367 -0.000257770562946982 0.00051189498263056 -0.000169308454320786 0.00206017065111768 0.000701567502504074
61200 0.0286155008149867 0.187029227768112 -0.00119284276169491 -0.00261796063035517 0.00136694736987174 0.00323141924743996 0.00128006787118099
61400 0.0282879018231223 0.184460603315745 0.00118993467679381 0.000501059561367553 -0.000278277802989816 0.00324036515356959 0.00100328631135776
61600 0.0286897918942878 0.189309826940997 0.000772490423208578 -0.00222019273858054 0.000237275131399404 0.0015198455943194 0.00179083380030586
61800 0.0284983664683221 0.187479266752931 0.00459552684329507 0.000422402269373509 0.000214464274994443 0.00268607715637546 -0.000285944191670936
62000 0.0288595153167565 0.190678195599309 0.00411998306164557 0.00180383152172993 0.00137694646412604 0.00241753000837886 0.00245929130500628
62200 0.0286680825453957 0.188858498629748 0.00269372889243796 0.00229913359730459 0.000749974774866304 0.0023984995165106 0.000119576631910716
62400 0.0287985938654058 0.188304380163496 0.000518223913237461 9.80819834299554e-05 0.00115386730212138 0.00312956750971169 6.31066648434039e-06
62600 0.0285180178153295 0.186623415568559 -0.00014129668932351 0.00239039486549122 -0.000354878838504965 0.00387965500111318 -5.45946675886798e-05
62800 0.0286857090819982 0.184354769156398 0.000397779281325748 -0.000697466864467089 0.000120111504818636 0.00246554539657414 0.00145017282388654
63000 0.0287046773650333 0.185340223427456 -0.00031744605608261 0.00358658779834923 0.00239881908472459 0.00197293615786667 0.000854249273625567
63200 0.0288210841710647 0.187120373552305 0.00341506470425937 0.00425075282134374 0.00107922927711508 0.0014572744226796 0.00183663046446853
63400 0.028616652483481 0.186768953936348 0.00238923769162817 0.00560898300080627 5.70493629308304e-05 0.0014627469826899 0.00073101809797418
63600 0.0288776291502004 0.188229281487772 0.00608344266672917 0.00260997381984058 0.000946329185046466 0.00310092639701016 0.00131917193143341
63800 0.0286631821240517 0.187406921832357 0.00291636371258022 0.00235263182521342 0.00195889649534771 0.00253166501674899 -0.000173692988346348
64000 0.0288504095327207 0.187810568972679 0.00401611225900649 0.00168833351157179 0.000522218125632598 0.00381491648031927 0.00117048954532102
64200 0.0286436447419092 0.184709392868645 -0.00195007947117877 0.00182061947766144 4.80552777836392e-05 0.00439539629362561 0.000365932333449595
64400 0.028622998390588 0.184167591912753 -0.00208531761214946 -0.000780772994884871 -2.09037106522304e-06 0.00132340568558411 0.00157471299798069
64600 0.028734906327412 0.187492754069918 -0.00135550579389746 -4.94955360916217e-05 -0.000828036886815472 0.00353978112727357 0.000908506781835854
64800 0.028768912185856 0.188465342781187 0.00344996317498158 0.000830935660061712 -0.00125521738706059 0.00180366468034725 0.000575981123143347
65000 0.0287379505844988 0.189479315599513 0.00339315928973431 0.00263140236758763 -0.000319070702563753 0.00348957147101302 -0.00022905595701302
65200 0.028745529048816 0.187190953409507 0.0031088862352639 0.0038204046798565 0.00163412750768445 0.00356873056011809 0.000537605525346152
65400 0.0289024065117788 0.187403148907459 0.00114813919444804 0.0031939930998952 0.000843101734406326 0.00326166630369323 -0.000101848107731932
65600 0.0285301999713699 0.18215090706368 0.00153099224961659 0.00267268749662315 0.000384079609121962 0.00212588885240051 -0.000439675157582551
65800 0.0290414395450799 0.184110583204563 -0.00218398456394113 -0.00227035178946951 -0.00190597703332117 0.00276234995811445 0.000639487542541476
66000 0.028507860708769 0.18051034266718 0.00382652968222102 0.00229656255807111 -0.000301347114443955 0.00140820011172212 0.000649799877355885
66200 0.0291036221693355 0.188167812554125 0.00193649767301536 0.00449764232989604 0.00142961599355079 0.00059749075963269 -6.02837988048255e-05
66400 0.02883753488307 0.189340258746768 0.0032234351563939 0.00219299877978019 -0.0017889819225738 0.00146731924096016 0.000112926272855439
66600 0.0289703112738141 0.188288331881253 0.00162382237506771 0.00203506535628309 -0.000685365999069501 0.00206868509509865 0.00196997635006378
66800 0.0286344065602501 0.186650080083362 0.000106079401407124 0.00147775396472716 -0.000767962125817432 0.00241887775692845 0.000468734791353711
67000 0.0290484865412548 0.187777665715035 0.000216985484386135 -0.00303846461407174 -0.000883512425404471 0.00219550317505144 0.000505066756629355
67200 0.0287105257244455 0.183626621085986 -0.000527722606160439 0.00169963110510565 0.00263333840706878 0.00320439073483568 0.00105156601229445
67400 0.0290582574591599 0.185958861509941 0.00211774104699988 0.00117202370208159 0.000491183860694243 0.00204975316702189 0.000502676000355158
67600 0.0288726380751727 0.186597260710801 0.00713125825117714 0.00339985547558581 -0.000347500190331198 0.00279448830031361 0.000447389047102193
67800 0.0292378191183416 0.188656906916941 0.00458800206504672 0.0024883532732608 0.00108768095289356 0.00359777332220168 0.000521106716943533
68000 0.0287555144898813 0.186949628618371 0.00474804415218913 0.00181515757019594 0.000545797679477523 0.00349724239828792 0.00307806913263205
68200 0.0291868472148558 0.186962209949902 0.00117957505425746 -0.00137817532774678 0.00131870724764382 0.0042111450209882 0.00213109165114214
68400 0.0287242816859873 0.18302918075823 -0.00129632937233013 -0.00193144291454377 0.000570887775997221 0.00525105339823035 -0.000220026847624967
68600 0.0290837359905992 0.185260267786352 -0.00399785811300146 -0.00278545469954997 0.00134479799101237 0.0025495559837435 -0.000422070079241221
68800 0.0287973487839329 0.188188935564339 -0.00125362700563789 0.00139495947257283 0.00261792016824047 0.00297052506263163 0.000494836983938071
69000 0.029249014855604 0.190625524748384 0.00283091224285256 -0.000455416755655735 0.00104004935977796 0.00275256313074705 -3.55489709712089e-05
69200 0.0290597035925313 0.189383369307849 0.00197679514706466 0.00361352708994037 -0.000322006856672217 0.00375965669989619 0.000443368505510932
69400 0.02918170837766 0.189515162325533 0.00237736575642339 0.00165136851699734 0.000985186499017878 0.00243527692611066 0.00153253953563223
69600 0.0290052312367669 0.186464198580716 -0.000395919723650463 0.00451737691269339 0.000608034849466963 0.00129906577379606 -0.000295504221217413
69800 0.029096801830734 0.185821359100184 -0.000454097428375687 -0.00111033011190318 0.000360981103317231 0.00144643428535352 -0.000482200848043648
70000 0.0288792336780861 0.183183628951023 -0.00100044015555529 0.00125659964371484 0.000615164055663923 0.0040145262917698 -0.000277196228065736
70200 0.0290342417743422 0.184872017207811 -0.000731087967101508 -0.000808829559749312 0.000223888337530706 0.00254143295796724 0.0011970662689256
70400 0.0290805406639709 0.186168627772955 0.00116244013052882 0.00316288830520078 0.000338805601191556 0.00224183164581726 0.000819617202362291
70600 0.0292344266568987 0.189916289926825 0.00825391056523122 0.00116216718671802 -4.87870978046669e-05 0.00380604348282455 0.00128846587312081
70800 0.029344667353263 0.19036803326116 0.00345544952295654 0.00477995505822956 -0.000322773520659307 0.00347785084252937 0.00111334950969179
71000 0.0290866244529853 0.185622976356664 0.00506172237290754 0.00370480832285194 -0.00027527026189851 0.00206225512166466 0.00201311895736441
71200 0.0292261755397361 0.184091752906331 -0.00120328335592555 0.000778767445668019 -0.000822975250365449 0.00241476764009857 -0.00017640516591213
71400 0.0292091353870743 0.184133669550229 -0.000218910101884255 0.00104206117995739 -0.000613229497741046 0.00334008919191559 -0.00113215873950773
71600 0.0291453268702898 0.183364741225257 0.00141321543568765 0.00177004281493152 0.00130846784115538 0.00263725088196465 0.00020491728953614
71800 0.0292263114335289 0.186993722626965 0.00418798624089966 0.00140692870573891 -0.0002339416255994 0.0038946070115186 -0.000172081683881656
72000 0.0292962905900779 0.188018761179823 0.00408516877738114 0.00343172125037054 0.00179384820031353 0.00392844542906639 -0.000164915408705793
72200 0.0291890388557143 0.187859984187127 0.00634925353860663 0.00402832492860829 0.000217854419723362 0.0025265172955134 8.88513182776001e-05
72400 0.0293200496104908 0.186376605360398 0.00156411776233351 0.00455155083517875 -0.00137609601000876 0.00209506747233543 0.000657198508484397
72600 0.0291123664833207 0.185134653930004 0.00139452224525024 0.000815839391762416 0.0010024340819494 0.0026728338529798 0.00150487063081191
72800 0.029261597237338 0.184053462146885 -0.00182167277700108 0.000886137149854642 0.00106727053938042 0.00252941893094024 0.000781952787119894
73000 0.0290413147612139 0.184147393690141 -0.00156685889383297 -0.00133414082931544 0.000277631847144241 0.00356914227521048 1.32397861309346e-05
73200 0.0293006081988442 0.186054350187349 -0.000195849696749672 0.0016145717040447 -0.00054729877891803 0.00230258224441749 0.000695019228605839
73400 0.0292101276131919 0.188447875353226 0.00275750730582836 0.00276800042030061 0.000477379726092897 0.00383999669659908 0.00215323885100544
73600 0.0291826289199972 0.190028638037628 0.000310794969740311 0.00578815097701861 0.00159750829461837 0.00392953826652011 0.00242503668028285
73800 0.0294581676408525 0.188494732734398 0.00399272382762258 0.00361621465775906 0.00237440804897029 0.00392647934980383 0.00120420155047717
74000 0.029271241331877 0.187639900335566 0.000136862055812834 0.00180409991567415 0.00062962216984403 0.00374942600433603 -0.000103556734532763
74200 0.0292982388301069 0.183844145124373 0.00167957249463142 0.000955795543522285 -0.000752459320065542 0.00153315599602178 -0.000745842176881579
74400 0.0293357937034069 0.185380940256268 -0.00077747155637679 0.00285351607263938 0.00105014036232471 0.00315189720919546 0.00209947091746919
74600 0.0293183638524258 0.187438088071133 0.00254246655965652 0.000432335209323042 -0.00038114781507557 0.00189383845447158 0.00175337149687959
74800 0.029190582385976 0.187136184283753 0.00103644659030497 0.00227483532398829 1.61854645676471e-05 0.0023136361649465 2.52533899839793e-05
75000 0.029278868111222 0.184171133963005 0.000613196293096863 -0.000838740283635554 0.00107901773408569 0.00237989816412067 -0.000367258665353845
75200 0.029309076294761 0.184024074299055 -0.00215199701650801 0.00244100072272038 -0.000135840330576697 0.00216966969826667 0.000494687577258565
75400 0.0292851501006674 0.185023988903106 0.00395341150480334 0.00147173972258934 0.000398126793166934 0.00317993784169206 -0.000566400100371307
75600 0.0293471183692503 0.187945508226187 0.00228546621846807 0.00279460527409852 0.00176169367856535 0.00203007201073315 -0.00113480732592423
75800 0.0293153129143464 0.187245075875076 0.00416001929546667 0.0009695820745026 0.000739403083053322 0.00329216641875443 0.000290474078955417
76000 0.0293367082224935 0.187971866638821 -0.00080641205727082 0.000908374524573344 0.000427083047870686 0.00271614086682137 0.00125406817116025
76200 0.0294725524743486 0.187558960066431 0.00337582918675071 -0.000376083689835179 0.000704241495659939 0.00244267684337557 -0.000229778129277085
76400 0.029291803138741 0.187933217282631 0.00114317802371635 0.00476635942232519 0.00176003869566004 0.0047329870381839 0.00075251996011357
76600 0.0293635999652293 0.185296113046878 0.00274127582219502 0.00071307342021967 0.00100952820994219 0.00260730215271973 0.00079381872757351
76800 0.0293430408789946 0.186923189987011 0.000917148938574443 0.00161146407892104 0.000274125665227255 0.00195189482317954 0.000382308053369437
77000 0.0294665547901655 0.187684762253794 0.00307238674678086 -0.000828684634593619 0.00100822133168733 0.00254664966978154 -0.000245365059704893
77200 0.029370523905691 0.185402124237132 0.00343329012626277 0.00318636504295979 0.00196616462264683 0.00352129364891427 -0.000385761593157818
77400 0.0294920386579907 0.189376915559622 0.0042923302420666 0.00161716863987198 0.00331130003996103 0.00307446746810932 0.000491211674455159
77600 0.0293905548513715 0.186566378720563 0.00161803814662032 0.00447074131512095 0.00257477633835119 0.00272286356808566 0.000976569620659248
77800 0.0294898527679866 0.18397548520288 0.00247611964315174 0.000200369514517985 0.000745679183994346 0.00245279439172467 0.000151537614454538
78000 0.0293203219989712 0.183165931043807 -0.001051597475671 0.000689534908011069 0.00169811101732508 0.00342024826473775 0.00197347489309059
78200 0.0294070681713212 0.18621260189958 0.00378651786476529 0.000635600571394667 0.00332461734811385 0.00311713831306237 0.000369828173751427
78400 0.0294749091022064 0.187671114924826 0.00160820862322457 0.00327454841028944 0.00357186521683146 0.003592879411281 -0.000674906348033841
78600 0.029393058705191 0.188516125982663 0.00278546868823166 0.0012190101666197 0.00183985165233807 0.0027063944704337 1.87591642910259e-06
78800 0.0294351812851254 0.189194608670891 0.00186393555642639 0.00313892375484411 0.0009175998408783 0.00255754675633932 0.00034335124829477
79000 0.0294362653422416 0.18619294897972 0.00343132330564332 0.000345001556178015 0.00168717360989361 0.00362881015292435 -0.000219879002251031
79200 0.0293952921274361 0.184874762962245 0.000936767320802901 0.000852394949196844 -0.000108199406954277 0.00349814183686269 0.00149713586982313
79400 0.0294886432841794 0.186488880399536 0.000484140375264542 0.000965666939295015 0.000576626135660934 0.00352772023255024 0.0017137321332481
79600 0.0296217019941836 0.187518540288404 0.0021643411858778 0.00179338726223412 0.00041877969779428 0.00262401861283528 0.000322377535278626
79800 0.0294347673698813 0.188076273357676 0.00497462074851734 0.00575648703879735 -3.26348365940542e-05 0.00351425875231267 0.000567765333306226
80000 0.0297087328350274 0.189617268626375 0.00263423886627419 0.00180505718579857 1.28322523904923e-05 0.0016140939075184 0.00154909214612339
80200 0.0293375167374405 0.182982863704352 0.000184305984385738 0.00126535144334138 0.000831795568250619 0.00219386603513867 0.00113141972240734
80400 0.0296880985403564 0.18584512764087 0.000216786275467062 0.000405098686127484 0.00134060871408843 0.00267119508763717 0.000833644986181959
80600 0.0292920308683752 0.183734298195915 0.000786302348755486 0.00157090132521317 -0.000577069148018062 0.00204979356041094 0.0010723040787807
80800 0.0297899664169606 0.187840782077047 0.00304069104144887 0.000369927336002454 0.00057440009861418 0.00178955274061813 0.000552798389518872
81000 0.0294245434745653 0.186495646562992 0.000691387405047702 0.00442275327252764 0.000188624753871812 0.00477990835905863 0.000871395969998466
81200 0.0298181864436921 0.18960490343373 0.00497357216796797 0.000109621313635694 0.00154577375542105 0.00442047680064436 0.00164435799816409
81400 0.0297224643171448 0.190576157279298 0.00711810245228327 0.00476601525690013 0.00129409796357847 0.00520418965823898 -0.000265297325931195
81600 0.0296879492730311 0.187728483732713 0.0065822274535039 0.00277755427140599 0.00068799927693054 0.00470676976771793 0.00041354585891334
81800 0.0296441707447818 0.18904759265224 0.00192090584176099 0.000513685991561681 -0.000236609190251063 0.00242031788730273 0.00126660214225966
82000 0.0296412714903466 0.187835761230498 0.00247279051272592 0.00157730666583825 -0.000751717665296175 0.00271756046102696 0.0010168775381297
82200 0.0296206194484725 0.18570636872108 0.00169478691859179 0.000410686787342923 -0.000522356836908975 0.00435616330494925 0.00125643556206326
82400 0.0295244279500166 0.183095687425386 -0.0011610125047127 0.00125060098912635 -0.000334598066748312 0.00362041645834364 0.0010547741994076
82600 0.0297526332306414 0.185732425044424 -0.000875533424635718 0.00115949175779027 0.000452274442610686 0.00507247300506002 0.000185198090920327
82800 0.0296175276120806 0.184641309249285 0.000473553672507857 0.00015404837706713 0.00077820180689655 0.00443286918646163 0.000907927952868349
83000 0.0298572583087013 0.189410812597827 0.00456023563539265 0.00363847721320981 -0.000619360364862985 0.00258361879672729 0.000253977710082576
83200 0.0297003857157108 0.186384075856943 0.00336527873235141 9.2567038456648e-05 0.000435524884035857 0.0040646755616118 0.000376518333155864
83400 0.0298418112902835 0.187858545218168 0.0012943478077911 0.00186762359955307 -0.000952986241906131 0.00332511339588386 -0.00049160641647866
83600 0.0297154329728035 0.187125985739137 0.00532848847818475 0.00270706052869282 0.000219835979512469 0.00167845459100515 0.000732134681842915
83800 0.0297723035866273 0.188535257325885 0.00193473456264148 0.00305519673489182 0.00018733095639555 0.00119184666504656 0.00164782179325742
84000 0.0297892025802341 0.185750151157281 0.00393927346981689 9.89867245221982e-05 -3.40339571630366e-05 0.00293955000900811 0.00176593319640626
84200 0.0296804535710061 0.187701104335551 0.000126492911172043 0.00283615588978978 -0.00013496955112976 0.00364435624244469 -0.000401414140045426
84400 0.0297560753587821 0.183007418717362 -0.00248919334295524 -0.0022448482022867 0.00106856478847569 0.00322893757143924 -0.000886407572755981
84600 0.0296595378012965 0.182154592694461 -0.00181061852333485 0.000185701200364752 0.00161220686674066 0.00173200389081077 0.000192713014118264
84800 0.0296993589593923 0.185817158676418 0.0020843371945058 -0.000996047618548502 -0.000142830084745609 0.0033633260385432 -0.000130226248421397
85000 0.0298517684320482 0.189549630321199 0.00432929621373655 0.00144910492990312 0.00160487881333064 0.00410559028342902 0.000425205095178159
85200 0.0297805810048111 0.189046342792582 0.00378355941492516 0.00347802038969709 0.00277726569503223 0.0036875233503769 0.00217917468568585
85400 0.0298952490632161 0.189166708172061 0.00287222419856842 0.00335593706939018 0.000786392988805119 0.00345624941732754 0.000938314487220784
85600 0.0298097918609694 0.186159416316707 0.00290904611475669 0.00084882752553162 0.00133366306988004 0.00444470853395483 0.00140604040395055
85800 0.0298565132014101 0.18404510864525 0.000397829504282365 -0.00121706309701947 0.000429742039698798 0.00258313072133314 0.00162134202722457
86000 0.0296303330448889 0.1817121115002 0.000872417270501881 -0.0028975327400304 0.000659316875078116 0.00325731321458142 -0.000413769030262444
86200 0.0299157804253773 0.183504723859905 -0.0008932820906053 -0.00318254545325303 0.000866029857565414 0.00352136368262317 0.000269842733565641
86400 0.02970007257595 0.187044037286504 0.00542164614253507 0.0030013712587192 -0.000372174887459972 0.00317386718737063 0.000311435543530911
86600 0.0301744391421805 0.191104664052946 0.00374001318486608 0.00480716075658287 0.00101183016897464 0.00197233967742089 -0.000784345701157864
86800 0.0297538778155286 0.187953502643704 0.00329023365545686 0.00352931924292994 7.40322117371137e-05 0.00343551858748516 0.000858216940409831
87000 0.0299337135426145 0.18735009267279 0.00106291311284595 0.00129131816211506 -0.000582844756830452 0.00403130656443464 0.000699062039453934
87200 0.0295694701197071 0.183452519707015 0.00179381126949125 -0.000847568712030373 0.000106970469519667 0.00372730342360925 -0.000641075135507275
87400 0.0298505767969735 0.188041465631993 0.00171960001415559 0.000465803456385382 0.000822799615141922 0.0026603844223177 0.000584100422255035
87600 0.0297701516675575 0.185922480188195 0.00358828854417099 0.00297765111621803 0.00153463883605428 0.00213724088498344 0.00200252167206496
87800 0.0301131834453661 0.191533924986879 -0.000509483608788961 0.00349412640595053 0.00178750624508701 0.00450279239931805 0.000660628858475798
88000 0.029757305683506 0.187131463302309 0.00256498073681433 0.00307256381093524 0.000947348806387102 0.00408441338958876 -0.000132847761576561
88200 0.0302000469024964 0.188545624588514 -0.000663473531913053 0.00227452706406579 0.00102561371712572 0.00218752126056923 0.000963175937334527
88400 0.0295939024382565 0.18296070232623 0.00212456667151348 0.00253695125319331 0.00119394853630184 0.00376447952514937 -0.000337953876607434
88600 0.0299750317710361 0.184385501930795 -0.00177057625293233 0.00280435888756997 0.000203005725399021 0.00386629471854221 0.00154553523564814
88800 0.029787482862659 0.183429413065817 0.00163402167833485 -0.000327438006290911 -0.000639097187242678 0.00126279940352588 0.00192809408660104
89000 0.0299193662283208 0.186537067705035 0.00281996148023763 -0.000393693478118588 -0.00127017980774448 0.00203424066335933 -0.00105071097238745
89200 0.0300546528927242 0.187744564531602 0.00491769706605299 0.00165139131561803 0.000336752348371885 0.00253949543957445 0.000867622713191536
89400 0.0299671656757076 0.188558747456942 0.00347896659484989 0.00408891448775997 0.000574645383105486 0.00363741528975553 -0.000651961666856457
89600 0.0299886193424079 0.184989677307273 0.0041279916015107 0.00114339483666045 0.00159013428268846 0.00370215404321498 0.00010227124670175
89800 0.0298811100723841 0.183726632543044 0.000692059556252108 0.00310174764177133 0.000946885137387528 0.00381926342725835 0.000872950518316377
90000 0.0299365753810019 0.183100817173699 0.000371647905674274 -0.000420397446097433 0.000221052803927498 0.00230971314375923 0.00288654459869835
90200 0.029755165085234 0.181962683466676 -0.000668205952487716 0.0019750200681836 -7.19914828981858e-05 0.00363452157357844 8.45794932444347e-05
90400 0.0299237728795068 0.185442110023218 0.00381706225727037 -0.000453001345969836 0.00108703663595995 0.00173145692007946 0.000281767695945725
90600 0.0299114834887731 0.186741363561063 0.00086910676229013 0.00459146237697966 0.00166680542138318 0.00204762153247447 0.00169011044862383
90800 0.0299677349361262 0.187037760165096 0.00353615944008395 0.00235194653415116 -0.000561601270801503 0.00222674754479292 -0.000292895397783463
91000 0.0299327617682282 0.186150693071619 0.000138944265845221 0.0043993630730318 -0.000892629615225699 0.00419178777048129 -0.000987267637858658
91200 0.0300730853687515 0.186979618179156 0.00145697455258531 0.00109515114621254 0.000692483095434087 0.00223094686649471 0.0011726793443211
91400 0.029854902447723 0.183303175689769 0.000637546561974996 9.53353507116062e-05 0.00265661209016372 0.000788881703702962 0.00214916236454255
91600 0.0301315895509215 0.187234833870185 0.000267172465384933 0.00171538933621996 0.00165444097789832 0.00203576366517444 0.00119403962474408
91800 0.0298574933441992 0.187690573326048 0.00112179703559288 0.00483794792473279 0.000373781157971643 0.0023293890370618 0.000312709964589828
92000 0.0300777705302979 0.188782010985215 0.0012169781122988 -0.000121295668586469 0.00291329258474924 0.00366709988940964 0.000329095861818339
92200 0.030048789044769 0.186256889511538 0.000648011015909391 0.00261693595459581 0.000791716036857344 0.00291597724239035 0.000311666888756707
92400 0.0298833593590649 0.186689443574156 -0.000252715041388928 0.00180593823747655 0.00169600109308931 0.00292484203356022 -0.000524787067127678
92600 0.0299968168710506 0.18685776353411 0.00136211027533238 0.00142893588866166 -0.00017956034965283 0.00293209720371761 -0.000365614958106961
92800 0.0298892233973232 0.186378076362527 0.00324752640594639 0.000645267053388968 0.00140375023429232 0.00320273563329407 8.65228497955966e-05
93000 0.0300692345005134 0.187207464793455 0.000311004615524281 0.000506658911900049 -0.000234874882450003 0.00413902446269424 0.000198279854660962
93200 0.0299538377433798 0.184543261442831 -0.00202680400203024 0.000761846831677016 0.000782751500006644 0.00544643826358418 -0.000246291928979662
93400 0.0301465912245351 0.185723809256026 0.00195111722592309 -0.000107205704452449 0.00132804303190699 0.00328229083418221 6.92850809423849e-05
93600 0.0299615428745549 0.186117893414903 0.00251927127118524 0.0032709263963151 0.0011143024732081 0.00326607769469405 0.000983095420457484
93800 0.0302169209922711 0.187542553999038 0.00279713127927962 0.00046932308120875 0.00111280749325291 0.0021536825638716 0.00177564983986382
94000 0.0299741023627265 0.18502765223221 0.00408196226195428 -0.000157763218001845 0.00102395327050632 0.00295591364592846 0.000744007113893245
94200 0.0301215699871114 0.184858565352924 -0.00062312879184373 0.00101034763599604 0.00080730863915408 0.0047702237590737 0.00155598682786294
94400 0.0300720455458127 0.18680106946096 0.000720695937895506 0.00107565314377524 0.00185051737604676 0.00282690215165817 0.000673698286689373
94600 0.0300999448208838 0.184902725508093 0.000417466182575825 0.00390687052052626 0.000691510775791834 0.00268961861124713 0.000418273900444451
94800 0.0302682413611918 0.186911499412738 0.00327368756557042 0.00405417440869184 1.50779106494872e-05 0.00348712597020633 0.00042941923974248
95000 0.030214123551638 0.185248342560388 0.00393419926597599 0.00338258251138684 0.000104960021444033 0.0036043685158308 0.00168207872137288
95200 0.0301126065237866 0.185895735803209 0.00395265366908462 0.00160799639725304 -0.000522199624473293 0.0030381717431072 -0.001602512552789
95400 0.0301092500378355 0.186381426854192 0.000241988045621033 -0.000576463522234605 -0.000303893811782885 0.00195964200203752 -0.000421163041770908
95600 0.0300145188271257 0.186628329917357 4.36426390384062e-05 -0.00221767903949765 0.000384213121971293 0.00308572175469884 -6.00589329939533e-05
95800 0.0302558054560571 0.187733956253048 0.00075734076908179 0.000844196969816916 0.00169779236965299 0.00323688458701837 0.000665198173946118
96000 0.0301264414619791 0.188627877330659 0.00379704049090132 0.00370172565714212 0.00270337033069429 0.00306812838296172 0.00068902520043814
96200 0.0304416480139948 0.187636317831649 0.00252328646678261 0.00455673001332945 0.000634974801176407 0.0016914473421691 0.00132746745608543
96400 0.030159665474703 0.188318000065434 -2.1324229425104e-05 0.00484099227364098 0.00187742973060848 0.00309625421830886 0.000760651196964302
96600 0.0302914230560086 0.186427068424306 -5.54212132916258e-05 0.00269593406715911 0.00253652026626459 0.00170667085349605 -0.000841404590302829
96800 0.0302107216896398 0.185088049493566 0.00270100889362318 0.00180003339261565 0.00268811787683014 0.00142245695251563 0.000467121776740149
97000 0.0303663251344104 0.187907179340125 0.00293663448775185 0.00285320084986811 0.00153588616523855 0.00324207853636529 -0.000254788038789742
97200 0.0301268100585701 0.186963271860582 0.00418829771038419 0.00126612342451547 0.00133416724861662 0.0019877089940314 0.000974998951625493
97400 0.0303825931718362 0.18537870492462 -6.01532754370865e-05 0.00245361474998222 0.000598358192989546 0.00199490379994413 -0.000303841220908179
97600 0.0301839400800093 0.184395294570796 0.000795014182604916 0.000578713567825904 0.000113581841318858 0.00309125185579366 -0.000515664225037764
97800 0.0303528161984523 0.184590655584153 0.000931143762085311 0.00239726960302178 0.000865004326505861 0.00280320966334472 0.0016407248758898
98000 0.0303876735425663 0.187522707738552 0.0014995450062839 0.000594626524383597 -0.000636574406408143 0.00293272881045334 0.00185921129702266
98200 0.0304470238182884 0.189575912543624 0.00256176463687369 0.00380238395476017 0.000516203019345683 0.00301278381196555 0.00141575959656815
98400 0.0304924110414935 0.189650714980162 0.00252410365535175 0.00295659988565163 0.000224626253901853 0.00129910882232517 0.00125583538340424
98600 0.0302152438701479 0.186099052027244 0.0019593169364299 0.0013132416901452 -0.00101294059858466 0.00188396838742878 0.000702504752537841
98800 0.0304329290641946 0.185696358320346 0.000370494105902435 -0.0011086874444378 -0.000552181088405254 0.00103450422724263 0.00204491566475917
99000 0.0300197393906808 0.182368744901956 -0.000136801064405868 0.000657559090726744 -0.000565033770948141 0.00211515205032983 -2.21771649571826e-05
99200 0.0305736678045609 0.18688893766532 0.00150540977765577 0.000471618480218244 -0.000745120347110718 0.00336026574573849 0.00160851172703109
99400 0.0301658123664798 0.185819810951505 0.00102194431562475 0.00158669583426855 0.00125364963435423 0.00412909601341287 0.00191823079456528
99600 0.0305525617047103 0.189606664941722 0.00196948760602716 0.000974360929303354 0.00071317704059309 0.00344020528973859 0.00309667480296239
99800 0.0303345075646088 0.18789940086889 0.00512039803624529 0.00371432976444959 0.00275458966277248 0.00231012563235794 0.00150758668837013
100000 0.0305715463249277 0.187555785618553 0.00512060343064617 0.00308882555371549 0.00134563550995205 0.00149391009893521 0.000707328577878156
100200 0.0302711765476195 0.186563937755781 0.00479997455278029 0.00237509334665078 0.000478849733821117 0.00254817446342763 0.0014215376945087
100400 0.0304393440301851 0.184830531287416 -0.00107656219804104 -0.000628367149204243 0.00131641673053052 0.00349283247289945 0.00103844847330688
100600 0.0302287764036864 0.183582327487008 0.00296090928485062 0.00158792318159942 0.000458032748876804 0.00533361258028222 0.00158865761621983
100800 0.0305507231874102 0.186300978283824 -0.00052990891428235 0.000298122593948644 -1.61880397233293e-06 0.00477379628443175 0.00234552123061608
101000 0.0302474229251077 0.183863811973316 0.0030027255607646 0.00672454622959093 0.000184297188770055 0.00348570370319771 0.00180759762108903
101200 0.0307133717910217 0.189276961597586 0.00290270093659592 0.00164577343219336 -0.000411776279099429 0.00348421111910385 0.0021405911093993
101400 0.0302544369897877 0.18710262654235 0.00127506751825157 0.00242622776409803 0.000838472495251638 0.00380950356609032 -0.00026759421363197
101600 0.0306345221423261 0.188858817942772 0.000688225679628547 0.00123021507030578 -0.000345824999495782 0.00405867762420642 0.000204843893191392
101800 0.0301713084017762 0.18559970334228 0.000357368012618969 0.00173417306836814 -0.000263181258819679 0.00495905033105536 -0.000553391032734804
102000 0.0307081294767674 0.186558992008684 0.000635682677907727 0.00102200591500235 0.000677372035283894 0.00454370127772241 -0.00100798452039557
102200 0.0301599628851492 0.186541554885402 0.00257643875309479 0.00308805435905066 0.00140742336756754 0.00389540266907146 -0.000271066174831435
102400 0.0305428050266613 0.187547713508974 0.00133782578852122 0.000993750873992784 -1.14090965532355e-05 0.00241560436106858 0.00124243705625764
102600 0.0302027759306378 0.181811510819124 0.00121915129599535 0.00374280302868189 0.00038478839654287 0.00440565246111711 0.000701288097221403
102800 0.0305731032014099 0.185326312210467 -0.000695344063506883 0.00186958713969206 -0.000700549391956465 0.0030548849949685 -0.00104378207789858
103000 0.030189599682118 0.184338407469227 0.00200698650077363 0.00166572379475049 0.000666525523128032 0.00376088044581868 0.000404891976655608
103200 0.0307204938692368 0.190809478073651 0.00285417844441585 0.00154922046046504 0.000307231258818269 0.00235194810907409 0.00239607242687645
103400 0.030393032759642 0.185543870171806 0.00456420800746131 0.00586551281500935 -0.000508887357815941 0.00298446495688828 0.00211494287913538
103600 0.0305657997854348 0.186525333935877 0.004063351712671 0.0032271493873511 0.00177911250841472 0.00380111274807877 0.00016805617991569
103800 0.0303815366367886 0.186966871628878 0.00294116346932851 -0.00143634153975231 0.0013855467450294 0.00163770921143653 -0.000594273797788087
104000 0.0303955631986784 0.183806950692201 0.00130390447289891 -0.0010829856958551 0.000171413317931193 0.00258110019353197 0.000225737252496083
104200 0.0304778565297846 0.186498990332541 0.00091887798873433 -0.00361725517104799 0.00151227024624604 0.00329051826062395 0.00142725718915109
104400 0.0303297499337242 0.18594961127478 -5.96890796312499e-05 0.000882790317329526 0.000530111545017336 0.00320154963455846 0.00093083995601129
104600 0.0305504300175406 0.188346774351743 0.00112066639978866 0.00306509090735514 0.000580303481691397 0.00416518002147122 0.00203416061256385
104800 0.0304892806790383 0.189921292090127 0.00231647562141387 0.00421392587701462 0.00260733817948044 0.00405565319423991 0.00284969904047935
105000 0.0306203737505992 0.189635311994011 0.00302631753061489 0.00383168422870817 0.00112311575772121 0.00476918206973934 0.00262390641204584
105200 0.0304884259370305 0.185462697664673 0.00295068172328434 0.000216590148490004 0.000406771760638252 0.00282490945421342 0.000995902360749027
105400 0.0303996876005223 0.185194882830142 -0.000181056037894659 -0.000529848219271577 -0.00050235639984417 0.00185945138680761 0.000677539987324429
105600 0.0305356410681969 0.184571040017448 0.000702110772137235 0.00285602918025399 -0.000221182001276943 0.00331992430822893 0.0016930834053129
105800 0.0304788097873967 0.185718350603108 0.00286671762722511 0.00169434748609509 -0.00134531588818427 0.00386624453395381 0.00139767874956713
106000 0.0305907311810829 0.187768137132544 0.00462780715831856 0.00427300380434417 -0.000143303386772349 0.00246519050289519 -0.00066954277992652
106200 0.0305855132919161 0.186717503012888 0.00103785483629263 0.00293338911810112 0.000541698683774536 0.00496895398840735 0.00171985669480891
106400 0.0306398581548157 0.185493239704337 8.30517579079472e-05 0.00318702840897992 -0.00018217342249251 0.00290755437730564 0.00146097498535986
106600 0.0304553506008902 0.184903484538005 0.00455809075765842 0.00155390776192617 0.000681084616995404 0.00266031045813444 0.000573012313683139
106800 0.0307638965102019 0.189096812486048 0.00153422888182872 0.00360895733274026 0.00130499322118123 0.000549720568819159 0.000860191594367994
107000 0.0305423430601515 0.186280231925372 0.00482302312892851 0.00371562414182717 -0.00173494389135927 0.00193096125552074 0.00128922654628712
107200 0.0306797507411651 0.189842285048258 0.000809166949621926 0.00228597706543072 -0.000494917352430089 0.00274715602177454 0.000189233383210681
107400 0.0305705643368227 0.186010808183882 0.00290569163253777 0.00191142248788638 0.000824398300619687 0.00337997423681683 -0.000650622417328153
107600 0.0306133641868755 0.187749562610653 0.000286814410925223 0.00108787552797442 -0.000754731588275996 0.00269662371513194 0.000283643166298145
107800 0.0306794130781633 0.188792124527596 0.00289313664592564 -0.00231813658431411 -0.000598974833210243 0.00410785212451523 0.000856684324668341
108000 0.0305882039843452 0.187025919788946 0.00258566840648309 0.00101579765091475 3.09759451604931e-05 0.00221458176649905 0.000716999049462579
108200 0.0305747754573811 0.188438812136165 0.00183258323038262 -0.000771157670890021 6.25277622589427e-05 0.00175378982702322 -4.69143881596389e-05
108400 0.0307345884414228 0.187952791047546 -0.00112020928300997 0.00289648877959343 3.21905684370172e-05 0.0024709615384936 2.31953914276837e-05
108600 0.0305860979136078 0.188016187312805 0.00556354472624583 0.00451163397722369 -0.00119493178835657 0.00084772402830817 0.0012817467929601
108800 0.0309025855354676 0.191612511209097 -0.000145411690223834 0.00765770248881084 -0.00140798911383598 0.00213875137199362 0.0012557121320432
109000 0.0305869298775819 0.184933157779239 0.00391548121819035 0.00418034860128081 0.0018562703243866 0.00138840022912948 0.000701989276200957
109200 0.0307289710445226 0.184468737382722 0.00265662059231931 0.00350922469422073 0.000314137408685046 0.00295355343299867 -0.000554105781443691
109400 0.0306359231008914 0.185312439132057 -0.000136743647917802 -0.00106820901569125 -0.0009984706928316 0.00308471318711992 -0.000630395772400575
109600 0.0307203571037859 0.182378899035353 -0.000877323813911687 0.00252861798722493 0.000332562122325747 0.00397842951766072 -0.000997500463465261
109800 0.0306115939729119 0.186724211599002 -0.00127699950210133 -0.000294629593337441 0.000936593442285701 0.00342246285893248 -0.000961593332028392
110000 0.0306888548188939 0.18727373866058 0.00137092774432892 0.000766087157308209 -4.81197067271374e-05 0.00334471021147569 0.00111920250650915
110200 0.0307440908312452 0.188007443187869 0.00312780415515151 0.00257314699722929 -0.000675156639337357 0.00147061477713936 0.000464676839729626
110400 0.0307732737933941 0.187754056472742 0.00629182243984205 0.00298288129086244 0.00154731214272511 0.00232584921808714 -0.00111695879961696
110600 0.0307990153250836 0.189631342911588 0.00306024773681202 0.00225778379560819 0.00152858715381636 0.00266254859112404 -0.000695305667524842
110800 0.030717930227514 0.185024927679675 -0.000510346778109186 -0.000262638884827484 0.000535929697678788 0.00273875245094772 -0.000822063559328482
111000 0.0305611376124452 0.184739800721819 -0.000639783571820911 -0.00222548020158444 0.000952621692147598 0.00267682702599707 0.000551424127274626
111200 0.0306721324050556 0.187225852777556 0.00106024381091908 -0.00358492651218152 3.15820896764185e-05 0.00182134668441033 0.00157136295818511
111400 0.0307352898184621 0.185871419795482 0.000580358789126321 0.00191858004836966 0.00120742533897692 0.00342056022103463 -0.000415879277850776
111600 0.0308624228658532 0.188178024561473 0.00312637625611262 0.00287443806904023 0.00109144952167931 0.00222664663705474 0.000382187993995556
111800 0.0308963152571951 0.191047704059817 0.00567125223839833 0.00439975960508618 0.00130286500049118 0.00322275931198887 0.0012071038673057
112000 0.0309303499245497 0.189787342924146 0.00453507626036126 0.00501077182950063 0.00216294858228806 0.00342891763377893 0.000204432414592445
112200 0.0308457594232249 0.187412915492173 0.00128806707456345 0.00279062452690861 0.000400787646926702 0.00365072428461292 -0.0013239489068292
112400 0.0307821714435212 0.183488560189482 0.00142071357522436 -0.000424614970592757 0.000830076606160915 0.00350376335425765 -0.000113977204720126
112600 0.0306967318554742 0.183933993457682 0.000581758279912195 -0.00123982350257257 0.000371335490886998 0.000724208623966266 -6.94915628587546e-05
112800 0.0308518176772519 0.185147965602047 0.0010497297386946 0.00101297566276784 0.00152564865908229 0.000944037283058414 0.000557047894184595
113000 0.0308839831759796 0.186620262877609 0.00311819818500119 0.00220196019572444 0.000421533362088165 0.000663979363532246 0.000898993111360021
113200 0.0309985032419471 0.187861542202491 0.00414542624761106 0.0038038100341324 0.000584941418084663 0.00228472913243222 0.0013388484591275
113400 0.0308182703915191 0.187109065309479 0.00473429339473747 0.000414858259540886 0.000699035926045908 0.00300321583594236 0.00124500526771657
113600 0.0308308542129055 0.186377272169606 0.00247541254724007 0.000133272547235513 0.00147569786984274 0.00117154423416811 0.000285852568870457
113800 0.0308028468232437 0.186020097259544 0.00421516485830104 8.17854486009694e-05 3.67972379727043e-05 0.00107754631038605 0.00302327771319025
114000 0.0307750313983067 0.184461848759051 0.000975198084099493 0.00205398547233854 0.00138319202637885 0.00249540878979516 0.0014825688833887
114200 0.0309048573568151 0.184610308530518 -0.00063039040267295 0.000461634098046104 0.000887747530563881 0.00297004004583965 0.00257722347210986
114400 0.0306900194691003 0.182394766366348 -0.00172289593325894 0.00311931038852724 0.00099924512676795 0.00205243984358194 0.00205081295232829
114600 0.0309622992939758 0.189439885411512 0.00247973402522896 -0.000246862831304745 -0.000488283763843455 0.00115222595794571 0.00102770895947363
114800 0.030846565879311 0.188772077348394 0.0041984723762921 0.00518825410169185 0.00143556834268452 0.00261810253133442 0.00196833573696021
115000 0.0308546051423255 0.187684614949951 0.00417284043485684 0.00179995090023431 -0.000341725067112321 0.00321558815920042 0.00260541384945068
115200 0.0308267751746842 0.185674568641078 0.00195743839348848 0.00524746683841874 -0.000262315961696439 0.00107086090490681 0.00129889103048674
115400 0.0309071125215573 0.185346005394105 0.00186228409158932 -1.12071737778744e-06 -0.000140339109639719 0.00240271476066909 0.00142539825653338
115600 0.0308341346395787 0.184806002643481 -0.00342657311971434 0.00153529795270893 0.00138664709003814 0.00220411414877987 0.000932503548068867
115800 0.0309966977218589 0.187463494099195 0.00281606295817943 -0.00189064874310669 0.000638252941995172 0.00242541664270177 -0.000220791621183856
116000 0.0308719704028732 0.185697122654396 5.38676071729768e-05 0.00340699354713112 0.00279504869821759 0.00220860046234324 -0.000649031335491697
116200 0.0311314409817327 0.18769488211513 0.00441469801340727 -0.000968068497459762 0.000765549528003355 0.00253686942042571 -4.34236044217346e-05
116400 0.0306633393541559 0.187533358919218 -0.00023412350190881 0.00437704436120946 0.00119779442613368 0.00234723612710423 0.00040109668733627
116600 0.0311463577446805 0.18807715630897 -0.00111034201897729 0.000773990178908797 0.00135254688523483 0.00303975845840055 0.00200251784469435
116800 0.0307733874403363 0.183809657595062 0.000551016848414188 0.00523153937671258 0.000368380719011639 0.00259299565416905 -0.000788460759173767
117000 0.0311863833971419 0.187835993329903 0.00152980842220008 0.000275533286337149 -0.000426326753875835 0.00201949878697663 0.000950463909383308
117200 0.0309304985348864 0.186471320971969 -0.000507867156582492 0.00275433790513007 0.000724865126346895 0.00277665610958666 0.000222746569561357
117400 0.0311197662555353 0.187937768614692 0.00170627235202102 0.00232343018482541 -0.000575707520418301 0.00232440923172125 0.000229890616619419
117600 0.0310033841226399 0.188492360473563 0.000890622952689056 0.00638324976233271 0.00124956782424879 0.00244410614375722 -0.000224537453140669
117800 0.0310480823022528 0.185209687836845 0.000974762535539671 0.00206360975011881 0.00158418547133295 0.00414336816545987 -0.000725236724203895
118000 0.0309969787174397 0.184545590583669 -0.00116664999578484 0.00212296857489494 0.000886004974166371 0.00251315942104566 0.000608539682097336
118200 0.0309239514608341 0.18494857294715 0.00273512601545924 -0.000182903218858908 0.000716127892362935 0.00361046485057751 0.00151544001037889
118400 0.0311381737338371 0.189042148145127 -0.000187088016897823 0.00288359051195783 0.000692396527394226 0.00393414356122586 0.000812750505965495
118600 0.0309742653270439 0.187431227668433 0.00590378245215719 0.000916406440906931 -0.000467085021595183 0.00277996266846449 0.000498738923861954
118800 0.0312365908504788 0.189367793621236 -0.000867796587976576 0.00204334466458308 0.00213102315259998 0.0019732627383893 0.000938339699662235
119000 0.0308836777399471 0.183796804286003 0.00214515637210464 0.000364344309872345 0.0022038584546038 0.000973567765809011 0.000225877813588139
119200 0.0312544267295486 0.187482678780865 0.000254653504930235 0.00115505507211188 0.00157924947437583 0.00266615075843914 0.000470086916936041
119400 0.0311156141184165 0.186013064358115 0.00396885472961308 -0.000920798282324281 0.000819506662133962 0.0030761079323171 0.000431298247927382
119600 0.0312489043010172 0.189519081908243 0.00189661485945528 0.00226074724756218 0.000169954520604885 0.00190240000384862 0.000874240527218711
119800 0.0310775379627427 0.185576427815729 0.00289156485409833 0.00281959265388308 0.000377149414068185 0.00356325944002283 0.00174511862413297
120000 0.0314294503255596 0.189929006000929 0.00468294160165351 0.00409515553033757 8.90965999493243e-05 0.00245153914425734 0.00170507940086663
120200 0.0310472847876395 0.184470442306341 0.00242555033957907 0.000271292823756402 0.00134483319521639 0.00285221518768342 0.000283620279639134
120400 0.0312384153177088 0.186870695672949 0.00100809729079344 0.00173362410076564 0.000863115185157547 0.000139362665975612 -0.000228577719880613
120600 0.0310547199459455 0.184926127975066 0.00244655228192078 0.000152889597183847 0.000581634646086681 0.00213056495300124 -9.3950798097435e-05
120800 0.0312533341469024 0.186715861726805 -0.00306774862616008 0.00577891273251317 0.000811797787355555 0.00175226414426248 0.00153468712753854
121000 0.0310975324314964 0.186443050179976 0.00257860241333634 0.00129461500659246 -0.000882147725955306 0.00303688277286869 0.00132707286921706
121200 0.0314481284182329 0.188877550774461 0.00344493663193422 0.00326053650558238 -0.000739866673596358 0.00337969799785756 0.00281061809300714
121400 0.0310893197148363 0.184560333088696 0.0045780749078442 0.00420306905969346 -0.00113609742019251 0.00302263506257942 0.00150421797415501
121600 0.031509025002861 0.188296127211112 0.000709582051738714 0.00231728900959898 0.00140638885726295 0.00252903599064771 0.000361641527865716
121800 0.0311771143307425 0.186900776906289 0.00354338507248419 0.00380029655865198 0.00126309235163003 0.00159903205891235 -0.000455979807498336
122000 0.0314427945112896 0.188806808880408 0.00130206649427636 0.00283172246285689 -0.00099651699277033 0.00334750870678132 -6.32486107720743e-05
122200 0.0310431719496098 0.184180856906428 0.00437903299140973 0.000810229193831657 -0.00134757814710907 0.00268116614153602 0.00145359354094177
122400 0.0315048886292835 0.189006231430375 -0.000634937723777081 0.00230924659242738 -0.00118232594573022 0.00219440334597 -0.000253103517706713
122600 0.030990782923629 0.182380427010339 0.00448348618635279 -0.00115312613355578 -0.000237020977032883 0.00331043638429636 -0.000957431658892682
122800 0.0316328817809679 0.187797677805623 0.000783752454726822 0.00192774709205332 -0.000495590001193269 0.0030607844903535 0.000195714967651374
123000 0.0311139003297515 0.184509668122171 0.00333633109033099 0.00197063039913316 0.000590534265045081 0.00198867506258473 0.000940894372526057
123200 0.0316490775340395 0.188742706199567 -0.00153096926685001 0.003318650377715 0.000430965845578206 0.00334330318417338 0.00174138363344762
123400 0.0311584450633997 0.185126482570413 0.00242038579774632 0.000862122286644938 -5.96575684702499e-06 0.00310071306375154 0.00347219462652549
123600 0.0314942973499477 0.189732232491945 -0.000164225562158665 0.000665916646793621 0.00131652677665761 0.00327720707332063 0.000127261230240587
123800 0.0310982602900446 0.186276154047078 0.00283559308754851 0.000669972067695755 0.00196862904014574 0.00410704514633943 0.000585355677365248
124000 0.0315278589767921 0.187470393052972 0.00087457202586615 0.00323892862641296 0.000615269564563731 0.00291471016625659 3.8692379038509e-05
124200 0.0312621058745677 0.188103760254641 0.00611137447001789 0.0041105031126454 0.000371451710099786 0.00245854648098679 0.00164750068640797
124400 0.0316112844076358 0.189912876624296 0.00288176081175669 0.000691859176746702 0.000139797239936139 0.00100751317930918 0.000771768962330283
124600 0.0311528501513453 0.187690267571334 0.00287481628266035 -0.000660325168021175 0.00179370183905065 0.00263900800577205 -0.000780829209257543
124800 0.0314178721837489 0.185468163132755 5.07100405558485e-05 0.000937069276792368 0.00143954408913488 0.001618000162977 0.00165730648819903
125000 0.0312839929620735 0.184611113048179 0.000298263724478384 0.00444021557918311 0.00164828878739886 0.00304380789378217 0.000624292831450108
125200 0.0314619174944955 0.187353257863846 0.00305995599811677 0.0021448973085433 0.00264382042288815 0.00294584951981857 -0.00133762437137662
125400 0.0312662780943183 0.187925144372978 0.00343151804489751 0.00101014700322879 0.000719277337029443 0.00260047276922614 -0.00182879919672617
125600 0.0314979504172655 0.185499174100245 0.000411951854335423 0.00108524772862846 0.00377121660548913 0.0045139412445676 0.000592349638761334
125800 0.0312218236591745 0.183411356957495 0.000323397893413208 0.00216648997835218 0.000598019870663869 0.00535052570657209 0.000571669850483229
126000 0.0317937908201664 0.187841425050376 0.000622918528868732 0.000271121138271218 -0.00172426937469018 0.00410462894900051 -3.16467252284872e-05
126200 0.0311776429728043 0.185930335449468 0.0018909166160526 0.00307995002247858 0.000496644377132407 0.0038297352170344 0.000616799787673189
126400 0.0316578713218938 0.187924236080809 -0.000765872629158146 -0.000277793226698738 0.00174149379329692 0.00291404974381285 0.000407293129523374
126600 0.0313725404513015 0.184778945246649 0.000372377229994296 0.00105579613819698 0.00225794421815873 0.00212391413354573 0.00223657824143694
126800 0.03162714475444 0.187336222328274 0.00256627217945772 0.00259724080096899 0.00339538095293645 0.00463506491892814 0.00154995244181553
127000 0.031415070644394 0.187016994992258 0.00167064682753154 0.000699409320596212 0.00175045786018658 0.00324561960130742 -0.00173907255147
127200 0.0316777170519265 0.184919646105319 0.00398882784600934 0.00502747430325693 0.000870476301642409 0.00357392019024659 -0.00184292072891679
127400 0.0316081519962258 0.188150293890558 0.00335651085397593 0.00356938983142228 0.00114334250067934 0.00366222352864156 0.000282858354330026
127600 0.031432832239808 0.18667574371535 0.00269590980335124 -0.000682395224863472 -0.00102217759106588 0.00238261823984637 0.000831668561923423
127800 0.0315752762798412 0.18570814813915 -0.000676652895141546 0.000374635003066434 0.000256735470178654 0.00252399407633954 0.00177924742342644
128000 0.0316356210763829 0.185962917266787 0.00332608994724733 0.000946811105580595 -0.000414501287083318 0.00350507903978973 0.000983959710240476
128200 0.0316198848365849 0.187635700136495 0.000215705371637231 0.00146856035441547 0.000671568845752201 0.00299100281849128 0.000922826723488173
128400 0.0315419357989154 0.187150836987021 0.0023528569340154 0.00234539138006441 -0.000143889545765278 0.00456219321723434 7.71868033543244e-05
128600 0.031623918660669 0.188846825403033 0.00246139725688245 0.00372594480526048 0.000887835008723556 0.00194736003071491 9.32777904976208e-05
128800 0.0314768138132688 0.188186581623355 0.00233728631097328 0.00101347634866796 -0.00105124618035944 0.00278958277591966 0.0016864423389974
129000 0.031686127811983 0.188397749140633 0.000184494147788747 0.000954907036722981 -0.00155522712381706 0.00218111096733691 0.000264158885840251
129200 0.031380963211645 0.185524673068729 0.00193740572265857 -0.00148526155465412 0.000577511937426669 0.00154605741101018 0.000856980869624975
129400 0.0317344222753532 0.186776706633151 -0.00206442581241009 -0.000518535851887371 0.00102835114200521 0.00328166035630065 0.000563457348574746
129600 0.0314146418478474 0.184215821233145 0.00182136637285069 0.000254816033232039 0.00118567594362946 0.00269009238619556 0.00154416803792503
129800 0.0317425827632563 0.188380384358577 -0.000363790420989309 0.00369336179375912 0.000949120613212299 0.00257524728124033 0.000386530990388333
130000 0.0315106595919407 0.186997451237426 0.00382816051596553 0.00422522004625357 0.000571605480616439 0.00406440765272934 0.000108306135092747
130200 0.0318637443760656 0.187808212839299 0.00318389663926702 0.00416993022359461 -0.000858915147010186 0.00388151922204098 -0.000896358594381075
130400 0.0315453942948841 0.188664736492219 0.00194068424997869 0.00459023003451445 -0.00015850364006552 0.0024488164383308 -0.00030763742356914
130600 0.0316998454249174 0.187896524825232 -0.0015416100102191 0.00152168924397015 0.00103835676504844 0.0023428511611848 0.000554650292144368
130800 0.0313635382690419 0.1843075761555 0.00160848569306816 0.000272590855459301 0.000221595228165465 0.0030520776539393 0.000237376463176666
131000 0.0317820437260351 0.187059355357018 -0.00111207234268237 0.000964786909201794 -0.000667786539028015 0.00316485955864687 -0.000569850151699165
131200 0.0314823170400606 0.185913120384919 0.00516829656352272 -0.000661597301101332 7.1249509218872e-05 0.00169871340590995 -0.000751261642791398
131400 0.0318368734549286 0.190982129136599 0.005707423905984 0.00266543887714235 -0.00103793356194456 0.00309524024184274 -0.000643126774581007
131600 0.0315945147886031 0.189138414478402 0.00730559175226921 0.0045336230483089 -0.00100446729053574 0.0040796402069943 0.000371346165588306
131800 0.0318547486369437 0.186911842526522 0.00222259957918171 0.00526964223759227 0.000632944288273372 0.00303734737899324 -0.000356617554440565
132000 0.0316569908982764 0.182880174375341 -0.00165346049556534 0.00257006923743605 0.000809442742193426 0.00347007272767872 0.000418682634784899
132200 0.0317130390876026 0.184896597711812 0.00150354165676355 0.00147509786835198 -0.00129075556353908 0.00358832416354202 0.00153388780660224
132400 0.0316207458131911 0.18600766348202 0.00167935285442435 0.000721808732402218 -7.52129643821642e-07 0.00459644626261784 0.00215114762271952
132600 0.0318638659335213 0.186818284404548 0.00274525615259582 0.00192022762733372 0.00231966865839119 0.00320552319323836 0.0010579676395004
132800 0.0318298797119749 0.190268062418937 0.00666796776322958 0.00466712735890428 0.000521812521968341 0.00450691259924028 0.00213043288867807
133000 0.0319043731223408 0.18936782747487 0.00204487950360657 0.002025201805775 0.000482350592562895 0.00288628468130772 0.00212036358114258
133200 0.0316418269403836 0.18727112412515 0.00120236706115962 -0.000273132396836408 0.0017297187716569 0.00352677612550006 0.000503725357328293
133400 0.0317516356302854 0.184110389611207 -0.00230986174902232 0.000291850151098399 0.000654576197203052 0.00356698149240602 0.000779172043689327
133600 0.0315494463931012 0.184930560455727 0.000183008994971255 0.000348868870942888 0.0030778510484103 0.0026390403508528 0.000318697608168274
133800 0.03183644370547 0.187001057561182 0.00204552292420302 0.000689321005398198 0.000121709952969455 0.00385892400105164 -4.44504187715131e-05
134000 0.0317754364124885 0.187962187660087 0.0038371469674239 0.00150454448032263 0.000732014592521004 0.00277559408638193 0.00018325652784868
134200 0.0320268183809828 0.191003422747601 0.00542234509823188 0.00108128175347344 0.00147215640216969 0.0024971588779465 0.00121254461406279
134400 0.0316860458203609 0.190785412010921 0.00595422371806585 0.00269165815115664 0.00185421885221652 0.00378373032365541 0.000632259037953198
134600 0.0318511718588254 0.18611491652362 -0.000406477049614481 -0.00138977363532481 -0.000120844673294485 0.0049710273553301 -0.000167411880880746
134800 0.0316453388490733 0.18307176595542 -0.000724683363659937 -0.00158710332456556 0.00153332138179602 0.00342215958495851 -0.00105931687369269
135000 0.0319057682622012 0.183641760883453 0.000589560534520898 -0.0027584445519532 0.00070504665705597 0.00297943039734606 -5.58070341053901e-05
135200 0.0316827621204123 0.185759681021523 0.00126266165706199 0.000723873316856864 0.00126001925316828 0.00363159917542892 0.0019260967592555
135400 0.0320827576251539 0.188796339144278 0.00338247961448644 0.00184957740944138 0.0015159174137954 0.0024759981524681 0.000263071529964153
135600 0.0317093246035829 0.189323569993817 0.00430807954877648 0.00473352325405777 0.000895890649847202 0.00344451079635323 -0.00126429528720197
135800 0.0320737503801112 0.19031186256883 0.00315550511448694 0.00224827974389384 0.00126824347766879 0.00340804857662558 0.000745859513666276
136000 0.0317256852640019 0.18520606001072 0.00249877539689059 0.00495173618887602 0.000456071139560363 0.00292452124549604 -0.00101845421325006
136200 0.0319507777494059 0.185724885093204 0.00208887480545661 -0.000879496932996844 0.000620837179776971 0.00354596152987845 -0.000926182050861507
136400 0.0316410869766077 0.182093510585016 0.00219925562219699 0.000144554322352958 -0.00122137474071757 0.00133381285269438 0.000202661464592157
136600 0.0318670907541542 0.184799135701818 0.00105236774801496 0.000343048542621632 -0.00036160153996085 0.00139008955608701 0.00101665369888282
136800 0.0317433942154962 0.183347744150574 0.00368298728417594 0.00220120325158155 0.000200152564229686 0.00228549421319534 -0.000251413451786822
137000 0.0319646164344117 0.189744965006166 0.00317529202795534 0.00533625334543357 -0.000293347823090181 0.00404491903848881 0.0002361002838897
137200 0.0318519282956176 0.187188117211122 0.00270457226848393 0.00336015281536178 -0.00135908641394709 0.00341169031291511 4.0368305675251e-06
137400 0.0319131383263091 0.1865682498589 0.00297171243275208 0.00374671493569898 -0.00148853525685487 0.00270445640215286 0.000241045697800132
137600 0.0318633072470708 0.188043073783426 0.00119489167564325 -0.000646089424485135 -0.000853946029956175 0.00183378318422194 0.00142477631403816
137800 0.0318686459418874 0.185759149009228 0.00154284834123631 -0.00255566352147291 -0.000266142567980947 0.00316662475041421 0.000212846901120657
138000 0.0319552873249278 0.185881961151208 0.000391007053762098 4.66377279137018e-06 0.00153520603941148 0.00392940827582106 0.00206952240098002
138200 0.0319469142520858 0.187300874112509 0.0034493917384592 0.00174958991791892 0.00197903104762067 0.00386823077930725 0.000707858566320294
138400 0.0320413653290461 0.18977553494126 0.0024656896578021 0.00364447329914218 0.00138944170894233 0.00263464653355731 0.00103929981468172
138600 0.0320426529102809 0.189953461050915 0.00770162669563513 0.00492054208786708 -1.62335809043625e-05 0.00307641370766325 0.000840624925939986
138800 0.0321597060272199 0.188920511224192 0.00249989552064454 0.00553190694460327 -6.56250377158797e-05 0.00470322836129543 0.000226101025384804
139000 0.0319731576935247 0.183537164490934 0.00252515740403219 0.00198437300142664 0.000348411129834754 0.00350434184702236 0.000267553961142278
139200 0.0320891008712995 0.183447523868874 0.000206713325674381 0.000219012892781507 0.000826181043176849 0.00304204989874446 0.00147933078337112
139400 0.0319974616260672 0.185710498101032 0.00363956629889994 0.000860407628451084 0.000495254672762441 0.00183147269314365 0.000136832795029153
139600 0.0319320366415567 0.183429092953255 0.00146196943011272 0.00302353818680288 -8.41033794448137e-05 0.0051887163266281 -0.000211092683495945
139800 0.0319557107180099 0.184526975831495 0.00169991758168192 -0.000586192957252122 0.00162739420625862 0.00425771717726816 -0.000166802676002539
140000 0.0320618705456461 0.189718564588826 0.00223279319503589 0.00270459231496653 0.00239598091134107 0.00223791079786793 0.00166087412566201
140200 0.0320882408951363 0.188274118051359 0.00296262853475984 0.00461787337478705 0.0026347297603486 0.0033949781108942 0.000964561862463464
140400 0.0321277376120603 0.189444283113602 0.00372207430797229 0.00253141881475884 -0.000332623624802137 0.00396205899315714 0.000542839841957286
140600 0.0319966343244028 0.188703258313098 0.00329705573340162 0.000313331528729616 0.000581878675568672 0.00532721167095522 0.000684412924965141
140800 0.0320649538408311 0.186748373320435 0.00287176568885459 0.00111165462234487 0.00179877503809075 0.00247432394856721 0.00208616333022398
141000 0.0320644420661454 0.183419585878832 -0.000288123338254627 0.00206951412363889 0.000492194183161347 0.00237931640200115 -5.81694644918251e-05
141200 0.0319757983234018 0.183985235625856 0.000214075002889224 0.00115771920548634 0.00196764333572349 0.00426278191355604 0.000702601581981806
141400 0.0320587794333544 0.183444424490339 0.0011290413563837 0.00395595472102787 -0.000529101026170915 0.00323293477300967 0.00195522901225556
141600 0.0321682093584484 0.185549395367325 0.000471836389411205 0.00068994729215116 -2.91301722026435e-05 0.00332678156091315 -5.48546319487355e-05
141800 0.0320290325047435 0.185793344477272 0.00564132616789041 0.00507034585813643 -1.08890593705376e-05 0.00383776676135404 0.000110251090529334
142000 0.0323169435614218 0.190291381179325 0.00389169625026955 0.00212307652740696 0.000297126318287075 0.00234805873281792 0.00175002869673839
142200 0.0321164136498544 0.189425640343899 0.00312274400263268 0.00516421970978771 0.000783557378014991 0.00203876649337583 0.00294614743537742
142400 0.0322096886089932 0.187206270411629 0.00292753047124491 0.00199714585267613 0.000744871953255514 0.00323657693241995 0.000652644370549194
142600 0.0320727681349517 0.183803449779807 0.00102706762900355 -0.000197075114853509 0.00284243334399251 0.00443616776679902 0.00142803646279824
142800 0.032165378152052 0.186105106172428 0.00200972830388054 -0.00292518592820837 0.00139835652495405 0.00207889588158119 -0.000281459907994069
143000 0.0320931799075727 0.186581787066704 -0.000783483240724225 0.000293057252436224 0.000831923495154504 0.00213133502926071 0.00112649258291107
143200 0.0322134599162163 0.18850369125164 0.000579357920064249 0.00140241060307091 0.000758638089665032 0.00202527814720066 0.00197195948721574
143400 0.0322292710711721 0.190529067631621 0.00351575344189803 0.0020257834291753 0.000653934352716843 0.00226569225634058 0.00237281245352614
143600 0.0321872497388376 0.187572708446163 0.00401735512133566 0.00318753805524797 0.000219590605222038 0.0028934861203962 -0.000759065348096471
143800 0.0322887516953388 0.188841345598925 0.00616411049255186 0.00187021341013312 0.000338021461173607 0.00200159606757123 0.000215308099857104
144000 0.0320299376023486 0.186062860383206 0.00169415142440104 0.00204381828238342 0.000772350329246873 0.000255115483726622 0.00039609101436508
144200 0.0322630672086066 0.184347154159187 0.00029717740598305 -0.00421112786900201 0.000598846503314087 0.00197238551112708 -0.000672734643475912
144400 0.0320686524016783 0.184297478000198 -0.0021615272935201 0.00314952476790081 0.00123496468451909 0.0039897722558977 -0.000891631304919666
144600 0.0322405191453282 0.185789627036604 0.00225337733755948 0.00088253094995644 0.00125339139455479 0.00285647670594216 0.000896623278273517
144800 0.0321551878983284 0.186086090820844 0.000879698124875015 0.00311250703072123 0.00212316870829576 0.00106519105908601 0.00120583737630635
145000 0.0322501846501179 0.186898366278834 0.00327977361036176 0.00412097790571247 0.00188453519214986 0.00235779225940381 -0.000780598026729766
145200 0.0322369812394194 0.186450809298205 0.00251486381345359 0.00331237061486731 0.00161951701129413 0.00239964000828302 -0.00075379911734736
145400 0.0322228353342138 0.185897853442194 0.00419599730016474 0.00321971859204314 -0.000579464730104168 0.000249121272890735 0.00079391055601555
145600 0.0322078601117984 0.186685626374626 0.000456186612677757 0.0032496158927579 -0.000224193714737631 0.00172919736782574 0.00101625262673868
145800 0.0322163182411147 0.186559903344217 0.00146862282246343 0.00114916601269336 -0.000367409135406894 0.00207955908466268 0.000697125111874795
146000 0.0322694771231948 0.186836946523946 -0.000934517733391111 0.00128636305395418 0.00138820777012263 0.00328692813850587 0.000670974646570367
146200 0.0321674974941371 0.185797379899373 0.000546122268360812 0.00173111637887738 0.00134382797269561 0.00352026461660666 -0.000285462848122791
146400 0.0322343211024761 0.186082996232763 0.00243317789233071 0.00337185209609538 0.000889848820298384 0.00352715012124049 0.00203832522059957
146600 0.0322120589634186 0.186282828548792 0.00111798205337468 0.00290973980437742 0.00113240844146077 0.00286432320087482 -0.00117151575027244
146800 0.0322818113330254 0.188136799421164 0.000823396898991089 -0.000126681412345781 0.00197401117657155 0.00244158120878252 0.000970793256244187
147000 0.0322519420969341 0.188730680527747 0.000899249750982154 0.000237404892467783 0.0017220163255329 0.00151267948215595 0.00119535241869974
147200 0.0323385638949823 0.185764764489505 0.00325215885398872 -2.7549747236977e-05 0.000849367255444197 0.00369876796522219 0.00123763885051016
147400 0.0323724179678951 0.185047784274717 0.000408523941262827 0.00432752866643852 0.00184194395711973 0.00384109986560876 0.00100390554031604
147600 0.0322621924098094 0.185110345543746 0.0018737924028864 -0.00146824339279771 -0.000101795366049984 0.00190877549618559 0.00013223967570996
147800 0.0323153096682334 0.185518341864638 -0.00215888763537244 0.00408702514321716 -0.00109520286001431 0.00254565955885746 0.00136591441494122
148000 0.0323143140517954 0.18922695101744 0.00374693354441112 0.00138647846762263 -0.0014010007062969 0.0032146127236897 0.00252497270638488
148200 0.0324215264364684 0.188772870916571 -0.000762969179278816 0.00467545636565046 -0.000880254234670201 0.00268476366314286 0.00175846139054402
148400 0.0321835918918313 0.186754072702367 0.002830125070975 0.00310416451780244 0.001168569990568 0.00310684218854983 0.00290087888527534
148600 0.0323888916262957 0.186936761044106 0.000483059227491885 0.00363325554322464 0.00186612783155549 0.00216606378741429 0.00273181179809163
148800 0.032142035168141 0.185629945328312 0.00394385731360509 -9.78697353281305e-05 0.000116379992909978 0.00279257687035016 0.00218912198928778
149000 0.0324610428628266 0.187411803105663 -0.00121071025809945 0.00310809381922021 -9.98761165247029e-05 0.00433385731125113 0.00147753850797321
149200 0.0321958935732315 0.187298905525459 0.00134153319396356 0.00270389346028001 0.00126605544565957 0.00238712468661488 0.00162154481814071
149400 0.0325994773955272 0.186513756384146 -0.00126668134582542 0.00585991867985549 0.00176492450758426 0.00378272289433482 0.00181721359882251
149600 0.0322427736763826 0.185731020691583 0.00647483453654429 0.0017145185942498 -0.00141950294571653 0.00347560682950571 0.00121224591416876
149800 0.0325689869031339 0.188926319746839 0.000437841695443784 0.00612788119502124 0.000623437519994747 0.00160880585400022 0.000141142429245509
150000 0.0322876243369769 0.186223782820951 0.00450126266534018 0.00309755622052633 5.49593327335374e-05 0.00354691845106208 -0.000188181987558007
150200 0.0324621885187617 0.186640806938302 -0.00241461574852045 0.00170718714029039 -2.55352490015753e-06 0.00183800316553417 -9.21635172564046e-05
150400 0.0321770745955391 0.184855407809391 0.00230860217999931 0.00219738315866151 -0.000392169016392054 0.00208520403934637 -0.00107228357296928
150600 0.0325203006353213 0.188361372524573 0.00294239691863715 0.00400922768912264 5.72793878922106e-05 0.00423786748661836 -0.00145585919338972
150800 0.0323952513074692 0.18674080237017 0.00109571522880366 0.00173122482613822 0.0010549057835612 0.00350382312722935 0.00132161139104168
151000 0.0326642348492017 0.190644591889965 0.00258130677235301 0.00518711299335888 0.00142491808783524 0.00329266761619885 0.00139599907086508
151200 0.0323446932952978 0.188231882040038 0.00632370900401836 0.00319806520211091 -2.77332416064219e-05 0.00251148219821782 0.000170612374081565
151400 0.0327013922142467 0.190102064472544 0.00190036887963169 0.00386606745617604 0.00103464438902895 0.00279871650661042 -0.000429863735110994
151600 0.0322684406995997 0.183458941355328 0.00291650063647789 0.000891740467729692 0.000997537140697989 0.00171051674721763 0.000549051965915634
151800 0.0324674634245984 0.183247805949393 0.000333526410126402 0.000484675505419593 0.0017578076677956 0.0017807867979982 0.000602222119814827
152000 0.0324375765955202 0.185786716920494 0.0015410821651398 0.000843501092406585 0.000857225075218032 0.00205258328477414 0.00010426661756013
152200 0.0326145379871016 0.190497529309715 0.00159245966416616 0.00424835688730906 3.78812902342979e-05 0.00147504286389016 0.00120787318285661
152400 0.0324826742597073 0.189297975842228 0.00237306008754866 0.00472746464203559 0.00057985558641413 0.00277782039715766 0.000918149503786687
152600 0.0327326641598513 0.192008727758648 -0.000778103185541219 0.000682572806101024 0.00152153304880583 0.00552721700673258 0.000483899012178306
152800 0.0324679644684276 0.185968130328636 0.00205907140296042 0.000412175098126022 0.00031687660115109 0.00549398733118139 -0.000565851768886839
153000 0.0325095131692582 0.187052777372602 0.00299621408952785 -0.000892327337544762 -0.0014805934374362 0.00269885686516255 0.000426285688643175
153200 0.0324439974656875 0.186594168973444 0.000855848153583112 0.00104870800588726 0.00043516394297464 0.00259117971278057 0.00136413503783013
153400 0.0324665589212955 0.186494070089906 0.00101617287418703 0.00402763386039963 -0.000452881966875851 0.00354326062485021 0.00243608953713064
153600 0.0325460680845419 0.185384703160326 0.00252402583448896 0.0030070904936479 0.00132540093889969 0.00294995760629898 0.000340535927648988
153800 0.0325711947813052 0.186453756366499 0.00422407968908937 0.000843116714444061 0.00205149774963748 0.00248271497122375 0.000523584808051794
154000 0.0323888612288208 0.184127151625809 0.00219723319042188 0.00123776738913714 -0.000449998305584101 0.00207887842677795 0.0022279640927583
154200 0.0325669349239525 0.186718371255496 0.000972282783195155 -0.000706622238485141 0.00204030041527406 0.00272053468956403 0.000682753717508533
154400 0.0325414461105435 0.186988866815992 0.00042025950563973 -9.73509148492994e-05 0.00179096586992354 0.00370567395410349 0.00106662091185601
154600 0.0325798144321071 0.187977824018702 0.00158615249733155 0.00145123671211673 0.00252317074127447 0.00111907419467873 -0.00101458673439817
154800 0.0326604397537784 0.186134560420115 -0.000568132533574734 0.00313677269444176 0.00180289140167281 0.0021513066627332 0.00142140910536885
155000 0.0323929357666731 0.184105177150993 0.00240743471199503 0.00314251174999183 0.00212755034707608 0.00225568700223269 0.000523173464728762
155200 0.0327484609615253 0.186475055687448 -0.00175955041549648 0.00162101647818027 0.00101976207616831 0.00213492463603617 -7.70818300670762e-06
155400 0.0324704136041354 0.18645574832072 0.00380595733550703 0.00176906293139727 0.00201222046662955 0.0033903011781313 0.000642502832029813
155600 0.0328361306198159 0.190000385803732 0.00477790669608051 0.00424031620227741 0.00195453524235539 0.00280233571903739 -0.00226178813787299
155800 0.032501269376681 0.189204353890937 0.00821684962402469 0.00375458867922345 0.00125090187861081 0.00190733978644798 0.000181706263841403
156000 0.0326897785732654 0.188511343417843 0.00171616074482217 0.00159210574503856 0.0016685907768551 0.00298620387089974 0.00201105361925421
156200 0.0325703182475111 0.184217497137579 0.00119692217310866 -0.00110404833900931 0.000952169147644209 0.00183044358444119 0.0016548940249763
156400 0.0326328393933428 0.186336457706994 0.000391619735099065 0.00175972391162902 -0.000282412780949584 0.00347000527062925 0.00138684608916554
156600 0.0324488801873192 0.187029655303321 0.00280290787608381 0.00197659983332656 0.00112664644083001 0.000947824900671714 0.000212539021667065
156800 0.0326302187199695 0.186333248628129 -0.00142692080107465 0.00318197684832986 0.00142261324665503 0.00299483806722106 0.0018747322142191
157000 0.0325040755273321 0.186785864195911 0.00225471557283216 0.000545768655560724 0.00186186931322631 0.00265205022406542 0.000681776695268987
157200 0.0325596738443883 0.187442840128439 -5.82938446628746e-05 0.00401795502401935 0.000720411781215785 0.00364667681595469 0.00154052490077495
157400 0.0326377323620234 0.187679790404329 0.00370668538611872 0.00449176329657171 0.00187386854407878 0.00369916796161562 0.000864504381794839
157600 0.0327388325918425 0.187177508164704 0.00153000239372849 0.00478033262877837 0.00135505987122179 0.00211833392904626 0.000780469524137497
157800 0.0325155870035697 0.184247799036871 0.00399386076778891 -0.000532144663929089 -0.000122133237944973 0.0025347203717529 0.00158471755417531
158000 0.0327839246303424 0.188214556422347 0.000437161121336244 0.00167929275293998 -1.28591187747183e-05 0.0029110013839622 4.7158788916691e-05
158200 0.0326205501363972 0.185262571779439 0.00177756245861037 -0.000550422007596315 -8.47218629910927e-05 0.00291544821120606 -0.000837244131782428
158400 0.0327116264543343 0.187591183694021 -0.000345387446746293 0.00121330184597708 0.000889923210843017 0.00338592175959724 -0.000489420434620611
158600 0.0325538505376133 0.185267848252774 0.00393169882880441 0.000738343845031354 0.000656675809530742 0.00313327541348576 0.000445939931507484
158800 0.0327219274357449 0.189023953039054 0.00144950153731485 0.00613510946036286 0.00248436997512456 0.00351313715198451 -6.26473021415383e-06
159000 0.0327149285169312 0.189555712754215 0.00569969840521467 0.000495711703350453 0.00014553246991893 0.00248799560873971 -9.73514707934945e-05
159200 0.0326296682484275 0.186929344464651 6.28977995790264e-05 0.00225951539618639 0.00164196163463143 0.00449789156668119 9.86573683644436e-05
159400 0.0326066004647245 0.185590027588354 0.00146384360347422 -0.00178652170615805 3.07170926374384e-05 0.0038232333599239 -0.0011040291407952
159600 0.0327619453877728 0.187673630984451 0.00131338700325061 0.00178396592809235 -0.00131737510195032 0.00325151049621367 -0.000199927647669338
159800 0.0327192702544057 0.189865452236667 0.00379152295438117 0.00186857334814719 -0.000565923377300818 0.00395533632231693 0.00142143813919716
160000 0.0328375359264395 0.18743639627035 0.00344678117675236 0.00354213351074729 -0.00158090415574763 0.00407232610456979 0.00107690969480906
160200 0.0325097171247065 0.185446256342948 0.00335368277005452 0.00182708204589806 -0.00164706215969289 0.00357770084636519 -0.000323067903100127
160400 0.032724758695811 0.187665267962363 0.00102843394879382 0.00129421489672185 0.00129507347426468 0.00231982879792395 4.49471028352623e-05
160600 0.0323966748906473 0.184719321096313 0.000264121678827908 -0.000357348617559934 0.00107538843329442 0.00187513084309917 0.00053237350648707
160800 0.0326265338138233 0.184622247394792 -0.000569840970383367 0.000479118171005577 0.00147501261390144 0.00275303283169172 0.00183563269426817
161000 0.0325345048440319 0.183691437410109 0.000651631929042045 0.00374795966220855 0.000334520875172245 0.00334371306206058 -0.000713430695584457
161200 0.032748315723116 0.186558129571964 0.00111071470820047 0.00314628078490032 0.00116329762741061 0.00285430588270123 0.000221334641092076
161400 0.0327016380471652 0.186023899268786 0.00268372309588698 0.00319103186937834 0.000364478415360935 0.00421664076858147 -0.000715013075088441
161600 0.032899093739268 0.190161233836775 0.00553540647495048 0.00235698621532879 0.0012969858530325 0.00351701649399112 -0.000156341188931215
161800 0.0326316769667742 0.188153054158875 0.0059502111104201 0.00331240536059202 0.000518130988735775 0.0030961051998955 -0.000932777485942343
162000 0.0329887969262759 0.189723120446795 0.000893513817116779 0.00399141003916043 0.00149462912575207 0.00157472044179181 0.000487292290388185
162200 0.0324715310068163 0.185335759097737 0.00328418964550208 -7.00386340669777e-05 0.00196434704674588 0.00270549118447563 0.000524801951540406
162400 0.0329264927943054 0.188548839487984 -0.00239607428544664 0.00140281431753737 0.0014572970617219 0.00158102851999047 0.000916789795628582
162600 0.0326125808615117 0.186213786915664 0.000966888937325702 0.0027081518723454 0.00050186386103877 0.00336183324439554 0.000830442403270475
162800 0.0328364502352828 0.185519443618158 0.00254051266110432 0.00536447744152064 0.00121884972464672 0.00322185122102234 0.00088709728678437
163000 0.0327517222653086 0.185956431739185 0.00170753161779637 0.00172035285669965 0.00191876152301761 0.00433584607272266 0.0004117115731577
163200 0.0327559800780185 0.186480106482113 0.00258499214949635 -0.00028459250106804 0.00295229636540409 0.00345703036901342 -0.000217609201340935
163400 0.0325622067115139 0.186975083908325 0.00216953496574299 -0.00180501607635703 0.0013585383134575 0.00349485613789681 0.000144547669214825
163600 0.0330367645091657 0.190226465477182 0.0027812402045728 0.000896286790978821 0.0022945508688394 0.00216297905302694 -0.000318567236572872
163800 0.0326649132652763 0.189130428891958 0.00566185591819365 0.00353238691600775 0.00100456290423564 0.00136963552712792 -0.00137330720974218
164000 0.0330114474049726 0.187757933999618 0.00105504774656082 0.00135110281123241 0.00130019142549528 0.00296407124836112 0.000245105288728922
164200 0.032600049922214 0.18484823167355 0.00209948594356479 0.00438382366759138 0.00310934650343494 0.00303227547037515 0.00118777465741281
164400 0.0330376508004982 0.187576971220668 -0.000590562257995169 -0.000443033246693086 0.00186996361156471 0.00457852546206187 0.00140456817118795
164600 0.0324250373656688 0.183043551738434 0.000622634392973141 0.00125918894724322 0.00250638262118469 0.00333152167231999 0.00112213913933199
164800 0.0330393801623819 0.190374192886305 0.00151800404873301 0.000321324139118407 0.00279038862040712 0.00328611490109882 -0.000803800655261857
165000 0.032825734590591 0.189362183710769 0.00159043043388208 0.00548964108592178 0.00284555258432072 0.00271020706696076 0.00148434636865867
165200 0.0330201117606568 0.191967104992175 0.00423728619118761 0.00335699423835228 0.00186418029960342 0.00252659838093131 0.000730483632574576
165400 0.0326735629886835 0.187040235844475 0.00414848262528305 0.00108133048381603 -8.05833688799246e-05 0.00366168254601953 0.000111463970418918
165600 0.0328917335083333 0.184424746336038 -1.00129613176088e-05 0.00230632720309648 0.000252048435757204 0.00256179430676045 -0.000548481859847985
165800 0.0326286245416267 0.184547713588312 0.000418501162228646 0.00147491109664995 0.000721795649978744 0.00283974049018362 0.000980857534924191
166000 0.0328978791213017 0.186156495398606 0.000469017006256907 0.00134247724230116 0.00138624250445132 0.00341716755477254 0.00182189947170355
166200 0.0327496721378474 0.185774590635743 0.00342400427378243 0.00217231196667448 0.000834553780459458 0.0036246964985312 -0.000292164500522168
166400 0.0331260994887425 0.191258886753733 0.00174536376616708 0.00364029303385326 0.00315459378554747 0.00283832307323341 -0.000227149389102491
166600 0.0327689999490122 0.187764145237637 0.00702327592464555 0.00391410018492963 0.000680436601270558 0.00327547735753034 0.000969735537423228
166800 0.0330155740786084 0.189815256886594 0.00102452986370284 0.00306673620464718 -0.00078374776500784 0.00257852960580402 -0.00024801887262019
167000 0.0326015525938519 0.185007567223352 -9.12383516867553e-05 -0.00134490223185115 0.000881065818277888 0.00362652292460381 0.000591598795495646
167200 0.0328150283171525 0.184937970740513 -0.00104858133997538 -0.000847554145132839 0.000835493897640901 0.00161476754984644 0.000187837605658755
167400 0.0327819319956094 0.184705211329509 0.00376339925514628 -0.0019949004079783 0.00184440743676728 0.00290347902145502 0.000415232323599237
167600 0.0329797430293639 0.188892401682667 0.00162738482842438 0.00148772227953818 0.0027833127244279 0.00333357244794283 0.00274089809288209
167800 0.0328884005201406 0.187547106407517 0.00553370967011779 0.00358741481306536 0.0017218925218034 0.00361390791114505 0.000897933524362074
168000 0.0331335360285332 0.189463971446957 0.00433858817070892 0.00428671808007704 0.00205046822694649 0.00230156698270599 -0.00110475060475251
168200 0.0329536390411888 0.190011788520652 0.00178535807095994 0.00111390090426354 0.00286776376231489 0.00292797890433027 0.000965320395264726
168400 0.0329733416929814 0.188504048282816 0.000952273839523478 0.00115875941999828 0.00149235722858204 0.00228858274059754 0.000403532741460219
168600 0.0329237210968354 0.186700417434732 -0.0017076632607145 0.000739957077010271 0.000217401018516847 0.00273579686225453 -6.69486854865394e-06
168800 0.0327908094631069 0.184480997268542 -0.00221472975607479 0.000414336396192981 0.00124518338413878 0.00478799076162771 -8.06298295805033e-05
169000 0.0328634686983165 0.187924416805356 0.000773125279631095 -0.00123414060370091 -0.000117416379697196 0.00318880030049082 0.00036345942333551
169200 0.0328185622890953 0.189835111652631 -0.000678196322823442 0.00292927179192888 0.00133787892711864 0.0025379358704403 0.00150550675647939
169400 0.033121712205779 0.189470187221052 0.00497486923286761 0.00254615192561429 0.00229207755406993 0.00224741091189551 0.000591830624504646
169600 0.032935492598418 0.190125821326267 0.00174729329511689 0.00424356787988961 0.00266202103814402 0.00249792587213101 0.000675132131928349
169800 0.0330431395218228 0.188170021757463 0.00235895763765795 0.00220639967351146 0.00182879403641344 0.00332820660014029 0.000221611248495722
170000 0.0329258650400473 0.186146623857124 0.00165168927777701 0.00180709403307825 0.0010845630536041 0.0036648330577669 0.000378842129895529
170200 0.0329272266563208 0.184441376902288 0.00121524830959497 0.000827474623955299 -0.000556421848101025 0.00189587226947373 0.000319792479842381
170400 0.0329738993401251 0.184645790629346 -0.000435463404034453 -0.00110992021250556 0.000322469307533236 0.00234140605356425 7.23830053455718e-05
170600 0.0329784541219814 0.187907588450381 0.00229952434600342 0.00227158183281013 0.00157009446915169 0.00273555356568835 -0.000271660382252979
170800 0.0330628112124198 0.18894749943337 0.00263531713418058 0.00187451827093469 0.00158308111026879 0.00308352904712627 0.000689570636287861
171000 0.0331313955806373 0.1907724588648 0.00506759191667528 0.00423327595875626 0.00329149699583532 0.00275678440061179 0.00107290076926291
171200 0.033113362967444 0.190652942693223 0.0022958162213318 0.00647152570442235 0.0011155228543013 0.00376921792823899 -0.000470300500947987
171400 0.0330713619631708 0.189302086974277 0.00315732744619061 0.00326799777401585 0.00173750764865613 0.00395504473213439 -0.00010455940778601
171600 0.0330504779066687 0.187014047737181 0.00136122683422646 0.00208454408501324 -0.000394330933950979 0.00320854122719195 0.000820550045815864
171800 0.0330013676920627 0.185636914020365 -0.00086118411306797 0.00141988326534697 0.00125479361222574 0.00446755700002438 0.000302379140756198
172000 0.0330998837393177 0.187880980705636 0.001757288448287 -0.000240375776227379 0.00312349863260034 0.00339241781449966 1.25305368428599e-06
172200 0.0331684567421626 0.189275588208073 0.0024091028474173 0.00137948363726103 0.00148595728840007 0.00418540981219115 0.000185866506663121
172400 0.0332509586136077 0.18750908145532 0.00441389091319145 0.00269909097753268 0.000607364744334302 0.00255750399787794 -0.0012090919403265
172600 0.0330797958548534 0.187061784430335 0.00317135153700129 0.00521541254487155 -0.000756653887779704 0.00352618321041367 -0.000532320807646788
172800 0.0331878916197879 0.186053842876104 0.000768129544581188 0.00359296092285471 0.000208953029669502 0.00363848375636743 0.000578498122671244
173000 0.0329997038117091 0.184152450534966 0.00101374811899594 0.00426961678874359 0.000526042522514418 0.00269035637147688 0.000511297878769321
173200 0.0331968453160423 0.18666917954197 0.00186780732003311 -0.00061925009116217 0.00231400880697416 0.00374040610732425 -4.54869627143634e-07
173400 0.0329951775648795 0.186314986167112 0.0019252585482133 0.00232928926784779 0.00225452886401238 0.00465528826801366 1.57406836526528e-06
173600 0.0332948963729893 0.188032286107407 0.00181558394072994 -1.69120603802873e-05 0.00297829650157453 0.00318208741530796 -0.000542275703742071
173800 0.0331179603533252 0.185447882844591 0.00101825471129774 0.00226713152641788 0.00177361748436993 0.00365920080933257 -0.000552897506543382
174000 0.0332404148098073 0.186073175533643 0.00316417439567299 0.000581763786968648 0.00171644949737295 0.00333487329028727 -0.00135241498033
174200 0.0331649117719806 0.187959948038678 0.00311246057748105 0.00274778716019667 0.00170740882708027 0.002979409434948 -0.00277274119361586
174400 0.0333367135170582 0.192794537151224 0.00555864970540418 0.00387120889176254 0.00196919211339921 0.00335885854381394 0.000209996197125921
174600 0.033145915845161 0.189170897616296 0.00534613677413313 0.00573965959488378 0.00133053892602888 0.00157414365362574 -0.00022270267070175
174800 0.0333109264136996 0.189460183201783 0.00419908040231123 0.000613102932908268 0.00178584896632029 0.00293838529151418 -0.000114195839082896
175000 0.0330711384250965 0.183525705000953 0.000831619157725354 0.00074447498743637 0.000929089853101113 0.00393393165579168 0.000747314120484705
175200 0.0331653744814266 0.185525052808804 0.00386840311793967 0.00227718948094436 0.00200317168964256 0.00350721587829799 2.07203676574275e-05
175400 0.0331481491664962 0.184245497592597 0.00393471426121668 0.00273488179834832 0.00238608974686974 0.0050170934209809 0.000422433241489773
175600 0.0332116218847471 0.18751983086772 0.00520868865203698 0.0011000621251829 0.00109349673895779 0.00411297299808958 0.000399966448591824
175800 0.033111603586292 0.187537049774571 0.00330051050479316 0.000586244435815368 0.00213996388971651 0.00481607854211355 0.00100620775899887
176000 0.0333665540902196 0.188639858636443 0.000119307004583322 -0.00113208101773127 0.000508224412444158 0.00430149329207228 0.00075831005114245
176200 0.0330515516009545 0.186339660829832 0.00100433145804682 0.00411485927692838 0.00163683174059284 0.00347751539904059 -0.000304921733843113
176400 0.0333724594374431 0.189716551355764 0.00257346954035103 0.000825626129806544 0.00095310716559124 0.00466169428568257 -0.00051801140781803
176600 0.0331362398848053 0.188281456417869 0.002566072990731 0.00278207656118055 0.000820012318109936 0.00312399641753841 -0.00077658240022521
176800 0.0333811377421517 0.189869792644366 0.00256531746509303 0.00156565152808243 -0.000111058877400731 0.00380412333902969 -0.000362900386137882
177000 0.0332607203410167 0.187216911899591 0.00357338524421281 0.00230017276119793 0.000225907329458119 0.00304983071237511 0.000480696318370224
177200 0.0333115369134895 0.187848009813678 -0.000570182088300477 0.00322540287937998 0.00205284877528142 0.00401362592186939 -2.21649293033278e-05
177400 0.0331720424689056 0.186125633885035 0.000954956508241374 0.00274783433416454 0.00168239307531811 0.0043437901273979 0.00190734537387322
177600 0.0332830266256154 0.185869370259165 -0.00280538809392041 0.000828572473700774 0.00136674795525915 0.00424676859899165 0.00160531536369751
177800 0.0333783431369854 0.188163602430828 0.000707896481410561 0.00169015350232863 -0.000368705116494145 0.0043788237243436 0.000913353023522571
178000 0.0332094821239519 0.185964123384535 -0.000278535378086038 0.00277375607420051 0.00171293511541691 0.00336725819637508 0.000375550664869413
178200 0.0333983596123155 0.185680875828268 -2.98703184733691e-05 0.00245719350159906 0.00187689793279165 0.00411215722764914 0.000564837386590428
178400 0.0332066210020801 0.186879292140596 0.000832761275693333 0.00266431672409133 0.00141906990504182 0.00573639968704959 0.000202869813085072
178600 0.0333547513175669 0.186932848048992 -0.000439118578792562 0.0042005032835002 0.00406386631020593 0.00455901635106983 0.000806532961512706
178800 0.0333251625498996 0.18596115349651 0.000821911462340318 0.00468428854956477 0.0012890868833233 0.00393630436009966 0.00136213243618327
179000 0.0333825221417227 0.186176649989063 0.00391228684268701 0.000508708812395003 0.00122609827526733 0.00385255367137842 0.000159051931511721
179200 0.0331880620166746 0.186305134934298 -0.000472755688618941 0.000948713103883124 0.000306619220006545 0.00308609039248618 0.000232795800091957
179400 0.0333786849255051 0.18479935458818 0.00114256777244247 -0.00091469147266365 0.000934209149264092 0.00355848954178271 0.00188613445981976
179600 0.0331638562244124 0.185066964326111 -0.00144727659972577 0.00298271626858421 0.000441435550425799 0.00283798824366798 0.000294424151563064
179800 0.0334515030253836 0.188863284288057 0.00323893642944046 0.00169707770495315 0.000572522256981188 0.00207371364876444 -0.000525059662908605
180000 0.0333345496819859 0.188869468204354 0.00221802561415159 0.00472819552204015 0.00413787928319588 0.00388747100444925 0.000593264240474764
180200 0.0334448065683158 0.191048444104536 0.00383836713814449 0.000815460810664827 0.00214677656811782 0.00487789829947995 0.00081230088517745
180400 0.0332741920712404 0.186285465265971 -0.00185526004263311 0.00503628386128531 0.0028684448909542 0.0041857038696107 0.00104684179463131
180600 0.0334020951234741 0.188061667233356 0.00325099991402561 0.000291708077458049 0.00158414139037115 0.00386787775263725 0.000502455692710922
180800 0.033358119828057 0.187079605463529 -0.00125025202963094 0.00587928898035943 0.00252134798805534 0.00302947966528794 -0.00168120296486028
181000 0.0333424375270039 0.186793215353376 0.00135811211945691 0.00143120968223529 0.00024758118075681 0.00247892712299589 -0.00137970633870909
181200 0.0334475961036312 0.187427775439321 0.00108087955408625 -0.000146176045820948 2.31468176550897e-06 0.00428261411700539 -0.00093609914005543
181400 0.0333389397114338 0.187838671020131 0.00107259783783449 0.00169249039404139 -0.000683487998887395 0.00355490548183398 -3.49791013424072e-05
181600 0.0334356228862567 0.189017861943214 -0.00130264367562687 0.0012479876818905 0.00248285157875325 0.00211773392658621 -0.000110436389247527
181800 0.0332966627533291 0.18863793231918 0.00141906606091261 0.0013339160148361 0.00244611769474749 0.00322318155763893 0.000846265097507343
182000 0.033541657139383 0.187568551108148 0.00243926955483545 0.0031715598797504 0.00285984161237118 0.00353852651784999 0.000197097561652357
182200 0.0334210544562954 0.190596738036785 0.00452670766899488 0.00493409356010363 0.00248523470214722 0.00379492827804955 0.000448384610468236
182400 0.0335834092992703 0.192741370021624 0.00266839866042366 0.00969171440411036 0.00268113338012346 0.00389543768644356 0.000202000151009025
182600 0.0333990233309562 0.187766051738946 0.00485531748720808 0.00449838239030671 0.00165614581208226 0.00340664180041562 3.80623361270064e-05
182800 0.0334076890153533 0.18500239169597 0.00143553024895526 0.00168777932195466 0.00179904102707244 0.00215150314278741 0.000457183873045257
183000 0.033406782410874 0.184367498368657 -0.000848671062093976 0.00113546083483171 0.00157283964003533 0.00256602660727937 -0.000553134141189253
183200 0.0335615472553364 0.187818125954265 0.000648750736021068 -0.00202393067705177 0.000707265509062373 0.00362377304932192 0.00170458400104912
183400 0.0334867556675625 0.189637176311337 -0.000182841933485108 0.00400583053392918 0.00258137668151874 0.00182470620333341 0.000700002775070693
183600 0.0336746335411152 0.190893311778047 0.00159674693380649 0.00296962763170613 0.00110693328373711 0.00263861182024405 0.000481224913396464
183800 0.0334278042795589 0.187930568100559 0.00196672270614032 0.00269463272182828 -0.000937825990734245 0.00271898168590864 0.00269046290475407
184000 0.0335535449328614 0.189048445940355 0.00334278661197076 0.00189368349462664 0.000455263958217968 0.00483746991656614 -0.000110917340946172
184200 0.0333697475437072 0.188571225360724 0.000958682441749648 0.00242775595272577 8.56597948285504e-05 0.00250274033260841 0.0006097414235414
184400 0.0335278555585191 0.187588057457695 -0.000667059454756633 0.00299378180089574 0.00184650591149019 0.0029183081081107 -0.000456804928904745
184600 0.0335136040140035 0.187050829354653 0.000564919585782018 0.00329160079923722 0.00135110418045017 0.00252963010312061 0.000605875280548583
184800 0.0334876111530835 0.188847009954798 0.000312795246520337 -0.00032776482350374 0.00142924723296749 0.0027521888571486 -0.0004660680269875
185000 0.0334357986857993 0.187945353356605 0.000986805765550498 -0.00106539204385232 0.00015126916836032 0.00288089743951531 0.000477181438475488
185200 0.0335914854469983 0.188293063272366 0.00190793049120191 0.00234552018320156 0.00255388365507315 0.00419975693735459 0.0010478167955536
185400 0.0335606924636241 0.187147592846112 0.00188636961351939 0.00377116637547694 0.00309206954279055 0.00366872757719505 5.72766884140399e-05
185600 0.0335282321477557 0.185223002537607 0.0020404354738284 0.00270608298618197 0.00390531140645843 0.00201684065298261 0.00113847294473845
185800 0.0335458384072288 0.185428350501973 0.00156844305104987 -0.000965879083876063 0.00254712383727554 0.00107793942725879 -0.000102230788540193
186000 0.0334896684586369 0.18519795504438 0.000139204727438822 -0.000230241170123119 0.00350187734090896 0.00270277517852142 0.00108448206186694
186200 0.0335080573605043 0.184295963981466 -0.00404941552834919 -0.00125204257893286 0.00166395147270911 0.00313622446010435 -0.000434362522708823
186400 0.0334052894396284 0.185202398584718 0.0019050976623542 -0.00161301866229044 -0.000248420713353583 0.00216582123542237 0.00109975104660763
186600 0.0336249908895405 0.186468606509032 -0.000344446911849552 0.000449539860954585 0.000541044479989372 0.00317877142775882 -3.38385791558229e-05
186800 0.0335101051596467 0.186770963872572 0.00297789524761809 0.00292981184547605 -2.40536511930205e-06 0.00359390568468975 -0.000603156808413806
187000 0.033767540865506 0.188082332881203 0.00167405386102355 0.00213522871197409 0.00169484809052642 0.00443204637332994 -0.000155113795817302
187200 0.033418989040623 0.187126611846728 0.00223693850142488 0.000667840820328684 0.00130437295710899 0.0038224321062791 0.00208087531339801
187400 0.0335733668222262 0.188593302300884 0.00228858534249505 0.00226762889473895 0.000967088230114858 0.00314684921421703 0.00152335149960442
187600 0.0334991261629937 0.187197149556866 0.00309179737673339 0.000952511735503561 -5.10124786638744e-05 0.00552210559757453 0.00035521805940499
187800 0.0336573312478812 0.186404636790161 0.00150125886107556 0.00461685308371103 -0.000742387105987555 0.00365507634543713 0.00109350377665758
188000 0.0332579907874681 0.184044776126806 0.00461935904881651 0.000826420114695934 -5.1583423518728e-05 0.00371558050597282 0.000957616366111443
188200 0.0339338643787181 0.188609505128777 -0.00105261514552739 0.0009128062852031 0.00144784429780206 0.00319671059863784 0.00172010607331308
188400 0.0332716398095592 0.186231375046132 0.00247677308919695 0.00393099423334461 0.000442485125545572 0.00344518849943341 0.000148793926492762
188600 0.0338189888835383 0.190590125101136 -0.00161953024184096 -0.000262206199928044 0.000657248483356249 0.00283009769547815 0.000321479002964436
188800 0.033345620796178 0.186617187985223 0.00285242832374364 0.00226090393180991 0.00243775550113161 0.00245119810866838 0.000988148405603355
189000 0.0338210339162415 0.187012805228626 0.00429840921978475 0.00183014995371513 0.00106223653210377 0.0034895482765236 -0.000233994109058616
189200 0.0333668219217925 0.187011699579189 0.00178539570943467 0.00393222553327131 0.00182441186936405 0.00320758205869721 0.00123718035657437
189400 0.0338692815348357 0.18924166893643 0.00125614091906409 0.00109386528100457 0.000416086068355747 0.00327584728560557 -0.000340764066862869
189600 0.0331058881061971 0.183529565129906 0.00364966305065846 0.00212786981245556 0.000603624697308653 0.00332150752397012 0.000165370928350493
189800 0.0338536752085057 0.187678367358935 0.00161305723052086 -0.00134078045590847 0.00257645823564274 0.00524741145274777 0.0016979252563037
190000 0.0333691503962184 0.18514511596355 0.00214479151197881 0.0031887034068631 0.00132167116307561 0.00425133439706226 0.000502576680299367
190200 0.0336899337079869 0.188434423662459 0.00121226968300417 0.00317079875737635 0.001900705120043 0.00438225570898582 -0.000402804090254213
190400 0.0335543937299578 0.187632097379369 0.00248737730832633 0.0016676128603788 0.00128357121477636 0.00382462395670922 0.000698173939703086
190600 0.0337722343414834 0.190358814031093 0.00253143559127173 -0.00168912842612149 0.0015416514458643 0.00300927572911217 3.27162953456852e-05
190800 0.0335235322989211 0.185461698091825 0.0046317626894034 0.000548283608387465 0.00173985424127726 0.00327575797256752 -0.00116310392260892
191000 0.0336438508121658 0.185995504784931 0.00342031397782092 0.00172962551420581 0.00180579643235067 0.00203568625243148 -0.000770399026196391
191200 0.0335966838442502 0.185974128182641 0.000808661957235186 0.00324317227437617 0.00200958664587353 0.00392525118171156 -0.000380408156335759
191400 0.03380080199352 0.188348382058898 0.00319473074511482 -0.00110300380582958 0.00109116054646344 0.00352592649723309 0.000784193085010984
191600 0.0336172531417983 0.189788436337604 0.00238655492246284 0.0058299812888839 0.00148974358678832 0.00402535576857798 0.000577110953159202
191800 0.0338472146656546 0.190090577534029 0.00511142065525243 0.00180898431550252 0.000655389976903788 0.00405411530046426 0.000912172223431591
192000 0.0337112216248266 0.186589991635281 0.00109565137272353 0.00646084182736484 0.000362088796305279 0.00446546148579013 0.000245532421035994
192200 0.0337197597022344 0.186655324179808 0.00304409263776759 0.00132814722309203 0.00110618805929962 0.00459517920890538 -0.000507752504286407
192400 0.0337103133507306 0.188191374595535 0.00229848076614002 0.00344294152039318 -1.51412935328053e-06 0.00286720805819925 0.000566125239562464
192600 0.0338229849429537 0.18696030901102 0.00237677851740826 0.00145673428315669 -0.000153043754715311 0.00384134324290643 -3.83908394355556e-05
192800 0.033654446293884 0.187130336209017 0.000297350659327408 0.000263378047347446 0.00236292926642806 0.00272523224609259 0.00140408859449781
193000 0.0339562330806264 0.19009714486586 0.00184479260838924 0.00103637954845256 0.00155390939149775 0.00342847269450582 0.000248193301638313
193200 0.0337688435425821 0.188439752619238 -0.00100321485450455 0.00426019298023878 0.0022207754733916 0.00345428027038729 0.000236538505874126
193400 0.0338375593020577 0.18711630980654 0.00350648413195547 -0.000594195525037208 0.00356894656261722 0.0034222023333208 0.000731081175519269
193600 0.0336761597243397 0.185754819716813 0.00169218812890961 0.00168904381489128 0.00199555968873787 0.0026432409776114 0.00143804770069359
193800 0.0339178464772224 0.186775282517973 0.00317069457551501 -0.00088025570569959 0.00147882850321393 0.00442177919006165 0.00167960611555759
194000 0.0335335378111274 0.183324166868952 -0.00319167275039086 0.00142048546356969 0.00164464514651869 0.00309942628101436 0.00032548318369501
194200 0.0337957010866506 0.186325287514959 0.000701298025434527 0.000508954206600131 0.00196107180281167 0.00248909529782054 -0.000282286195368564
194400 0.0337369487596665 0.187222633143577 0.00117764599421865 0.00511599753076679 0.000856428637842877 0.0021215953704439 0.000878519150642628
194600 0.0339767005335046 0.188834176026406 0.00461734975128361 0.00292152563281967 0.000554865588465882 0.00281038699741155 0.000773389228311452
194800 0.033793165347366 0.18969608619211 0.00218137479268249 0.00370125780112551 0.00151963700994617 0.00416039699517136 0.000744596725759465
195000 0.0337829839504874 0.186919225225735 0.00431492121779703 -3.33956119559854e-05 0.00241526614846963 0.0060036077298865 0.00101583677968889
195200 0.0338509655262815 0.187132777853456 0.00111968696768687 0.00261783472048098 0.00241164776609743 0.00453077008168245 0.000614932017728404
195400 0.0337463254418739 0.186165271343008 0.00132247057890722 -0.00117282215195689 0.00311254716246166 0.00406960833607833 0.000530844099604951
195600 0.0338170621234388 0.187308425770942 -0.00294030706409192 0.00213542252260923 0.00155684226569247 0.00387552399214565 0.00149890672745962
195800 0.033836358934747 0.185808130635913 0.00149235964298933 -0.00203201764465647 0.00015648508427715 0.00522232069499405 0.00221069671328311
196000 0.0339596497285826 0.18639478106252 0.00157437453040775 0.00374050532452567 0.000181683513142436 0.00401205054114466 0.000880636664837021
196200 0.0339540446271902 0.189401271884615 0.0058579251671232 0.00507722110090937 0.000839421122245 0.0041717537629992 -0.000452890174912508
196400 0.0339665178325797 0.190007461151528 0.00197806886466733 0.00395674907980853 -0.00128920411405758 0.00392885261395573 0.000112058324802033
196600 0.0338811748026525 0.187564645015239 0.00164295200082735 0.00198992844478391 0.000667042955511331 0.00471579012660565 0.000116408884761051
196800 0.0339656470087233 0.189970190965748 0.00332297133126466 0.0004927832779741 0.000753093119008744 0.00335028739836518 -0.00185939666528229
197000 0.0337215564723666 0.188096680561692 0.00473413675157248 0.00554353824597371 -0.000895361515862687 0.00323289237341598 0.00074536473705256
197200 0.034246228405895 0.190154817196174 0.00462655703029736 0.00136679529347222 0.000444122917585724 0.00360742150515121 -0.00227985807191822
197400 0.0334912069013791 0.18657301719079 0.00651518691617083 0.00399726847874392 0.000492543279033791 0.00362240424411587 -2.68959350522856e-05
197600 0.0341055545496392 0.18864261550497 0.00190569879457 -0.000545239357157947 -9.99726538938291e-05 0.00391263902526752 0.000305054362152386
197800 0.0335757622583801 0.183360341548095 0.00188807570782156 0.000981017237518951 -6.6779693218218e-05 0.00468727637388596 0.000353545722428246
198000 0.034047878180177 0.186839133569283 0.00172921462437969 0.000420343000539527 0.00103044164918734 0.00281834957732265 -0.00148307902634911
198200 0.0337756225737662 0.189465939932372 0.00201215194833724 0.00267030239151347 0.002135057046377 0.00269602871762018 -0.000706019535042455
198400 0.034035012697848 0.188761396610998 0.0037468104583145 0.00325197416609873 0.0020081396651308 0.00449871235445526 -0.000422201320385865
198600 0.0337108827705278 0.187164824236134 0.00190488943443333 0.00324528833277785 0.00109000708679985 0.00410562064027763 -0.000512604615958532
198800 0.0340934105112844 0.189150015856104 -1.76577184297989e-05 -0.00251436030062186 0.00147634970414954 0.00217766623186594 0.000521918116435937
199000 0.0335515719931402 0.184094931994996 -0.000907206490695883 0.0016462059525681 0.000353631411329733 0.00428927747618772 -0.000348052701629041
199200 0.0340745870604181 0.188408097066477 -1.87363434280256e-05 0.000887038499009427 0.000570907286853692 0.00401462678488562 0.000109230133860796
199400 0.0335801939301954 0.183526274965717 0.00274142158691278 0.00408872970537553 4.79678772982231e-05 0.00304859428436312 0.000828160619135513
199600 0.0342657503781912 0.189290930641124 0.00462249193066687 0.000356405623329894 -0.00081541227272876 0.00476333775490117 0.00040353939719642
199800 0.0337318101039634 0.186978054563642 0.00391844492060366 0.00447290664405522 0.000610078844330809 0.00348343815865911 0.002392639309782
200000 0.0341743433614301 0.19131846718811 0.00176731892867524 0.00198484150009664 -0.000139280404905185 0.00414829434136364 6.14366978411643e-05
200200 0.03373026142713 0.188359096074632 0.00153099543694538 0.00259926894058156 0.000707771805941811 0.00349728709956664 0.00116084923084923
200400 0.0340130769343007 0.189991620680341 0.00313831202794601 0.000138602945575071 0.00113472220838479 0.00439015809050971 0.00134057205065054
200600 0.0336480551623668 0.185347087970459 -0.00145710951281287 0.00332692683228406 -0.000635482901953789 0.00480370942761255 0.000771195794384985
200800 0.0339954020563514 0.187947540194672 0.000954869201020703 -0.00400911486030479 0.000333996858172203 0.0027753721832397 -0.000658679926166548
201000 0.0336073679045362 0.18641785396895 0.000742094187944264 0.00146898222931349 -0.000633013017955116 0.00306955459578261 -0.000168746268344861
201200 0.0341338011217883 0.188077472959407 0.00117320720682659 -0.00244883137494026 0.000967825164066969 0.0025366925910181 0.000755031670309029
201400 0.0337058564014403 0.186558659423196 0.00256530307315004 0.00361221434713917 0.00126948873338171 0.00231492728048562 0.00129745804890243
201600 0.0341973202328542 0.189073007886351 0.00569763049090207 0.00189207662961831 0.00113891088063632 0.00280080623248763 0.00200486795110923
201800 0.033772960849344 0.186409877136062 0.00324165169597214 0.0054804471903835 0.0020710837218231 0.00267838209135933 0.00227657809310672
202000 0.0340108798713706 0.18734885284542 0.00173351576388052 0.000621560703024309 -0.000325557442379946 0.00254734601466614 0.00139053403816887
202200 0.0337377997786698 0.185058437612835 0.00138472155512465 0.0005934843833932 0.0012330403702998 0.00215006345298117 0.00198584677239497
202400 0.0339385914221022 0.186087974087558 0.000750895558976077 -0.000566235739178209 0.00094880960478215 0.00453343045838025 -0.0011871092014707
202600 0.0338755071533155 0.186528043169089 0.00362573309113826 -0.000477842143586437 0.00114086912752527 0.00554330045937871 0.000260704091739818
202800 0.0340593609157449 0.190175946567173 0.00365262847923102 0.00316988966446606 0.00153534421351467 0.00563635800831907 0.00135728033753756
203000 0.0340861411394849 0.190833400520492 0.00631773749947005 0.00538078132922604 0.00042767624723079 0.00370342697858295 -0.000376218185157907
203200 0.0340882160532702 0.189570184357514 0.00357643764682895 0.00659225580740241 0.00292852296305311 0.00326294472858987 -7.87474616546033e-05
203400 0.0340701800170742 0.187268922256655 0.00161736127195785 -0.000584735602297185 0.00115507266407894 0.00214163705787259 0.000472500318721825
203600 0.0339350382312678 0.184077407610434 0.00240245889238242 4.88314851865621e-05 0.000130763838154946 0.00459725591260678 -0.000733540016704697
203800 0.0340201193943661 0.184265872453138 -0.00026633791867761 -0.00165961410823566 0.000972229168530068 0.00497046543502129 -0.000927931804516963
204000 0.0339232184303829 0.184447112232617 -0.000595517372678227 0.000716519205712103 0.00128234823727422 0.00386378059549797 0.00019255410500125
204200 0.0341146308334286 0.189460121199451 0.00312706410733753 0.0025252227848684 0.0027507239667495 0.00279053776170017 -0.00144931965873539
204400 0.0340467935110533 0.189368951798793 0.00281615082179603 0.00360603824521389 0.00216602987498838 0.00253293840395906 0.00113112461269417
204600 0.0342535122086383 0.189134618463872 0.00506576146123091 0.00476473597937081 0.00178384637819257 0.0024787450145312 0.00112165157601372
204800 0.034107359590548 0.187750795541445 0.00312832429847085 0.00345823115831351 0.000583457903488852 0.00324860533222363 0.00151518789639152
205000 0.0340006694415132 0.188115533805338 0.000470862155962526 0.000231953334144554 0.000320292479693049 0.00407957286007495 0.000550740234869109
205200 0.0338633559918682 0.185560591480758 -0.000401549316511043 0.00134424684008962 0.00034979533761613 0.0013396044720812 0.00179844277036744
205400 0.0343180352751209 0.188710440271332 0.00178060887799241 0.00134430055668367 0.00291524110062748 0.0031217154238627 0.000845894734709032
205600 0.0340462429117442 0.189989353143348 0.00320776253493923 0.00232099243275964 0.000685840752622728 0.00270933927313272 0.000990316412597917
205800 0.0343181908516833 0.18941460460632 0.00262623352774047 0.00127035644380652 -0.00138754918314476 0.00252538867862113 0.00146950761929312
206000 0.0339610731190557 0.187822084247784 0.00030359758447317 0.00116952512623009 0.000191557768658498 0.00340843134652871 0.00154414355928473
206200 0.0342344866694211 0.1878414233188 -3.18555182763009e-05 -0.00280728447606612 0.00140071421404287 0.00456064284815403 0.000899998622226345
206400 0.0336764497477784 0.183415768558517 -0.00040588584269484 -0.00119181942398157 0.00215280680868113 0.00332731950255739 -0.000277249508830234
206600 0.034313047595406 0.185995399696752 0.00252402829867312 -0.000839949266961359 0.00250232340978692 0.00232978806328565 0.00121682391601862
206800 0.0340011153798971 0.187008170001159 0.00378594101356094 0.00399697066376661 0.0013348793468639 0.0020698801105203 0.00102972209276131
207000 0.0343237127346442 0.190893081023226 0.00604751582592747 -0.0019513093788138 0.00244418170130528 0.00221471751182815 -0.00106601872821578
207200 0.0341804217321325 0.187331922370574 0.00333707154415593 0.00242683607174556 -0.000530732458610738 0.00150715768316192 -0.00107281714831538
207400 0.0342199043111481 0.186597092650149 0.00223867762824905 0.00234151855130401 8.22925071820592e-05 0.00269437598954252 -2.57544475380358e-05
207600 0.0340655772361943 0.187544109227062 0.000810341576765393 0.00271033838411997 0.000992787835167658 0.00328645080754317 -3.48470389653094e-05
207800 0.0341978783996032 0.187472565904604 0.00238203572488366 0.000884736059913418 0.000485267332305098 0.00394540715233623 -0.000959864693983046
208000 0.0341896685417203 0.188265245473999 0.00339895102375277 0.00175044458631096 0.000541280031132965 0.00403814321797856 0.00010836779405859
208200 0.0341955589309732 0.18798246160749 0.00470753026733369 0.00139742859518542 0.0018963761544407 0.0032446270532665 0.000227789406177389
208400 0.0343435912428123 0.187151388634001 0.00226177765554787 0.00216252750968475 0.00095596585698664 0.00252075799342005 0.000160396876794506
208600 0.0340731295837751 0.185725102556377 0.0011172356397629 0.00312173186703392 0.00130437587221746 0.00205989873996184 6.39844925163874e-05
208800 0.0342689469634222 0.189045999836387 0.00074122814777744 0.000740913774755151 0.00289226801731755 0.00276081272221015 0.00177258053810686
209000 0.0340311531084623 0.185259925786921 0.000452753654611397 0.00269964489805657 0.00185235668492204 0.00128072328678255 0.00191911899211166
209200 0.0343358902441577 0.190152564075577 0.00103391673535945 -0.000127784494166172 0.00118047143671808 0.00296269022528134 -0.000212368310313772
209400 0.0341093971512483 0.184756431351815 0.00340046427213922 0.00264609237886312 0.00134389944844734 0.00230172444349134 0.000233461618381826
209600 0.0344273080545054 0.188303691612204 0.00177708723013139 0.00301907013880319 0.000379515517873689 0.00376598897597898 0.000196268566959447
209800 0.0339931099712017 0.185827383859632 0.00279427945863701 0.0013767275620029 0.00202513938062297 0.00357801757058858 -0.000653893442005331
210000 0.0345475296136458 0.189448507910737 -0.000191304105159756 0.000504070880215442 0.00202768124670015 0.00380760402232497 0.000118463375138009
210200 0.0339493930800302 0.184136136814592 0.00441560975004088 -0.000993927499574977 0.00253617511526668 0.00282460238679897 0.00190948993262457
210400 0.0344128332762776 0.188902025471231 -0.000248595328479135 0.00192552898215688 0.00172553454626652 0.00246187019056435 0.000694188109249608
210600 0.0340117705603699 0.185322627774113 0.00109076828210578 0.00195502924188695 0.00045660741240131 0.00401448562573002 0.000484022991508081
210800 0.0343534070790515 0.187806957664646 -0.000525685442870562 -0.000602202185845837 0.000325416768442272 0.00384821614561005 -0.00224029876054111
211000 0.0340811177036082 0.18617641421014 0.00195259196756794 -0.00142806616481761 0.00113172475109107 0.00225538291937736 -0.000523179361689654
211200 0.034475383210935 0.188057935211688 0.000505243893831208 0.000316506692778396 0.00116436484327371 0.0019711962401087 -0.00145779233410569
211400 0.034124955614247 0.186705499921755 0.00485963218212071 0.00199378940233975 -0.000550962005112913 0.00316037229561764 0.00192971462812998
211600 0.0345405792194661 0.190118787092683 -0.000361441353142452 0.00190646804518386 0.00183336095374573 0.00334508555198791 0.00112517325984973
211800 0.0342493096292473 0.18824934755314 0.00483944156057785 0.000536752671306549 0.000997925665724703 0.00343388306782891 -0.000135237715412114
212000 0.0344396487131075 0.19054233283386 0.00104550933012426 0.00504198591624365 0.00115830055966968 0.00364887478950048 0.000603218045207971
212200 0.0342534910321495 0.187488362757285 0.0035989780931512 0.00278353738072705 0.000511500078196831 0.00442697320792097 -0.000344129032579453
212400 0.0342888741678596 0.187905729760535 -0.000909418089377789 0.00392238615773877 0.00150181994103002 0.00303358716549667 -0.000175840914752073
212600 0.03420991878372 0.183594020193426 0.00317554310746792 0.000398039078357283 0.000652983045444762 0.00295757035905088 0.00167512404874138
212800 0.0343061965537065 0.186497061276196 -0.00234026377167313 0.00338206988296756 -0.000109966259447343 0.00228563882770989 0.00165565234109992
213000 0.034316110877198 0.187673486042448 0.00484036810700214 0.000455566115703948 0.000850769968038707 0.00273479725255855 0.000587781518455753
213200 0.0344377040156484 0.188398217082487 0.000923693479887439 0.00512678767585346 0.0021321940427716 0.00295439249130628 -5.84570253730204e-05
213400 0.0342819725727159 0.186942090883192 0.00627769054733878 0.0012739476117503 0.00136294750123121 0.00251445921956248 -0.00098944952437864
213600 0.0343703894499231 0.187420289191233 -0.000153426248324994 0.00346714783213836 0.00205410972683775 0.00364097636296919 -4.15453260349556e-06
213800 0.0342995928025815 0.185850891451083 0.00324601281433035 0.000929550543610182 0.00151267665644994 0.00588093102189694 0.000256132991706843
214000 0.0344169019188754 0.187557396662384 -0.000668943381329001 0.00496647919069604 0.00171719528724378 0.00346574192562912 0.000337482718170853
214200 0.0344115485843552 0.190067155126062 0.00743514128704966 0.00137114925125672 0.00140483320018811 0.00233200603698299 0.00115514241053352
214400 0.0345315170493982 0.191082278410708 0.00190197886221855 0.00555451171586211 0.00127766567026393 0.00213631685809069 0.001990512570515
214600 0.034415264791463 0.189337653786817 0.00403352044102574 0.00283876115185214 0.00090741597543861 0.00170079947300615 0.000282999775995035
214800 0.034551661356377 0.186029134878455 0.00233179501042722 0.00408959476322597 0.00069981761372619 0.0042068889919788 0.000699567850239211
215000 0.0343523183484993 0.184818426707602 0.00119220866403468 0.00371811742489278 0.00150642934279259 0.00252328925192136 -0.00106202841490331
215200 0.0345637741859697 0.188803663799016 4.33618051396502e-05 0.00120537550600279 -0.000341928758734501 0.00294088663372343 -0.00188251559421714
215400 0.0344556165388569 0.186741084186798 0.00106492610882763 0.000955510848359084 0.000480777271121483 0.00228498075338492 -0.000852159308449652
215600 0.0344637492831796 0.189377957620461 0.00125758251998231 0.00405674347316872 0.0011343051357001 0.00280848471270447 4.37705846467081e-05
215800 0.0345324646609247 0.191287938671115 0.00259262823012685 0.00258156110701131 0.00307435979909355 0.0038377954749843 -0.00112417202667056
216000 0.0344307752508824 0.190316869673766 0.00453068193927335 0.00109489132471555 0.00148870735645481 0.00435971963582535 0.000486874738720061
216200 0.0343796811110782 0.186019018535331 0.00231795560513936 0.00283649882025584 0.00037096826759953 0.00262552128126111 0.000487863833824279
216400 0.0345471020411896 0.187100819793086 0.00134484871001769 0.00168785561030522 0.00162674448374832 0.00148515695812254 0.000696315242694128
216600 0.0342597292104288 0.185471019427172 0.00243673154629312 -0.000878879277583033 -0.000101113917885813 0.00183645129458756 0.000758582125135671
216800 0.0345443108332253 0.185205638741822 1.07994903379293e-05 -0.000129125852784688 0.000242880468722542 0.00326549224823462 -0.000235024523499261
217000 0.0341982584693385 0.18425424752482 0.003220181615833 -0.000837228200914866 0.0018869702077914 0.000639779123651508 0.000716204375055269
217200 0.03464681908114 0.189015612551613 -0.000610287975131501 0.00165739545773703 0.00123550791251139 0.000574686203108466 0.000968740832351876
217400 0.0343979089502755 0.186392485120942 0.00307357742601877 0.00557837120021803 0.0021173327349618 0.00110499884581906 0.000827917544114834
217600 0.0346078871844196 0.189067049504404 0.00301941930427997 0.00296352988949509 0.0022262602449562 0.00314879897022942 -0.00061131011514436
217800 0.034487711137607 0.186930520529011 0.0037945369593119 0.00154288650801604 0.00111631678650297 0.0030459608569949 0.000347298687486182
218000 0.0345539930721956 0.18877780003934 -0.000653171927720377 0.00284261538934584 0.00131612353435784 0.00356654764812338 0.00220810664341726
218200 0.0345008234249911 0.187074311013195 0.000412893938353405 0.000442448719908509 0.00184125359543998 0.00277833063692153 -0.000622068202794931
218400 0.0344765098158076 0.186739896936269 -0.000119984513044828 0.00348375499900798 0.00091575838576798 0.00418892031131856 -0.00142923913391078
218600 0.0346633931952043 0.191865283098213 0.002972599679997 0.00369157228322152 0.000240565802767611 0.00371558263533226 -0.00119193221889506
218800 0.0342873995862228 0.186997525541393 -0.000571067380884008 0.00390140094950389 0.00162314566613625 0.00412478024260077 0.000626326579620888
219000 0.0344885631124278 0.188188128678727 0.00479422417459649 0.00112301743732103 0.00098705417619916 0.00265931304680771 0.00234277953259591
219200 0.0344947574078764 0.185955628578535 0.00104332855867525 0.0059184545970827 0.000824701777905678 0.00351042204351536 0.000153954645794422
219400 0.03456501192877 0.187413584401413 0.000534661947615187 0.00136756071437688 0.00196149412636829 0.00248947299735116 -0.00133081836781902
219600 0.0345115364345698 0.189302023935793 0.00291873091732392 0.00149688422254025 0.00203316569162472 0.00189953554665973 -0.000414889475353911
219800 0.0346566690788881 0.190371597160162 0.00290376244729883 0.00303594398178499 0.00141187105825139 0.00339438456691393 0.000536500660217539
220000 0.034668459197611 0.189226226141121 0.00460846029964614 0.00547591774069727 0.00136839667620406 0.00423563356579911 0.000564034320073407
220200 0.0346164334772873 0.188274220174623 0.000862913304719563 0.00342353378842454 0.00157353956897515 0.00305728549601744 0.000937684659266231
220400 0.0344052324885216 0.185505748528093 -9.41648260115977e-05 -0.000216244381173172 0.00154832879140515 0.00242832217028729 0.000837764390640784
220600 0.0344774518440101 0.187158806915189 0.0021220764283672 0.000774134829063889 0.000920733166117531 0.00296302287139611 0.00154679930633786
220800 0.0344393204600807 0.186448339460966 0.00284371139780985 0.000788186425705809 0.000709476188914764 0.00206261378980269 0.00150958192158194
221000 0.0345468194764711 0.189620925894015 0.00349261381694363 0.00364444940231318 0.000660170880356438 0.00335939804430541 -0.000161284302196669
221200 0.0345717022790389 0.187494386220241 0.00257484026880225 0.00431179647900023 -0.000224957093982653 0.00439789202203159 4.39966434730194e-05
221400 0.0345565702972554 0.187162204619487 -0.000885683214819918 0.00113854187974302 0.000923258022812374 0.00422161938721017 0.000704270700650937
221600 0.0345258138298322 0.187360306029583 0.00137423635585551 0.000379727985673082 0.00329708930826332 0.00250682783497337 -0.000528778336674162
221800 0.0345518497463851 0.186747234315194 -0.00162780064571723 0.0015136823472185 0.000222014078687996 0.00278932899234487 -6.91568499337985e-05
222000 0.0344465183249536 0.186319193658238 0.00363243560215822 0.000385517409714471 0.00223204317067164 0.00345591950665223 -2.41477798791746e-05
222200 0.0347440069290586 0.189336328714859 0.00397540302309621 -0.00142552576864066 0.00352402814782222 0.00190429737178862 0.000445327363494459
222400 0.0345614676316272 0.1865712669049 0.00554173476540168 0.000784158223579179 0.00210365194316306 0.00316641235607379 0.000228669644298127
222600 0.0348217481019327 0.187197743078925 0.00248133997944658 0.00427556624976522 0.00182631562734421 0.00130312490124003 0.000233272882252487
222800 0.0343550682078145 0.186621732554477 0.00319989332009416 0.00517277420157812 0.0021652620290226 0.00243468412831704 0.00065864081961836
223000 0.0348109511737171 0.189543620498504 -0.000741688058667219 0.000510918108564809 -0.000578139522050535 0.00310994197287468 -0.000152311297162569
223200 0.0345427371215039 0.187404223021976 0.00217651644758904 0.00226825928938326 0.00103098978808133 0.00293341567996316 -0.000228639623098498
223400 0.034702036875829 0.182744524511965 0.00237416800784341 -0.000315804986858201 0.00237432110097725 0.00328327689819647 -0.0023259282060148
223600 0.0345023946087045 0.185872641069223 0.00138230089721011 0.00139121157664777 0.00234514768143134 0.00287858901804602 -8.83317044553869e-05
223800 0.0347826963291602 0.190542063033877 0.00176834313791998 -0.00036665742631229 0.00150108810269719 0.00345258438419585 -0.00156289562341717
224000 0.0347362580411695 0.190487816110726 0.0025329350394118 0.00215867624191047 0.00346669267397979 0.00272683125041503 -0.000825703658658674
224200 0.0347804736674353 0.192672007811694 0.00519500350144435 0.00188709726958927 0.004099679538373 0.00295072234546651 0.00107541315900546
224400 0.0347951876496025 0.188978340921251 0.00230517071730631 0.00240273984635775 0.00194663723362108 0.00515171337776142 -0.000744896972661353
224600 0.0345992720289453 0.185512815635064 0.00326581959976518 0.00194764263144648 0.000889467763267565 0.00381679691045041 0.000216056118103204
224800 0.0347438559105464 0.184309808780261 0.00171542361373905 0.00403543570870576 0.0020790140869285 0.00207745081799431 0.00105147306259843
225000 0.0345565296158737 0.183305034945748 0.0012873041238255 0.00146839736359651 0.00100583903383863 0.00254564697669033 9.81223451351194e-06
225200 0.0349074880936045 0.187762347062597 0.00190594736203807 0.00263855509261887 0.00266407948098441 0.00285079075981104 -0.00146855878998583
225400 0.0345235369738037 0.187395074258791 0.00382701503954357 0.00177902160979278 0.000675900672223966 0.00204885382099967 -0.000439380188565399
225600 0.0349958237977047 0.191787930037869 0.00188133358460556 0.00125612097959485 0.00202249157312776 0.0028987227472852 -0.000161564261392835
225800 0.0344168522498994 0.186134622850766 0.00428369827330351 0.00400111530659888 0.00251455758512044 0.00366186454094458 0.000842033338798302
226000 0.0349855884599152 0.188474138278851 0.0031106537644049 0.00308231624963192 0.00178546250640936 0.00327897167942779 0.000585748938812415
226200 0.0345035168637424 0.183762298113082 0.00306178999164976 0.00328238662195503 0.00250172807579237 0.00209397300496969 0.0004825673085982
226400 0.0350501434091185 0.188198758422692 0.00339332151399096 0.00253385032507567 0.00145238787640299 0.00204458847654842 -0.000365706486943977
226600 0.0343750356613031 0.184736119516073 0.00235902785259944 0.00516301515753313 0.000811334198901602 0.00276004277807326 -0.000143271855860201
226800 0.0350759512357305 0.190712426228488 0.000951998690119838 -0.00145625476879835 0.00120709816796585 0.00226008762198446 -0.00110059098000169
227000 0.0345740353601939 0.185431932653086 0.00117524229928496 0.00305562907282048 0.00298422924622095 0.002454520984427 0.000529253595180044
227200 0.0348166551501665 0.188771190500262 0.00041769515351474 0.002871618825208 0.00244253428314547 0.00170530882402767 -8.39885229254898e-05
227400 0.0346645758517696 0.187683806945296 0.0028566635031977 0.00266309323152891 0.000736572541762896 0.00122063987128532 -0.00030516872905211
227600 0.0348488801183615 0.188169971446207 0.00415925165721649 0.00135762639085449 0.00154806505847795 0.00323323951488301 -0.00114261676779409
227800 0.0346873569133281 0.184566955338194 0.00266153254608385 0.00353718258668604 0.00218999161911311 0.00127633004708399 1.8660152093546e-05
228000 0.034745432585781 0.185017586047371 0.000712064562428829 -0.000427302773502438 0.0019118271322331 0.00231265478760926 -0.000754407371525939
228200 0.0346569825591335 0.184842056221956 -0.00175879912846988 -0.00158074123034592 0.000943474689465655 0.00225350916961892 0.000955430382909236
228400 0.0347949653814779 0.185971288967776 0.00215733938186907 0.000850133008398129 0.00119543831419034 0.00261840984004614 0.00113856736293556
228600 0.034796768121295 0.190129202081203 0.00234407840595088 0.00185741613749835 0.00259245233947395 0.00355721802475883 -0.000135707275367904
228800 0.0348645047537166 0.188829973824844 0.00161725516221115 0.00481376556543474 0.000655554756127453 0.00412563073893332 0.00146814080944634
229000 0.0348997728001775 0.189675088782622 0.00400443516869356 0.00527130437439721 0.00156906950695647 0.00320511724700485 0.00168242261980838
229200 0.0348074613373012 0.187099145678697 0.00371220338724838 0.0024432586478812 0.000499758954829333 0.00431994250071418 -0.000254537506095897
229400 0.0348289803537579 0.186910325555872 -0.000156548525158224 0.00338699239933056 0.00206885331337205 0.00485007465638562 0.00192359033865288
229600 0.0348082574057063 0.186181388001761 0.00376285827598703 -4.2095097862889e-05 0.000130770076922096 0.00343771336794197 0.00210357937924793
229800 0.0349835408604318 0.188598406675022 -0.0018306740243491 -0.000786991509918601 -0.000147087901989599 0.00201859500103522 -0.000555292907099348
230000 0.034532073383762 0.182700502090642 -5.28148322403874e-05 -0.00611906299696408 -0.00130761919678272 0.00280035020103178 0.00147099779141473
230200 0.0348660724635107 0.185940397406192 -0.00219842394863598 5.03398360104845e-05 0.000945483066795477 0.00237400464929113 0.000705165029063767
230400 0.0348799706042604 0.18834156570783 0.00266841844342987 0.0021071661013975 -0.000284122464437659 0.00279492011397417 0.00182280182848955
230600 0.0350868953178101 0.190472478784545 0.00310706441749618 0.00447350485824799 0.000954381212092061 0.00345595332485097 0.00115930596720418
230800 0.0347615260286896 0.186645487312143 0.00516448979120452 0.00114710555226674 -0.000374555068444657 0.00545691375172526 0.000600323597506134
231000 0.0350375307142944 0.189353331985352 0.00132396242445146 0.00224314101808079 -0.000415552692622169 0.00561470266317561 0.000502990469598881
231200 0.034687274407433 0.186904684153045 0.00400348490118356 0.00168235556606647 0.00264665352624273 0.0038516863098845 0.000203864756435265
231400 0.0350737647100572 0.186663072104196 -0.00267908681574872 -0.000130326812793936 0.00346664058540478 0.00419288555592109 0.00124200130822955
231600 0.0346451892321811 0.184918598984205 0.00390816512066105 0.00131775151581648 0.00150433743118156 0.00390091590631836 0.000572350551667503
231800 0.0351429405400151 0.188044750446746 0.00267089228483807 0.00412894420148038 0.000923704787759507 0.00416096688153844 0.00185739036361312
232000 0.0348277476178724 0.190070718617272 0.0052711376744691 0.00154674831323801 0.00141746394112953 0.00406422312397699 8.11302470108041e-06
232200 0.035037315209758 0.189281220175841 0.000200917909410486 0.00221532274871449 0.000424049160146927 0.00200152988721566 0.00094025269278162
232400 0.0346590098843825 0.185324468755591 0.00248899287146947 0.00163957150584253 0.00106314490976758 0.00315527401177353 3.31400914438684e-05
232600 0.0350890626952499 0.188270051630461 -0.00133304726567416 0.0022677919869843 0.00104619074236906 0.00633141973352624 0.000592565667212953
232800 0.0347643203961055 0.184670187945366 0.00384297491592847 -0.000137643605262007 0.00204390129468717 0.00384208717867031 0.000100384643754525
233000 0.0351182270953172 0.186497567786703 0.00164325041284592 0.00229562934202192 0.000856638850096242 0.00311670626536596 0.000296221775448114
233200 0.0348692133108146 0.187905297609083 0.00403915088793741 0.00163303096935613 0.00120478870689835 0.00357219254795656 -0.000251636962284794
233400 0.0351840909133565 0.188607019610968 0.00111494475801733 0.000840029403084754 0.000264118119150623 0.00235241889151607 0.00249209976293603
233600 0.0347049990412291 0.184789388775651 0.00366226101621962 0.00112425059545142 0.00131344748570887 0.00157892704796643 0.00159744910781467
233800 0.0351846020054205 0.186170580205188 -0.00273478727481993 -0.000793148634914312 0.000498447552513985 0.00148277947255068 0.000706269030665625
234000 0.0345627605678704 0.184969769823976 0.00132963806348276 0.00193172745615475 0.00228917396706864 0.00413583586748862 0.00119184031811564
234200 0.0352899953657043 0.190154179202259 0.000873761880107365 0.00120356051593867 0.000832270331703897 0.0059196719312963 -8.93459979743382e-05
234400 0.0350068172211552 0.189547794337905 0.00649116638034936 0.00269693683662236 0.00136310013234672 0.00167594299159976 0.00157125764257845
234600 0.0351791951373413 0.189356085925689 0.00365549662475513 -6.62344636467989e-05 0.00137926550116778 0.00223686690681331 -0.000120616830825201
234800 0.0348493175637124 0.186356728231337 0.00267622891232139 -0.000374467135638907 0.00206709237250432 0.00234180494093989 -0.000491574908352183
235000 0.0351337456380911 0.186333548854413 -0.00118377259534885 -0.00224768845384295 0.000804759446928062 0.0037093878763923 6.40126194678154e-05
235200 0.0348507123379738 0.184210075167639 0.00115811087429341 0.000249604132528882 0.000420644245137854 0.00545308416570432 0.00042716203744768
235400 0.0351515967791664 0.186204262074494 0.00107314003937694 0.0014815117735842 0.00170997838089664 0.00457717148996087 0.000825957971466794
235600 0.0351025753805366 0.187668405222063 0.004378777269497 0.00556351442710645 0.00157060194510128 0.00370501783016769 0.00155984488100748
235800 0.0353823626868865 0.190524550913262 0.00428149748839269 0.00601135119764894 0.00228830224037029 0.00308003701354587 0.00209104380636641
236000 0.0350485306248233 0.189433836538165 0.00145191035236173 0.00640629239266913 0.00243200853721107 0.00350346629535731 0.00116324982095367
236200 0.035112876827459 0.186203247593842 0.00224401994372544 0.00365221436032021 0.00115446605002499 0.0035628919951864 0.000278130331871251
236400 0.0350484845838985 0.186603159413954 -0.000265168356470362 0.00460809065557088 0.00154100737514222 0.00424109813516109 -0.00160188990877078
236600 0.0351561003129126 0.188644744414291 -0.00118917798502359 0.00173114978376621 0.00054922233972729 0.00607132730219166 -0.000799427890709261
236800 0.0350438804541331 0.18798079082067 0.00419013827911297 0.00210858544934608 2.20928542003949e-05 0.00324276382724344 -0.000586136974381047
237000 0.0353527371008682 0.190339765193705 0.00350506115646481 0.00397797007511724 -0.000405423602405875 0.00242437584371512 0.00029365279012982
237200 0.0351687404426343 0.189976820022673 0.00321004842379127 0.00512821134218343 0.00171221898599662 0.00286488012920065 0.00213582123524606
237400 0.0351699363686535 0.188897181364963 -0.000965123762122486 0.0031607546367475 0.00260084001541633 0.00305194747367005 0.00159314742724614
237600 0.0351254481402283 0.186313318659716 0.000641603265502834 -0.000474209180429455 0.00187565186710292 0.00391348385593825 0.000278786399231756
237800 0.0350279513174823 0.184846095272834 0.000758312043314238 -0.000960944998703647 0.00312991172244422 0.00259893647904664 0.00174416558711281
238000 0.035062708576178 0.186635027177717 0.000175037394137391 -0.00063255076170823 0.00289846790218576 0.00317590325267004 -0.00196025465351481
238200 0.0350573793657854 0.186850216780455 0.00310984911643492 0.00204630235873715 0.000848851172930201 0.00403421572355767 -0.0010471243854027
238400 0.0351902924981262 0.188695975904346 0.00226930101823115 0.00366195543810054 0.00085795213272931 0.00294529865098184 0.000165633919582213
238600 0.0349983144864858 0.187676323415011 0.00143157717453034 0.0026785245254103 0.00109852549030594 0.00273451157955573 0.00102771120307847
238800 0.0351680911342677 0.189322497691372 0.00233196672884718 0.00277618174138844 0.0016554232763611 0.00342449989021018 0.000119370705184826
239000 0.0349338270724009 0.187164788574303 0.00454873399135588 0.00360771655918051 0.00239874315317797 0.00443132657898189 5.24733221680846e-05
239200 0.0353199883689729 0.189368375120064 0.00194762100042352 0.00169673062318516 0.000593865910777886 0.00604400587104189 0.000869318347784811
239400 0.0346648861529603 0.187631230791791 0.000577569269134567 0.00253726658938796 0.00124592333564804 0.00409914932247471 0.00249803508602978
239600 0.0351469338721708 0.189766706694055 -0.00133642424307378 -0.00168778337747264 0.00260605814153061 0.00287512970259933 0.000697038142490894
239800 0.0346980082530836 0.185103792572962 -0.000701817398321631 -0.00021308711831444 0.00210753559200514 0.003422874217639 0.000141664224406733
240000 0.0352376726202859 0.190975982676674 -0.0017393861573878 0.00206182550442866 0.000194979212931096 0.00246838294480496 -0.000441756443756499
240200 0.0349897931360171 0.1894523926433 0.00138633717933538 0.00418868708894323 -0.000559539912317236 0.00307997197711933 0.00132644428050332
240400 0.0353136540427433 0.191364252377038 0.00321630452057293 0.00210051960794709 0.00041123990504261 0.00249474390915535 7.84990119370787e-06
240600 0.0350111842360069 0.186479184658698 0.00744737255925511 0.00435187587759965 -2.89987406185354e-05 0.00296648097802867 0.000778992167943451
240800 0.0352461519416411 0.18662170692214 0.00200275000188184 0.000587710641098773 -0.00090549103501794 0.00360247617157506 0.000663135201648584
241000 0.0348683364670601 0.184735359753329 0.000920618254792783 0.00183044168272004 0.000302688272693427 0.00400497900193775 0.000206658702338478
241200 0.0352088103785814 0.186677917313413 0.00241974114037779 0.000498493000887096 0.0027393647199339 0.00416570481241322 -0.000759122302234412
241400 0.0349743108521505 0.186817186539993 0.00245955569645252 0.0014728810747355 0.00061745291151013 0.00446381310770326 0.000647639017983756
241600 0.035333651177267 0.189137236792255 0.00118809575871419 0.00301081120154599 0.000953515509022894 0.00362724925934214 0.0016185616813347
241800 0.0349834613229827 0.186681870008254 0.0035020215689601 0.00107426096912882 0.000955139923697621 0.00403000450801575 0.00197363081182873
242000 0.0353154650762209 0.189664436602583 0.00205787537723389 0.0026613651983302 0.000856683588834546 0.00419182534966142 -0.00032417404040252
242200 0.0349286309924486 0.187062669866739 -0.00112835507185371 0.00169475725530732 0.00153755098799466 0.00148309324849758 0.00074607684259411
242400 0.0351894053133543 0.188741005100319 0.00168566036577985 -0.001331636157526 0.00031553475662391 0.00432748686542818 -0.000142047794790632
242600 0.0350219223494672 0.188428780413192 0.000431055544507831 0.00174019340235974 0.000926441322876615 0.00351592608867085 0.000240197219570995
242800 0.035145937772574 0.188662268389261 0.0047338518332429 0.000124455852048098 0.00131983617165684 0.00317319325613972 0.000942296010093716
243000 0.0352032146289628 0.189805651671081 0.00232766142166173 0.00428762229790124 0.000404648124285986 0.0026344601095553 -0.000676236348653212
243200 0.0351903700610995 0.191266965530113 0.00411520047861113 0.00091364600921822 0.00112824411435631 0.00278155154013351 -0.000505143603022956
243400 0.0351455704900549 0.187353673426824 0.000273825150948809 0.0013101241896356 0.000597016643968589 0.00265147078538354 0.000131293712412116
243600 0.035180381490052 0.185248592743717 8.81045530144949e-05 0.00351539854302422 0.000928032645048678 0.00400073848538444 -0.00172758086231337
243800 0.035143299953585 0.187457090557558 -0.000784614020677918 0.00287099578613811 0.00160706377086994 0.00206245641905784 0.000552061510607144
244000 0.035107103628012 0.18678275401794 0.00137880535219963 0.00176827056694095 0.00175065767761722 0.00189925357235845 0.00018113232555335
244200 0.0351170808814564 0.186234931140206 0.0012130545987801 0.00214780118873935 0.00246797392808753 0.00356643176193697 -0.000435269855847362
244400 0.0351327909183195 0.186232399006916 0.0027908053486434 0.00143681210258096 0.00310547114338601 0.00291372518882714 -0.000581464114119803
244600 0.0351233847694231 0.187131564557367 0.00215278560200627 0.00571071814299988 0.00109368795159488 0.0035237284828447 -0.00148572617073465
244800 0.0352607461942856 0.188415778658082 0.00292645257099105 0.00474352476225766 0.000172221704830785 0.00236984854536664 0.00014135923951734
245000 0.0351694782063506 0.187348195311858 0.00386293159216468 0.00513833855828228 0.0017501392325074 0.00182788348584098 0.000119113677314991
245200 0.0351863049489019 0.186920866959687 0.0030880267356979 -6.11168773704441e-05 0.00069227869041892 0.00240449146701512 0.00109895283603018
245400 0.035205599068308 0.186911167333252 0.00159865636197915 -1.51165881057673e-05 7.94985714225549e-05 0.00382260543588141 0.00097716564964552
245600 0.0351820342012914 0.189384319978359 0.00168368666824974 -0.00129153840722038 -0.000131266906752973 0.00307955619403076 -0.000908224778851049
245800 0.0351435701811419 0.187858965342634 0.00304145476709769 0.00139757395824039 -0.00134677990349431 0.00309063495236049 0.000673174617860895
246000 0.0352690102033762 0.188369483771881 0.00596794275673175 0.00174205424685849 0.000664669269974186 0.00233088718312896 0.00179995751321902
246200 0.0352962790204026 0.186425992220539 0.00312335342574201 0.00380019859779339 0.000562973953211474 0.00288712793746447 0.000683328548720627
246400 0.0353157946763973 0.188364441264217 0.00131007830537563 0.00033247941938347 -0.000669854355933819 0.0036608539551106 0.00201989932048756
246600 0.0352309486336756 0.1865189415053 -0.000191492256036226 0.00307312290230611 -0.00029359647228646 0.00292268614423358 0.00172138957123599
246800 0.0353161317230074 0.185225573308949 0.0031383678525597 -0.00126160816819363 0.00128562523069991 0.00235446922552181 0.0009890943958465
247000 0.0352376573727667 0.187590290732643 -0.000726116441587352 0.000676195618336959 0.0012004140930779 0.00234521798055603 0.00179525456367973
247200 0.0353657294163832 0.187313655628406 0.00162490946980334 0.00078918102289575 0.0007821252556027 0.0032111895023092 0.000302546405947546
247400 0.0353093491813054 0.18652387421351 0.00385050245130986 0.00208163461254135 0.000425462735806572 0.00322750472189321 -0.000551906848398229
247600 0.0352871672951915 0.188338316346396 0.00392156442805238 0.0032426894595737 0.000550440660618969 0.00184098447974524 0.000208081588397208
247800 0.0353434874315949 0.188851883012148 0.00127685787001785 0.00479845981489074 0.000250113757673849 0.000697174994522872 0.00125039180466253
248000 0.0352134593258795 0.187812667570807 0.00288889343114077 0.00230488056033977 0.00168138916900218 0.00198906923061589 0.000224491176692578
248200 0.0353118648446628 0.185944298608125 0.00146951665154534 -0.00110242640502901 0.00237131021770491 0.00324508465263911 -5.38145796633036e-06
248400 0.0351963407783455 0.18746721725457 0.00133907215946853 0.00239940384188908 0.00180206032850463 0.00179611104531364 0.000810256337042235
248600 0.0352749171997218 0.18763949206202 0.00149396061376805 0.00344869877464114 0.00103967032798591 0.00354875584147357 -0.000427123814792755
248800 0.035266158778485 0.186908958111233 0.00288468877108519 0.00467846394827911 0.000114927398911383 0.00334106876767222 -0.000281227734796259
249000 0.0352554316111736 0.186764734504062 -0.000700292299585819 -0.000261216931432599 0.00131046244748257 0.00366556471851593 -0.000459847883059813
249200 0.0351284234830137 0.185426021083714 -0.000685160742301971 0.000880342459328457 -0.000103287794202101 0.00275942231028028 -0.00109607415717396
249400 0.0352940408717329 0.186421953368259 -0.00225170765664138 0.00231521755341161 0.00335845413310971 0.002911894520734 -0.000583126701723193
249600 0.0351350609155412 0.185135869724815 -0.00100026536627333 0.00186991585830138 0.0013950979054481 0.00475887350110964 -4.65811249541542e-06
249800 0.0353754314135284 0.188051280489496 0.00123849323348615 0.00206928963212708 -0.000563462748038108 0.00424993687066079 0.000766815112762242
250000 0.0353538322870386 0.189714571534662 0.00279931286885658 0.00546901770167845 0.00214367648403776 0.00305166909631124 -0.000517161326543268
250200 0.0355139323641081 0.190658368959967 0.00361370472082537 0.00542513625067319 0.00283777785076375 0.0016585650182904 -0.00125302379584552
250400 0.0353919715325961 0.190240123099609 0.00579870163296191 0.00315903750576259 0.00276317513857145 0.001808870327931 0.000700379083005165
250600 0.0353826751562095 0.186614583942231 -0.000600547480971296 0.00199185984782281 0.00286449332779067 0.00381660382565281 0.000200014368746656
250800 0.0353100486910919 0.185848796616943 -0.00107836682100688 -0.00357120690572824 0.00185289272896926 0.00506737627304344 0.00018387730391053
251000 0.0353559936634851 0.186205922816793 -0.00168088574656176 0.0024175323970374 0.0019816261681848 0.00254075401175729 -0.000724466349886885
251200 0.0355292245041691 0.189008306097542 0.000769822382900561 0.00063201947305473 0.000253945866137851 0.00277312462113992 0.000693179721866449
251400 0.0355032838826853 0.189365967148776 0.0035406589657039 0.00303870280209066 0.00104703198037994 0.00420643530400229 -0.000397677646604873
251600 0.0354226961843181 0.190763873324225 0.00477651688920196 0.00217798218112426 3.88684971257991e-05 0.0053850211351761 -0.000554910403270426
251800 0.0354611248269891 0.189212221101595 0.001855810856353 0.0015492441872149 -4.72678994917721e-09 0.00445640855905856 0.000715780701472604
252000 0.0353758362514819 0.18669226210616 0.0028893591500038 0.000766347265533904 0.0027929099076637 0.00251431153297502 0.00116524301825682
252200 0.0353352062307503 0.186124142643111 0.00201105058359056 0.00493678684091683 0.00198650763485918 0.00239871513604942 0.00160730557409536
252400 0.0355444276824032 0.1877513035608 0.0022668168221559 0.000596242047985458 0.00312562108392478 0.00289954187499025 0.000336175958392221
252600 0.0352614474384448 0.183703002569757 -0.000777746676779877 0.0029403581362579 0.00215699431521308 0.00182720950089908 0.0004086396602923
252800 0.0355500952491875 0.187197265267991 7.09876941510023e-05 0.00259735314030106 8.43737492048625e-05 0.00387450986861327 -0.000990769535556735
253000 0.0353492201524947 0.1877879624017 0.00144454687513651 0.00579332413908011 0.00139458429896513 0.00334909797152842 0.000324068222774927
253200 0.0356881152045182 0.190444342750329 0.00400569556761257 0.00102516824982705 0.000590431772144873 0.0028269133190211 0.000269930465264627
253400 0.0352381896581058 0.187436280558288 0.00192589936905297 0.0023033679400055 -0.000207227107908631 0.0030475213855098 -0.00103134611157518
253600 0.0356847409286474 0.18738355678132 0.00252970396333437 -0.00131983395724854 0.00340276193656711 0.00250114455154774 0.00059511163629283
253800 0.0352114262328127 0.185817414583525 0.00131961783802287 0.00258154176578713 0.00302892049988189 0.00236312761755231 -0.00032384285158384
254000 0.0357879998913575 0.188679892279639 0.00145955664831104 0.000324527892127962 0.00232281057144521 0.0044371397885719 0.000817991606919663
254200 0.0352221306881087 0.18722078999077 0.00132984966755745 0.00387016862665277 0.00210838061539729 0.00253287929209521 0.00172338499195267
254400 0.0357335287648235 0.190738482532922 0.00283752047554205 0.00117746729065806 0.00185849886906502 0.00436384359549164 0.000976883696033793
254600 0.0353980144145153 0.187014366377473 0.00275715024438374 0.00434304155161827 0.00435103204713523 0.0043425247775306 -0.000726471022780665
254800 0.0355539590034096 0.188592308643653 0.00214636005673874 -0.00350998585795907 0.00290983117867365 0.00405996606408959 0.000683685695844133
255000 0.0352911687458041 0.186533548542636 0.000254367435081994 0.000386638731666214 0.00192521663473526 0.00314820988217099 0.000305610279806929
255200 0.0356146786126694 0.188402281845407 -0.000186203680780299 0.000193339698484277 0.00177500125029844 0.00461017984115243 -0.000637246909791631
255400 0.0354109809781397 0.1889204619212 0.00460105999043044 0.00357747556563761 0.00109779262809014 0.00419376833428864 -0.000993656754603148
255600 0.0358721962021601 0.192691804783893 0.00525979056134297 0.00121960440966779 0.00221806849722051 0.0039115644406899 -0.00187345809211539
255800 0.0354690365471919 0.186635847948776 0.00120975730417047 0.0041194816520056 0.000402798865942999 0.00492433827275393 -0.00181784270574793
256000 0.0358330110229383 0.188267231559442 0.0020916212412508 -6.67037764591575e-05 0.00137844450601274 0.0034772795742032 -0.000947623593469738
256200 0.0354585668282416 0.186196537522363 0.00106695972509837 9.51655379445765e-05 0.00292792391559092 0.00332298302244406 -0.00350042059482935
256400 0.0356534388479762 0.186223559829529 0.00297824879785055 0.00290898318436683 0.00165065527858231 0.00221094536244806 -0.00234134249787247
256600 0.0356018337119274 0.185492107682213 0.00233416871521508 0.00354403625866997 0.00169240222847162 0.00138759990030891 -0.00101862074498896
256800 0.0357193958001959 0.188941473464276 0.00378668157745015 0.00417950606102552 0.00102568247829472 0.0035499421014309 -0.000393476646088465
257000 0.0357115557128475 0.188957983115691 0.00134249166472002 0.00266952543736039 -0.000144230120817559 0.0027928900466344 0.00159366612610138
257200 0.035523899995989 0.185719626556443 0.000724821321676622 -0.000247258383327045 0.000831151182250516 0.0026626336374422 -0.000300154411179428
257400 0.0355891369395029 0.184098600456385 -0.00253705086959234 -0.000709962297905346 0.00096052432153544 0.00290159681268193 0.00135644435933162
257600 0.0355301567617678 0.186045738197171 0.00144771157865689 -0.000876247652937277 0.00080556421925754 0.000951097668407511 0.000595683305008726
257800 0.035629281435938 0.189085416816446 0.00282522695597208 0.00277961263271021 0.00139523403390273 0.00253536199956932 0.000364359991791018
258000 0.0356315924821066 0.186160795360377 0.00357808796771703 0.000985189470885269 0.000815254980106509 0.00414293628972429 0.000184468761680076
258200 0.0356963561117613 0.188159652053011 0.00432289248621313 0.00375894584022713 0.00170135719779004 0.00234845374060706 -0.00101786843101564
258400 0.0356323997815558 0.187186811045317 0.00325776952487201 -0.00216862041651133 0.00349844293279247 0.00190444059539542 -0.00148414074693037
258600 0.0352798329971641 0.185891041325663 0.00254098973577859 -0.00150543835230365 0.00199818150498188 0.0040800642028217 0.000657713167150056
258800 0.0358440351974733 0.190982557152599 0.000147356601019376 -0.00282088368091753 0.0015954869982915 0.00605362316465652 -0.000337540488102679
259000 0.0352997402493272 0.186861331636893 0.00102366220966674 0.00214142568390921 0.00209361668673297 0.00583471548927179 -0.000518582602443717
259200 0.0359295557401422 0.191568055479052 0.00159833189683829 0.00270210480385376 0.00145638497365474 0.00247750247938943 0.000188056457494552
259400 0.0355540960182054 0.187565685441767 0.00224373430854417 0.00291772234220297 0.001672705701846 0.00275414429213618 0.000580463601042994
259600 0.0359572196782945 0.189906458138961 0.00318138271207912 0.00345095063185073 0.0026146345932564 0.00164239306163807 -0.000664013444323232
259800 0.0353120997476713 0.184668263365775 0.00438501222189782 0.00268599923402674 0.00228345820142728 0.00430873501789728 -0.000568464416971333
260000 0.0359824708977705 0.188330741832616 0.00278405132014548 0.00218937781935759 0.00219842127291781 0.00437585864134607 -0.00114760997267195
260200 0.0351642537817733 0.181138750731917 0.00555293589923977 0.00285178895497734 0.00212445822166375 0.00305907828198591 -0.00121746469762104
260400 0.0358675325736341 0.186935666249025 -0.00104180567064035 -0.000676904753975828 0.000185875912701061 0.00290424479738532 0.000796226982910612
260600 0.0353801793179876 0.185601916885292 0.000674658195331159 0.000511608458326206 0.000609870560552353 0.00305556833768247 0.000159923468745259
260800 0.0359034837120572 0.188072968960789 0.00200795074522352 0.000551199040295754 0.00146123981884981 0.00283372099272267 -0.00237148756142132
261000 0.0353995370044905 0.188190543486726 0.00328476624901483 0.0040752932797282 0.00229989978368615 0.00201151879254961 -0.00161665420005101
261200 0.0358801373965217 0.189749613378292 0.00366721961233013 0.0020746328675084 0.00105702386159467 0.00375558217619047 -0.000376635228307385
261400 0.035446129336691 0.186105608566162 0.00281089610408756 0.00310005878298423 0.000540523516705032 0.00336131387231661 0.00133621725163563
261600 0.0358074229637082 0.188148769491542 0.00158472519667346 0.00153473126140727 0.000194666620250633 0.00386056337557213 0.000782988673549203
261800 0.0354536405894048 0.185804709034041 0.00224459857479103 0.00299523615000106 0.00153679673535182 0.00249543247233732 0.000489853594551066
262000 0.0357811503764461 0.187812087332095 0.00290977185186676 0.0017625922372324 0.00174728387734607 0.00388395690526191 -0.00122118254644594
262200 0.0354616281780534 0.186259839912343 0.00193661043941414 0.00332780228539374 -0.00030609412118015 0.00470720370982076 -0.00013256025139982
262400 0.0357523403979083 0.188599513724413 0.000903520518989197 0.000235911038866898 0.000751628003967865 0.00355579169976199 0.000900079646529563
262600 0.0354441291438352 0.186763877673991 0.00109097719170463 0.000206939174531102 0.00176577146521128 0.00599066222165743 0.00083003194942015
262800 0.0360375885581905 0.190069753889829 0.000536529687938424 0.000277576115738139 0.00225177873870274 0.00512360178309369 -0.000508427440873313
263000 0.0353804238306809 0.186515524349543 0.00318594999449851 0.00527741374162492 0.00048067899996529 0.00313085743983757 0.000218446444537012
263200 0.0359614378311894 0.189294068680568 0.00256191076427881 0.00216757154506241 0.00240807849842568 0.00454336806783668 -0.000738134885778919
263400 0.0355293815048574 0.186289962275783 0.00096769149877687 0.00509426406956791 0.000845812916010423 0.00429972494606843 -0.000303997429993409
263600 0.0358056154938137 0.188003453726545 0.00227913412119029 0.00312305398276008 0.00122599237685516 0.00462408045000871 -0.000687562751831826
263800 0.0356909719778183 0.187779723581177 0.00247967392155296 0.00258434960251727 0.00204193835107126 0.00319457267557786 -0.000843200542028555
264000 0.0357734269240124 0.188091606630423 0.00503568155106509 0.00413284115463453 0.00243315601123199 0.00502427730207288 -0.00161041219088423
264200 0.0356465167344852 0.184298024723644 0.0022068445397791 -5.67124252802492e-05 0.00167160959334342 0.00277421284334087 0.000126295930112843
264400 0.0354703587356678 0.184513455516562 -0.00201459684377206 -0.000350833409406535 0.00153660232301773 0.00403087061079221 -0.000297340988032994
264600 0.0357574175707696 0.187452026118643 -0.000617582458585301 0.000988569212263649 0.00192517027601868 0.00410803078238007 -0.000598199608234194
264800 0.0355946049260928 0.185792800346705 0.00145662561670812 0.00346956536653704 0.00163960770165713 0.00310589443990907 -0.000352860857978237
265000 0.0358193164489711 0.189596404683347 0.00155697298913921 0.00215077129071056 0.0017559087714764 0.00236228309593042 -0.00142787836060155
265200 0.0357283519964475 0.191048829968107 0.00338156476968878 0.00448403664902845 0.00164075826180391 0.00319759443153251 -0.00226048702222219
265400 0.0358394812904526 0.188122684788644 0.00420939885244983 0.00522044995047292 0.00202881717361932 0.00434078569401675 -0.00160176519984681
265600 0.0357102616539214 0.185434559581896 0.00287882280889753 0.00256270310322549 0.00173259522952326 0.00368226447762043 -6.94407945313089e-05
265800 0.0357411050084026 0.184411758195421 0.00423970804358039 0.000636874328778454 0.00149409544029926 0.00342543643406509 -4.64444121084926e-06
266000 0.0358446224207938 0.18677239372062 -0.000317589388101482 -0.000873456894829819 0.0011267308619552 0.00209795342304986 0.000184786804652474
266200 0.0358039141635735 0.187192330472404 -0.00104287267300837 0.00262264782079697 0.00199852710483715 0.00310847041816926 0.000184865661750707
266400 0.0359235783275372 0.189365011798113 0.00563107655478464 0.00512928820788957 0.00279741056374617 0.00205128498573985 0.00157220132804701
266600 0.035820580540783 0.190160825676859 0.00463782021083294 0.00576457069535883 0.00210000393140445 0.00189355890644242 0.00136085198865946
266800 0.0359214087647158 0.190196916753098 0.00594291950765508 0.00139602882689861 0.00179302567112166 0.00194253621746439 0.000962672353049097
267000 0.0358390511403039 0.187365468981137 0.000694851937740828 0.00288521430143243 0.00126412119569805 0.00301589115977984 0.000303361019006887
267200 0.0357055364578697 0.186169457914903 0.00117017007125868 -0.00193444139371079 0.00260056792050464 0.00340385016986156 -0.000270241201219488
267400 0.035765290059685 0.187949366151518 0.00061256050010316 0.00140219093544123 0.00235081886962976 0.00319628621601233 0.000363427435887242
267600 0.0358329376762203 0.186857676438371 0.00254045872250083 -0.000334229752157059 0.000357995945415995 0.0024712234271959 -0.000134902720645023
267800 0.0359730382418937 0.188586644291134 0.0024460968989284 0.00216125764423985 0.00135384177759869 0.00407305901673213 0.00185560774661528
268000 0.0358255813327343 0.190233212483264 0.00567173448720024 0.00341701157556027 0.000632621071643506 0.00393149413486405 0.00183435594204797
268200 0.0361120848855413 0.189705869060988 0.00548140382562064 0.00468336196358032 0.00110593708726144 0.00323653083101558 0.000610980258690319
268400 0.0358296976177474 0.186886868323167 0.00280752405529713 0.00447689590999955 0.000220655111548243 0.00423142495405222 0.00069063376872303
268600 0.0358731487933094 0.186316589955648 -0.00182597831573993 0.00273017203022917 0.00215314856788558 0.0030610750662387 0.000610465703797632
268800 0.0356671690733093 0.185359351544214 0.00060660603171814 -0.0014238999961195 0.00114878486841642 0.00393451451586256 0.000165031984845886
269000 0.0359803823088497 0.189012357375014 0.00258455600588515 -0.000335274766604787 0.000557335708454143 0.00452454421546339 -0.000358497162994567
269200 0.0358070347151021 0.186779207781884 0.00372246940981236 0.000107364715580156 0.000451303883136696 0.00488347476301782 -0.00107855442072966
269400 0.0360141026992031 0.188736233237664 0.00460297808951818 0.00121724994891909 0.00108906781327219 0.00689408869524372 -0.000649151743025334
269600 0.0358129160268495 0.187145085444558 0.00448703352665452 0.00465409155510654 0.00163092588118804 0.0044118131393615 -0.000605991138848711
269800 0.0359996743285885 0.189226325812804 0.000154752237754886 0.0016101242664884 0.00177994158664583 0.00403639472459049 -0.000263952382066193
270000 0.0356901986940678 0.185253541325057 0.000907525769179604 0.00135195711817385 0.00297505587389676 0.00344728613290161 -0.000925029171502265
270200 0.0359286668371119 0.183243834495036 -0.000926112353916902 -0.00296147961255673 0.00180630771631722 0.00508452347945563 -0.00142707707302976
270400 0.0356544298637162 0.183214818609632 0.00135738332920603 0.000965857636646596 0.0013623206685588 0.0026633541818999 -4.17905982031691e-05
270600 0.036159689439916 0.189394026251865 0.00364022523836158 0.00204521135519856 0.0027160514993838 0.000778363222455987 0.000300795195505793
270800 0.0358770849448743 0.190106151394916 0.00504143900744832 0.00237361626474759 0.00328172472660852 0.00253300523560874 -0.000649670291755799
271000 0.0360251396393001 0.19023281044797 0.00115364791490756 0.000659648435264592 0.00132164685458794 0.0019287836678962 -0.00114947679951448
271200 0.0358187494909083 0.187197369258216 7.54033357396842e-05 0.000798747484883013 0.00215761026940599 0.00363625476558984 -7.89226358815711e-05
271400 0.0358007605883919 0.185151710128199 0.000472518234169105 0.000859479850885213 0.000727406766043785 0.00370654406977751 -0.00155245518331862
271600 0.0358788564455366 0.185562838154021 -0.00258748707615621 -0.00231196607480303 0.00205081515307238 0.00452065986263588 0.0013797199418915
271800 0.0358324209225473 0.186742583446645 0.000511467476547489 0.000553200330629158 0.00133843500893928 0.00339849964659538 0.000125377382660671
272000 0.0361321234638545 0.191907982683284 0.00335127683150302 0.00175136635541687 0.0013959515761823 0.00356485682579528 -0.000438909162149043
272200 0.0360618793435479 0.191070072988421 0.00395898907020823 0.00688785779789852 9.47416587442766e-05 0.00495072545566844 9.83644342879075e-05
272400 0.0361008611399695 0.191133797038903 0.00233017113559445 0.00388189775550691 -0.000333897586451927 0.00404534167322357 -6.39267059284371e-05
272600 0.0360091563804094 0.188064753295876 0.00194571669909027 0.00460503141898417 0.00102988063613286 0.00440357302384275 0.00156078471524412
272800 0.0361048281926621 0.188264575453486 0.00191127102415275 0.00381071644504523 0.00277794181300902 0.00342465322762604 -0.000227513642404429
273000 0.0360118523090818 0.188645967382977 0.00184057406296576 0.00187280477465972 0.00253529397238451 0.0031025677543483 -0.000287707835269273
273200 0.0360802558678912 0.187516979853778 0.00182054698350854 0.00276887406553474 0.00106348646946964 0.00378956246514459 -0.00223016027780932
273400 0.0359886542793393 0.188234424074949 0.00111942540702302 0.00163095609448503 0.00157650000413199 0.0034395449084496 -0.000602384746233181
273600 0.0360611456486561 0.188582107898005 0.00159002462441236 0.00177373091967044 0.00146855744737166 0.00344406458653302 7.18050415193117e-05
273800 0.036045020326898 0.189159357152605 0.00404908689582678 0.00105916923011389 0.00156235849053614 0.0038004195599707 6.55297359007555e-05
274000 0.0361003336520444 0.190234177751199 0.00258645161198768 0.00223984865339273 0.000492679087191266 0.00458984351448506 0.000134780589211758
274200 0.0360051924239443 0.189961335802321 0.00529971009301755 0.00122309926772455 0.000340060051064384 0.00267751111764821 0.000251985367680662
274400 0.0361026065261352 0.187737307721982 -9.13764466165308e-05 0.00120798207021365 0.00131872703392393 0.00325501390487141 -0.000602737187008382
274600 0.0360177061356232 0.185038344267451 -0.00110619939684816 -0.000382970987245907 0.000213043990550343 0.00433552956420008 0.00105835149082927
274800 0.0360526183005923 0.186088493670995 0.000218824377019081 0.00120479394196312 0.00147071814455461 0.00534480459005296 0.000211278956978587
275000 0.0362003207775007 0.188309866283828 0.00364867827718532 0.0019143745484231 0.00103160416573828 0.00476798914119006 0.000855587392382112
275200 0.036063005650924 0.187275067437862 0.00364855156110085 0.00501534618665707 0.00277509095740077 0.0048404720651768 0.000668593873331273
275400 0.0361306198860189 0.188589546641283 0.00158811909644446 0.00373111642940626 0.00271988724431036 0.003442371672403 -0.000303892196480972
275600 0.0360385599809146 0.186918766833964 0.00305426534168254 0.00336297336258424 0.00345258395229805 0.00471606938027145 5.68643157294523e-05
275800 0.0361529663871687 0.186327872145112 0.0031948319891893 -0.00171668923629973 0.00163816651991031 0.00249877035258433 0.000530240181289783
276000 0.0359930733969747 0.187280405533178 0.00274911269829978 0.000819088174961362 -0.000637946229320931 0.00445335417784246 0.00106829626097231
276200 0.0363880247850034 0.18937303766334 0.00502116058889093 0.00184779876702182 0.000251103153463261 0.00320918201351762 0.000345066334468853
276400 0.0360385460403321 0.187328522072898 0.00197566334463405 0.00560689114134724 0.000789468143214192 0.00165006715119451 0.00161535927505632
276600 0.0364099938035031 0.189267638974364 0.00299067924115083 0.00279779546386118 0.00121501964623562 0.000744655761145881 0.000359422443709092
276800 0.0359312409214682 0.187477710618758 0.00197520695297313 0.00545881371270932 0.00130445967646771 0.00217757888765897 -0.000983035126731193
277000 0.0363476695114616 0.188227369836017 0.00240491240985753 0.00114555683999216 0.00173192285757448 0.00478891255834635 -0.00049326295784053
277200 0.0359199218614719 0.187844954790123 0.0033419734707563 0.00188418674978884 0.00168667928881891 0.00329645376843046 -0.000180999582969415
277400 0.0361480771267048 0.189270854553624 0.00122862003868922 0.00101280073178415 0.00198163694783511 0.00271400412692779 0.000292315857153856
277600 0.0360703392085525 0.188559210746919 -0.00189061736179149 0.00184906880193426 0.00127091952260427 0.00249023358348898 -0.000382370503539642
277800 0.03626132835558 0.187988855965624 0.00150569344416427 0.000429207171252585 0.000998422546401646 0.00184746608753407 -0.00120111379019767
278000 0.0361261019310453 0.189851607490291 0.0060447605335842 0.00446888104989491 0.00246745103262592 0.00204310906260218 -0.000329630784621831
278200 0.036534188512915 0.190660440459252 0.00372480741219511 0.00613393636229339 0.00167251831568436 0.00298019060839378 -0.000228541258042388
278400 0.0360524142572134 0.189763600325221 0.00248078447873513 0.00527631546443508 0.00126866269316341 0.00215432382952938 -0.000298023344621591
278600 0.0363273176771039 0.187568361233955 -0.00144563858547389 0.00363359053824173 0.00114501014441254 0.00311181504744798 0.000666586918431491
278800 0.0358886187370143 0.185208583199753 0.000872673317904923 0.0016500758690929 0.00112665985160862 0.00270629041590722 -0.00016941252173641
279000 0.0362717422838091 0.1859470496883 -0.000396589349350726 0.00335991317518506 0.000691963691925654 0.00137672358563197 -0.000797080979982594
279200 0.0360578348869769 0.184606110330475 0.00349195383106106 -0.000431247166664439 0.000102683062978998 0.00209719419980088 4.70095610324576e-06
279400 0.0362705161624572 0.18719853361619 0.00116464172913722 0.00316759846553335 0.000131983706141527 0.00266057521181072 0.000921100240479328
279600 0.036293321930846 0.190431349811131 0.00582625719551255 0.00241000627494999 0.00168793321189845 0.00294372108568411 0.000270934462143549
279800 0.0363703914412352 0.190757405575486 0.00196256440682477 0.00662002008895609 0.000490080787055173 0.00207841887847898 0.000367563943475751
280000 0.0361776202795542 0.187635081675191 0.00213334824600557 0.000187940592316102 0.00133707729180694 0.0028611930708394 0.00127121024833612
280200 0.0361496597178723 0.186499787286003 -0.00403926687489169 -0.000287407103182411 0.000859902559513564 0.000708932481139423 0.00108002857842078
280400 0.036115624760325 0.187929200282032 0.00163290620337644 -0.00089506810398519 0.00032471869800184 0.00181287017851198 0.00219856795753008
280600 0.0363296064066767 0.190455553927953 0.00165125928750477 0.0039809284589907 0.000307039865502721 0.00346872378903696 0.00180733849306466
280800 0.036100941028749 0.187330327192013 0.00131620796421223 0.00183310060847024 0.000356799402840823 0.00284770883173392 0.00175358634403272
281000 0.0362421724185165 0.19037317016245 -0.00107358635883427 0.00307697971829003 0.00227686062815315 0.00108284706616214 0.000330081514286473
281200 0.0361485050241118 0.188227290943356 0.00376096138313434 0.000713087353423263 0.00141058685921994 0.00175548466211373 -0.000761864800462442
281400 0.0362857545135479 0.189726113186178 0.000543263940598632 0.00215760963662878 -0.00046795366435088 0.00318556354155124 0.00108072684533041
281600 0.0359398297508848 0.186308144354696 0.00625444694827276 0.00155898563473075 0.000461007753522526 0.00362092203988418 -0.000907062735759029
281800 0.0364080738361175 0.189631531893976 -0.000120797323666593 0.0038237371160031 0.00037737420497918 0.00305282882019736 0.000947877677682951
282000 0.0360816940009628 0.186619680048869 0.00434378614089161 0.000163333738625778 0.00180421393216854 0.0010592476623532 -0.00032173137655045
282200 0.0363450675198096 0.188235409138359 -0.00117664840360557 0.0021736419835371 0.00206324660601062 0.00106781209998627 0.000767270528724365
282400 0.0360593060365448 0.186763965144381 0.0029360178302284 -0.00207318177753861 0.00197338281535022 0.00328899895863183 0.00132642882997526
282600 0.0364118765213272 0.189739050078223 0.00330098303966659 0.0013216458500344 0.00131777343426964 0.00288154700480425 0.00125456876930324
282800 0.0363243317817116 0.188423608508188 0.00380051545392698 0.00274309857206316 0.00143718827989156 0.00273110660097737 0.000282455476007345
283000 0.0363722645989809 0.188880282392654 0.00280078246476079 0.00429555932401397 0.00222793019481585 0.00292033076604095 -0.0002428463577673
283200 0.0363344523890335 0.186537806020303 0.00215606831362687 0.00475192192284744 0.00150345684757799 0.00324311301575798 0.000588370700740387
283400 0.0363393174876396 0.189306714066359 -0.00045843830563587 0.00309592376604708 -6.96053811831509e-05 0.00276067233224575 0.00101886779485747
283600 0.0360628317955034 0.183187854955772 0.000398900256784426 -0.00137508906743994 0.00177575774509386 0.00258395539853789 0.000229555009330187
283800 0.0362406898226547 0.185326958012348 -0.00323767272243473 -0.000612074623759357 0.00136213552724136 0.00268015271209748 0.00214370544709859
284000 0.0362023697664985 0.188073437728739 0.00124332848623817 -0.00049460790712203 0.000773621364723825 0.000955277473833682 0.000433343187163902
284200 0.0363582599008519 0.188278664240519 0.000385019262167355 0.00354605605031261 0.000535057308639076 0.0021509520411304 -1.74797233932172e-05
284400 0.036423347495598 0.191398486582026 0.00583188702687027 0.00523889223748807 0.00247441811353167 0.00278066887032922 -0.000247230526846812
284600 0.0363914122909311 0.189157420464248 0.00139409142899811 0.00488744357773534 0.000730762460487703 0.00240567774400566 0.000196552612565582
284800 0.0363708556178081 0.18666758344324 0.00376046870469691 0.00164426329287127 0.00140088706723545 0.00321138104145007 0.000582058035148149
285000 0.0362910329678706 0.183250105873652 -0.00190513645578971 0.00319325040997664 0.00226980344951866 0.00242525357727855 0.000337652240997751
285200 0.0365162319325743 0.188245378850875 0.00263973112645883 0.000552885836676848 0.0019919801280851 0.00531185933245857 -0.00135306838922954
285400 0.0363152785689177 0.18810361752332 0.00352637790995676 0.00402135688597659 0.00238344897143973 0.00187409485715734 -0.00152391304828201
285600 0.0364666487197961 0.192045209741187 0.00413956294841259 0.000369613060039109 0.00105199743312392 0.00138575477406462 0.000331804295898947
285800 0.0363936975228753 0.188595697899376 0.000764371890468004 0.00584596997374594 0.00302797446583263 0.00259996614594042 0.000298559648962476
286000 0.0364974406510408 0.190519737919504 0.00502752226550275 0.00088043070864558 0.00195218475135192 0.00287769354904468 0.000122188338639208
286200 0.0363686607084376 0.187256774836806 0.000845928084765991 0.00235934708637424 0.00116466456628231 0.00391935369178077 4.62369881221989e-05
286400 0.0364148129003925 0.189046505834175 0.00286300729737277 -0.000909094206743942 0.00104227142153962 0.00288933254996249 -6.4157903288745e-05
286600 0.0364514055993686 0.191211116401762 0.00189234456941726 0.00201414386819367 0.000998656635956992 0.000998166075261345 0.00180927579935174
286800 0.036517904168033 0.190430810804337 0.00466953470532904 0.00229876522469554 0.000712796453212003 0.00146037745817094 0.000283269573530097
287000 0.0365336994020834 0.188699603336462 0.00148084817401295 0.00290196359115212 0.00413574986804693 0.00150721237573116 0.00051279735323298
287200 0.0363368774655106 0.18662139651576 0.00225368131534654 -5.87382104907851e-05 0.00131691166112174 0.00208878747420672 0.0019735296532745
287400 0.036393793869631 0.184918026958509 -5.18912890728613e-05 0.0019948049232852 0.00217779210812901 0.00404527143897471 0.0014246845844455
287600 0.0363263748270148 0.186770508308069 0.00307398858321097 0.00115139973479511 0.00191868171443549 0.00360802213973285 0.00100691394313667
287800 0.0365340160963014 0.18991521713209 0.0013658567158118 0.0044595146943708 0.00122986775806784 0.0037588482316864 0.00219377401375086
288000 0.0364246429426487 0.189119505183295 0.001821156467599 0.0023976855405379 0.000833559135674558 0.00204544472879593 3.23943702608411e-05
288200 0.0366350601645047 0.189247217766566 0.00159927716241615 0.0031756653227724 0.00294658006486581 0.00344881334712011 0.000150208688382685
288400 0.0361921386918085 0.185640337730501 0.00488997921768724 0.00144891756390268 0.00323736194683043 0.00342806968305183 -0.000934455216821682
288600 0.0366437855615193 0.189409991550696 0.00301547024488013 7.70921105606025e-05 0.00350168116894016 0.00163607120849484 -0.00186567432471924
288800 0.0362888841616937 0.186796107656161 0.00303014437532942 0.00146190760842949 0.00341690173077798 0.00238730141870637 -7.3294454681645e-05
289000 0.0366490441717619 0.188634026730688 0.000518210358077038 0.00200598781577416 0.00319877093981906 0.0028478245186736 -0.000152614466018949
289200 0.0363165297216386 0.187271052780646 0.00392428756249602 -0.000119175239855008 0.00143134898749116 0.00315368038234771 0.000616449932103386
289400 0.0368638512052707 0.190407511299346 0.00290614256833627 0.00299082250656709 0.00239337889724519 0.00375863236279188 0.000189513040770818
289600 0.0361744968677523 0.185940081689821 0.003534602757126 0.00600729691510127 0.000988066024117352 0.00356061062981437 0.00199417683020457
289800 0.036730131882571 0.189343799962792 0.00361481715190491 0.00096127220319845 0.000694419259790986 0.00157401301928478 0.000323334647386513
290000 0.0363476501704811 0.186066943267235 0.00261127626431573 0.0021249752533343 0.000765633664962464 0.0024083014293968 0.00148309852905063
290200 0.0366367857496911 0.187312443839093 7.56004411495893e-05 0.00211597978298887 0.00143945565301539 0.00177192084219212 -7.86445037568122e-05
290400 0.0363989014030826 0.188096782272897 0.000220775063675364 0.000841651181649814 0.00195038147142536 0.00373340046843702 -0.000742282005347613
290600 0.0366185655088038 0.190457225220171 0.00137635926049426 0.00218104870671663 0.00267495165437969 0.00125329750139017 -0.000406712360744088
290800 0.036335079893444 0.18578448237894 0.00459725099403016 0.00307306334844355 0.000979853499157474 0.00238620070333518 -0.000122171832711115
291000 0.0366466938739804 0.186610365036266 -0.00121762263604758 0.00201234730233325 0.00141733521518424 0.00299160621402305 -3.26726020510994e-05
291200 0.0363473251505476 0.186649162887491 0.00322481203011156 0.000686156166358364 0.000431356254612053 0.00452576543549242 -0.000987349614040253
291400 0.0367593139509778 0.188357715928085 0.00160557560059847 0.00183557944068451 0.00311151328912391 0.00370965919294727 0.000265717119646562
291600 0.0363386615782504 0.187113277008857 0.00513795808125825 -0.000385925205206501 0.00327556604120803 0.00220969538702052 0.000661424595240797
291800 0.0366323083544041 0.188711758241567 0.000711827480952811 0.00477810303739057 0.00118341358627493 0.00164284249885557 8.39197631916887e-05
292000 0.0365153971103418 0.186230314334947 0.00347179361185248 0.00286407459445139 0.00193482330411154 0.00287017008979472 -6.75772288121541e-05
292200 0.036633741513814 0.189481053640762 0.00148572532454839 0.00261292961787931 0.00163460277537877 0.00215052123200912 -0.00127091598265496
292400 0.0364433630406205 0.189243918681052 0.00271069728357039 3.17902612139249e-05 0.000981063168716806 0.0021619049814822 -0.000735836904273307
292600 0.036520359811807 0.188135122594979 0.00147372900573608 -0.00143659355150718 0.00152900836101413 0.00247928893611667 -0.00103486809304865
292800 0.0363916329598687 0.188057314492633 0.00352953893598985 0.00148925867896128 0.00205921471158433 0.00192986066366331 -0.00171275073304716
293000 0.0365578128584805 0.187377249594898 -0.00181251569697012 0.0013798926351101 0.00146314176216717 0.00203200952378832 -0.000238262175529176
293200 0.0364989729913134 0.187404376161264 0.00307442282508696 0.00151464664673075 0.00147859660221492 0.000855291997876514 -0.000247053253279522
293400 0.0366835009134711 0.190129779617961 0.000627712692618917 0.00327740000887721 0.00199976612518338 0.00180676605711651 0.000124635167291468
293600 0.0365074997477682 0.189436735748384 0.00588650260770349 0.00311077641334916 0.00110013297784168 0.00109372256038159 -8.71747093420971e-06
293800 0.036615587259094 0.188142541592166 0.00420867346500894 0.00319643065152171 0.000816833900517049 0.0027111761660917 0.000492628615915805
294000 0.0365789589931394 0.189321726705514 0.00450686603347325 0.00291106505872941 0.000780588164280778 0.00208600049984274 -0.000309071941345683
294200 0.0366079677891343 0.187423850089941 0.00216433643206525 0.0049856007532483 -0.00126818737020255 0.00130049751364233 2.57679143844369e-05
294400 0.0366079841553696 0.185024294146535 0.00276004189925891 0.00371786710913145 0.000783159410331638 0.00247932307854885 -0.000190566680480321
294600 0.036552223258711 0.184605184681379 -4.81994396675659e-06 0.00389828912508742 0.00187453741984365 0.00290549152447441 -0.00118231556593366
294800 0.0365282130268943 0.187950997600347 0.00506080346750501 0.000601327439756651 0.00400661904084012 0.00303664611585226 -0.00129056407824572
295000 0.0365918288184272 0.188879226785635 0.00278629660211565 0.00328705844008292 0.000409960181803063 0.00250341897460875 -0.000592268644643503
295200 0.0366321619139644 0.189842942496132 0.00371428260523249 0.00109500944629741 0.000943149465730995 0.00309781259366375 -0.00266967516011213
295400 0.0365649209232774 0.187295380815048 -0.000996111802295899 0.00134455559386631 0.00217135064477846 0.00185136056396492 -0.0010725143506
295600 0.0366854945417163 0.188466122186288 0.00211358296823829 0.00208184865558734 7.36617908481263e-05 0.00214667894395497 -0.00182649198085033
295800 0.0365465208097447 0.188968274814579 0.00213722216734478 0.00303060299593261 -1.38969504981732e-06 0.00194042885839991 -0.00236347473134308
296000 0.0366212708863357 0.186386581609814 0.00117401244101804 6.82945871883453e-05 0.000480575965123063 0.00236176418456186 -0.00116432942754175
296200 0.0366334821989638 0.188272017751741 0.00050719131623041 0.00313516764713052 0.00102095825482842 0.00220841655967519 -0.000156243132254941
296400 0.0366582264429233 0.18565094377456 0.00180671039800735 -0.000752306525563074 0.00160536143218816 0.00276821720565674 0.000118294557321224
296600 0.0366081359486854 0.187530075264882 0.000421040555859567 0.00165134931514793 0.00231239237242184 0.00266532292718978 -0.000701968473354305
296800 0.0366607766801503 0.188154034001492 0.00255837637846083 0.00248256196409929 0.00228384974305519 0.00271972877700429 0.00128081811576753
297000 0.0367489588141127 0.189019594445079 0.00474514809548037 0.00610051866132313 0.00230385317651045 0.00314707179129538 -0.00131735088560276
297200 0.0367651139614384 0.19004059407074 0.00326161528345261 0.00546154564786664 0.00099929846572294 0.00354072631727322 -0.00152033343929345
297400 0.0368363877827517 0.188039250058222 0.000290925138592561 0.0053043816588056 0.00200161105687569 0.00187553575367035 -0.000282288797802083
297600 0.0367087003078705 0.186484578614088 -0.000859682147780668 0.000794418537174103 0.00100675054846455 0.00342418000236389 0.000639321319180774
297800 0.0366260044003136 0.18585488501701 -0.00268961026557316 -0.000186127088794382 0.00217280124533023 0.00211568682987545 -0.001542751790913
298000 0.0368274554655493 0.185985997926798 0.00196377492795031 0.00106527916695418 0.00219659533696705 0.00273649395972073 -0.00129132253541682
298200 0.0367880521651145 0.187826047122743 0.0029928602614119 0.00221515955905492 0.00154411518251865 0.00229244497413244 -0.000913516160895216
298400 0.0367759817724495 0.188753584788899 0.00308622484279754 0.00343337669842862 0.00176425635744325 0.00461881011637827 0.000751113283019991
298600 0.0367584962095523 0.188110246331969 0.00335129202690395 0.00165175261024905 0.000781782082528466 0.00293072502275862 -0.000764603203259711
298800 0.0368138460699153 0.189608429236864 0.000115555345347549 0.00151435395821908 0.00271362161568799 0.00365475259496014 -0.00139539134929836
299000 0.0368402049243526 0.186232578478231 0.00204656995898093 0.000340058116884349 0.001465279597709 0.00344556738963061 -0.00115625831422146
299200 0.0366309029649853 0.1887644995374 -0.000278992258324976 0.00357832737230787 0.00279631371513193 0.00448677733143096 -0.00247584682192894
299400 0.0367895384524321 0.189917490517935 0.00170487074982141 -0.00149735292236026 0.00153823913618347 0.00339452191898987 -0.00238659704819515
299600 0.0366697073190676 0.187585572122239 0.00116330453074943 0.00176881259863767 0.000768709476616423 0.00264090675417385 -4.81466917564556e-05
299800 0.0368220144674042 0.189134283768015 0.00298643684717349 -0.000455054189791984 0.00170474020130268 0.001914620323686 0.000817408785835006
300000 0.0367794505990292 0.190278031844925 0.000322287545165308 0.00326015772710773 0.00291016871116339 0.00329955288995043 -0.00128028654028214
300200 0.0368346435470487 0.190942944850846 0.0025848879269685 0.000559987648248433 0.00266986854827871 0.00272649890323063 -0.00122733790609315
300400 0.0367490090589989 0.18820427395375 0.00107089981459341 0.00489868134055979 0.00154388433401725 0.00288911854858322 0.000261971841509628
300600 0.036878988452974 0.188716087888149 0.00201273910264132 -0.000145854666996029 0.00221400554495097 0.00280422540195738 -0.00120534663550018
300800 0.0366900466360802 0.190647415338047 0.00121312801617315 0.00333345269046421 0.00195529381477784 0.00147582642477545 -0.000942423539038989
301000 0.0370434898357983 0.190744505911164 0.00224920330809721 -0.000433356703221725 0.000997096430867205 0.00238186101645066 -0.000814061456439274
301200 0.0366987934457679 0.186708301212335 0.000769640318003143 0.00394278447686898 0.001030323708744 0.00349271736156208 0.000822237518489173
301400 0.0369867538365563 0.189786080241224 0.00316221570240184 -0.00271570694940841 0.00122058243566276 0.000649524191789404 0.000650147274345369
301600 0.036668647025929 0.185538180774272 0.00177537093937688 0.000435212875477161 0.000939462518719631 0.000223314509447782 0.000356886251297847
301800 0.0369206571256339 0.188310362921125 0.00227070473958737 0.000861242187645198 0.00200313814446985 0.00282850550601065 -0.000303540323744276
302000 0.0369283372951534 0.188072725432656 0.00457426999390651 0.00398793395449451 0.00172364020871015 0.0028335366393385 -0.000334886665325366
302200 0.0371076978837849 0.189994530053646 0.00442524822962434 0.00349386603727174 0.000760505435497189 0.00199382151158254 0.000350570565414975
302400 0.0368422827802604 0.186335195211934 0.00153030845422363 0.00210216940447666 0.00126324426332407 0.00234117343402815 -0.000304561673013073
302600 0.0369767790196941 0.185524998714147 0.00204143603241232 -0.000241347007329067 0.000412440467540332 0.00265787913425319 -0.000664454132617102
302800 0.036892331053864 0.18563746797922 0.00226599068218176 -0.000239381807154052 0.00108500638954318 0.00141719704997409 -8.34110715756147e-05
303000 0.0370168155191132 0.186541297022232 0.00466085706470682 0.00188179087846667 0.00278895729067145 0.00184937174383316 0.000509355715444358
303200 0.0370245154247881 0.187350697406416 0.00515595534750342 0.00358406773627413 0.0018458868709304 0.00218473656766862 0.000553160927765411
303400 0.0371954221352398 0.187064122807177 0.00290176218306585 0.00261864124142336 0.00237466220879263 0.00243958633213037 -0.000647588073567954
303600 0.0370396389402099 0.188407289064466 0.00272466596601119 0.00639086897709975 0.00180571563638982 0.0032228523485803 -0.000630153878844414
303800 0.0371481879314905 0.188938735754823 0.00271689679993354 0.0017973504964509 0.000712860861305964 0.00277483868436596 -0.000434176911692688
304000 0.0369606770292691 0.185954203953213 -0.000645534656246139 0.00158288228352848 0.00143227564218997 0.00298562855291884 0.000349964905400306
304200 0.0372136335567912 0.187874649133332 -0.00213024797061964 -0.00165699534405204 0.000763704830022013 0.00550913132101216 -0.000758640123115996
304400 0.0367903881002958 0.182462241435423 -0.00121951467255281 0.000598794528967635 0.00124273385167519 0.00390250184954357 -0.00172328674986733
304600 0.0370578138910593 0.185574470012713 0.0017994163468215 -0.00116531031661691 0.00191844613066287 0.00272553864213095 -0.000523158536619298
304800 0.0370185491350302 0.188778001581977 0.00148966376301449 0.00232440183624472 0.0015370497055499 0.00455070277189862 0.000187625536088538
305000 0.0371345309279203 0.188611761387369 0.00178782826429257 0.00423637551663852 0.00105255273660673 0.00267811540967521 -0.000303592595335996
305200 0.0370750875188222 0.189240313672108 0.00303396306074038 0.00519279062555722 0.00148920924890666 0.00330041113370265 0.000908861858668771
305400 0.0369497950334323 0.185515226317306 0.000101668489457167 0.00311993322123701 0.00223404282913378 0.00171203022335398 0.000507496961870394
305600 0.0371566043373904 0.190041311448738 -0.00195431584312743 0.00309204741565147 0.00288805352448931 0.0031325900405505 0.00075103679199567
305800 0.0370295754838322 0.193095047599824 0.00331632594504805 0.0025087853704741 0.00151063516386024 0.0030386499534132 -0.000329141071237031
306000 0.0371914825131695 0.192821777272907 0.002826138911204 0.00713076321440232 0.00281124013273044 0.00331096642699548 0.000804168084917722
306200 0.0370209332653506 0.189861889530038 0.00474737219582574 0.00183654485798943 0.00132270948311708 0.00104371128909175 0.000853835040303707
306400 0.0371513713738859 0.188405760966991 0.00261845302893937 0.00148457329652771 0.000952756932377971 0.00102819756403918 -0.000161025228714723
306600 0.0368587436430673 0.185226475070909 0.00259465937736039 -0.00140768315938501 0.00152573029736733 0.00142329681020331 -0.00105766284823097
306800 0.037127565749088 0.186979343586362 0.00078475443686694 0.000153389470389234 0.000955265551298136 0.00337488533229075 -0.000331558796574613
307000 0.0370228841898629 0.186742085059158 0.00489663882910163 0.00257943016085292 0.00181013052797503 0.00245478491366503 -0.000932611196268528
307200 0.0371726691044136 0.188928139654467 0.002012690741963 -0.000578103908371319 0.00168858185610554 0.00161026939727053 -0.000454612931490887
307400 0.0370418174176727 0.187803396848861 0.00617072833304616 0.00112500814128042 0.000899580671344287 0.00226268750167784 -0.000249029540729698
307600 0.0373421437073393 0.189737101482119 0.00603846310459838 0.00385048001918839 0.00259301679214591 0.00442188478107415 -0.000710111492567862
307800 0.0371368756809284 0.187406895014745 0.00647805219170438 0.00293666807681366 0.00156971543247455 0.00250899834485246 -0.000116971315670952
308000 0.0372998432672634 0.188630574121662 0.00285192165757781 0.00410668538086443 0.00194495262773659 0.0017523944405995 -0.0014922520802715
308200 0.0370123274480804 0.186893137949152 0.0027533227878892 -0.000842227351609824 0.0011601673543349 0.00231240101899598 -0.00106449398162802
308400 0.0372301970098933 0.187803568767625 -0.00253705965732337 0.00221430162093097 -0.000594249955191281 0.00163263799141639 -0.00193424515024237
308600 0.0368627051869669 0.185949918469573 0.00361434147716453 0.000794394203248053 0.000309864755881435 0.000396400393797423 0.000859623878059779
308800 0.0374561486312932 0.193338710102651 0.00316871253447669 0.00242080085328467 0.00198052148843726 0.00201444389635255 0.000214149099957873
309000 0.0368932019425402 0.187582322576119 0.00572927038474818 0.0019418242114213 0.00130321430484808 0.00448342680661797 -0.00103387857545815
309200 0.0372955738436433 0.190566481844326 0.000238756068596225 0.00262423803725756 0.00153478921104169 0.00329063512588173 0.00119678156138415
309400 0.0370169886225927 0.187830048134455 0.00191624819902422 0.00185954637053975 0.00265060507261673 0.00187914011533618 0.000145764868513534
309600 0.0372595596906507 0.189955132917821 0.000651460748785304 0.00156374336858702 0.00322390707053583 0.00172735403584469 -0.000307690149633781
309800 0.0371131580864926 0.191414809264008 0.00352194375797624 0.00412372180595675 0.00185994479438476 0.00265572675103776 0.000122996002061572
310000 0.0373316484887191 0.191447035857045 0.00255747530007675 0.00135351730201696 0.00168103991422876 0.000734287304107013 -0.00076667236105912
310200 0.0369052879327966 0.185428529997675 -0.00119352981240684 0.000476111660948588 0.00148264578017641 0.00325210233824697 -0.00225042071317918
310400 0.0372422519129008 0.18641264037855 0.00160646096068983 -0.00232018285280885 0.00126038909357862 0.00262167999117426 -0.00141954852239101
310600 0.0369807667841492 0.188302809969979 -0.00177012906042906 0.00407311780878664 0.00302738845675482 0.00171256943021588 -0.000317448298778843
310800 0.0373254789750454 0.19034590393415 0.00198860877123995 0.00221433522985444 0.0021436357987305 0.00290003090635014 -0.000833003776724601
311000 0.0371154725777482 0.187244136457093 0.00168930646451852 0.00478815095398452 0.00201175055760372 0.00256768538480621 -0.00067481989468679
311200 0.0370969041146489 0.188350351159571 0.00206116838242277 0.00193496926117235 0.00256343253767437 0.00153496233165083 -0.000858338846803007
311400 0.0372240452912732 0.189784061106968 0.00272921153536317 0.00462362114008528 0.00111879059447004 0.00186677471032299 0.000633602732755018
311600 0.0371375466893059 0.188036752168653 0.00528093811834225 0.00167754660666148 0.00191424917695477 0.00292145128752864 -0.00214333888022711
311800 0.0372858242671183 0.185913019164967 -0.000135072276718795 0.00218738031596233 0.001073088724417 0.00139027567311658 -0.00143186768875651
312000 0.0370864857807893 0.185765896914029 3.69199267296851e-05 0.00028405037831339 -0.000328667405303795 0.000913479815054166 0.00092106813347608
312200 0.0371962871945447 0.184888717779515 -0.00243403377952174 0.00195314756636817 0.000118440987886258 0.00252790447306448 0.000367532515114644
312400 0.0371970281889822 0.18824391525735 0.000921046291758844 0.0016650973216644 -0.00013492487920009 0.00264306097668268 0.000293995398922187
312600 0.0372347508997988 0.189653315435221 -0.000529686131962785 0.00418437771574063 0.00209848929034757 0.00197086532992729 0.000520400712278131
312800 0.0373832075636578 0.190329979973826 0.00465206922328934 0.00345521997397373 0.00147614808473971 0.00310540808721262 -0.000169833884934662
313000 0.0372365581404616 0.189235946911141 0.00383636141765669 0.00430492395064521 0.00219310838863662 0.00173991417102988 -0.00026557045790393
313200 0.0373605343952968 0.189153461105087 0.00505590408035515 0.00390883068002113 0.00151798548043733 0.000773810211818196 -0.00215495520396539
313400 0.0372411737520107 0.186134910367674 0.000156167710379579 0.00187468784503448 0.001390978756948 0.00303503937248348 -0.000838159019832712
313600 0.0372874793557869 0.188992032454914 0.00169180175154922 -0.00218205267849017 0.00160296074464314 0.00219832125764156 0.000442419693864799
313800 0.0371026366311179 0.186586552785706 0.00275525516693922 0.00250538114216636 0.00113387851065301 0.00357007131077133 0.000668854024154904
314000 0.0373496079016411 0.186382745206688 0.00158260191146356 -0.000283973005320574 0.00190492525462075 0.00252963727428214 -9.82770417522362e-05
314200 0.0370630425411581 0.183365547565665 -0.00185857858151624 0.000316202352103846 0.00145445400281253 0.00115917734473246 -0.00132282588426556
314400 0.0373895541870681 0.187358721946634 0.00330672905856333 -6.86513240893138e-05 0.00113444302911534 0.00274478128609511 -0.000512678976847463
314600 0.0371124227658266 0.185507088128911 0.00340641307645551 0.00533566618063437 0.00232867278920823 0.00246481601087117 -0.000438251214914092
314800 0.0372627500850545 0.187377385792457 0.00504697594550837 0.000923278619259378 0.00219883552696057 0.00411920536135069 -8.5671970044255e-05
315000 0.0374343106827636 0.189673317988918 0.00317130252021189 0.00310621869462453 0.00148468012195174 0.00229770479347034 0.000280993455435595
315200 0.0371701330236318 0.188170183111186 -0.000219947350005766 -0.00051153939664594 0.00176463081450336 0.00142405208499537 -0.000264304444932166
315400 0.0372944542418733 0.188377522311131 0.000735863380759815 0.00243439676105539 0.000680996461378519 0.00277805739888628 -0.00110580157043258
315600 0.037182134743269 0.186768345227994 0.00271399205276546 0.00232542723065456 0.000493968383074813 0.00195516672659509 -0.0017727275304766
315800 0.03749729062083 0.188321252004848 0.00106432576814608 0.00129256472592759 0.00192882549865107 0.00113595656197426 0.000388103403120194
316000 0.0372727639710671 0.191229646288667 0.00311833228872084 0.00253069387040001 0.00273136886059291 0.000646522536625182 -8.75300533251544e-05
316200 0.0376527899358279 0.192260625761399 0.000766718304079362 0.00514902340129451 0.00126777832357656 0.00117322944642778 0.000376310245745768
316400 0.0372460065315363 0.187601433507927 0.00515639644511347 0.00369080376875509 0.00221084771050538 0.00326413408588114 -0.00102221658628718
316600 0.0375124643974885 0.191294630625209 -0.0016703840445812 0.000711430523466836 0.000657213676181523 0.00430844298182601 -0.000312772271300998
316800 0.0371537398439339 0.185676034537062 0.00196129550555827 0.00130781792100759 0.00303552031672475 0.00328510683827107 0.000531320866397766
317000 0.0375869449159456 0.191979187699684 0.00142693525751705 0.00415395981800896 0.00280292293506633 0.00159829758434229 -0.000107196971367961
317200 0.0371747658832026 0.186859327589348 0.00617756335562133 0.00258592846468643 0.00297671459286325 0.00124257774255775 -0.000569879013821834
317400 0.0377243012274375 0.194340760888785 0.00306486787004836 0.000182619845698197 0.000379258670838361 0.00109073335476623 -0.00101585334765384
317600 0.037149598836493 0.187995208539193 0.00363137328062596 0.00465367938397818 0.000612825071536621 0.000922872612727388 -0.000600514110298332
317800 0.037630383356761 0.187440027711037 0.00212590038479891 0.00112783221349501 0.000405751176580705 0.000663397289140809 -0.000399130860162008
318000 0.0370386851519821 0.185092331367631 0.00221966974635962 0.00242395709906161 0.00164776966802641 0.00275456797466118 -0.000125556579491591
318200 0.0375354443524695 0.18727911127785 0.00170821588875991 0.000759174592963723 0.00206919202131063 0.00164475044204049 -0.000959877277684594
318400 0.0372436418466387 0.186841855047614 0.00294449338336994 0.00159690954750464 0.00206169745020744 0.00124182794718427 0.000336348020965147
318600 0.037530983610417 0.188365887292121 0.00218422102916804 0.00209403766969081 0.001587350604891 0.001276814877263 0.000521421591329973
318800 0.0373176473321847 0.188484717029543 0.00353735169481812 0.00472163048762545 0.000302393406432332 0.00237406843830044 -0.00148039657518905
319000 0.0378122818153994 0.189554291487378 0.00432058071813584 0.0040844794032529 0.00219099000837056 0.00388134594145332 -0.00123006968313052
319200 0.0370328975598712 0.187754135131261 0.00516406937247076 0.00737487008494249 0.00163801664952345 0.0036653889039956 0.000284981871560866
319400 0.0378106883077024 0.189136142688573 0.000331594862882128 -0.000355495172726392 0.00186159118875459 0.00321506451181526 -0.000228696040025343
319600 0.0371525302088772 0.185503047007475 0.00244064885291703 -0.000485031893339812 0.00181504921908779 0.00226619094179707 0.000143241427296523
319800 0.0376637970792869 0.185996877189045 0.00186981697769883 0.00323388202938995 -4.33851723547287e-05 0.00355711305548247 -0.000624619066123394
320000 0.0374585824247784 0.186784549756923 0.000671695374547818 0.00482213145127857 0.00184536608526805 0.00391123562000637 -0.000176637260768863
320200 0.0377350906382935 0.188454265067178 0.00276413213980118 0.0010929120059152 0.000114960935059464 0.00270401328336184 -0.000358224522917549
320400 0.0374344409123563 0.188620169485171 0.00222288139548746 0.00363418803726406 0.0024146080274439 0.00213771841059098 0.0017745173358197
320600 0.0377277656352249 0.190509429627329 0.00416372465854997 0.00278102221332389 0.00250411031184581 0.00255955291504127 -0.000134660183786449
320800 0.037430622615407 0.188075269750849 0.00224980774665956 0.00564931397793133 0.00120457824849643 0.000910759300299336 3.65166658939573e-05
321000 0.0376131679486897 0.188437453218504 0.0018232333702465 0.000100907081564403 0.00076384162413454 0.000428559649409219 -0.000394344633942255
321200 0.0373329172818957 0.185060611917883 0.000631846519204751 0.002051684006375 0.000393243082651567 0.000404927134407156 -0.000862875573404844
321400 0.0375261462966566 0.185255429376669 0.00203524092284464 0.000824747039580718 -0.000219784597169997 0.00061060472493047 -0.000798748381569159
321600 0.0376902071690829 0.189354914097758 0.00288580234586661 0.00244307845285197 0.000630283517113491 0.00232892996643918 -0.00193662339143235
321800 0.0375229786603604 0.190060072712418 0.00455537861336285 0.0019730393307067 -2.12732469482693e-05 0.00258050464371864 -0.00133146525263278
322000 0.0377151263558782 0.190987142706778 0.0057147945257214 0.00286349427700242 0.000201025001150784 0.00254449232680425 -0.00115232060691186
322200 0.0375306678280623 0.189806757838101 0.00419196827143945 0.00259504156169972 0.00223319989862615 0.00265602950796095 -0.000873178471295034
322400 0.0376217647125242 0.185256199045585 0.000511974173039357 0.000945178482259586 0.00248193135788666 0.00336669702834203 0.000484294347419435
322600 0.0375168254977764 0.18705733951721 0.000205482662242201 0.00146492595319684 0.00204413188017175 0.00348019668292483 0.000439997435274788
322800 0.0375322568417908 0.18810910708518 0.00316850192560218 0.00389725709012002 0.000913379190352643 0.00290898317851803 -0.000325411614820201
323000 0.0377022146278901 0.191632833776479 0.00363582782135117 0.0055698588938066 0.00111268284662353 0.00208097015443964 -0.00144912243056953
323200 0.0374476376170232 0.189971727044695 0.00421648951129506 0.00431693982910398 0.000653006139763309 0.00206749034766808 -0.00124622599580447
323400 0.0376456469557499 0.189377510766833 0.00116055897313424 0.00414959007473322 0.00290260224392028 0.000636214209094622 -0.00101324130892477
323600 0.0374593280145021 0.186358358618737 0.00126267047952106 0.00246647291903597 0.0019396550595414 0.000846353677058662 -0.00140316804278365
323800 0.0376211132112561 0.187262434572704 0.00162819859610766 0.0030985350395673 0.000998768738075006 0.00165332433435342 -0.000229325300051903
324000 0.0376171014644711 0.187400437185259 0.00349903631923066 0.000979049650599434 0.000550666819356359 0.0037916225705326 0.000762572879219966
324200 0.0376119940600289 0.188569155540441 -0.000219750583328167 0.00111843449096266 -6.50479529513812e-05 0.00378816094479743 0.00146695288067103
324400 0.0376405305107679 0.186529054272151 0.00174876901877119 0.0021257744446321 0.00078673781016613 0.00447293492573053 -0.00020754621971157
324600 0.0375844600135679 0.188066553613334 0.0031348002792402 0.00295579097350242 -0.000622905589731321 0.00186408622750787 0.000655740132073778
324800 0.0377669682777454 0.188464427171127 0.00414339409019889 -3.32807903202084e-06 0.00112731307009511 0.00230680666078706 0.000206136041179792
325000 0.0375100684197459 0.188611395631878 0.00514228372220524 0.00301072123704834 0.00290176886484459 0.00181305530263009 0.000503505690747847
325200 0.0377407290401992 0.191151452029906 0.00268770419541949 0.00189153868520175 0.00145902346838524 0.00185659985584402 -0.000510341939842852
325400 0.0374532695264193 0.187021438133658 0.000526277385428449 0.000580697878187539 0.000177110344972695 0.00227985187608212 -4.47429160209741e-05
325600 0.037768695991729 0.188849733003372 0.00129247586482724 0.00041764229815157 0.000436651783543586 0.00346441048002724 0.00113697024078345
325800 0.0373952837727123 0.184589117651685 0.00200375292870953 0.00447184481488378 0.000261394254511888 0.00258672694594089 -0.000178996883521022
326000 0.0378490477721779 0.187372044907649 0.00165066701860779 0.00356418503829966 0.00264240085765304 0.00278265465062505 0.00126933323073
326200 0.0373849386214552 0.187322297734206 0.00614410094411658 0.00312390798881936 0.00385013808428314 0.00207202093022127 -0.00050807503485144
326400 0.0379866466623204 0.192603110174219 0.00265779020671685 0.00255919860808613 0.00119337503650037 0.00260252960999841 -0.00291469681632295
326600 0.0373098053130445 0.185445022501383 0.00452781043750781 0.00431462014444848 0.0031093344155536 0.00285447351774304 4.26689267231193e-05
326800 0.0380318661550665 0.190811006414257 0.00194497047841489 0.00339490537371626 0.00175166088962235 0.000898432161902732 0.000649368232031117
327000 0.0372067230150117 0.184165312609625 0.00483406678834545 0.00290634058154035 0.00140405677870767 0.00187294617808277 0.000860482567413972
327200 0.0378872834736159 0.1902953661231 0.00165765956393584 0.000129064074156495 -0.000319908089421037 0.00393499890796915 0.000919512674325499
327400 0.0374732208692329 0.1871034463433 0.00387013291117106 0.00229355941958805 0.0013863390473223 0.00278844650596505 -0.00111202376731792
327600 0.0379042172091787 0.188794173066267 0.0010229264272215 0.00212522545553897 0.000786001644690072 0.00274108562340577 -0.00131087414638983
327800 0.0375533972066313 0.186708074629155 0.00259358280353779 0.00268130068931144 0.00106425296280603 0.00296929072060079 -0.000116840037877089
328000 0.0378603403861593 0.189845498145517 0.000607785717386246 0.00241650187176911 0.000545876594005044 0.0019597672667015 -0.0016598492358155
328200 0.0376691232950241 0.190052196080891 0.00522844311964312 0.00211661628295007 0.00220228897329273 0.00180892022179701 -0.00126625167308747
328400 0.037872191625129 0.189446209695663 0.00170028686917391 0.00170182267609559 0.00256633133044399 0.00216707675245424 -0.00229178726317488
328600 0.0375738276271728 0.188263015162796 0.00196967165333219 0.00262479102292839 0.000982126873479403 0.00385556578359361 -0.0013331374875604
328800 0.0377750522986325 0.190055588467915 -0.00203092792012938 0.00105801184833836 0.000501338483690023 0.00247462606754018 -0.00137144559564983
329000 0.0375580872558903 0.187731099851765 0.000427447969567637 0.000928242332079932 0.00093366674026368 0.00245307255482753 0.000772581599454562
329200 0.0378080327652056 0.19010579870297 0.000562199773183439 0.00148160482262809 0.00257736748348887 0.00227311759707332 -0.00108306326039163
329400 0.0377044580950251 0.190466929642078 0.00671699052541559 0.00306290824057635 0.000507436423011748 0.00323349989632151 -0.00114475910855058
329600 0.0378892572554494 0.192320158618644 0.00224846489684118 0.00327144740528196 0.00165536168847668 0.00289200679676059 -0.000617540591833425
329800 0.0376216942331062 0.187069281347304 0.00343232818535734 0.00128229218310998 0.00144720370166058 0.00336886263398239 -0.000141132798189554
330000 0.0377414625271838 0.187626864471661 0.000471388832882366 0.00363057235282809 0.0016065594744728 0.00331379355093509 -0.00138067931391024
330200 0.03777976952019 0.187814071606138 0.00281368808095558 0.00316257390199888 0.00301322126688363 0.00260519396984355 -0.0018625438075909
330400 0.0376937781541299 0.18872993625771 0.000233299435120209 0.0032891544088303 0.00241669910124697 0.00324734947070094 -0.00156081765081002
330600 0.0378968578452388 0.190425338879521 0.000962593222877815 0.00266503550285831 0.00300304489099429 0.00293740646608086 -0.000710866901068194
330800 0.0378031343691064 0.191533510874684 0.000963126576365017 0.00202386228948556 -0.00159958918976965 0.00356338712441184 0.000611540428993105
331000 0.0380829322373199 0.190557374308518 0.00442358841366273 0.00216469791014579 0.000252472431829348 0.00212469791622237 -0.000510406322606415
331200 0.0375518100580399 0.187645512082724 0.00397732748508884 0.00456898838830633 0.00168973271865842 0.00285626011589987 -0.00111914370314749
331400 0.0381012381283655 0.191019255670759 0.00180565864459234 0.0017019013646994 0.00108259611896479 0.00383105614564813 -0.00170785173075684
331600 0.0376088412705896 0.186766475855719 0.00223322185003548 0.00180404299942677 0.00314269593094209 0.00295399250082052 -0.000579415444806959
331800 0.0379490684500062 0.188151470548273 0.000536953034628982 0.000422433383734099 0.00164344644213124 0.00281933156003043 0.00106914767868518
332000 0.0376604808106181 0.188024776766417 0.0020952733458631 0.00289155126559086 -0.000769166025107978 0.00397778320208205 -0.00048383936333263
332200 0.0378777911380772 0.187142810648052 0.00252771412694275 0.0029083589752519 0.00261522142437382 0.00372704934711695 0.00159417269827215
332400 0.0378495338049851 0.187138783868925 0.00514403812524101 0.0032417839803935 0.00403810592504476 0.000813318470863594 -0.000290066693470742
332600 0.037848276707362 0.187700566079343 0.00311506444846257 0.00152457019192977 0.00238800385360034 0.00219178884561297 -0.00184799599192196
332800 0.0378055753874696 0.188111479193858 0.00159673054724541 0.0035099795673001 0.00103970835374469 0.00191613936187768 -0.000707359564219509
333000 0.0378656484041384 0.188528824235759 0.00253341630026821 -0.00191933079214676 0.00144786164409889 0.00289798334912744 -0.000177783982427163
333200 0.037792758506047 0.187459580345841 -0.00100346774202329 0.00430942094628867 0.00109917901957311 0.00229366877630103 -0.00137306757819726
333400 0.0379405519438005 0.186339936480715 0.00428052507901118 0.000745777989076323 -0.000456892010079252 0.00378545914972396 -0.00120007688885761
333600 0.0378306105512455 0.188088220027704 0.0037941213426109 0.00721585537438402 -7.11774491516823e-05 0.00255329188882839 -0.000909773895626073
333800 0.0380485305980283 0.191893956948683 0.00504687595189421 0.00104419955740776 0.00181761410145427 0.00336227032311182 -0.00108856198403643
334000 0.037692129002748 0.189517144524479 0.00132190860415667 0.00462722225443028 0.000426586821229565 0.00319592192093467 0.0011035381949184
334200 0.0379153862367693 0.191534557535385 -0.00080881823106966 -0.000900239346369381 0.00279067840992502 0.00199247271863949 -0.000168330598692022
334400 0.0379197860075966 0.188448163926342 1.75599107357204e-06 0.00110119999655526 0.00122596769446099 0.00388651861787513 -0.000351968586217226
334600 0.0378014502474834 0.18761807580581 0.00193663080140973 -0.000713673623353339 0.00162370949440884 0.00184022827993884 0.000185838743613375
334800 0.037928774931414 0.187021110253687 -0.000337503740131781 0.000744092598643176 0.000572026500785968 0.00170942448871992 -4.34360734920531e-05
335000 0.037705182658266 0.189253864390572 0.0011563308276095 0.00503395362589952 -0.000634102640074491 0.00363415148721557 6.91148563454608e-05
335200 0.0381843755196168 0.192219392394427 0.00420148645555475 0.00105266153822135 0.000530371884678893 0.00219327767443707 -0.000402008426788924
335400 0.0376689742966552 0.188069528503681 0.00636706861510361 0.00583227729225463 0.0011694592358058 0.00174352241726691 0.00144658488745092
335600 0.0381826165018251 0.188882392032273 0.00544219359243203 0.00194021383792016 0.00106463114119741 0.00322337876724461 0.00116780293227183
335800 0.0377860896944518 0.187459811667504 0.000404185024235716 0.000910964386565619 0.000643438774688454 0.00216213740966157 0.000145295694113057
336000 0.0378535489630954 0.187323025855621 0.00243321562934092 -0.00227504741344643 0.00180676830440747 0.00303487176841203 -0.000632713510729172
336200 0.0377208170102504 0.187224648929695 -9.85927456848496e-05 0.0010840289483554 0.00135382804990857 0.00434392077767891 -0.000669671101425176
336400 0.0378983076532457 0.188920970522716 0.00244314739255799 0.000956682064542685 0.00182656632382437 0.00337622556807787 -0.000435062848912473
336600 0.0378515634114375 0.188080460349965 0.00107817421754068 0.00295813512550766 0.00379375980063567 0.00366796958486145 -0.00121494830974448
336800 0.037886615561239 0.189668456144774 0.00597512777261444 9.83247853516348e-05 0.00207611000120875 0.00223695726162264 -0.00196806854817999
337000 0.0379483849488483 0.193053795791118 0.00182416281652629 0.00525083429455648 -7.75752110690586e-05 0.00209232269156038 -0.000212917805866054
337200 0.0378927846387877 0.19026425147539 0.00483737648415757 0.000554698023180446 0.000826889568528546 0.00394180552810845 0.00012458286223494
337400 0.0379481692710398 0.188153313160814 0.00141373448666191 0.00196131879971314 0.00114407740437121 0.00232442145958464 -0.000213391843653867
337600 0.0376374889632815 0.187206852489467 0.00531862907931062 -0.00171492897408731 0.000422035459241998 0.00317121255653179 0.00143528735986478
337800 0.0379063828666421 0.186939738227699 0.00180549884784707 0.000460798963773652 0.00268882318230779 0.000802056561414923 0.00116143561188648
338000 0.0376822407676836 0.186079435189752 0.00218529840411263 0.000327178500988893 0.00277234800425139 0.00108708514833769 0.000506734517102786
338200 0.0379955162029289 0.189609086310836 0.00138237495776034 -0.00108881220495997 0.00188287934314784 0.00220221261683017 -0.00132354384281223
338400 0.037820781064674 0.185417486678162 0.00678560317264111 0.00269236053370037 0.00188821526987752 0.00224556577171797 -0.00148616804902336
338600 0.0382259294833103 0.191810317455765 0.00354180638468278 0.00294791928731795 0.00155596941029672 0.000936172659169327 -0.0032085186764993
338800 0.0378114212226208 0.188347907326818 0.0043316845236154 0.00274973230173639 0.0034574326299182 0.00280114845465471 -0.000211333573525573
339000 0.0382162541676698 0.190083011811935 0.00200075574323792 0.00123668954305219 0.00164248488220804 0.00253927536244978 -0.000705112391615363
339200 0.0377211968621004 0.184763434146797 0.00162743082792143 -0.000335276065347665 0.00227120733794078 0.00210371101080298 -0.00193028424479248
339400 0.0383078890306983 0.18872653658855 -0.000289737366197271 0.00128151789422777 0.00225129982228568 0.00342590269174227 -0.00085433032770205
339600 0.0375670151673465 0.187651048890155 0.00119480188377334 0.000809291077343081 0.00338195838024345 0.00112743775149347 -0.000549067960602441
339800 0.0382895023748987 0.190850970607101 0.00339037286655515 0.000772735830492799 0.00400036556581844 0.000983600245148759 -0.00165889918521651
340000 0.0378100147127355 0.189636770981427 0.00435593598840419 0.00353445065976598 0.00313401611167539 0.00253208965324086 -0.000922501869846304
340200 0.0382037863496238 0.186598288712272 0.00124240747712718 0.00291513113573115 0.00139272551623683 0.00247320068283405 -0.00141993101780383
340400 0.0377971417805621 0.184804995023553 0.00467505535483314 0.00257789439397026 0.00131375899045606 0.00309464483078328 -0.000613420897207054
340600 0.0380253996155233 0.187174974180721 0.00300337481789364 0.00207232414096868 0.000637852909077606 0.0012228931247329 0.000260125721878997
340800 0.0378661589527556 0.186483617922002 0.00528398081526179 0.00370005367221309 0.00102135688389958 0.00212624045201262 0.00101031845128978
341000 0.0380427849728459 0.187954411573016 0.00188626085214023 0.00448299385586322 0.00157620089296795 0.00317061223674928 0.00066882099692184
341200 0.0378972220166716 0.185960058831775 0.00289837487529741 0.00212021206434435 0.000739116964212919 0.00331113432469052 -0.00143466730235605
341400 0.0379501336722582 0.184887927557331 0.00121183310168221 0.00252364582212916 0.000732758021218026 0.00293112980300093 0.000174725941751518
341600 0.0376230098662861 0.186065568566115 0.00158414164566164 2.51063531094299e-05 0.00104017079154888 0.00284739970810675 1.65426826029563e-05
341800 0.0382027484354402 0.190617462374618 0.00285311455103949 0.00136066188240554 0.00146211897081784 0.00313895107901788 0.000751132921183523
342000 0.0378256562094208 0.187438972805854 0.00745195728809215 0.00330996615274742 0.00213164070034906 0.0024422679104625 0.000484566454054301
342200 0.0381532634668578 0.190223869023855 0.0034308111992501 0.00218970933565384 0.00214428887802314 0.00230428402372166 0.000653502197605978
342400 0.0378358120351423 0.187883349150046 0.00325758732833029 -0.000237988551497379 0.000309430874707528 0.00301456583332348 -0.000553209470648997
342600 0.0380324086938727 0.186970700110183 0.00326265446073278 0.00124207893849635 0.00114270528224714 0.0033987327004125 -9.36720467031978e-05
342800 0.0379382973138549 0.188084146898684 0.0035546816113364 0.00136648928507426 0.00152950364672363 0.00349163614439735 -0.00106288007265376
343000 0.038004152035529 0.188718669508538 0.00518932345092832 0.0032532269585305 0.0023131001399762 0.00419115734366105 0.00025381411285181
343200 0.0380435507820353 0.188631402788913 0.00129222083333253 0.00140984988979493 0.00310133867381538 0.00375151587841664 0.000435505208314496
343400 0.037921907250353 0.188718983920825 0.00310536460190551 0.00335602377231269 0.00290388488707241 0.00364585190815058 -0.00154406685354371
343600 0.0380464304578074 0.188181105654303 0.00354593374901606 0.00634721404664457 0.000808471751428362 0.00144579392725261 -0.00100859749275991
343800 0.0379563505771139 0.190553018384737 0.00431095375741384 0.00371530028196924 0.00052096228818719 0.00430129967215975 -0.00116733531192251
344000 0.0380148114526528 0.189742208374113 0.00107496878825906 0.00268743132525486 0.00233751768762267 0.00409247834580375 -0.000707914059066643
344200 0.0379232713842479 0.187359784014175 0.00115987961755049 -0.00154903679533873 0.00103622582456698 0.00403346134010784 -0.00035401833564138
344400 0.0378994996757529 0.184942227920588 0.00149666193065629 -0.00134849608969572 0.00161019790771482 0.00227022105342348 -0.00161573292010787
344600 0.0379829571211919 0.187048335076646 0.00483532397359951 -0.000917008216162442 0.00252512396891558 0.00353791757627011 -0.00167879486610957
344800 0.0379830442952513 0.186771392401627 0.00233642028623217 0.00219956136907581 0.0011400768147961 0.00217467594294209 -0.000285583341285277
345000 0.0379535815055899 0.187292178351019 0.00473514725313772 0.00284895045817788 0.00227221771238199 0.00270277836890685 0.00171343168298625
345200 0.0381474091870964 0.192106774801326 0.00446605193810629 0.00347464435222706 0.00255136698043269 0.00270544923258021 0.0012006100637317
345400 0.0378915355218346 0.188383923866215 0.00472591607623933 0.00378017703177755 0.00337514355189392 0.00143618661605592 0.00108372980536946
345600 0.0382264100826402 0.187481896565214 0.000802514222833317 0.00226594925970285 0.00254006993882847 0.00349523469737411 0.000481259388168017
345800 0.0379340750785272 0.186560494860764 0.00238920293426712 0.00302316856461658 0.00219832429398989 0.00204353654095751 -1.99481275762412e-05
346000 0.0381003046281152 0.191051665169328 0.00027274557552075 0.000818295279517183 0.00192330996735705 0.00190760254164365 -0.00115133889722191
346200 0.0380297314503887 0.189996801359097 0.00212958730935529 0.00132175551768001 0.000957091317620299 0.00166128807812884 -0.000323020510129113
346400 0.038041575087116 0.188510788596808 0.000747939191939949 0.00357029710594351 0.00294889252419308 0.0021646727373924 0.000124545690004318
346600 0.0380622508887961 0.188476796198359 0.00392504969967668 0.000973850976015336 0.00252417121115058 0.00315974789059502 0.00142748175543642
346800 0.0380520406699575 0.189512623892686 0.00228056296268781 0.00274637774722645 0.00380530019755428 0.00258747572014814 9.56595353237094e-05
347000 0.0382023565151165 0.190877107404679 0.00651102166742252 0.000147456234105818 0.00159190233507359 0.00301068526922808 -0.000182685216389203
347200 0.0379562529409341 0.190250123433083 0.0033726721330316 0.00391572631036143 0.00227416792960417 0.00221485368414236 -5.14950006422281e-05
347400 0.0382902586973305 0.190620269005809 -0.000951174014058896 0.000184266350236585 -0.000246375869065026 0.00209239628704131 0.000253584086961876
347600 0.0378405115268637 0.186499479742917 0.00182498168461504 0.00119108256809206 -0.000596757063489837 0.00424929758303527 0.000539720792339218
347800 0.0380970808721695 0.187570970150669 0.00123126682771801 -0.0010668854757453 0.0015886073325949 0.0022314684007555 0.000432962549535967
348000 0.0378882005633527 0.188038649925498 0.00167030857053042 0.0018556959600611 0.00118353844234044 0.00289164419972439 0.00173586008316091
348200 0.03808914558505 0.189635289182214 0.00294254071811381 0.00114272900331321 0.00174835998514672 0.0021589141584449 -0.000927077160472797
348400 0.0379537763251186 0.187104821847719 -2.94881962335883e-05 0.00139214003032104 0.00209597585637391 0.00256982398435672 -0.000394612881622505
348600 0.038167085869392 0.190311185323602 0.00108814815632913 0.00177709252476403 0.00169852990154478 0.0019413245148232 0.00022496373440793
348800 0.0379601588276991 0.190899140705299 0.002655524322921 0.00331448327025797 0.000909018511475683 0.00269409501460903 0.00011074258641681
349000 0.0383341503231592 0.193077122475683 0.00393491426697612 0.00214026688960235 0.00255410701763851 0.00338287459634463 -0.00151891052436868
349200 0.0379480989641054 0.188753475280077 0.00466075224068021 0.00158817345725336 0.00429009270592933 0.00283534152921604 0.00063430568359288
349400 0.0381797578778029 0.18897552855193 0.000446956712697717 -0.000459650342012584 0.00342561528089333 0.00417294593873072 -0.000211405921144097
349600 0.0379808062709719 0.187203852669658 0.000919781804247818 -0.00197431683943464 0.000948770140552061 0.00210129911588498 0.00117409238235997
349800 0.0381245390684812 0.186948647511648 0.0016721674875292 -0.000771953566451395 0.000809831736986571 0.00305364534525806 -0.000505593651934618
350000 0.0379184900006756 0.18883152101296 0.00144255741546586 0.00193044375834203 0.0022485010824611 0.00214574573330487 0.000364149368667827
350200 0.0380719342379245 0.188975494489146 0.00113363321737353 0.00435306076904245 0.00126031597137 0.00212446286621755 0.000531136670769932
350400 0.0380972751459299 0.189540167326617 0.00307684958905686 0.00385647511970948 0.00248701570918185 0.00164826204645226 0.000688558708373549
350600 0.0381436158618081 0.189185759682579 0.00372189694476165 0.00494328919935191 0.001894451648666 0.00199610872563494 -0.00119385453002992
350800 0.0382101869924075 0.186694068260428 0.00410302958860745 0.0035357569940252 0.00227299900543572 0.00200351022510843 -0.00113229961647995
351000 0.0379963784897836 0.186265064052112 0.000433511916270717 0.00232043908075106 9.39377079525114e-05 0.00300940060400313 0.000548770587801888
351200 0.0380773304930104 0.186899353866561 0.00464549189467565 0.000877833126607634 0.0017510306973582 0.00301323267712101 0.00109025386134029
351400 0.0382296974244293 0.187530076243989 0.00373419629415652 0.000731902027534177 0.0026220155235888 0.00290663127545486 -0.000238053976330734
351600 0.0382450474696854 0.190642872735875 0.00559438959590387 0.00267677514542665 0.00190871991798565 0.00165467531459115 -0.00117021426844387
351800 0.0381794490984472 0.189293930050898 0.00535910499519927 0.00457578570706474 0.00175361840679483 0.00267888776850487 -0.000534132521335527
352000 0.0382254862619678 0.188658467852035 0.00295879226763784 0.0041653844536262 0.00238180780067873 0.00415291328453383 -0.00151147228935784
352200 0.0382008849842398 0.186008979092148 -0.000233812903721827 0.000424418624712031 0.00139196076809151 0.00274877219999098 -0.00077324317212284
352400 0.0381148497158976 0.183776077075372 -0.000549622935085239 0.00356555484443356 0.00113810465274647 0.0033466949833568 1.21431773544422e-05
352600 0.0382117143637764 0.1869180327507 0.00251545893002608 0.00202950338506522 0.00146963774324245 0.00354888332124197 0.000777582105779502
352800 0.0382441417736468 0.188359723894279 0.00219991830632469 0.0013214729342202 0.00238170392706124 0.00422250359992073 0.00116017072447016
353000 0.0383343779564501 0.190079868141199 0.00617300076699417 0.00418132118501835 0.00306982945272768 0.00357243175205991 -0.000366380972061704
353200 0.0383587910448682 0.190512578018548 0.0039223234224684 0.00412952718386172 0.00185499345111302 0.00338934836018085 -0.00143779990895989
353400 0.0383689784272068 0.18925821532538 0.00330610680245415 -0.000309819385889257 0.00319652605931448 0.00215059401184785 -0.000788312243645613
353600 0.0383910310536076 0.188156408846903 0.000254190977650724 0.0014589352190229 0.00159720744835227 0.00239672073918538 0.000180053153384317
353800 0.0383291550905922 0.188469321210828 0.00199177476360483 -0.000215641702520878 0.00386904843693328 0.00272333522257023 0.000297372489181564
354000 0.0382544485560729 0.19182481095614 0.00129687435242341 0.0031515432366094 0.00296525991099403 0.0025311108111047 0.000916477681522468
354200 0.0383575331190299 0.191382055179156 0.00251076831829478 0.00100916441909095 0.00316060799742169 0.00333826642077345 -0.000320790009117734
354400 0.0382187291701443 0.189705332719564 0.00136327114391056 0.00319771767804485 0.00313796649334149 0.00383191370989006 -0.0012868203658705
354600 0.0384295306607493 0.190068264767047 0.00198439587820726 0.00284050057210045 0.00249143318898967 0.00264185431771181 -0.0018068165851939
354800 0.0381816232369126 0.185891394110326 0.00140869664159629 0.00275761915489506 0.00361940692575414 0.00310728868459445 -0.000806587331913649
355000 0.0384383917777174 0.189300722086166 0.00548288454441137 -0.000553156164815667 0.00306808118999029 0.00273915031197821 -0.000520438390993631
355200 0.0381673464606308 0.189542682725326 0.00236124221347511 0.00246823187231674 0.00263865600646516 0.00276111570864137 -0.00122464100581121
355400 0.0384810223512603 0.191342082490574 0.00463029566474578 -0.000880028046081251 0.00287076261833363 0.00159680150267864 -0.000885475374257363
355600 0.0382528392181307 0.187672781920551 -0.000733666966008711 0.00624249217955865 0.0030860032388543 0.00170031402485235 -0.00084127918579658
355800 0.0385251700163778 0.188804383521058 0.00470668149453039 0.00265419752776213 0.000100232228230174 0.00165433433952885 0.00123547194139651
356000 0.0381520059299985 0.186651866415824 0.000555290423635371 0.00235264066349514 0.00125834442898344 0.00319811117132427 0.000627879336255019
356200 0.0384510809212913 0.188796700806614 0.00321533810121584 -2.59079265952787e-05 0.000794476733130502 0.00424878985774832 0.000455595756673023
356400 0.0383286241839138 0.189424077968384 0.000382009016195525 0.00181545734932792 0.00312141903573462 0.00233363767804686 0.00202758715592565
356600 0.0384119996988963 0.189571727157818 0.00575355758261445 0.00118858389101003 0.00275029594298853 0.00167964848775121 2.82854284828688e-05
356800 0.0383341757586007 0.187835110752952 0.00247977139382618 0.00238320552852588 0.00274764695880903 0.00131029701318767 9.59245868600822e-06
357000 0.0382236821982839 0.18663362447022 0.00649343639574945 0.000735890831482109 0.00306491806861282 0.00292306207367839 -0.00152685469697592
357200 0.0385104792724045 0.188373657913703 -0.00207527185528072 0.00218278710930461 0.00318382696761217 0.00553983793443517 0.000120434736095284
357400 0.0381204526520451 0.18544807262297 0.00384729121745894 -0.000807667752309577 0.00338696662035185 0.00401032936091527 -0.000408123629798335
357600 0.0385163072382761 0.188903344657977 0.000797182895927405 0.000653644949887493 0.00202392101439314 0.00253152446317691 0.000218401832834378
357800 0.0383836534215678 0.186786267290926 0.00506531445682864 0.00116936791268419 0.00196078419906935 0.00522352355132463 -0.00156150316473096
358000 0.0384961003281304 0.187922977562519 0.00138874673580015 0.00454378017891589 0.000803057409482284 0.00300470603659472 0.000430102864213063
358200 0.0384467630409228 0.190299617237826 -4.03894323754573e-05 0.000990500532868806 0.00121720349042606 0.00214902560468013 -0.000483387518615986
358400 0.038457248582701 0.190116516624657 0.00167164384579679 0.00311651164208837 0.00190996149528582 0.00369736577700671 -0.0013918154585462
358600 0.0383807255747716 0.19166134858169 0.00310845410989537 0.00387641961451564 0.00242649371830156 0.00388556752621647 -0.0004151072004443
358800 0.0386138306277459 0.192050427418229 0.00350366893428548 0.00268372941464314 0.00151936263404958 0.0040468585248806 0.000576295268701305
359000 0.0382118425478616 0.185486607482507 0.00140244211133825 0.00187127289423697 0.00372356116115936 0.00350071697865486 0.000837396180968759
359200 0.038404801482667 0.185350926395162 -0.000106002111278947 -0.00130673537078266 0.0023953684429953 0.00552028239018063 0.000402340968298588
359400 0.0382225379450389 0.186771590631035 0.000760074895271487 -0.000565397560136073 0.00213436308211836 0.00442301896974591 -0.00162919173911317
359600 0.0383877926417357 0.191573843395819 0.00253063424337589 -0.000268702163853221 0.00393565150645198 0.00325254988760879 -0.000726301365504471
359800 0.0383382085826269 0.190573860426015 0.000956675581787837 0.00317027024931039 0.00316280100219756 0.00413713470936107 -0.000828003931846446
360000 0.0384567854770534 0.191561304902926 0.00396592716612205 0.00418123271548369 0.00326082734312982 0.00356653391222013 0.000570085608993173
360200 0.038224744486393 0.187816573535451 0.00444977857115353 0.00426217971943179 0.00350833589595748 0.00304075620838053 0.000381594107603592
360400 0.0384494382255883 0.187490686837958 0.000526688953310284 0.000525449621267881 0.00243887167944931 0.00172093967822672 0.000482380210003953
360600 0.0382899733073323 0.184254629483393 0.000885240375336143 -0.00119382178578025 0.00224453741944526 0.00127326961955183 0.000167396914088029
360800 0.0383615685489424 0.184241075706565 0.00185953666333381 0.000288270035276728 0.00219896942187727 0.000958211433243901 0.00089036570461183
361000 0.0382572836003125 0.18712993088498 0.00282552101784183 0.00180255257554231 0.00176018391147561 0.000830133436047958 -0.000589555174706912
361200 0.0385563114695372 0.190003006822123 0.00615016726389791 0.00448620909777595 0.000604088334133516 0.00243297014149241 -7.01633855701908e-05
361400 0.0382995510085777 0.189153067171918 0.00392359707436224 0.00333495924913545 0.00140585118244399 0.00187249864476457 -0.000969629852583205
361600 0.0385537928339903 0.190881430343124 0.0017189666829201 0.00382550694873681 0.00375256044944307 0.00185548542595243 -0.000340208492012957
361800 0.0383283110904756 0.188851366969672 0.0026252873647402 0.000714833164041361 0.00238662048379901 0.00243056175453798 0.000299024492664662
362000 0.0385821621868649 0.188584748528801 0.00282512777555449 0.00273927805100109 0.00198900236373756 0.0025117066401492 -0.00209821162958399
362200 0.0383251042858833 0.186240188059846 0.00240661930383911 -0.000474321978073886 0.00220080768844961 0.00403041696543629 -0.0013368969486736
362400 0.0387139931162992 0.189590389524609 0.00234316648879679 0.00323918270679228 0.00341605105836151 0.00393074164363699 0.000109291725987653
362600 0.0381719310685239 0.186308001028418 0.00628495080810436 0.00337745652068832 0.00267878585733921 0.0042276206176016 -7.63684231963553e-05
362800 0.0386096391843423 0.188887740595238 0.00261690912025186 0.00494759046812591 0.00120640289701753 0.0036202408946256 0.000469266279799012
363000 0.0382438680915174 0.187672082929553 0.00482978193332739 0.00262528590559394 0.00165340762801489 0.00495806662236212 -0.000380483524409815
363200 0.0386128036156987 0.18817160406824 0.00123133630449963 0.00279157115089437 0.00219585102773678 0.00245427742528672 0.000147162121844334
363400 0.0383391244134069 0.185504247191781 0.00453710133344859 0.000413657066268749 0.00214678204203521 0.00232527996297556 -0.000574407821805118
363600 0.0384996648265789 0.187894578450661 8.41482935720523e-05 -0.000837585604415112 0.00279842171287479 0.00288919508638675 -0.00219889664956292
363800 0.0384193729688332 0.186292430965881 0.00119877369127709 -0.00108055320128112 -0.000482492670678018 0.00274288760872676 -0.00267777013940187
364000 0.0385170494357526 0.187492468322172 0.00147763729189403 0.00326589397011874 0.00276887215235965 0.00386105990866541 -0.00097042699271502
364200 0.0384549437027049 0.188184481176166 0.00294619426451545 0.00387955161161402 0.00202628584118959 0.00103871721673365 0.000591672143845598
364400 0.03860431946912 0.190867530157641 -0.00070962646112289 0.00171518956481541 0.00256241338960079 0.00196412137375096 -0.00181064357929523
364600 0.0384449339469493 0.191285988101998 0.00261011146109052 0.00336567998190429 0.00179519623295877 0.00152006062692285 -0.0012737743780321
364800 0.0385329487408426 0.189868944923953 0.00363575703315225 0.0022204163837186 0.00291673115309429 0.00231504143505189 -0.00176323007524091
365000 0.0384912507615458 0.189036490425258 0.0029676598426431 0.00165528586457774 0.00319686034316022 0.00192713807323654 -0.000905680772649268
365200 0.0385528634762089 0.188462849879317 -0.00105080025049787 -0.000103059464257499 0.0035289422026581 0.00288402895122338 -0.000655563630048019
365400 0.0385356444573206 0.188736724865515 0.00439925883414684 0.000245397902023724 0.0012491358940037 0.00116964884062683 0.00162340866421252
365600 0.0385759030399293 0.188648105310104 0.00294671258034361 0.00799827334548284 0.00165159097826602 0.00137763992387228 0.00173566837471272
365800 0.0385515498380605 0.189621265482737 0.00524533679457235 0.00268042003190245 0.000577764994544924 0.00308204675687579 -0.000540098772822839
366000 0.0385341621359871 0.189231169355114 0.00134444849913898 0.00247626803187364 0.00266203721772305 0.00193343740603264 -0.00141434650524276
366200 0.0384614259509444 0.188743791226214 0.00305361559475172 0.00129295092614929 0.00237625707523791 0.000909651335112504 -0.000959395416618226
366400 0.0386533538786932 0.189881584124787 -0.0028857573331379 0.00279679876288607 0.00404670608286285 0.000320693591103558 -0.00111513812484923
366600 0.0384813388981254 0.18954051086832 0.00228129901063149 0.00189052248357766 0.000619234297791967 0.00223655487926423 -0.00175825440809764
366800 0.0387119489024131 0.190736865208373 0.00310971615873092 0.00274450333214176 0.00282943549628179 0.00264977382940777 0.000907380493189252
367000 0.0383863746321985 0.186273108706445 0.00661017201609485 0.00228625192961793 0.0026266526627848 0.00537438124510317 0.00063210033783265
367200 0.0386403986574391 0.189232356138874 -0.000294064105414109 0.00184486414456875 0.00267711214740562 0.00273935265359111 -0.00147304023783668
367400 0.0384244873914357 0.186467053921732 0.00312635904033633 -0.00089084539192398 0.000439740985154793 0.0030837920906855 0.000488950180219014
367600 0.0387839771343465 0.189850339127465 0.000585043816131735 0.000651363784341577 0.00187794840636015 0.00426496083429509 0.000450555887159579
367800 0.038257851164227 0.185991793083422 0.00605566430011924 0.00171118792094176 0.00256042414356649 0.00047148651531032 0.000501364534829186
368000 0.0388195008369699 0.190404711579542 0.00190029309322545 0.00271722350749209 0.000932879556195065 0.000826130583952599 -0.000659926459910968
368200 0.0384064991667821 0.189645200662558 0.00607169906315884 0.00291891195527735 0.0017798541082615 0.00261470115972792 0.000285398477819673
368400 0.0386564813494327 0.189921387858519 0.000727502085683705 0.00381172713014764 0.00212045360400399 0.00269199789942154 -0.00081616591019999
368600 0.0385480648439851 0.189502813246104 0.00573674204915 0.00183540852495968 0.00154277194220341 0.00147541393925051 -0.00195348373300679
368800 0.0386952569833923 0.188590349043442 0.00286237899980662 0.00253776278188184 0.00141604091927466 0.00201908391872342 -0.00171199085987093
369000 0.038532033808893 0.187293590341908 0.00245547245070927 0.000646019430924257 0.00083329260645838 0.00130921970323483 -0.000510004811754531
369200 0.0385158732070938 0.187298888234964 0.00221608350074278 0.00122228857362865 0.00153090937470807 0.00165588450798479 -0.00185961239342218
369400 0.0384759555582134 0.184917887594304 0.00136116088787288 -0.00216624459254882 0.00391123061405788 0.00253931335509296 -0.00177972924190735
369600 0.0386188186019129 0.187908015024628 0.00027750451537784 0.00216960436449613 0.00357759590895092 0.00232928291759595 -0.000722521459864647
369800 0.0386089659664973 0.188474568223478 0.00369858907132734 0.000956970186015219 0.00281014634876632 0.000797180881737135 -0.0024575282863668
370000 0.0387451042354428 0.190233488666913 0.00213388941153469 0.00719894105463796 0.00251734027425579 0.00276251742940282 -0.000407276781860473
370200 0.0387308084395732 0.19141742890271 0.0056897399126382 0.00245770324427372 0.00162186495535203 0.00168863760988433 7.35913301662781e-05
370400 0.0387459431476619 0.188572194967039 0.00343165480234191 0.0036895093228943 0.00368941587307622 0.00325765874666162 -1.54433249202173e-05
370600 0.038643463062036 0.185218633746851 0.00222765730382478 0.00347932619320641 0.00307029630086353 0.00426228314999504 -9.82701739188927e-05
370800 0.0387879842091449 0.188833783711428 -0.00041799491184987 0.00338240151226175 0.00203987654610565 0.00399942562208994 -0.00184020680985485
371000 0.0386699467773472 0.189935909220849 0.00400156506783042 0.00343159415158223 0.00271685091078198 0.00162849809965057 -0.00155352398506638
371200 0.0388321614196908 0.191872288862965 0.0033689233714195 0.00308043761215117 0.00372295832713856 0.00231197764089478 -0.00167625672913783
371400 0.0387220424005012 0.18861292942269 0.00239386908338633 0.00282414238816649 0.00397756124129051 0.0017859937299229 6.49207816607678e-05
371600 0.038654517787544 0.183429216108647 -0.000262106567417764 0.000890801085045746 0.00293426794372777 0.00284537500331996 0.00083191123342076
371800 0.0386149161758573 0.185322009563252 -0.00245909770796334 -0.000996611897663067 0.00319762275224882 0.00368967311396496 -0.000990505189361737
372000 0.0386532986987135 0.185186607031368 -0.000478180120088881 -0.0013325602645151 0.00217240916761403 0.00311107202502486 -0.000338608339214076
372200 0.0387454450571041 0.189697822594492 0.00132912559812623 0.000551456860287574 0.00270456475423893 0.00386167157375389 -0.00172954415266029
372400 0.0387421945071271 0.189336035982486 0.00293331912111531 0.00392448722903496 0.00354646475517233 0.00155877080695689 -0.000788186836116167
372600 0.03876810832484 0.189957315244438 0.00475422643581509 0.00139282410070781 0.00182250363198386 0.00248306056025011 0.000319190509962123
372800 0.038713326138312 0.18773119756725 0.00192317775502024 0.00212983981242819 0.00274270327142391 0.00304680726669481 -0.00182132115194998
373000 0.0385622403667997 0.188527643215919 0.000940098272794971 -0.000493365573715469 0.00445464381331456 0.00487771523024526 -0.00089208299673919
373200 0.0387364960933075 0.1884861935362 -0.00133508310940591 0.000761435013281346 0.00338127463043645 0.00540868011234303 -0.00126358653174986
373400 0.0386981183617538 0.190902719156037 0.00053441622223871 0.00054579789240017 0.00220914520706463 0.00136253234237002 -0.000123843503301715
373600 0.0388798758463798 0.19206951382066 0.00236398337087844 0.00406888941443826 0.00282942200842544 0.0027111336985997 -4.82874586572876e-05
373800 0.0387731475184975 0.192258148818277 0.00346221244958028 0.00401893753637587 0.0027026308022711 0.00265356676570993 -0.00162849001774419
374000 0.0388093941946034 0.190433834343129 0.0051081860862398 0.00526072711992229 0.000883333379716603 0.00282795046028883 -0.00112609055668671
374200 0.0387336996036727 0.189025880110958 0.00184237807558115 1.87722940997545e-05 0.00158689406811221 0.00207725605204297 0.000190692784020358
374400 0.0386242861099238 0.187327366014219 0.00150335763852093 -0.000721768871937529 0.00265521929836535 0.00156799828791292 -0.00117281688866532
374600 0.0386081157162157 0.186937303022663 0.00150773557662478 -0.00132319924031189 0.0037197385435758 0.00295432211347601 -0.000768375002023678
374800 0.0387786694667874 0.188435491909813 0.00102532419744853 0.000602935055636565 0.00211608938537605 0.0035093881535777 -0.00114940419510227
375000 0.038775966987946 0.192084169814871 0.00315734597293081 -0.00152130294327371 0.00268325328603523 0.00227880320548788 -0.000808171838293282
375200 0.0387176250691565 0.189149632570038 0.00330759768840566 0.0025399791766852 0.00262142808306609 0.00103804933249785 0.000245573634067256
375400 0.0389604673375233 0.190021574491566 0.00440309781458977 -0.0011524822209739 0.000480931557215131 0.00103815886873023 -0.00146112764715576
375600 0.0387352393140155 0.190611904436514 0.00247800354812459 0.00387426713345592 0.00153094232829681 0.00366416856066913 -0.000749094001497525
375800 0.038917645007453 0.187594984506063 0.00532750187365262 -0.000130075754719946 0.00162203054436463 0.00169220106533986 0.000898032027074284
376000 0.0386883267908511 0.187628369217462 0.00161562510128898 0.0039563577565633 0.00103679399630459 0.00240156343857865 0.00101244094634059
376200 0.0388403368149123 0.188734302958007 0.00156916507267581 0.00110308373426268 0.0006822940548572 0.00213649923271314 0.000175340834872217
376400 0.0388013515205069 0.191011892479983 -0.000459544196596078 0.00107002327357989 0.00236219230619569 0.00284303841994145 0.000353322535150137
376600 0.0388125386224545 0.191162916976532 0.000842959896658504 0.000725437204721857 0.00213189425628053 0.00124576859362438 -0.000143493543841672
376800 0.0388132628410421 0.190250771655516 0.00233951566189097 0.00116893564189509 0.00255730538613091 0.00182255284213763 1.29979198406542e-05
377000 0.0387463205703788 0.188846571953358 0.00326721245440129 -0.000506846911639898 0.00138610247527234 0.00164344803713749 0.000171544926634835
377200 0.038930725883534 0.188205741511971 0.000724356734630954 0.00220673414470802 0.00328528802717395 0.00145400657538763 0.00126280108594419
377400 0.0387853543239752 0.187484886826858 0.00524548728781382 0.000368319282117408 0.00240068650456125 0.00186707957618334 0.000100429453321443
377600 0.0389014531616417 0.191061337928538 0.00126753848262206 0.00124081400298333 0.00374242870502031 0.00113729621187223 -0.00227435584703184
377800 0.0387910405590117 0.18906408606635 0.00393678159501818 0.00282195241784763 0.00103489535105765 0.00254062440779146 -0.00254493956811104
378000 0.0390249434596552 0.190218245053226 0.00135390267737568 0.00334618440408777 0.00226879646972618 0.00263470189805378 -0.000863815890476707
378200 0.0387438551681618 0.186910560950404 0.00486568093942744 0.00206792579870585 0.00349520639762262 0.00164355297200202 -0.000246798000152935
378400 0.0390265816078222 0.189347641994505 -0.000408519098145272 -0.00176995085787175 0.00249324443699314 0.0011767694494664 -0.000957535663593183
378600 0.038696389216187 0.186499207958534 0.00263342462335878 0.00159646728190421 0.00108232575823891 0.0027191391719181 0.000358431934754107
378800 0.0390686680153986 0.187476023600298 0.00301695822925329 0.00397771262618597 0.00183695655957029 0.00169016856843089 -0.000681083797060893
379000 0.0387392179653569 0.186251929543101 0.00478198856862821 0.000817528383722338 0.00233771093748331 0.0010635715166851 0.000452122266106248
379200 0.0390766319070112 0.186962124008905 -0.00022755001993369 0.00206253073822286 0.00420683492301735 0.000749447225565238 -0.0014386858014108
379400 0.0387567448367378 0.185503368934585 0.00336717727017168 0.00110081611930463 0.00380486033920591 0.000922217476354659 -0.00298005233250662
379600 0.0389599640750263 0.188687656305457 0.000906564194447786 0.000235420682271615 0.00413161876528054 0.00132498556560936 -0.00106740163738171
379800 0.0388943563944449 0.188557146065809 0.00233074480579522 0.00378595924010071 0.0021063167025083 0.00216375450081834 -0.0015189583817802
380000 0.039030814179254 0.190506918036089 0.00279789089515246 0.00212317191430732 0.00153308360496238 0.00235947865879276 0.000146114543551582
380200 0.0389096616372612 0.187082696314618 0.00386957008331161 0.0056243697685141 0.00123523960691591 0.00137058267355647 -0.000462321760864742
380400 0.0390834278288451 0.190856132032254 0.00188038561388883 0.00138965267890016 0.00198922893008003 0.00115609546481881 0.000280767010280805
380600 0.0387509490355391 0.186587558503584 0.00306095006745151 0.00216539827450272 0.0024378204005048 0.00279195343993874 -0.000928856035203408
380800 0.039166830508813 0.190741182482385 6.15889856446261e-05 -0.00100563946768313 0.00254169205552681 0.00247710928853088 -0.000919716233429189
381000 0.0386577329204817 0.186842559999563 0.00195169951512316 0.00457360743376826 0.00198338067500184 0.000351997234970026 -0.00124054397081869
381200 0.0392965599521341 0.189861596852882 0.00182016912399857 0.00153586306770007 0.00148069260117367 0.00168587424116367 -0.000508342308659506
381400 0.0388850458079787 0.186874163876789 0.00340727419976455 0.00721359574908682 0.00274977525630684 0.00381694357208786 -0.000920989587180718
381600 0.0392119824270521 0.190683447167093 0.00483983802786064 0.00371511706432011 0.0032045992712724 0.00392058763491233 -0.00114295213489782
381800 0.0390885475203199 0.189169280271515 0.00280921376662898 0.00408035707425475 0.00373323692420543 0.00289492620128993 -0.00205431165147322
382000 0.0391864017419083 0.1899999522748 0.00149449777107699 -5.72630888960751e-05 0.00278156413222708 0.00285613033341776 5.34230294657305e-05
382200 0.0389439285872421 0.188701060590429 0.001278086710493 0.000317651301653337 0.00166463800109141 0.00202820239691712 -0.000203823925048813
382400 0.0392218935869393 0.192181301264615 -9.2441634778647e-05 0.00169330661348317 0.00327257174763231 0.00154786822060367 -0.00193364881509128
382600 0.0389902731745132 0.188843659049541 0.00423843233579342 0.00244167118734012 0.00371448907034558 0.00291570475938494 -0.000745660088824687
382800 0.0392658396646706 0.19120906007324 0.00444534943221269 0.00336887516226863 0.00225480613538064 0.00189298069362602 -0.00104189642419229
383000 0.0391135559957262 0.190770712310906 0.00285920664691427 0.00596429205697695 0.00143764670090958 0.00154837274411752 -0.000879287797882559
383200 0.0392720291504394 0.193438834176342 0.00647145212663115 0.00259754713512207 0.00247507544909365 0.00185927636354581 -0.000298499793864113
383400 0.0391201928367654 0.191335126489953 0.00133966270090429 0.00227899158445262 0.00423051344380472 0.000880521356996194 0.000945888804025336
383600 0.0391058527522427 0.18865587321214 0.00145525110862976 -0.00177175430081974 0.00365380757541433 0.00115430383226071 -0.000239723116737008
383800 0.0389011277827723 0.185311861531757 -0.00214146579687371 -0.00162225065742233 0.00238860500914363 0.00223697249547878 -0.000302249390666273
384000 0.0390337929099317 0.188318042757787 -0.000988423635564975 -0.000498039109597354 0.00295933664256829 0.00148972561831209 -0.00115223826119637
384200 0.0389400506843274 0.187675598408073 0.00222673830466648 0.00122985710786541 0.00283655975374644 0.00221244038477028 0.000176211995324713
384400 0.0391094235911075 0.188531469189466 0.00186867299682473 0.00459963430219958 0.00272525594510067 0.00183336905051897 -6.92358419816952e-05
384600 0.0390939106444039 0.190898749674488 0.00426501543438641 0.00512067817532338 0.00214230504487497 0.00219800048720274 -0.0020420262059728
384800 0.0391763037819717 0.188371200796076 0.0049308550709908 0.0017442019618995 0.00188234069785157 0.00201193276786637 -0.00056116744713323
385000 0.0389662788205943 0.185183828357846 0.000154194825712935 0.00254559989252064 0.00225771236617215 0.0018458753910621 -0.00041059134841315
385200 0.0390885247730678 0.185645607669789 -0.000285971896867855 -0.00148576678668813 0.00341686240056501 0.00236773201812082 -0.00160841137356404
385400 0.038958310970403 0.186216097156225 0.00125026335722596 0.00334301548697483 0.0032024543523286 0.00408388820206489 -0.000689582728621135
385600 0.0393225642454526 0.192829614614405 0.0045668907394604 0.0038877129701535 0.0032834081587363 0.00295177186778102 0.000945921363688734
385800 0.0392306880301444 0.191307504753635 0.00491885846245232 0.0063338585493021 0.00243096041888252 0.00322664165769413 -0.000956115627033035
386000 0.0393565837737265 0.191550080231526 0.00197970104893729 0.00574294693486227 0.00280286350229874 0.00250473382767048 -0.00190036002397785
386200 0.0392116304672309 0.189658299773676 0.00339424834190965 0.00400517464516217 0.0037327024546642 0.00327646002626983 -0.00160780314585788
386400 0.0392312855770204 0.190176533126938 0.00426578463377128 -0.000190004366510338 0.00301036878264948 0.00397672063077391 -0.000565468446896775
386600 0.0391455841314559 0.188487197993074 0.000825694936370081 0.00150277613778569 0.00234672328318392 0.000933984883146065 0.000807937266403117
386800 0.0391888875676214 0.188740915733808 0.00129847742241052 -0.000346488533689255 0.00209409019650113 0.00251033522076035 0.00113366950327574
387000 0.0391288394490115 0.186720267860089 -0.000300481021749256 0.00283115718466929 0.00216031865174916 0.00133852010616238 0.00035098318370574
387200 0.0393630782094639 0.190093978144447 0.00497771759621202 0.000250442272875642 0.00391490230895812 0.000417524131299053 -0.00265549968134367
387400 0.0392731367136301 0.191160399196572 0.00416059406589819 0.00583535715864403 0.00325745077494234 -0.000177038105734245 0.000387116275960416
387600 0.039251404389538 0.190696960652705 0.00615929231820706 0.00565763105195648 0.00303123767309471 0.000793800869850209 -0.000910474271759858
387800 0.0391593868591738 0.188718543474446 0.00165412237638935 0.00550621578703737 0.0032848313773044 0.00175126445547164 -0.000873941274516752
388000 0.0392353974511548 0.187900796979436 0.00375624883649438 0.0029983876322018 0.00309308046393594 0.00037930526358872 0.000635105191613065
388200 0.0391224605678082 0.185372336262767 0.00254459233392632 0.00228918487033683 0.00381812251827646 0.00227515301823864 -0.000975364309712089
388400 0.039301851113127 0.186989543729999 0.00177087071251281 0.00145186830245516 0.00201931645041642 0.00430584678199744 0.000428538532521989
388600 0.0389541286901484 0.185456580458909 0.000833287185143388 0.00425928804269052 0.00328271629911471 0.00154022810252394 -0.000456347196718875
388800 0.0395602258644905 0.19045556834629 0.00252708373789034 -0.000559656050171511 0.00318707369685876 0.00373397478006616 0.000496462105201642
389000 0.0390216954446789 0.187812687751734 0.00682434073479419 0.00343660824113137 0.00275527573722132 0.00351184106116281 0.000249976009534045
389200 0.0393299100695796 0.189429002603929 0.00359860281748949 0.00207788242760565 0.00386647088705012 0.00411615254225881 -0.000690420317072045
389400 0.0391054038022904 0.185833103894401 0.00261073483621437 0.00350635093354175 0.00228574327627814 0.00307465012072625 -0.00123610021702178
389600 0.039288796167942 0.188343796436527 0.00157462209458901 0.00121071736377945 0.00383978020777648 0.00272468982559107 -0.000480502380342218
389800 0.0391869064337681 0.187709822968315 0.00403377956873353 0.00284760673798423 0.00224462444847732 0.00270528031922305 -0.000837420533072363
390000 0.0393778430709903 0.188413012163382 0.000122024040506174 0.000786316653763206 0.00269049437147756 0.0013896685818106 -0.000384076916610895
390200 0.0390582736296583 0.186977720884847 0.00329989075894556 0.00636396087117507 0.0029488696296878 0.00168468964693588 0.000295721496953573
390400 0.0396372198756685 0.193940868029703 0.00606968010237378 0.00527299630026757 0.00279669720427193 0.0034441027756352 0.000307420516893224
390600 0.0389946581644141 0.18711332634563 0.00190568017054712 0.00721815906591834 0.00231922959448901 0.00207724482957169 0.000678310231677354
390800 0.0394439970822067 0.189038628055353 0.0034353780279283 0.000682826879585879 0.00210947361211538 0.00128934745175957 -0.00263763967091396
391000 0.0391238598210705 0.187106799180618 0.00171788437059411 0.000165072773613214 0.00330134358351802 0.00180457673939144 -0.00107774611157015
391200 0.0393057644297097 0.186615448042074 0.00297908254608088 -0.00310104607415405 0.00371800180948433 -0.000334980687590648 0.00145709673222532
391400 0.0391766311012615 0.184827370478315 0.0053923868330631 0.00229322532534542 0.00368402958070223 0.00130671939536532 0.00117163670067185
391600 0.0394023927900168 0.188931626292486 0.00623641047495363 0.00544016834925432 0.00295739976408386 0.00277109471919918 -0.000590608243392559
391800 0.0393244564590496 0.188442107452322 0.00397747376831161 0.00494099928556761 0.003397124413395 0.00155306863962903 -0.000179066770967982
392000 0.0392811018950369 0.188903809428118 0.00389884135050016 0.00181181021841111 0.00323846369112362 0.00426052511708102 -0.00215680658584295
392200 0.0393696791514121 0.187174869867818 0.00419270849642796 -0.000600639461467745 0.00328107345982371 0.00177100689566999 -0.0017633886232727
392400 0.0391978695701391 0.18690084969331 0.00158902958336526 -0.000634048715441814 0.0016598463253384 0.00184227264116415 -0.00117811068358021
392600 0.0393502228230214 0.186324007120196 -0.000184198007275273 2.04524038587058e-05 0.00220606392532455 0.00187131753943843 0.00051302190706027
392800 0.0392788012326115 0.18580626896809 0.00511101888157504 -0.000223575285505588 0.0022367376063041 0.00204426380607102 0.00018392705555044
393000 0.0394719603613081 0.189713042498764 0.00563009186908346 0.00368572691887511 0.00281276764479186 0.00326186658189257 0.00183770897864397
393200 0.0393990749857381 0.189418019156236 0.00689303886203567 0.000240268026756609 0.00372866047404311 0.0014782448881632 0.00105553256135271
393400 0.0393151496347695 0.189716429742081 0.000734367782930289 0.000510370850969333 0.00324664125558258 0.00403825011624954 -0.000670688923908445
393600 0.0393195417708147 0.187053691955838 -0.000503781392262989 -0.000339435651168134 0.00195667027537264 0.00419223404303408 -0.000803099713428218
393800 0.0393201832703523 0.184529990917595 -0.000437554777281732 0.00196564337274443 0.0015671046262579 0.00341328126299931 -0.000914736205813213
394000 0.0393305378166051 0.18590556080556 0.00433605377268948 0.001756570905402 0.00362313479196419 0.00220518189142118 -0.00141905604671864
394200 0.0395017686603502 0.19070819691177 0.00250200038927909 0.00456840636542908 0.00314399408396082 0.00198707951753907 0.000687529186755796
394400 0.0394734263328715 0.190267775900861 0.00369106880426031 0.00555786846124755 0.00208067029309147 0.00163134497710616 -0.000926821991623698
394600 0.0395343861111991 0.191214843429202 0.00533025088522196 0.00525396181889477 0.000926285647640833 0.00160922494859398 -0.000658830827956979
394800 0.0395204817011756 0.189763164304292 0.00475733012809639 0.00479537779150495 0.00275549302761781 0.00240312995682874 -0.000776225086514159
395000 0.039248188596349 0.186002797864537 0.00140244516803073 -0.000248026030197027 0.00309820018234298 0.00139405221780964 -0.000832521844650263
395200 0.0393799404433187 0.185245613150083 0.000567978047024732 -0.002206086247946 0.00384599012489883 0.00231068760014114 -0.00075511843487642
395400 0.0392980372167423 0.187082498426759 0.00160239026073407 0.000633897704252964 0.00193970011100259 0.0017490124978195 0.000406712269762231
395600 0.0394597052212416 0.1883311648163 0.00147165026750586 0.00523424096501097 0.00225293090161274 0.00117000139571338 0.000950484322702524
395800 0.0394484436326864 0.191407628331028 0.00407749011910683 0.00453241261331852 0.00447569623677192 0.00240772762897789 0.00065233353716295
396000 0.0395151508213999 0.190663260556379 0.0049464746123823 0.00415035856131872 0.00244564272012485 0.00319827620580264 -0.000939588338521478
396200 0.0395019262635528 0.187510878107353 0.000503667581944917 0.00235272730270978 0.00103586852540264 0.00164410722494282 -2.49265101022245e-05
396400 0.0391975805084953 0.185202209327789 0.000490417628865539 0.00161129595610564 0.00291543905933194 0.00244216523126679 0.000284697012271752
396600 0.0396986174237081 0.187253702264059 -0.00222458403555532 -0.00145605573231984 0.00276014049392599 0.00245994492559692 9.23232499452357e-05
396800 0.0392213879437271 0.187451527470493 0.00136709830400637 0.00256757646940413 0.00176043383398191 0.000839516718008126 -0.00183907436115198
397000 0.0397778380002253 0.18956399030746 0.0014666838569714 0.0012032020675014 0.00319813656691289 0.00128862587050432 0.000517634009233318
397200 0.039440002870505 0.187685028706321 0.0024509784704152 0.00234983509768744 0.00286428890587474 0.00117885204668798 0.000660080775128541
397400 0.0396748885760899 0.190335061301397 0.00352965913284307 0.00155521144190208 0.001740377957656 0.00221815298922228 0.0015696167829672
397600 0.0392244474430446 0.189444808138551 0.00408654687595631 0.00439594777622596 0.00242334092080231 0.00299556517652474 -0.000309141035715093
397800 0.0398533036387237 0.191879198422848 0.000490386443244258 0.000897009252289105 0.00186078462390464 0.00167299051397947 0.000508503736440938
398000 0.0391210926792936 0.186252566863397 0.000217610678144378 0.00214378179132277 0.00297561047516046 0.000324121950437736 -0.000293794455859217
398200 0.0398123737715913 0.189789820348259 -0.0018544779694546 -0.000982391593834037 0.00053438528483571 0.00129572335569669 0.000697253849374907
398400 0.0391564337342271 0.186945308486327 0.000894732137345941 0.00287445090302017 0.000205329480971382 0.00188015243542333 0.00118052366095588
398600 0.0396567388929581 0.189324092486152 0.00126104965932539 0.00205240695634995 0.00159955616777286 0.001697487538005 -0.00130741556896741
398800 0.0394322745866078 0.190830177138379 0.00396271820957497 0.00372115704390892 0.00377195049166214 0.00146878680801358 -0.00076171346088198
399000 0.0396752615552539 0.190342441989641 0.00338352203939126 0.00394079217526252 0.00376704236509308 -0.000169570052202564 0.00171102222942827
399200 0.0395923906837001 0.191086848313304 0.00485251238906364 0.00302423676957379 0.00138725760689909 0.00183651356384116 0.00193422389168473
399400 0.0394992212811898 0.188446001592332 -0.000652885416991543 -3.01974878873923e-05 0.00212685791919165 0.00340207612111805 0.00173188616889265
399600 0.0395246199694017 0.186048187600511 -0.000130545348789416 0.000163865796815937 0.00334759724981117 0.00270868384745035 -0.000361195031215152
399800 0.0393503210297011 0.188490894396267 0.000875300511932294 0.000301765750378326 0.00269863743531426 0.00215933800491452 -8.99943632014394e-05
400000 0.0395946237316827 0.186896294377876 0.000611468416557058 0.000712816107658749 0.00207068246593029 0.00183411174316445 -0.000164376614243404
400200 0.0392658165875579 0.187014504194004 0.00550388766939758 -0.000747680535767971 0.00183764483698715 0.00137599055415286 0.00138181509159622
400400 0.0397322599780307 0.192175132340402 0.00237359177203983 0.00428372569061739 0.00106803729892248 0.000328592379704358 0.00136031269519113
400600 0.0394397308106434 0.18930091279912 0.00302284079955281 0.00272180374651775 0.000885162162247558 0.000410284617198715 0.00162669638403264
400800 0.0395831486258893 0.187985671430873 -0.000620686617771626 0.00468644890591236 0.00130499333896086 0.000704757213233886 -0.00175897356757122
401000 0.0395528317862717 0.189785216183976 0.000276202714011657 0.00119696538525146 0.000859141086248392 0.00229123370637192 -0.000970874515007917
401200 0.0395311128896627 0.186876093507901 -0.00111122368941238 0.00302055824597299 0.00108934542351578 0.00336555665083421 -0.000375565464576893
401400 0.039586927693738 0.19112003224945 0.00426707408835686 0.00410179113355439 0.00319712633698849 0.00313151465646693 -0.00158282194016354
401600 0.0398172333891224 0.190914065734944 0.00198792787390094 0.00507707897543665 0.00346884165263593 0.00268397875599856 -0.00108229416380277
401800 0.0395698773157476 0.187774413785907 0.00647003848569163 0.00300470247720333 0.00284792137443222 0.00347735796019926 -0.000945703073664691
402000 0.0396725247361407 0.187835750430301 0.00256889121562624 0.00411857538103538 0.00403989238216481 0.00337201535022331 0.000121794317002914
402200 0.0395064141823658 0.188102161588644 0.00150478943763173 -5.08816566131115e-05 0.00295776231733029 0.00236599596628648 0.000101354417116915
402400 0.0396384311873936 0.189009055483863 0.000690368179609459 0.0025843297214275 0.00186313048555985 0.000788231360066661 -0.000589670308918984
402600 0.03961838880517 0.186988656790321 0.00321094627605952 0.00348234656574006 0.00204799090405505 0.0014036493849778 -0.00224206732327983
402800 0.0396673565015924 0.188786788336974 0.00162202694073338 0.00323465033710327 0.000462242491749099 0.0017957118937183 -0.000297368023501517
403000 0.0396056662744347 0.189509895207643 0.00116999973386571 0.00082163472640693 0.00135378901257288 0.00161680234372917 0.00121278172595737
403200 0.0397525480217688 0.188895570395297 0.0030214085111726 -0.000207259574768497 0.00177245308850249 0.0039186161359299 8.68670132707739e-05
403400 0.0396254071865109 0.188435703347672 0.0040495252771519 0.0020697782439537 0.00401551278535661 0.00223600339955807 0.000406815417024863
403600 0.0397581585778813 0.191836166896363 0.00555012387530178 0.0019412461681922 0.00295914136678682 0.00120586267694305 -0.000397452336927893
403800 0.0395494060187543 0.190586743736548 0.00261224804094966 0.00344617685203947 0.00259415199096313 0.0011911919122908 0.000671966505972978
404000 0.0397438554657621 0.189557151072926 -0.00103847974582958 5.5908152335494e-05 0.00189593654546893 0.0038378729023096 -0.00100864776428246
404200 0.0394093795137875 0.186085465905143 0.000419444619063987 -0.000610029921207157 0.00162329988762604 0.00290344296449739 -0.000506323407786852
404400 0.0396757420746907 0.188565909908023 -0.000516068403423814 0.00179838666191368 0.00266511998842676 0.00333252132534988 -9.91616455833918e-05
404600 0.0396014578669857 0.189956016330323 0.00333187391751987 0.000808330963512867 0.00381270418732447 0.00225114799000066 -5.44057188824544e-06
404800 0.0397655566975021 0.191780596236056 0.00157199074653576 0.00218598995696332 0.00363364212522562 0.00283822436293887 -0.00138737687821039
405000 0.0395790722616741 0.190399229319837 0.00695879880540139 0.00260990508889088 0.000712315677039438 0.0022699328212507 -0.000805911577210498
405200 0.0398509205204703 0.192352377408884 0.00246507903066019 0.0036675864885068 0.000316297060507233 0.00308203880459778 7.02757931640672e-05
405400 0.0394354362832789 0.187098717936261 0.00308347766245768 -0.000520618603920732 0.00250522696850465 0.0033417484447448 9.226667099212e-05
405600 0.0398366036201022 0.189480048942318 -0.000526934665146371 0.00205939120009743 0.0015551141804655 0.00149242621145459 0.000221733499477929
405800 0.0394658582778386 0.186567963077887 0.00339387082667259 0.00213316567457824 0.00301895662454414 0.00184891973854061 -0.000705885709168819
406000 0.0397259482449055 0.191137517065516 0.000979791972348335 0.00451405605541008 0.00329578003154221 0.00177785234619689 0.00150979193092057
406200 0.0395371483149558 0.190744358439685 0.00375334773530962 0.000876973455764134 0.00539083676405111 0.00195180870355348 -0.00159666954704966
406400 0.0398146005894862 0.193592732099039 0.00233485056540216 0.00272273142771276 0.00208864504026822 0.0011918794374417 -0.00129100878621644
406600 0.0394775617324334 0.189261794784267 0.0037457106309958 0.00330421996718915 0.00252173691253339 0.0010412691560533 -0.000388434325242229
406800 0.0399284486421633 0.189587408323265 -0.000264003091389682 0.00120894511123293 0.00148394426133973 0.00216950328421208 0.000482803068059949
407000 0.0393087854236041 0.183447113759629 -0.000114021521037561 0.000998900825947472 0.00234772202515416 0.000934597365434389 -0.00122865021980766
407200 0.0398977878924453 0.186969537470668 0.000482826419416889 -0.000755337522946422 0.0020733989830133 0.00333162523133622 -0.00132701082095499
407400 0.0394567618695342 0.186650868352071 0.00336598523031491 0.00445449450448257 0.00266216713996069 0.0010151249772533 -0.00147167408486914
407600 0.0398571853503189 0.192364548371549 0.00459218806757569 0.00518121129569446 0.00250234023951419 0.0040826536691466 -0.00190329155236828
407800 0.0396840115881208 0.191452271044419 0.0036761988979942 0.00357771043824887 0.00296530319730822 0.00262747663834235 -0.00172607877197271
408000 0.0397717974619482 0.190895700545839 0.00362341122360198 0.00176574939585706 0.00214134971661481 0.00332419364767105 -0.000441961859596882
408200 0.0394791636480131 0.187920302145426 0.0026562617985571 0.00114991344696624 0.00221828321376744 0.00285357429290148 5.61658304828385e-05
408400 0.0396097808260589 0.187362962740647 -0.000953869064143073 -0.00260553739448556 0.00184369317985793 0.000484881836827144 -0.00161086916308631
408600 0.0394198630100045 0.186015936373751 -0.00114834162806207 0.00215352773533207 0.00270610556091058 0.00213789328350903 -0.00126343209024909
408800 0.0396508478778948 0.190294188648106 0.00419571787036251 0.00578735916461444 0.00335278848561711 0.000286640159308331 -0.00215891544548739
409000 0.0395662671116865 0.193075008443331 0.00254001281337538 0.00449108896644203 0.00196313907748618 0.00260947740651252 -0.000165956696729045
409200 0.0396588975870729 0.191216271605212 0.00246324712619639 0.00173096083794006 0.0017684223059668 0.00286828691749591 -0.000315030569830816
409400 0.039523952048649 0.190273611545292 0.00351913663413125 0.00213369538713412 0.00192463474650849 0.00336801694404137 -0.00022219138412124
409600 0.039594631261531 0.188386140646819 0.00522656668450866 0.000710240474655426 0.00298210193090645 0.00127160537041705 -0.00130953461340888
409800 0.0396759552461636 0.18826882279953 0.00202801542627923 0.0020308889952714 0.0033385996342572 0.0013133022918215 0.000789833460144611
410000 0.0397231078850455 0.188552282138236 0.00310638514345279 0.00397369534001962 0.00226282640824351 0.000731406078286024 -0.000673638203101533
410200 0.0396687397111835 0.186800319097017 -0.000286105347353259 0.00149496686994361 0.00107036607901186 0.00235922977225837 -0.00152060776672779
410400 0.039555534462979 0.184738202415858 0.000870321884159054 -0.00119772061730052 -0.000550295241219091 0.0019719003909552 -0.00194931145658008
410600 0.0396792943568952 0.186591846303555 0.00282696718287283 0.00290035552316679 0.00140731021820621 0.00164877346796466 0.000435459619873543
410800 0.039644638876702 0.187665265412504 0.000228407433382272 0.00424607932181319 0.00337567437740408 0.00201132989415447 -8.3035929936531e-05
411000 0.0397555560401019 0.190700036938628 0.0023202472624559 0.00095054986244897 0.00286312517346762 0.0013258944459247 -0.00226843543121023
411200 0.0396795903489957 0.189211328598631 0.00352003527022021 0.00295314328928172 0.00182293901552916 0.00236325293018666 -0.00137654938921651
411400 0.0398204021782454 0.191160924284848 0.00421770332484805 0.00502122929932852 0.00143773458698435 0.00259249604855336 0.000867338485072244
411600 0.0397021233374701 0.1870246444095 0.00291426144817286 0.00477299171658085 0.00294454504865516 0.00266411762022743 0.000367698811330097
411800 0.0396990930841458 0.185859677932293 0.000916473431704542 0.000953373692111786 0.00259746891317638 0.00200886278673359 -0.00147016287605441
412000 0.0395832292574151 0.18604561265121 -0.00249492728726997 0.00112436656228404 0.00283224747923329 0.00230640889773002 0.000669021217350231
412200 0.0397092816733705 0.190421523354882 -0.000844824708664688 0.000597258711573087 0.00116004463527318 0.00248304294626023 -0.000805452887669008
412400 0.0397525329210302 0.191104152881357 0.00232767873578656 0.00427357298533986 0.00111998810799938 0.00235150509856704 -0.000487342233865944
412600 0.0397087838232061 0.191094818523356 0.00490279057278921 0.00190286445203011 0.00281747933917008 0.0020447721738325 0.00112462316773027
412800 0.039794194945426 0.191101145968382 0.00324844429647092 0.00442523547037734 0.00242152525794818 0.000575005656212064 -0.000322317274892423
413000 0.0396939401505966 0.188069675566949 0.000801611761275159 0.00134697826294614 0.001691285820533 0.000836999215974456 -0.000216027655303171
413200 0.0396262537722072 0.186306459774979 -0.00189956519576892 0.000642516930489693 0.0013297632076314 0.00295793204944653 -0.00038765800215912
413400 0.0397543950200208 0.187579999326056 -1.42860646621102e-05 0.00247644400485934 0.00229818184447358 0.000791821679923576 0.000498152111427013
413600 0.0397752441693951 0.187375134407641 0.00206603232764943 0.0025386251174949 0.000620311065214477 0.00102423865948799 1.10783790161689e-05
413800 0.039730631190123 0.188630439402089 0.00421499004345298 0.000589166147513095 0.00308610339333649 -2.59377357910049e-05 -0.00157070145390859
414000 0.0398037585348351 0.187497860044575 0.00257949234852897 0.00145148936270363 0.00317793428518988 0.000384564108104006 -0.00122257550346292
414200 0.0397391021385217 0.189018403781762 0.00550391662987355 0.000333028333783394 0.00310781478638217 0.00196784238452034 5.06972915540258e-05
414400 0.0397369423665405 0.189054652526948 0.0012823641700251 -0.000267986292179792 0.0046508189911186 0.00306547113361592 0.000508269488831746
414600 0.0395973457877374 0.187526095952613 0.0020879713752387 0.00132928543165183 0.004124536130677 0.00256776861406311 -0.00110766747556003
414800 0.0398229205472491 0.187335453949248 0.0038023438415952 0.00142505475584038 0.00373653101077378 0.0035197041372902 -0.000162280715470519
415000 0.0397133558747942 0.185512821945765 0.00648221869390884 0.00312209847618979 0.0043282229078268 0.00251010379533961 -0.00205419508765378
415200 0.039757661100734 0.187517729311627 0.0060262640531878 0.00194435295887646 0.00120950779972795 0.00263129852353697 -0.000972983510725429
415400 0.0398581400175706 0.189307491786488 0.00261793422183774 0.00191535189168428 0.00374778092773742 0.00253856560051452 -0.0011425838725933
415600 0.0396626582180596 0.188254383905386 0.00125554613853622 0.00258207613150895 0.0028933221954861 0.000990947953834103 -0.000986658513353396
415800 0.0398121350051715 0.188662266229299 0.00381951908980159 0.00149482227918457 0.00409743629507603 0.00144680530611726 -0.00120164728778883
416000 0.0396779863908338 0.188590937268932 0.000662323628395535 0.00248464885159716 0.00436399370884644 0.000717740197298571 0.000401326274760759
416200 0.0397707821411719 0.189381255438202 0.00340755624927821 0.000976145083776612 0.00344932250829407 0.00119978049759781 -0.00109963970674038
416400 0.0397942633797956 0.191871435259585 0.00301652135538321 0.00358391181493406 0.00328733258508545 0.00261898030811864 -9.71308110124239e-05
416600 0.0398484696066452 0.19072846127026 0.00220698974658241 -0.00150886994426202 0.0026476816340662 0.00208723661415918 6.8258322011481e-05
416800 0.0397493496868846 0.189570186073183 -0.00057471355439526 0.000345996801861937 0.00201674677274812 0.00129771342946369 7.70061291145026e-05
417000 0.0398696039166156 0.18841711202915 0.00100608827179974 0.000836020204376459 0.00334231045718413 0.000627283590597908 0.00102358205897088
417200 0.0397091976437555 0.18907341759364 0.00257002158003127 0.0040688396010612 0.00348312534631478 0.0017355374071347 -0.000126709618154921
417400 0.0399417743223903 0.190253019922 0.00318866526310651 0.00311698932291019 0.00158451444227163 0.00364443255583631 -0.00227430790864736
417600 0.0397159360780718 0.189620298149143 0.00187246696587793 0.00375881186633609 0.000600759276647325 0.00342062661468005 0.000905332336188986
417800 0.0400077672197161 0.189028203051085 0.00155669729796922 -0.00110705581005499 0.00163007083604695 0.00282523809486792 5.78622040229993e-05
418000 0.0395902365731042 0.183624767364701 -0.00219115254860504 0.00243248419525902 0.00223107091681698 0.0031349651648217 0.000368971589917846
418200 0.0400807671974436 0.189996741666009 0.00256779589755268 0.00171718202878183 0.00247151550062998 0.00145558572573418 -0.00140758600527412
418400 0.0397355514917194 0.18904422624911 0.00426412924599798 0.00414171071713674 0.00140979967130839 0.00202333147248016 -0.0015688414328439
418600 0.0400840003279992 0.191366772762819 0.000764937258189819 0.00175962871678748 0.0014184202217717 0.00036481882660201 -0.00121726792152031
418800 0.0397143069928634 0.187529810006965 0.000331191724390069 0.00370972227297674 0.00167241992796041 0.000567308013197 -0.000729127775070827
419000 0.0399179817329264 0.187539095094365 -0.000334208789946633 -0.000335301138140416 0.00366406990543602 0.00390909706415135 -0.001330296592353
419200 0.039704522561866 0.188779199516397 0.000977403774453677 0.000742032591876218 0.0033338447840937 0.00264714109650079 -0.000942217498205184
419400 0.0401352066321312 0.191369260094756 0.00230866004740322 0.000623593833988296 0.00430558678317196 0.00220504478843344 -0.00114971664256134
419600 0.0397053135459817 0.188646730334617 0.00472764995982526 0.00440436060810474 0.00402096638459703 0.00161235223162206 -0.000992317273042813
419800 0.0400975922305407 0.189558945593095 0.000175326546014676 0.0036388936470705 0.00287670601967266 0.00266773498077749 -0.00057633342815563
420000 0.0396787764328331 0.187107075511906 0.00375893936989136 0.00265113091335611 0.00254669539822943 0.00202069800875132 -0.00112583813567502
420200 0.0401182471285492 0.185763609205768 -0.000209920373547821 -0.000196295001833588 0.00309472356651691 0.00243076811240665 -0.000492432614210652
420400 0.0396302313365462 0.185027412086105 -0.000199650910343756 0.00292332581826825 0.00227733227902148 0.00216291964622392 0.000332019661100914
420600 0.0399214435068642 0.186255430550226 0.00128053492891782 0.00412305272391418 0.00239721994105458 0.00211935344192409 0.00136690154909243
420800 0.0399636142695621 0.188404960408231 0.00266993451529261 0.00335903670936331 0.00204964537616534 0.000835265416108986 0.00143448660898814
421000 0.0400272744132513 0.18809877958263 0.00239101009294568 0.00356858463763712 0.00326985703298081 0.00211783571897446 -0.00134156914139556
421200 0.0399639367875434 0.189468536364711 0.00219323145285674 0.00147872947502201 0.00211395032503721 0.00289082426297058 -0.00123871616505456
421400 0.0399315127001263 0.187284145257868 -0.000869013653189858 0.00153404514975114 0.0014914738479003 0.00346024257922201 -0.00207866393231203
421600 0.0397556104826137 0.185987032268405 -0.000653596712594634 -0.00104064254638581 0.00107551569349609 0.00308148045111022 -0.0012520640014977
421800 0.0400507564930662 0.187653262425885 0.00245079083097053 0.00218173973842825 0.00189188155447357 0.00325673520506106 0.000201214570152296
422000 0.0400256950374423 0.189569346836548 0.00600264202103305 0.000318591689759717 0.00348220343495829 0.00271569367408592 -0.000777470917885296
422200 0.0400222809704445 0.189817796132803 0.00301235972967603 0.0059615366836101 0.00432264079992631 0.000417044170157661 0.00120709620048256
422400 0.0400587144529717 0.188695184158167 0.00505825951348239 0.00363195815144708 0.00381778813469344 0.000473733126483728 -0.000453742032598856
422600 0.039968191511507 0.190496414505426 0.00414152669905981 0.00140639843202605 0.00282451470212845 0.0020687768624176 -0.00108996276365534
422800 0.0400520598849143 0.191344613702515 0.000149905209118331 2.22678650821851e-05 0.00326057726651365 0.00210956342519762 -0.000675785935465449
423000 0.0398710650051721 0.188434187264139 0.000919774363898966 0.00213732688045417 0.00267004456888135 0.00086116887461705 0.000843910580094391
423200 0.0400506269880035 0.189501623257 0.00143740534989775 0.00118471334485553 0.00408661643328909 0.00190689111096304 -0.000851677748887496
423400 0.0399157580028452 0.189758715112223 0.00205697051685991 0.00354567298191674 0.00370130962666212 0.000430997805715145 -0.00107742829182775
423600 0.0402887276082339 0.191415487663536 0.00331397076476511 0.000648563686771148 0.00226143190477838 0.00107657812443205 -0.000437760500872982
423800 0.0398589488087317 0.184540752979599 0.00118377986679475 0.00412680821108688 0.00122821886036199 0.00240605277515605 0.000463076296375208
424000 0.0402034358768046 0.186720558474642 -6.63252190797469e-05 -0.00071222767957437 0.00251653051433587 0.00251898928877882 -0.000417010256936814
424200 0.0398442987238765 0.187660700317726 0.00218182220884329 0.00315370481346989 0.00208741577366502 0.00213835211996757 -0.000346001963743747
424400 0.0403029418595566 0.191083106807285 0.00409447233726808 -0.00133198590533744 0.00295582570793321 0.00269450797120023 -0.00173150253915346
424600 0.0397441119299421 0.185995323980296 0.000589874127505572 0.0019060281602342 0.00265132022379814 0.000677017988759163 -0.000248257280779295
424800 0.040302845480373 0.191777132062328 0.00191546583325653 0.0022166424909279 0.00288818433625355 0.000532199322586881 -0.000650177511532292
425000 0.0399573435784749 0.188859496012207 0.00291040858636698 0.00528468557912262 0.00191776912361019 0.00224959460684881 0.000181745023422678
425200 0.0403080044729027 0.191009295533484 0.00588988984274727 0.00523010685867211 0.00334356930723274 0.00252412362585878 -0.000784472294831609
425400 0.0400651663564722 0.189824780143884 0.00278871428706637 0.00550101891993638 0.00389092724171945 0.00162231765976917 0.00122085075803668
425600 0.0401546644860818 0.187073940412324 0.00109709142846858 0.00270303750716972 0.00551161587821405 0.00188544850043648 -6.29680248195322e-05
425800 0.0400174799294378 0.187914917902336 -0.000210703327813553 0.00549123057546811 0.00305136090381496 0.00239487908294033 -0.00175661759481122
426000 0.0402047842974238 0.189362898985424 0.00409863172520842 0.000445863578000362 0.00451247292675489 0.00281766068658029 -0.000406761354616958
426200 0.040062200509416 0.189741055378986 0.00119863583014075 0.00231795593586642 0.00294344557309458 0.00323165235525913 -0.000361063422959668
426400 0.0400655449745532 0.190299941680432 0.00358657130481655 0.000403997238733871 0.00388378184828462 0.00495262314311751 -0.000961343838327215
426600 0.040198907795915 0.190142112627179 0.0026843037809501 0.000317801480694309 0.00186701058935961 0.00270474107107637 -0.000868938140246372
426800 0.040071005875754 0.190451312003462 0.00299138362134514 0.00330340344448023 0.00140365083068879 0.00260065173129262 -0.000856092993495372
427000 0.0402264049325815 0.189196714192714 9.70705431881086e-05 0.00487497091653452 0.00145207066417915 0.00254349069673303 7.92465714440143e-05
427200 0.0398596850197167 0.184508579184141 0.000444580457497147 0.00249919846036869 0.001765930903238 0.00180173529973225 0.000862460837282565
427400 0.0401197951321954 0.185911664456191 -0.00104291983585495 -0.000716246134809452 0.00145504098449615 0.00251757536804834 -0.000130886002855896
427600 0.0399735915825794 0.187692336361939 0.00407054272804037 0.00313047264095927 0.0022705097520553 0.00180544141834634 -0.0017644048384409
427800 0.0402247464979901 0.190355238194592 0.0027482747829739 0.00399055204027166 0.00226720846706493 0.00263738920364917 -0.000983166497369633
428000 0.0400906196683823 0.190973544081831 0.00816470808595932 0.00279230927594579 0.00257184545873182 0.0029098922513672 0.000322083254783582
428200 0.040236484474554 0.189747315048844 0.00456448724873765 0.00416338058194261 0.00182769079060452 0.00298935612644868 -0.000541408669684216
428400 0.0399371966552871 0.188168429435655 0.00615105184058178 0.0012641592166005 0.00385697479089263 0.00319435022899321 -0.00233630942978779
428600 0.0401724428723359 0.187394223389378 -0.000721529837313054 0.00161779731569566 0.00337006986433066 0.00308277464193641 -0.000998276216408928
428800 0.0399225385003129 0.185779001729353 0.00355267117725571 0.000620967792298558 0.00216255024306264 0.00136328567444226 -0.00103823189757996
429000 0.0401816595989293 0.187592309387572 -0.000314507664340455 -0.000366610270136345 0.00300533325698794 0.00392231220815834 0.00162734817055201
429200 0.0399492689604205 0.188605575918303 0.00325050096849294 -0.000194969061337647 0.00242222033705956 0.00329052995216445 -0.00188984839810951
429400 0.0403558834146726 0.193373772475765 0.00386303907032171 0.00460493315321849 0.00262620004590865 0.00403931800463821 -0.00107468996457117
429600 0.039940762126666 0.189021682065137 0.00519921989988556 0.00548076158960174 0.00174494153931211 0.00328711635681806 -0.000530473324519148
429800 0.0403408116973774 0.19017716906671 0.000675020257328279 0.00375256406088811 0.00199923893653335 0.00260656903169676 0.000356166127252443
430000 0.0399968566855233 0.186782445196499 0.00249371358139221 -0.00249112111112795 0.000622826712313258 0.00256022794559811 4.46380594462823e-05
430200 0.0401451573981035 0.187307225069462 0.00134247024426706 -0.000680796619084611 0.0019611093227417 0.00348079151152609 -0.000711748181790764
430400 0.0401084887814525 0.188349473371389 0.00408961351860117 0.000935949265247703 0.00174085257328743 0.00297620904321474 -0.000192309119245579
430600 0.0402602955857893 0.190937473708099 0.0046484860323044 0.00346831932647767 0.00234114313414175 0.00249423411796242 -0.00180101598650686
430800 0.0401410309347517 0.188950433313664 0.00431400489125391 0.0033535465633958 0.00349694516979675 0.003294763589623 0.000116195848848306
431000 0.0401946990048722 0.188946126133341 0.00290155582204783 -0.000994173672251058 0.00332161598766761 0.0023004644962527 0.000333366318243553
431200 0.0400668251916944 0.188288708531735 0.000567867974884807 -0.000217623032805487 0.00408342511911377 0.00353008008351468 -0.000985299223517049
431400 0.0403139351263118 0.190714866525988 0.000288916769825673 -0.00148448098825162 0.0018227616064157 0.00261472787197388 -0.00128796017465477
431600 0.0401932004070161 0.189732320233494 0.00506565365530609 0.00854448536573622 0.00173961683592984 0.00293377450361447 -7.76164304331032e-05
431800 0.0403090912803059 0.192777656397354 0.00670499823411488 0.00613450854720789 0.00306472531824088 0.00135468405696197 0.000479055000555293
432000 0.0401638896508035 0.189393156610763 0.00585188410417036 0.00657868575994879 0.000834098829012409 0.00208087951691579 -0.000490217479189734
432200 0.0401810764664813 0.188666285658634 -0.000443389226439008 0.00177080073063469 0.000146289902939776 0.00147350440781768 -0.00179648495930074
432400 0.0402216218130971 0.18883195843155 0.00124062110609666 -0.00154499392313127 0.00330550874917849 0.00242743948689235 -0.00157762976353294
432600 0.0401069084320187 0.185981816642161 0.00104722086744941 2.11455446280614e-05 0.00250662279807624 0.00358060102567747 -0.000337509092242144
432800 0.040068453851361 0.186242960101244 0.000823927009452881 0.00343051233982845 0.00364654280170634 0.0021954487503329 8.8645894249483e-06
433000 0.0403827488218095 0.189460720526727 0.0025362808134037 0.00537806827472911 0.00425028905733082 0.00352026851753353 -1.69989468599874e-05
433200 0.0402749817450306 0.190192316595379 0.0041171042028241 0.00484619312381585 0.00338244598043718 0.0030211404741359 0.000315424698515501
433400 0.0403139559518358 0.190322194087309 0.00337693146533289 0.00368486031813297 0.00366281772973029 0.00281389032169643 -0.00173926154533283
433600 0.0402828580748078 0.191597520289912 0.00228012135365996 0.00498349375452544 0.00172104430787399 0.00236636902263201 -0.00145142413831723
433800 0.0402256853428234 0.189031812304182 0.0011645071862599 0.00201733923348123 0.00151837936996353 0.00239528814998606 -0.000210296685350119
434000 0.0401510541258445 0.187761545191379 0.00313195087940685 -0.00029609080634614 0.00135767927268478 0.00306582786314823 -0.00159736254684742
434200 0.0401914258024768 0.185748274798825 0.00255550491397883 0.000342855145879534 0.00240439369021779 0.00269024575819273 0.000251835888405061
434400 0.0401981989816761 0.186072114186521 0.00202012583753227 0.00363390576074975 0.00272051280235535 0.003836598958112 -0.00037244473731342
434600 0.0400890505133582 0.188231824146988 0.00338785017559375 0.0023404677477161 0.00255380097819332 0.00345741555926896 -0.000461461006197032
434800 0.0403914316977149 0.191971088094466 -0.000230298559478961 0.00483244451818623 0.00285502652381453 0.00254095418017745 -0.00105376597173309
435000 0.0401030959963362 0.189459642226823 0.00715008096154241 0.00381509180078146 0.0025031152801363 0.00301951439303157 -0.00025674776454016
435200 0.0404133701927642 0.190852735853971 0.0011005639703528 0.00393446922305279 -0.000470867443835218 0.00148187847073357 -0.00113217238178323
435400 0.0401385429451475 0.186341568209512 0.00324462306498795 0.00243398926064215 0.00280195236525747 0.0014453413769608 -0.00109196458245524
435600 0.0404109720139096 0.186415370007106 0.000182066765149767 0.0016426743579648 0.0020329536815862 0.00224633383172386 -0.0014441724534798
435800 0.0401936783693774 0.183565874183747 0.00164885153131705 0.0028151921908179 0.00308988338047762 0.002934041351915 -0.00050290887441359
436000 0.0405424146556657 0.190304013848328 0.00326906953660889 0.00262001671677273 0.000205061880875983 0.00434012530889704 -0.00270295690881602
436200 0.0401507079732922 0.18887319245323 0.00415456004528592 0.00318006336555392 0.000901286559497667 0.00461123203597314 -0.00159793636125343
436400 0.0406657331938549 0.192931193198417 0.000371409442713391 0.00338243739613917 0.00234652163928761 0.0035036015745211 -0.000981122565334474
436600 0.0399573635368838 0.186885059988594 0.00370403367606406 0.00313795668861338 0.0023763827034011 0.0031678454586397 -0.00184131281192837
436800 0.0407005207662029 0.188952776388759 0.000910671898488535 -0.0045100048565818 0.0024994155148602 0.000653460904221838 -0.00154767337476771
437000 0.0399906895793053 0.183946435529751 0.00287099459149326 0.000717711944124706 0.00329428177122692 0.000396819848170126 -0.00118042692894168
437200 0.0404668239612706 0.188211951648023 0.00305364827518398 -0.00191245156965286 0.00424935510911137 0.00347466807873018 -0.00128430526886101
437400 0.0402900303918305 0.189337042687427 0.00446873374208313 0.00159176832441581 0.003883565213892 0.00257092881250864 -0.0024569002863344
437600 0.0405470641105103 0.188294683642485 0.00466815878206895 0.00187194860968628 0.00320477596577147 0.00286523477186962 -0.000552553715605162
437800 0.0403752490386888 0.189974345082817 0.00437487525102042 0.00421640677840171 0.00258290369427689 0.00378603683074533 -0.000922277250417634
438000 0.0405118309661372 0.189123250175989 0.00347015859936168 0.00149196617580301 0.00286309519079356 0.00367554455592197 0.000354284426425761
438200 0.0403342065485426 0.186286510860112 -0.00340360232088091 0.00167415513833819 0.00225848517702977 0.0030573306286467 -1.59607891693084e-05
438400 0.0405047058805602 0.189276205212931 0.00109718469045802 0.00287256427382869 0.00201196578028759 0.00240408450195516 0.00139925944232843
438600 0.0404448394718544 0.188872251209839 0.000500294090989288 0.00547954917649988 0.00323331211536199 0.00212734315178372 -0.0011011188166338
438800 0.0406570119691271 0.191411441298982 0.00414220488825665 0.00368189202015656 0.00217638140535485 0.00195125197584673 -0.00120033188173033
439000 0.0405357932449416 0.190017229919878 0.00282559987175165 0.00607877033289071 0.00344389726190211 0.00379215916757958 -0.00219878088618547
439200 0.0404514816352319 0.186482977913977 0.00242918895173767 0.00245344350729343 0.00327326609713972 0.00305814444957426 -0.00108783980262115
439400 0.0403637577592538 0.188647321015677 -0.000223096409881862 0.00503153559249863 0.0023844843250712 0.00317416888894056 -0.00207313469711926
439600 0.0405063104390563 0.188729540522286 0.00285294251723234 0.000248858395363894 0.00288172080091213 0.00228857027881856 -0.00166014802075763
439800 0.0403696601898782 0.186738245065195 0.00257567388381257 0.00234523929848648 0.00301545187319888 0.00253899947923029 -0.000129761459533405
440000 0.0405849941402668 0.192541694365566 0.00498580279347259 0.00390933277117033 0.00263493602771628 0.0029360720203334 -9.57575666290139e-06
440200 0.040333560143366 0.187570993134285 0.00248981985448228 0.0027961235225223 0.00172848486940271 0.00357050181769169 0.000206794177041382
440400 0.0405527218165139 0.190078707529646 -6.08360632930809e-05 0.00101464005770086 0.0043767621277626 0.00172676531456116 -0.0006193879234077
440600 0.0401647168705651 0.186183569382619 0.000143064611058014 -0.000816651000547878 0.00170822501367199 0.00174253672533638 -0.00192000810939245
440800 0.0406505423234076 0.188928505877749 0.0025821170392309 -0.000452460197184958 0.00229072368446173 0.00204378083386953 -0.00167242381479931
441000 0.0402963420804632 0.18767591167502 0.00345755648379451 0.00384278573452394 0.00298893569511929 0.0016897049716461 -0.00184441437260956
441200 0.0407978342978475 0.193181936675065 0.00159146347349792 0.00127628462732537 0.00322499814040885 0.00201164474541993 -0.000776096703023279
441400 0.0401561386685244 0.188569029380205 0.00328609159305405 0.00325075642500206 0.00305434986552634 0.00212679163738248 8.11575951286514e-05
441600 0.0406451246805221 0.191109500968189 0.00188173309859564 0.00179657351912882 0.00312035886649804 0.00307038292724895 0.00011784840199318
441800 0.0403151113943754 0.187297084293305 0.000376214040868933 0.00178601359055366 0.00267738519690884 0.00251842670950854 0.000202473603801069
442000 0.0405221978832167 0.1881631320711 0.00124628589773328 0.00114494585036618 0.00186626234052546 0.00322055416951209 0.00088732013380709
442200 0.040347879085144 0.18755496731781 0.000619877352544395 9.84261093604892e-05 0.00124678370751126 0.00243365149010453 6.79952731842475e-05
442400 0.0404915737835473 0.188118881918289 0.000857312533429966 0.00187488045753152 0.00101301092561181 0.00138238135367177 4.13973957084839e-05
442600 0.040289683652192 0.189707464758514 0.00235980245501259 0.00543631002514286 0.000671409591402065 0.00195820822012468 -0.0010658671555516
442800 0.0408590775442838 0.195092565528127 0.00486781652598942 0.00572795947856302 0.001879630011348 0.00218409123554468 -0.000619890295504434
443000 0.0403097337154004 0.190233390531524 0.00523851269933633 0.00384288452492272 0.00440436837949067 0.00289035015277486 0.000156898401200727
443200 0.0407142624398947 0.191546996078318 -0.00037381217202349 0.0020695328884099 0.00480706151889759 0.00230895379172412 -0.0014226441532874
443400 0.0402883148877724 0.185592639375843 0.00262929263101078 0.0018088623589625 0.002051883503186 0.00171037380301035 -0.000264928502385446
443600 0.0404605006737741 0.18556434698419 0.00121373848612466 0.00280893325208255 -0.000631764844700623 0.00337159443867949 -0.000835524798660499
443800 0.04035236837141 0.190241553612428 0.00404453064073547 0.0035041455649017 0.00277216859462703 0.00312505296365194 -0.00071086243131108
444000 0.0406142438562115 0.192831805180964 0.00527402155202358 0.00426453807772763 0.00118373181722836 0.00226108054720431 -0.000966950899999238
444200 0.0405016374569343 0.190288591411614 0.00424985605942231 0.00668728373849188 0.00172198363903988 0.00197013998664497 -1.50713821561734e-05
444400 0.0405671157824463 0.189547874717113 0.00303233078943799 0.00333147935683835 0.00100902027018702 0.00400754019354727 -0.000892943608076914
444600 0.0401802138255389 0.186378026654107 0.00262363785677032 0.00164065689291613 0.0022937373130865 0.00319219509110274 0.000226984678780334
444800 0.0405130825628025 0.189313192614156 -0.00157761173220539 -0.000880538494873292 0.00262693839441018 0.00390673836564 0.000154470602761433
445000 0.0401506103329687 0.186040996713175 0.00111074654905839 -0.00252594882068152 0.00167773915210778 0.00297262877322212 0.000113545599625507
445200 0.0405630062722747 0.189260350494918 -0.00338484932002288 -0.00144788863741731 0.00234792038418557 0.00209556505871878 -0.00184798863578656
445400 0.04034512518636 0.189415278709297 0.00205128868647644 0.000949789841514499 0.00227860439809489 0.00255730026089762 -0.00117777490869745
445600 0.0406822332678459 0.192402750441561 0.00386505671534757 0.00396647264266836 0.00317530712874754 0.00218030364385281 -0.000273013052080292
445800 0.0403979500628577 0.190159287592757 0.00515766916211965 0.00442916776921913 0.00309025132325818 0.00138447738797736 0.000453911111462482
446000 0.0405721321412544 0.19070069023884 0.0036218602945318 0.003226761299011 0.00309161983305655 0.00181648003465528 -0.000169763850292746
446200 0.0404914278707609 0.187879243561743 -6.96861388154737e-05 0.000847355806697709 0.00326506308119568 0.00160965721564472 -0.000674902290098729
446400 0.0404450702556578 0.18785035147994 -0.00137200426077674 0.000665882626413537 0.00303462796067874 0.00305824233839466 0.000666799043404885
446600 0.0406018330454539 0.190787189991737 0.00166656702299212 -0.00440548825718208 0.00268429400416451 0.00413520748913195 -9.66744822726602e-05
446800 0.0406247867416292 0.194305450441985 0.00269302903851814 0.00205873963553978 0.00373721733647167 0.00521950464506404 -1.77409183269579e-05
447000 0.0407465088539742 0.193369481045902 0.00476673354510141 0.00241170075778085 0.00366772887373698 0.00386109590451684 -0.000843343686304588
447200 0.0406300481728788 0.190998930899057 0.00336318746475658 0.00659913925686355 0.00100839693782745 0.00228740383578955 -8.94723030422335e-05
447400 0.0405781533042515 0.189604243810852 0.0042129092512309 -0.000596122316087106 0.00202988845687688 0.00194324001570907 -0.00124808216624018
447600 0.0404095562981256 0.187396257689597 0.000595360301439414 0.00322833886924103 0.00215204515266469 0.00198281502459737 -0.000449214279624388
447800 0.0406773443759051 0.188952870840724 0.00414219258023691 -0.00230180104636002 0.00436774476786507 0.00310661044908412 -0.000682137698063953
448000 0.0405504815934067 0.187901673721968 -0.00147135556576854 0.00451883509409421 0.00279096262960089 0.00269507468059025 -0.00122624172614546
448200 0.0406680627153626 0.18989454141822 0.0063204695202515 0.000993771180461216 0.00219397088054043 0.0043079155334663 -0.00146451921947185
448400 0.040712662339454 0.189264315599656 0.00311075733318982 0.00558196136051358 0.00150425593182826 0.00212447184634111 -0.00203012344007983
448600 0.040739806600885 0.189403507885022 0.00561303904285634 0.00213491420731004 0.00109131921677419 0.00299188261246558 -0.00102819802785687
448800 0.0406854020902052 0.188722490274652 0.000717382646816427 0.00297307728622833 0.0024219183142964 0.00342720273775394 -0.00232872994084243
449000 0.0405720386363432 0.187358335211123 0.00263869817135842 0.00354007702199399 0.000849432593307785 0.00373783390798526 -0.00126769685747695
449200 0.0406323306703349 0.18596981936714 0.00144052168647229 0.0015284449196579 0.00224198223906096 0.00167893292631739 0.00041531920599454
449400 0.0405960779891694 0.18709995706975 0.0033474895427959 0.00193095749612775 0.00136783737528619 0.00312875139297108 -7.84791498098569e-05
449600 0.0408611513286279 0.193524205826914 0.00370563539363052 0.000696448984646792 0.00374876906304308 0.00311789859800689 -0.000272815834943358
449800 0.0406841318216583 0.191592271308251 0.00663752583314212 0.00195376460905304 0.00395117009393296 0.00101003333951055 0.000955486626088968
450000 0.0406979178718591 0.191273095046059 0.00248848006610106 -4.48298175505476e-05 0.00265001694419166 0.00143665057103077 0.000736555813605252
450200 0.0404249378481635 0.185904096810099 0.0017485342474001 0.00182616206020192 0.00304081538624281 0.00299834594314437 0.0010201212429132
450400 0.0408247511481775 0.190644374184157 0.00158753832483387 -0.00222310431190942 0.00171201215791023 0.00168912735390388 -6.06394594230144e-05
450600 0.0405691374144056 0.188967231506673 0.0037586659159986 0.00218315185697145 0.0022008835589827 0.00191967624715479 0.000230467561631742
450800 0.0409333480095527 0.189829772727895 0.00245678327007728 0.00333495247859505 0.00187465594254179 0.0013531301256544 0.000295356818302115
451000 0.0405168928623708 0.189069725223609 0.00661610794770117 0.00284902232081029 0.00117482691299172 0.00382768937248294 0.00065946845586778
451200 0.0408919295821869 0.19043431648248 0.00290737536204075 0.00488103812473509 0.00346054977562243 0.00295928100121427 0.000910748601375248
451400 0.0405316541305846 0.187891226726459 0.00219529847709062 -0.000491457177943236 0.00361076781064702 0.0026746235663239 -0.000305291180550137
451600 0.0407988674108209 0.189291715166007 0.00181165174557958 -0.000545334664541203 0.00214627398394843 0.00263246838354031 -0.000227538700190296
451800 0.0404850154852081 0.187282782583261 0.00273267404171514 0.0014196306572039 0.00195474491121909 0.00117077612087181 -0.0015555268098028
452000 0.0407322812572825 0.188820942217637 0.00213761982962283 0.00300870389246332 0.000566454415884133 0.000972545070424927 -0.000369161056706662
452200 0.0407432594680075 0.191154816672606 0.00195542591922311 0.0040547000998703 0.00255659704682412 0.0028979711124794 -0.000298602071161998
452400 0.040600104906268 0.189857924904377 0.000956499822592184 0.00311530966845041 0.00319889670394191 0.00476398250522459 -0.000319578733943001
452600 0.0407596999268504 0.18891847444571 -0.000728152207028786 0.00114654611643292 0.00391482677259297 0.00136885618182871 -0.000266879257214
452800 0.0405147348734088 0.188289415741858 0.000381305278015337 0.00223239673656939 0.00378311335572903 0.00339172906664432 -0.0015291778145906
453000 0.0409869952029033 0.189145905242016 0.00383928760664197 0.00239954715783099 0.00218683470786441 0.00199858050423162 -0.000300858468029075
453200 0.040538646358827 0.189086486376887 0.0021909501999092 0.00385331612862987 0.00128972536014429 0.001478733760786 0.000628115596969803
453400 0.0408825874722007 0.191432053870697 0.00213069472676048 0.00257393512805614 0.00174429826722551 0.00277188111333993 0.000746763569367171
453600 0.0406030559421979 0.188244872073061 0.00264913560098134 0.00250743616939627 0.00235057891236567 0.00185926099273141 -0.00061602092413635
453800 0.0408041285742261 0.188004743553768 0.00258324955683119 0.00144911655443239 0.00262158931320228 0.00341852433946121 -0.00101005775670045
454000 0.0405519118993954 0.18576518258089 0.00172762015116562 0.00297730124577071 0.00257139910652645 0.00177896643095646 0.000703128058898113
454200 0.0408499111126147 0.190234383762737 0.0018265807680674 -0.000599176904747287 0.00205274722865132 0.00316753143945361 0.000414476074896753
454400 0.0404437713073389 0.187713543816803 0.00540858343244507 0.00345423686078268 0.000255549801349054 0.000983924763107663 0.000694201414813418
454600 0.0410140270152239 0.191561941407411 0.00447640932771536 0.00250477996634239 0.000756229573385759 0.0031252643919289 -3.44777184364342e-05
454800 0.0403930330756149 0.189935325555431 0.00658495002027275 0.00451861220984576 0.00469596190739616 0.00334541194750319 -0.000888322684953094
455000 0.04117295006152 0.192657213321796 0.00298391431607118 0.000128647922370571 0.00267339357523324 0.00258225397046258 -0.000661295522850774
455200 0.0404389008468992 0.18668894640231 0.00370007427175485 0.0043283764364945 0.00293459373201872 0.00206710440376484 -2.61718808529321e-05
455400 0.0407787525361416 0.19164789814286 0.00105654108760508 -0.000139463155291212 0.00260270246116915 0.00285795797404573 -0.00154836061939894
455600 0.0405911403262898 0.188321388463067 0.00192836643072518 0.00122747176008178 0.00321867792009175 0.00240003578053502 -0.00129476864753883
455800 0.0409060410958937 0.188957561062688 0.00101962261047847 0.00145466337044108 0.00327953754576666 0.0012888416069553 -0.00102476790614007
456000 0.0404684889216858 0.187508288158503 -0.000531330213406814 0.000596082820340053 0.00117341218065135 0.00246792503138543 -0.000831636638223451
456200 0.0410073449322942 0.192206496111508 0.000588155224078602 -0.00176920835549847 0.00266659420636598 0.00146675380368388 -0.00143175703231194
456400 0.0405846063481086 0.190256100985786 0.00504904005175459 0.00455035257825214 0.00378448419342581 0.00393033991065135 -0.00366852203056328
456600 0.0409218448029238 0.192976823200495 0.00515204813535709 0.00241810123286857 0.00443074309861411 0.002718937907088 -0.00221642891008901
456800 0.040649041963293 0.190791193086418 0.00337617347109136 0.00291360119820011 0.00355391935892002 0.00224887082383355 -0.0017757264455452
457000 0.0409656811467966 0.191194972157435 0.00179306142770606 0.00176749640088866 0.00275992860638436 0.00277505944330136 -0.00179762794384889
457200 0.040467840131976 0.186774078902192 -0.000195478169639391 0.001737364651823 0.00370963451485642 0.00429879011376019 -0.000865882383846904
457400 0.0409253919498825 0.1911725107693 1.28368274641011e-05 -0.00167057888713442 0.00134353968598668 0.00497387561166622 -0.00133011905785266
457600 0.0406381986431341 0.188342467163975 0.00214793865560412 0.00179416334520082 0.0022773154928721 0.00252722659224908 -0.000830362064400349
457800 0.0409709014133005 0.191755299079172 0.00271910719920078 0.00486154001407578 0.00116773703692699 0.0049084605244535 0.00211650622555885
458000 0.0407346789804177 0.188685504352919 0.00340229510522344 0.00654109965610329 0.00172156747068332 0.00306161774653452 -0.000572815332893944
458200 0.0408996459050637 0.187962781686623 0.00292837762865335 0.00294907658649619 0.00279299838930486 0.00240096897375326 -0.00124114013216316
458400 0.0407766664490641 0.188356943230971 0.00258317773410184 0.00133832858922333 0.00269197220864491 0.00208803212864804 -0.00374280478205129
458600 0.0406856478378805 0.18727918171557 0.00302008534920187 -0.000663778788083119 0.0017398597924775 0.00117243707252688 0.000250277722054553
458800 0.0408856676869389 0.187123051962407 0.000241665813300543 0.00147406269609541 0.00242609480699652 0.00144875922392463 -4.11146174460573e-05
459000 0.0406368082776297 0.185629929544916 0.00454001503542483 0.0010206867849304 0.00234652750843316 0.00201522680538409 0.000751735478840717
459200 0.0410210014199936 0.190289194875322 0.00429208932197195 0.00292294363948433 0.00237274054206922 0.00256552312186824 -0.00125343074783336
459400 0.0406322019908451 0.188269083503655 0.00572996133026083 0.00415000218276589 0.00195530905174263 0.00378160352973205 0.000845115203699015
459600 0.0410477321953044 0.191848388182127 0.000840596508764559 0.0023970389892576 0.00465000305458961 0.00348614808877989 -0.00100893596729717
459800 0.040544544936006 0.188309928610244 0.00175844468271781 0.00497944687581179 0.00410231409178444 0.00328111816443777 -0.00101944822699407
460000 0.0411032367944554 0.190511187933304 0.00226353456908417 0.00159862057668891 0.00311881794585037 0.00229420104909453 -0.000473182503954328
460200 0.0405680187308732 0.184967194707203 0.00169795391633164 0.00407692094227426 0.0011826233301323 0.00251361047206048 -0.00216028573305328
460400 0.0410838107438058 0.189070016376899 0.00290667527274007 0.00332790469134796 0.000660890980126286 0.000945066265601492 -0.000358384267491204
460600 0.0406625190984097 0.188840490017805 0.00430997339731336 0.00584053522107364 0.0029094070466996 0.00148807328315969 -0.000533420461006352
460800 0.0412304674058041 0.19051022995412 0.00427777601931792 0.00340250054994677 0.00434170867427254 0.00274211322249745 -0.000133433400558204
461000 0.0407717147979617 0.189606840364618 0.00532065365170974 0.00769902645284818 0.00155032078488296 0.0033516230320344 -0.000851116565243607
461200 0.0413525796778621 0.192797277545742 0.000747108097867905 0.00302025803334522 0.00227924176932946 0.00308883359338587 -0.00085169027406891
461400 0.0405936958117547 0.184262683124413 0.000645743857070362 0.000917459060185696 0.00176283670372414 0.00407362389807054 0.000271696245041079
461600 0.0411462196984433 0.191382247755373 -0.00100512124644015 0.00142936414170856 0.0029641148469247 0.000812191202097927 0.000530614389269987
461800 0.0408306578437015 0.188837382850362 0.00253019647220984 0.00219876518906252 0.00293653495543058 0.00236060259074446 -0.000438558006575164
462000 0.0411841744955183 0.192145906011125 0.00332611640229781 0.00260599565631401 0.00238976244976325 0.00383018574545517 -0.000870008539652923
462200 0.040934579018009 0.189982195476313 0.002411319014289 0.003369001374716 0.00270019355408497 0.00247729140720222 -0.00242182912108831
462400 0.0409936574462129 0.190811908211921 0.00125878890431914 0.00206023532013672 0.00184159840933143 0.003930571032377 -0.00255909002483612
462600 0.0409773390918499 0.188499396675185 0.000163996354278663 -0.00268300567454051 0.0023241814790775 0.00392637161436058 -0.000829461695676778
462800 0.0409678186697353 0.186416117191185 -0.00214096460371004 -0.00165292665046502 0.00307011254198555 0.0028494973118668 0.000341336727192121
463000 0.0409770485341359 0.18872768869992 0.00278898531645209 0.000524378455236262 0.00181240989059506 0.00439187440250955 -0.00128659739051108
463200 0.0411249134376717 0.190685214460815 0.00380149699804041 0.00237340760119315 0.00276239748634707 0.00254139932824549 -0.000637456250974142
463400 0.0411143265801869 0.190679828914446 0.00511604183298165 0.00295570119761804 0.00425695813875583 0.00272146694349335 -0.000757571233390719
463600 0.0410983406014768 0.191166625711205 0.00460142840069938 0.00522648508811623 0.00309516764512796 0.00324654157298452 0.000999938064166628
463800 0.0410010232081063 0.188734798912664 0.00588781237926556 0.00233718662203225 0.00243674961275557 0.00222442037360165 -0.00235734089252757
464000 0.0409984564826237 0.189992358988376 0.000784537877373796 0.00198147107601709 0.00324318388368601 0.00291950117840813 -0.000217951859167001
464200 0.0407916836627749 0.186171332949917 0.00333397565894942 -0.000731572298893072 0.000778380403496776 0.00316070912090313 -0.000570683759210367
464400 0.0410156508875726 0.190909135180422 -0.000184430803693253 0.00014806972412349 0.00155197229151329 0.00339554139047449 -0.0027367010181447
464600 0.0409640791826704 0.18805770954004 0.0030819545325419 0.000737111683437634 0.00393048768289258 0.00198745552993765 -0.00297135376021703
464800 0.0409935149861644 0.187477039795542 0.00195554147979343 0.00239765975710617 0.00229235234265763 0.00272305813890401 0.000373011460752851
465000 0.0411988374965167 0.189005460007366 0.00336693810274903 0.000630436269685084 0.00432123392947005 0.00317017703290289 -0.00130173109777489
465200 0.0411484082297388 0.190964855108349 0.00377374324140987 0.00546758837684294 0.00244172225492334 0.0051912086292609 -0.000847042519961786
465400 0.0411224798743601 0.190978264731957 0.00517640969311086 0.00272369378891594 0.00410920216222695 0.00324006900714264 -0.00115071517581842
465600 0.0408689179736456 0.185736809148061 0.00108994868803767 0.00324156536435791 0.00325920479307964 0.00291026728975802 0.000220346903755016
465800 0.041166650710811 0.188454767007687 0.00366415697564211 -0.00443607834017346 0.00199361115084132 0.00472713461923905 -0.000308565150398922
466000 0.0408791822059958 0.19017108029607 0.000796897695793436 0.00269204912428568 0.000924922889272431 0.00326252937272538 -0.0014034125741315
466200 0.0412584113745798 0.190267129798177 0.00241563382049799 0.0027324873045274 0.00302872488238674 0.00438917076219658 -0.000415816498210367
466400 0.0409516271917883 0.18964103066205 0.00284230875474474 0.00385813679584811 0.00145747921248547 0.00339570841913979 -0.000924944305368424
466600 0.0410831718361402 0.189825530614182 0.0025636533116691 0.00247279738180717 0.00310257813412026 0.00304263277624362 -0.000363548828513595
466800 0.0409963844416612 0.186817962663125 0.00173375146325035 0.00278814548358767 0.00232295897417724 0.00308735381652784 -0.000272342628954227
467000 0.0411031913738007 0.188214619307107 0.00237709615269459 0.00225004705557379 0.00271288461523701 0.00382018792089988 -0.00256322482360218
467200 0.0410722361981865 0.189374267787221 0.00384821853131257 0.00322772346628471 0.0044843104785252 0.00429040401366969 -0.00238332513028834
467400 0.0411526865852393 0.188592644328882 0.0014605937889838 0.00135980642111934 0.00298729823125963 0.00429351846209996 -0.000755402686053044
467600 0.0408487086303971 0.184388560615154 -0.000928839903911332 -0.00131171545539859 0.00203857169306785 0.00377811964839507 -0.000484351368937027
467800 0.0410856448740072 0.187626734272463 -0.00127242304024715 -0.000836074086918529 0.00407754624264794 0.0047735551158259 -0.000757581277292027
468000 0.0408236211191145 0.187893193359538 0.000258119706262185 0.00173591338708723 0.0020516986614588 0.00493546542571606 -0.000415249899244405
468200 0.0411814690757419 0.190465187293248 0.00138452749364571 0.00438609492150707 0.00327689970272746 0.0043361002334701 -0.000914835088134242
468400 0.0411559793546188 0.190297871760871 0.00418819757677222 0.00447812541979611 0.00204663536541745 0.00369463404778638 -0.00204194480246416
468600 0.041189336871209 0.190967280499409 0.00268293675951419 0.00473044424056425 0.00151255706752247 0.00186277721558215 -0.00251729589659326
468800 0.0411035416363651 0.188337985826575 0.00373751893470226 0.00284793292848989 0.00233671462440262 0.00321752700043157 -0.00057270334944865
469000 0.0411474341571518 0.187864756959967 0.003027569932494 0.0043552879025457 0.00220967417526497 0.00371643184161921 0.000655802621394852
469200 0.0410001251278593 0.188752273855219 0.005121494866542 0.00116561257198111 0.00341471319749595 0.0043048497584492 0.000654875246971153
469400 0.0410670996335188 0.18877781992167 -0.00129001950150279 0.00169590959671255 0.00444926409754669 0.00384324292278305 -0.00138707537093125
469600 0.0410213904213164 0.188193905809287 0.00433850018582928 -0.000967655610419146 0.00278756325865438 0.00374172754885272 -0.000440132705459152
469800 0.0411916488357079 0.188244415483536 0.00104472607640808 0.002876953939655 0.00387981475189574 0.00253844570741428 -0.00078527591704798
470000 0.0411629790617931 0.192823571617803 0.00418091733940738 0.00166058813610642 0.00378276899182897 0.00447570743422062 -0.000337422217020973
470200 0.0412715719051 0.193097163344314 0.00300538873743462 0.00284523738124854 0.00409531924134234 0.00487028615336312 -0.00265099822643549
470400 0.041022607453749 0.189370386239586 0.00562786641569275 0.0020571698379134 0.00195350793204495 0.00272432817808816 0.00110294265145417
470600 0.0412144858403292 0.186606469851659 -0.00154201321381043 0.00149696771857093 0.00243156689786997 0.00220849623605398 -0.0010504376297218
470800 0.0409279681602548 0.18779807174746 0.00184453798247897 -0.001764710556389 0.00368309867088611 0.00287282350013892 -0.000105584975670762
471000 0.0412969279213314 0.189925340661503 0.00202504055678571 -0.000327606363938912 0.0015448704438403 0.00282732486601764 -0.00118812465378643
471200 0.0409426356863753 0.188626836584125 0.00170065618859079 0.000999462000530526 0.00294723838177765 0.00420443882299881 0.000545648419714915
471400 0.0411285008836022 0.188751250874283 0.000396496442153231 0.00040795514001267 0.00317464082770664 0.00457592591058863 -0.000980648435920268
471600 0.0410932154034309 0.189467897264233 0.002150463252385 0.00180468479834787 0.00358314611374726 0.00380030574255191 -0.000411369026955866
471800 0.0412173717469757 0.19070976244645 0.00359633603587307 0.00390647621791156 0.0035911458428728 0.00332629609593063 -0.00193998578719151
472000 0.0410979928857819 0.189358959772731 0.00380916011528629 0.0030140667408503 0.00300800708090153 0.00316745111648786 -0.00191421893849744
472200 0.0412171802747383 0.189499297427043 0.00429717184823936 0.00366923771316437 0.00249482139142207 0.0045254080442503 -0.00143394229403168
472400 0.0411779032586595 0.190327172908014 0.00207997916728639 0.00450504557204986 0.00249023195203102 0.00409253962148741 -0.0014392606334683
472600 0.0411754508006198 0.187985546049574 0.00159653777257833 0.00348170068693887 0.00385331649629079 0.00257985506667664 -0.00112804570484096
472800 0.0411834576529078 0.187966633455861 0.0010187297152701 0.00195460152976441 0.00408776637865201 0.00279631363593858 0.000371540916412956
473000 0.0410677440113003 0.188010053910252 0.00272515686492498 0.00109212828758304 0.00412507556175364 0.00218341167742526 -0.000284035431151286
473200 0.0412593937343326 0.187716600182082 0.000254466425435394 0.00158705132133018 0.00293410275212857 0.00386377670084479 -6.83367338223819e-05
473400 0.0410531314727294 0.185519343503286 0.00260833812978151 -0.000589022656761548 0.00111555373337989 0.00587806298626753 3.07786852162546e-06
473600 0.0412975671681862 0.190326194541296 -0.000277869248023292 0.000975605012132248 0.00147214658893615 0.00342287680890304 -0.00143894932597739
473800 0.0411451921456584 0.18929731218457 0.00348304755958393 0.00353980822955852 0.00340574657688381 0.00454709366505818 -0.00177836594043833
474000 0.0413953233663437 0.19155291209475 0.00384104403999195 0.00197413069114518 0.00125614042511951 0.00437301665466111 -0.000713585083118722
474200 0.0413232837062113 0.189983835009869 0.00372674553489519 -0.0014763970024816 0.00182746605864975 0.00462987807840171 -0.000156315565653365
474400 0.0413138731108772 0.190132148964885 0.00125806941020075 0.00267108560736395 0.00231740887044274 0.00427345163234137 -0.000385619964973508
474600 0.0412061042633119 0.187578199699749 0.00438786149400238 0.000471061815028725 0.00135476659806574 0.00317282443641645 0.000330896690842173
474800 0.0412419066536442 0.188471719015629 0.0026915557686742 0.00128476894133464 0.00188326427097697 0.00196486670683981 0.00164931037634314
475000 0.0414126208158936 0.189287347432355 0.00213448811695644 0.00286940455903128 0.0010478341207655 0.00370437988598224 0.000384467639650579
475200 0.0411754493389114 0.188338505927384 0.00178322641921331 0.00772443449288178 0.00198413489445516 0.00462715186876448 0.00104114218038076
475400 0.0414080836173929 0.191306688901727 0.00325673079113851 0.00167207336343023 0.00317130220908164 0.00474787905690067 0.000190047127340108
475600 0.041230705907835 0.188400283947778 0.00153402187633821 0.00615054677424413 0.0039094087560969 0.00255988335240833 0.000488018656803541
475800 0.0413047925448988 0.189722982046657 0.00196286634142036 0.000651883224049239 0.00275843274818927 0.00288989625744224 -5.52593646451677e-05
476000 0.0412445162987639 0.18897896806085 0.00277677409307745 0.00136614959072831 0.00138556910015861 0.00271322247337255 0.000572755258336151
476200 0.0413466512874676 0.188440133244977 0.00159182860368897 0.000122006232023717 0.00251887023116278 0.00387248762428933 -0.000210233110284762
476400 0.0412398242576938 0.186179688325498 0.00231694533797032 0.0021128755849924 0.00178503355678648 0.00389711875108993 0.000890859971233367
476600 0.0414655628485737 0.191036515402688 0.00432927743520609 0.00434493189930775 0.000910890865606157 0.00464354495059741 0.00208389925611851
476800 0.0412667079216866 0.191655992390633 0.00428108517417644 0.00682606334831224 0.00299611820290741 0.00457529886516463 -0.000406911988260924
477000 0.0415514123610377 0.191628263456875 0.00161032083964224 0.00369737231365481 0.00298046633895275 0.00325017009471851 -0.000698024205998402
477200 0.0411533900229449 0.186947521578272 0.00160244122862542 0.00216248590171445 0.000939928737182871 0.00277489511392334 -0.00172671936374467
477400 0.0415722718169105 0.188283939049162 0.000401848919570438 0.00119879442741464 0.00235959896954123 0.00335868649000398 -0.000579560551015028
477600 0.0411624666955504 0.185140364742361 0.00306272683503826 2.48075192059629e-07 0.00339895868686271 0.00209600053251093 -6.95239713008291e-05
477800 0.0414977697040954 0.18839470704298 0.00294977447560324 0.000725469467921035 0.00202477198459458 0.00409713912850481 0.000365786905103822
478000 0.0413529396295847 0.187601657264955 0.00346687229462155 0.00111531467868746 0.00404460759605537 0.00441931783999698 -0.000874175389407081
478200 0.0414694270649802 0.189890555960331 0.00590223291450757 0.00107017108582824 0.0012114048978197 0.00433679700770984 -0.00125803990275834
478400 0.0412726650172655 0.187922104043964 0.00319401448181466 0.00363861732252703 0.00109344400891104 0.00342525280533191 -0.00193361211055578
478600 0.041458203459819 0.187408636894176 0.00187427391825487 0.00313800448029298 0.00192636389469838 0.00249890408836879 -0.00119186958873257
478800 0.0410031284005861 0.185200192651241 -0.0012601253367721 0.00243803852014076 0.00199205531499636 0.0040186630499885 -0.00201021840348716
479000 0.0415412651695041 0.18841814958781 -0.000600863185741431 -0.000826379220064317 0.00290887243114894 0.00291938757395514 -0.00148403163175257
479200 0.0411355068263059 0.18669543562681 0.000580571667372129 0.00165747616973419 0.00156757704228058 0.00235405875560809 4.65474444602217e-05
479400 0.0417114793326189 0.191119388874661 0.00202827786810336 0.00304619281598007 0.00114690639362105 0.0028077873030374 -0.00283155323666039
479600 0.0413088875135621 0.189695179135647 0.00418453520001177 0.00596091842143223 0.000863342757122856 0.0035587579650991 -0.00110966870561654
479800 0.0415462945478634 0.190486747287327 0.0029420785851022 0.00387285825401428 0.00025917294533985 0.000705273273906967 0.000149468948328211
480000 0.0414503606730695 0.190441300677339 0.00366749794389965 0.0010766646148593 0.00312617369594343 0.000220594584816178 -0.00280581341477374
480200 0.041509639997426 0.188759837822262 0.00317328318549264 0.00259361417591364 0.00167638536289037 0.00264730536533243 -0.00261715251160768
480400 0.0412786274200532 0.189354199202487 0.00218030452734674 0.00413733474185029 0.00314552585684913 0.00398493264740605 -0.00193270925828593
480600 0.0414928949296442 0.187863169314022 0.000393741830249717 0.0033486132674762 0.00419899722793277 0.0028476663553509 -0.000959213064657506
480800 0.0412091780631465 0.185695344196789 -0.00046264701065505 0.00122014992541886 0.00340587910349061 0.00390729142560381 -0.00106687974915759
481000 0.041335178004827 0.187026261093758 -0.00414094957465598 0.000759502792057973 0.00226845521284724 0.00282054813142129 -0.00263864726341779
481200 0.0413419920652864 0.18999426669116 0.00156355157791711 0.00255992967136242 0.00203283154855061 0.00294516403344182 -0.000845052772577818
481400 0.0415469736797604 0.192849054555348 0.00525192221738442 0.00375330332324403 0.0014219891692606 0.00299742960413238 -0.000524945570245008
481600 0.0412867494610731 0.190260675772805 0.00558938599482445 0.00409254335708639 0.00192089576229914 0.00344720966072298 -0.000217015225027667
481800 0.0416626732814519 0.191056830511325 0.00420086234356452 0.00194842054166231 0.00435780777284247 0.00310670724029829 -0.000466069830564543
482000 0.0413256431148269 0.186826101075833 0.00323167909414652 0.00298701512307672 0.00275860219945011 0.0046800341480285 0.000830416404501111
482200 0.0415440409020508 0.193303275323099 0.00277071893514515 0.00368498739569909 0.00117104191670952 0.00233183243861006 -0.000883848139354413
482400 0.0412602704887227 0.189469787709779 0.00273463866451174 0.0052925458553595 0.00216865631529526 0.00233178374125859 0.000569253640637174
482600 0.0415407209098024 0.190170325110167 0.00292241649639231 0.00254559734686402 0.00283684973879935 0.00482814761906882 -0.000232554253963682
482800 0.0411868619342144 0.186605178321 0.00226507226732302 -0.000898233953464095 0.00274515998841305 0.00197628518341596 -0.00116560066920356
483000 0.041584251261856 0.189207765692109 0.00130514210662575 -0.00205681181816894 0.00347876328016375 0.00340835713001409 -0.000388595728649992
483200 0.0411797609672183 0.185129144822884 0.00370103051045951 -0.00149555743045407 0.00174930544459197 0.00367983689495787 -0.000994627313196702
483400 0.041642542334064 0.190968038655705 0.00203485794951168 -0.000106140468890194 0.00211764786886001 0.00304798929146902 0.00213425205567554
483600 0.0412550709554355 0.187196656911379 0.00687522836580743 0.00508433495366996 0.00212443865021665 0.00361590373294134 0.00119788262876898
483800 0.0416852941340668 0.190662187122146 0.0028359595586328 0.00242224096979935 0.00246009923792966 6.00033820452771e-05 -0.00101081575272991
484000 0.0410684653633526 0.187910933444153 0.00216653708837999 0.00246167289284477 0.00308464516802296 0.00315635745421221 -0.00170086974026697
484200 0.0415761922203792 0.187532076158716 0.000485991161768854 0.00266440605867315 0.00217925984975204 0.00294166165505828 -0.00137632108352074
484400 0.041454429953248 0.188661191066776 0.00191546673937152 0.00333229231934729 0.00259936695540999 0.00133660854012837 -0.00118557348420284
484600 0.0414382004510511 0.189991228188551 0.00124726586790643 0.00414318584944111 0.000431119370466591 0.00135334599746876 -0.000194569315569034
484800 0.041872760831584 0.194256210514109 0.00201733712372566 0.00656103359700144 0.000704489204010685 0.00382971198915659 -0.00178846593234977
485000 0.041408075195624 0.194014857300874 0.00499865959024127 0.00738022246475462 0.00234321122120377 0.00176140718832596 -9.35415367233677e-05
485200 0.0415530082814949 0.191817389149794 0.00221976466301243 0.00116627624496453 0.00255348655518452 0.00295230513872564 -0.00161300896927936
485400 0.0413629293682109 0.189538273822655 0.00380393836585724 0.00147343715875964 0.00223631550814991 0.00150031730915168 -0.00105301369197356
485600 0.0414373145294396 0.186821334033958 -0.000367598318917887 0.00121169249720191 0.00341291137612132 5.9271530968123e-05 -9.14349188311515e-05
485800 0.0414772197225214 0.188124043070162 0.00157316589714975 0.00146625203016389 0.00229348097944558 0.00119283578841787 -0.00113783206163334
486000 0.0415122805807969 0.188929172107759 0.00173366962974967 0.00496841308840174 0.0017965044617987 0.00276717379279646 -0.000291721198306529
486200 0.0416714392819489 0.193462152091648 0.00653772723368426 0.00350915622678512 0.00321652454530183 0.00425246744327524 0.000513346537557936
486400 0.0416122323381713 0.19277306710488 0.00576544694457097 0.00366538694156508 0.00250101908131015 0.00184922932024053 0.000531823793557755
486600 0.0416167830093193 0.190344262747488 0.00475191740028633 0.00295408340199773 0.00286914157747272 0.00359960740879575 -0.000704339779743666
486800 0.0415299613952712 0.187457484650348 0.00072454989430105 0.00412103652781452 0.0022840091885451 0.0019105454073131 -0.00101314197622312
487000 0.0413837221431097 0.184731776890977 6.82840680745325e-06 0.000467050050638404 0.00323654732311164 0.00261612685540626 -0.0015181714834873
487200 0.0415080153314647 0.186651193353431 0.00173891875974887 -0.000441685563591978 0.00290095548703845 0.000911047610888631 0.000701161748637668
487400 0.0413996415328527 0.187027014514857 0.00466153742223848 -0.000467929910670807 0.00140093528680155 0.00346832947864091 -0.00128937358808704
487600 0.0417598732215467 0.19106451802984 0.00430062955375398 0.00327904784490676 0.00237175562214183 0.00367144010743649 -0.00143336784470162
487800 0.0414221808472921 0.187807267255914 0.00620035539443832 0.00544415767283464 0.000828519942736539 0.00313529262240143 -0.0014008257493637
488000 0.0417352279594575 0.190597825353182 0.00290465069120945 0.0046149552715614 0.00178932074800849 0.00135291349001664 -0.00297901458997921
488200 0.0414685674387076 0.187071712118719 -8.11682827858257e-05 0.0014624368606302 0.00169701468136426 0.00369828701526891 -0.000973964781911743
488400 0.0415067565998098 0.184796757474359 0.000645709382670569 -0.000115143703032035 0.00184012509679111 0.00203084889840337 0.000980259063218281
488600 0.041524826587501 0.188708790341201 0.00214956059639331 0.00420335449817844 0.00340486534006005 0.00306014079020904 -0.00010847171932936
488800 0.0415389524271803 0.189212998524774 0.00331675263755967 0.00398738932859373 0.00287829617769886 0.00178096110821269 -0.000746867053203257
489000 0.0416591313760096 0.190300254612659 0.00256280709745547 0.00540724330432438 0.00163067949146024 0.00274086626296653 0.000786505638241411
489200 0.0416005844026435 0.189316923815323 0.00502832746795117 0.00659064752967801 0.00261645112679083 0.00306511158276866 -4.16647924793371e-05
489400 0.0415899322867857 0.190879992686058 0.00521206405745071 0.00346863983788232 0.00281468300367192 0.000653487067091353 -0.000849286830110395
489600 0.0416380088103057 0.192926547509432 0.00314215233523742 0.0038776842296214 0.00214190719440123 0.0024865075883817 -0.00128766925036961
489800 0.0414843158129232 0.184146901114862 -0.000187232764219957 -0.00193081555981828 0.00124611755203613 0.00263859274676952 0.000280115623218985
490000 0.0414059527665905 0.183928205654774 -0.00058044033950644 -0.00212414032229313 0.00182339410169825 0.00207461971976167 -1.86689724782525e-05
490200 0.0414701337993077 0.188137436236625 0.00373485239401488 0.000743764279311467 0.00358121139228109 0.00375703996010455 -0.000357356473153231
490400 0.0416098011278109 0.188649384014178 0.00459739290876452 0.00275123611359912 0.00348440774959507 0.0032715913073626 0.00113933500000195
490600 0.0415690084506741 0.189580564792427 0.00436417084104269 0.00278242178846494 0.00203074725364869 0.00186196921608156 0.00094394486148425
490800 0.0415907956370817 0.188213472622877 0.00451766556810229 0.00437792007074486 0.000683896339460955 0.00154662402208653 -0.000326397336608387
491000 0.0416246281515115 0.191968247551176 0.00310006274982042 0.00628608934743823 0.00204006997024299 0.00229087416075292 -0.000966298875920548
491200 0.0415559365543286 0.191931811485132 0.000985390046468264 0.00327985491773082 0.00122943581828912 0.000912306827356634 -0.000279857097375868
491400 0.0416402158782847 0.187860209956674 0.0016879033702893 4.25480723559826e-05 0.000487414751675927 -0.000595014462547805 0.0017850206468021
491600 0.0415188725235679 0.185323077544122 -0.00140146242201579 0.000700259414940729 0.00307870768965291 0.000984668265903331 0.000732459093546621
491800 0.0416007052298737 0.186347017762569 0.00189204070417464 -0.000301362804447758 0.00179539093314909 0.00191329764064962 -0.000162190029038071
492000 0.0416978356138609 0.190768129449135 0.00196331368745513 0.000105411313303976 0.0029236211752018 0.0041633276802764 0.000621087030111538
492200 0.0415965778128638 0.189454780950141 0.00327664871509631 0.00288328626735712 0.00326457001510989 0.00342109104751231 0.000583672640845097
492400 0.0415563759068786 0.187941090261561 0.00146772934527667 0.00511158571519802 0.00285532178802004 0.00493501739749482 0.000537821818776807
492600 0.0416013438683444 0.186370763774938 0.0014370510224388 -2.72886686881485e-05 0.00131608940442115 0.00404815994913865 0.00172604153956026
492800 0.0415093474463869 0.188082891872579 -0.00181818504064442 0.00546774992909451 0.00182655034854402 0.00326673438292787 0.000168032366436827
493000 0.0417356104629904 0.191249963629956 0.00404388173921605 0.00328318601602491 0.00155750688632878 0.0018949752541156 -0.00034242926817777
493200 0.0415510802269931 0.188610964101675 0.00404472457608657 0.00530273503182991 0.00418065406029927 0.00134550590700133 -0.000838175445357773
493400 0.041839480944812 0.189075239974934 0.00452144186456748 0.00228409680168037 0.00263315989061383 0.00108244067654003 -0.00118254661959095
493600 0.041534126604452 0.186718170487065 0.00426858186444905 0.00107650841855838 0.00191443397492865 0.0036643001653062 -0.00214458127928104
493800 0.0416651576467087 0.18721773711702 0.00180228014572524 -0.00111912908794623 0.00236234506231009 0.0036025710728836 -0.00111748397136608
494000 0.0415501992926472 0.189355653158128 0.00363183217286593 0.00219938942380279 0.00180176749592893 0.00220901184230306 -0.000745073071774733
494200 0.041717067038913 0.190848932269693 0.00474302460206154 1.44789187972731e-05 0.00186359915320821 0.00401629176158684 -0.00113169529416872
494400 0.0416247740779274 0.190555649436883 0.00404587223945931 0.00432627082435702 0.00157887138070284 0.00242790649663159 0.000257474842935294
494600 0.0417418174865957 0.190280001531971 0.00400578544202892 0.00207126946205864 0.0022330114965813 0.00335945895466799 -0.00088649775383651
494800 0.0417383672877431 0.189034177922623 -0.000434553604571133 0.000749021746676627 0.00123404552623029 0.00259068591881574 -0.000240467753775401
495000 0.0415463529569557 0.188240074956392 -5.14265056164322e-05 -0.00130227059984718 0.0019205099531508 0.00332543112032983 7.42386153536192e-05
495200 0.0417829838689154 0.189380862846134 0.00377743954133586 0.000888753141938526 0.00209200707041252 0.00337107980263604 -0.00245683988113075
495400 0.0417069679886007 0.189812031820191 0.00444962762332497 0.00189186908171758 0.00118752672557738 0.00268409241981322 -1.20154209748599e-05
495600 0.0418951135766628 0.193321900823477 0.00451178335804645 0.00280504106715408 0.00189024828869819 0.00259496325701866 -0.00124589778379855
495800 0.0417666887139466 0.190997849656282 0.00448011226330473 0.00191406118053131 0.00185350343629438 0.00313041303819727 -0.00248334757341505
496000 0.0418861223308476 0.1897597179947 0.00505896426440795 4.07174137710795e-07 0.00278848201176745 0.00220088196699083 0.000441069350058282
496200 0.0418125249251471 0.188691349147076 0.00273550255359589 0.000420377480783329 0.00120047741732972 0.00281303360142595 -0.00128879214110504
496400 0.0417481530028727 0.189462934203951 0.002765278448598 -0.00165443802880916 0.00435635135569397 0.00294405680723987 -0.00136301844554673
496600 0.041659695769687 0.188567345313016 -0.00101813322780078 0.00197417818789935 0.00274551839722196 0.00351220680013434 -0.000364930132548867
496800 0.0417429066782022 0.189393993043873 0.00126783362077905 -0.000257935101860557 0.00125682511966065 0.00408347995766671 -0.000101299242054001
497000 0.0418104501807312 0.189790379540637 -0.00101133691729589 0.00373491479428643 0.00114977369166901 0.00144576165399928 8.79421830270292e-05
497200 0.0417817252938835 0.188931769626335 0.00430643528651671 -0.00126185323581469 0.00229375641953392 0.00241788479411665 0.000144498323383253
497400 0.0418213966421664 0.187215503619755 0.00106940170096618 0.00565144922302402 0.00250191346301446 0.00162488426522125 -0.000638740381207586
497600 0.0418614596439622 0.189362709576255 0.00288154080374017 0.000332819365166113 0.00207819660817934 0.00345267341125189 -0.000903955560216952
497800 0.0417122606980357 0.188374783805996 0.00163941190346442 0.00655996946188443 0.00112330720001803 0.00320760962740732 -0.00102848684981037
498000 0.0418584670978212 0.189735617901272 0.00646051899603209 0.000573889189912019 0.00298783183036889 0.00374325302471409 0.000662632545320499
498200 0.0418330196431194 0.189418198132114 0.000733862319957067 0.0047343894174768 0.00276592780357047 0.00234308506914187 -0.00087376252858866
498400 0.0418022792043986 0.186471904133866 0.000938339887494666 -0.00121671058462235 0.0016762031926429 0.00235005243311316 -0.00156795135654987
498600 0.0418049229857318 0.188249633791949 -0.00458247243474132 0.00145149281115801 0.00310347388054474 0.00195439605823251 1.60841862259437e-05
498800 0.0420067815162255 0.190675167449433 0.00568436589634076 0.00166919533370035 0.000948454009636229 0.00237703793433462 0.000916801393439747
499000 0.0418296755441022 0.191695235856237 0.0019870601602051 0.00578152354061012 0.00404712057780723 0.00149215691994577 -7.65513073547278e-05
499200 0.0420536111034639 0.190680416498079 0.00322563962654317 0.00288141385910902 0.00282177617367828 0.00106863972867012 -0.0016262638283281
499400 0.0418846191991166 0.18807094189867 0.00301224802830503 0.00504779740656986 0.0027817437365976 0.00339340125536637 -0.00149500462290364
499600 0.0418899216602224 0.191125577499338 0.00193442077454377 0.00134220058452136 0.002693908587333 0.00348401996145537 -0.000997119104455532
499800 0.0419116503183382 0.190393181919447 0.00222797096183496 0.00285193210529112 0.00273261476289815 0.00316108724954979 -0.00131356927914396
500000 0.0420005900115191 0.189100187250678 0.00374359302918743 0.00206323320227985 0.00260346820705164 0.00217752972406302 -0.00183188363865929
500200 0.0417934161581019 0.187517526410342 -0.000602443347448596 0.00179228798567505 0.00354956207687148 0.00224873699882993 -0.00315237169383842
500400 0.0418785951879265 0.189630685900679 0.00226678657631923 8.3357435334265e-05 0.0018594279781753 0.00351515830223614 0.000251557498118207
500600 0.0418847790478561 0.188093780397382 0.000149973375518323 0.00325258103086536 0.00457231709400931 0.00292118467808136 -0.000248053638658483
500800 0.0420249199162247 0.19089875977007 0.00511886628762879 0.00157704473824701 0.00407937110920772 0.0024639892205579 -0.0015487132315542
501000 0.0418527050976218 0.187737777118014 0.00214011546247261 0.00280003364259632 0.0018592913639973 0.00296965635201278 -0.00164617817308982
501200 0.0419422234720198 0.190020229127373 0.00395019369280401 0.00401354096433104 0.00192626404739201 0.000467527206252707 0.00127445278476483
501400 0.0420414404028814 0.190428891986105 0.00168823723422145 0.00447562753935749 0.0018219721109745 0.0028457231519435 0.000178168376389517
501600 0.0419676687726744 0.189197627991807 0.000430319122255862 0.0027186300803977 0.00259891997355855 0.00335163976506564 -0.000347861226819334
501800 0.0419630158644788 0.189211895334985 0.00128594653351658 0.00220375843078372 0.00262838529747056 0.00326462575920387 -0.000503360850135571
502000 0.0419879404123316 0.192691044890911 0.00346381843944974 0.00165784325196221 0.00243645982308406 0.00324901880965782 -0.00152214938752789
502200 0.0420063627424163 0.189841654845576 0.00383898063681509 0.00541787577513307 0.00251983576840067 0.00242038323659605 -0.00181171090710932
502400 0.042043761066586 0.188759554488238 0.00447440674460551 -0.000465062844352034 0.00271346701794094 0.00393007972656039 0.000446623427107696
502600 0.0419660072271658 0.189169085008595 8.27950988279092e-05 0.00192482680020396 0.00322993238581931 0.00245375727061947 -0.000855369447806648
502800 0.0418516185863027 0.187592397068524 0.0017794181506771 -0.0013073292299597 0.00251227785531721 0.00252938597205588 -0.000220648076890496
503000 0.0419657048422503 0.187766373513346 -0.0011516164914452 0.000829072097698428 0.0016821244410328 0.00375419013388245 -0.00230085039031582
503200 0.0419053707508018 0.190566759717138 0.0014695712659724 0.000718718882194197 0.003277508978143 0.00312002282492547 -0.00136413351365521
503400 0.0418738070328637 0.188713889054291 0.000835339462023346 0.00272994715767675 0.000527569627473893 0.00321256221880469 -0.0009665641488144
503600 0.0419733574421315 0.19050824509515 0.00208715100172446 0.0046284082850916 0.00110243717483425 0.0039615446128779 -0.000737341145816557
503800 0.041965512148432 0.190635216733813 0.00442833447104182 0.00317963811889838 0.00212049842198507 0.0030032368738157 -0.000575229603645021
504000 0.0419799536752388 0.191622575527974 0.00267655419557414 0.00340448767719745 0.00122317829935355 0.0018675959040617 -0.00107453434577809
504200 0.04199135096072 0.192616333620312 0.0035294402387582 0.00416082591066254 0.000287867578779684 0.00141573412795996 -0.000419957291959043
504400 0.0420282822573441 0.190476015546029 0.00126459941947841 0.00374040519202261 0.00190862414456539 0.00171667572738168 0.000860636059760438
504600 0.0420238317558144 0.188664987079664 0.00205639561486576 -0.00108083134221256 0.00244752892320922 0.00206138326546206 -0.000567375536187561
504800 0.0419676974713922 0.188292755115635 -0.000636719114380894 0.00158072584388925 0.00198770491213535 0.00227906170859561 -0.000565026061821304
505000 0.0419047753843841 0.187374074850402 0.00349644165543446 0.00218695918417037 0.00241453919288603 0.00206588600370652 -0.00101451556045035
505200 0.0420650707991389 0.189146065903646 0.00267667355409749 0.00413846190304177 0.001258635917724 0.00269170108689115 -0.00156492730490769
505400 0.0420317064961199 0.18903735039172 0.00462895457837539 0.00217217126214663 0.00247187921512487 0.00148345164123953 -0.00215075918680208
505600 0.0421024716369986 0.190039485547809 -0.000320511993832907 0.00354149221077551 0.00239466463903105 0.00287233552470984 -0.00146940763047706
505800 0.0421072386211178 0.192635293878215 0.00550608927356298 0.00288496295813674 0.00206046447238145 0.00168447290471508 -0.000566668388536437
506000 0.0420341219008416 0.190013549129194 0.00181646495241952 0.00518666909378977 0.00229114110764928 0.00509130274957217 -5.24823152089428e-05
506200 0.0419264668214597 0.187361448740589 0.00319143652364901 -0.00320741754925974 0.00166628087986918 0.00270648858918455 -0.000751045617203771
506400 0.0420493246883104 0.187087058125963 -0.00160791000757193 0.0004348904842267 0.000900310837838609 0.00312873716537222 0.000202966643292958
506600 0.0419856623303819 0.186262887496296 0.00422382226413351 -0.000274429518167619 0.00171753256592424 0.003733159514112 -0.00113027003780197
506800 0.0420009068935053 0.189209895708116 0.00340530704945405 0.00229968029336045 0.00345555168872024 0.00265915731974073 -0.00292460455888734
507000 0.0422042812000447 0.190187753762336 0.00342459611597897 0.00201677097027301 0.0043473173056532 0.00341451237676584 -0.00021387251353293
507200 0.0421347432302229 0.1919575779671 0.00616762150893949 0.0053845188437285 0.00404839851859445 0.00309926464849175 -0.00163786337826646
507400 0.0422408706083306 0.190164395422132 0.00507152230791284 0.00479843002621002 0.00130965026530667 0.00352485252425991 -0.000821201172254958
507600 0.041985810640585 0.18781501713611 0.00482455806209517 0.00424963313553393 0.00151873799002803 0.00334744375368684 -0.00040981130319707
507800 0.0421226678188256 0.187436929084591 0.00100955655623808 0.000428458065879125 0.0018004917871189 0.00249325032358026 -0.00203606860633454
508000 0.0420062104178003 0.185200751980499 -0.000441716997690847 0.00224029872795413 0.00255218687807823 0.00323497060019544 -0.00117062920406765
508200 0.0420791998967157 0.186273182177711 0.00148431784856213 0.00176598688059468 0.00224061196674177 0.00374762264399562 0.000236333229849508
508400 0.0420611035267297 0.190956253460588 0.00264056816172149 0.00300958357125176 0.00196425829738369 0.00209870945156474 0.00131223289150418
508600 0.0422702214179621 0.1948297427423 0.00552581411538105 0.00199561119412001 0.00249005292786343 0.00238027284492745 0.000690501639592524
508800 0.0422707681756607 0.194075317870397 0.0055131607397217 0.00625047407452158 0.00109012838687433 0.002458715365451 -0.000128350122177758
509000 0.0420620320219482 0.188494348833415 0.00417155771095974 0.000771706394820861 0.00117526705527797 0.00143791538635508 -0.000544070251843697
509200 0.0421342784416532 0.190002360501771 -0.000712161147313951 -0.000507603426320706 0.00320239577721359 0.00419425978689799 -0.000516409393706521
509400 0.0419684650040374 0.187692160618816 0.00176299010422345 0.00312329721430411 0.00144506015832649 0.00398181013163035 -0.000376237746536802
509600 0.0421357822218038 0.188932820120047 0.00167752631531695 0.000516634897336745 0.00370758205697734 0.00274220921469318 0.000182461376311075
509800 0.0419900166007142 0.188966202416385 0.00328430646448638 0.00306929257309836 0.00384699116764581 0.00321449903902702 -0.000252068047207774
510000 0.0422318346880105 0.19032729713065 0.00166314697687389 0.0015992911060183 0.0029083475494468 0.000654333449304076 0.000752950036381065
510200 0.0420057010423445 0.188200461291219 0.0054949659541132 0.0052312152012888 0.00203131512344201 0.00232549650032473 0.00110026463728796
510400 0.0423215771905826 0.189710874653754 0.00491891909224097 0.00410651862065084 0.00354108602816298 0.00457350671678444 0.000368245405554788
510600 0.0420470684021454 0.186311712136248 0.00229968120591681 0.0035762405479801 0.00269078025476511 0.00416672094395225 -0.0003410624724549
510800 0.042244176011487 0.185952564045176 -0.00272658821763411 0.00320526071186854 0.00193412857135765 0.00268943048763921 -0.00185430808749304
511000 0.0420201331424185 0.185939706206136 0.000114943662349604 0.000838032492034329 0.00366573171846767 0.00250512783851013 -0.00213112474338484
511200 0.0421603098591707 0.187546766676658 0.00172238142204678 0.00238565960165231 0.0026086300216252 0.00247381897560906 -0.000712016007639668
511400 0.0420803355717564 0.189510930152625 0.00221413413270239 0.00280775189749442 0.00267256671539038 0.00277554940462424 -0.000183188457457792
511600 0.0423776859825427 0.190662778523676 0.00377165145008907 0.00635398336178538 0.00235997537394174 0.00413884349320305 -0.00104917308840581
511800 0.0422211896666325 0.191236305742209 0.00681825150571602 0.00384320592374957 0.0032593038859293 0.00313633416345639 -0.000576845972637759
512000 0.0421363790913042 0.189289334713044 0.00343798980395641 0.0011828835237398 0.00345203132288623 0.00308689884152965 -0.000933550648245916
512200 0.0421920735368183 0.189478017857163 -0.00100170863034681 -0.00166471941282229 0.00412040923875988 0.00307087582242868 -0.0011281269556707
512400 0.0421813585256889 0.188188343640098 -0.000696754776890871 0.00175078094133688 0.00502292551944708 0.00403109297660281 -0.000238155817548481
512600 0.0422842950124337 0.19138788550405 0.00411478176009004 0.00139840922972764 0.00336706630888137 0.0033787978109082 0.000140323492151691
512800 0.0423178130803096 0.189861015252102 0.00509993558262059 0.00591212159684274 0.00106509095654375 0.00300479247230566 -0.00041277755698833
513000 0.0423134606756042 0.190699218995325 0.00504521533522089 0.00264745468147965 0.00242921187125694 0.00434220531574916 -0.00128632235245225
513200 0.0424046174162302 0.190286205040824 0.00527239188575611 0.0026323015840501 0.00173989478314787 0.00321584921232888 -0.000736161508127598
513400 0.0421449435214069 0.187876807040579 0.00182935055701108 0.00521997097425864 0.00306528067276944 0.00111758048917499 -0.00183379292600803
513600 0.0423406339409043 0.187153645831469 0.00167334224658838 0.00236583461059852 0.00307833975564731 0.0035310612691629 -0.00121078574280422
513800 0.042133753274808 0.187340019899856 0.00145200294720194 0.00298395171106018 0.0039963206814138 0.000355243854231972 -0.00133302441740736
514000 0.0423348765892899 0.188956876184739 0.000674012808553515 0.00232781660020887 0.00173162570861521 -8.97782532618186e-05 0.000372658316374427
514200 0.0421513034024527 0.189428032939052 0.00127985250846836 0.0047367675896191 0.00109848855541195 0.00114728229574998 -0.00204164747759483
514400 0.0424306482282506 0.188767105255483 0.00328070520818393 0.00267666407882527 0.00264239806438065 0.00247461282471684 -0.00335208832062979
514600 0.0421278254077423 0.188456704264083 0.00342530449647317 0.00401045521470657 0.00176567734395543 0.00505168516272241 -0.00344030607020901
514800 0.042474420987152 0.189428925575165 0.000933561892362067 0.00273889248355265 0.00198215511980217 0.00422592726355401 -0.00197575174507233
515000 0.0420578125695856 0.187036733014418 0.000440071787005961 0.00510261069782654 0.00364962364764985 0.00286945757658836 -0.000585658989770183
515200 0.0424373439420489 0.191040797309939 0.00465198969224541 0.000970925196298657 0.00315941330240935 0.0027155851412367 -0.000964484276826669
515400 0.0422721561681203 0.190021104642479 0.00253084740146014 0.0025983361743332 0.00207533716145071 0.00362103321230802 -0.000787530888151316
515600 0.0424050576894192 0.191193664924388 0.00233413382025283 0.00355658071441018 0.0042352732434909 0.00392598928081701 0.00103749576319136
515800 0.0424095269670559 0.190662847066372 0.00178076940649163 0.00346614651215731 0.0036896385807442 0.00236440647581152 0.000491616099824369
516000 0.0423117610674473 0.191521443809111 0.00429574034961371 0.00139149716664763 0.00328215163744981 0.00347601364562658 0.00018527800654315
516200 0.0423332755269421 0.188392090052847 0.00296860084565881 0.00246761871471135 0.00191741889212076 0.0026759567752741 -0.000188759603843587
516400 0.0421481773455297 0.187669688663639 0.00200768478632688 0.0014406924782064 0.00206655336229114 0.00331714415001058 -0.000286517725323032
516600 0.0423605364781445 0.189690067044503 0.000476411756718631 0.00037338423206125 0.00290123102199854 0.0035696459439209 -0.00175393485167936
516800 0.0421422289569045 0.188652543416222 0.00304311598357532 0.00393013349432714 0.00225757581842602 0.00378697892598366 -0.00129278367353109
517000 0.0426266883938594 0.191978131972996 0.00272115779652896 0.00438715576402393 0.00376757960719392 0.00323514080563616 -0.000707650352806542
517200 0.0421609930418002 0.188662530860308 0.00565131479460187 0.00364500904438638 0.00217594307755243 0.0023754688692338 -0.000316191096417767
517400 0.0426279744182976 0.191043022793267 0.00427406932256271 0.00240431070494977 0.00232377669467211 0.00154400537668055 -0.00140518135365168
517600 0.042148732585773 0.188048114868309 0.00266151028850083 0.00512735949076152 0.00310407022713494 0.00226465526737441 -0.000604464208300299
517800 0.0425465735755985 0.189579451935917 0.000952257152181146 0.00424317457721993 0.00197301865803758 0.00264395347752619 -0.00118174719822028
518000 0.0421706450318048 0.185689319565267 0.00111553136981423 0.00448022969601778 0.00343712912553612 0.00383992429801532 -0.00069323608888746
518200 0.0423392467174928 0.188373823900901 0.00100291529576735 0.00309965445440836 0.00149921182777409 0.000757034014627701 -0.000605652213210985
518400 0.042219886037654 0.187743673525 0.00400710430852521 0.00248787635394032 0.00154348211077302 0.00388489467409696 -0.0013576154172481
518600 0.0424760195469824 0.190559675015384 0.00290955793036963 0.00316135217231167 0.00216195266625689 0.0031949006611264 -0.00263291079254963
518800 0.0422719215660686 0.189880397166038 0.00500271632105975 0.00656790815182075 0.0030142124689129 0.00240329056151028 -0.00200897738026495
519000 0.0424813356785964 0.190316432914001 0.00295654797401569 0.00414964421051526 0.0011601806976281 0.00306540129513308 -0.000413559446659282
519200 0.0421416370078142 0.18733390509707 0.000945543946270813 0.000146967850273922 0.00344904848063085 0.00220681619073669 -0.000922156899848859
519400 0.0423974055310898 0.189994386433373 0.00206897328811093 -0.000758160494915627 0.00214087947777327 0.00198915589723277 -0.00153853111829925
519600 0.0423050348936372 0.188826624443094 0.00309311348492242 0.000299682586915574 0.000225293304732 0.00125219372493542 0.000461149638859735
519800 0.0424275269368256 0.189790774259423 0.00397987734983676 0.00398039286228999 0.00381325239535088 0.00293144205907244 -0.000624301135408818
520000 0.0422628909864296 0.188901481607215 0.00348910785382569 0.00434577028242856 0.00271032069281006 0.0018393916418502 6.44971403612293e-07
520200 0.0425428583577234 0.189647594445171 0.0044881369943098 0.00216122407923905 0.00224647810438545 0.00190602260638518 -0.00101172943266126
520400 0.0421508684518799 0.186027870060663 0.00336365122789593 7.64151097405808e-05 0.00452433228320596 0.00243912797173197 -0.00104230703223431
520600 0.0425376388531399 0.188893540377752 0.000652515055961059 -0.000792873903434061 0.0034879833672687 0.00228980693463922 -0.000936205175984661
520800 0.0422200131963039 0.189213249496844 0.000980119008473824 0.00263375035670125 0.00464708535370923 0.00269695347923982 -0.00146281984369554
521000 0.0425473053442196 0.193268715939035 0.00292251094090808 0.00273179631850315 0.00298544868880127 0.00100872757626116 0.00164674028222107
521200 0.0424570050442966 0.194443233697858 0.00462914270468022 0.00195862044837501 0.00245415242057881 0.00149813246425661 0.00145401958990101
521400 0.0425440857555615 0.190721591027431 0.00376359655777772 0.00434850727092606 0.00276152984249456 0.000467930308549575 5.134316624988e-05
521600 0.0423567589527757 0.188745460627881 0.00609449528292399 0.00160866283420961 0.0029645379994378 0.00126258433168217 -0.00225166885558161
521800 0.042567180173553 0.188624100275063 0.00545369200117142 0.00191374575814428 0.00400020146393857 0.002373743776557 -0.00136435307529742
522000 0.0423442517236264 0.186638722524904 0.00258362544917186 0.00364345764810121 0.00322516093086594 0.00264685526137385 -0.000761265996246237
522200 0.0424981168998167 0.187035518522511 0.00142758827005014 -0.00210127335346727 0.00315899145524571 0.00306395244471262 -0.00229897326934251
522400 0.0423376704925535 0.187556022702942 0.000593791778160534 0.00246578541969857 0.0044498839279159 0.00360940084318025 -0.000378761862902634
522600 0.0425621080020685 0.193285992018681 0.00189318636069716 -0.000868579061350713 0.00417951967347055 0.0025153711519722 -0.000727697121948041
522800 0.0423478683278204 0.189975237688293 0.00466333335050116 0.00486638380647771 0.00269132431080121 0.000852984362834074 -0.00145797859009624
523000 0.0428769543624604 0.195106806923645 0.00418804831791602 0.00482779118345616 0.00363404601763262 0.00311184117748187 -0.000354936651080004
523200 0.0424127275787941 0.189733103078178 0.00441264915173631 0.0063887294349797 0.00365520528461666 0.00193177621083222 9.39431231896614e-05
523400 0.0428384064243856 0.192835530584627 0.00473124850965111 0.00274475548485847 0.00488242364350754 0.000412037914151825 -0.00166689204851823
523600 0.0423287299123763 0.187095249516402 0.00351533276069694 0.00105529097711466 0.00557275736462209 0.00125914192250243 -0.000383690843127073
523800 0.042626028967103 0.188317092755383 0.00172400125120402 0.000351018658809279 0.00434736919157749 7.51185048968645e-05 -0.00205056876851801
524000 0.0424330675816682 0.186144103643074 5.56575665765488e-05 0.000244344742994059 0.00374347778435188 0.00141548457318856 -0.000527495126471896
524200 0.0425873945070035 0.189336254558421 0.00168942436418124 0.00221221506271662 0.00273019130280847 0.000849350582014656 -8.56965656529841e-05
524400 0.0425411018295516 0.192684351855702 0.00169813140940978 0.00342800087731657 0.00200858400563997 0.0016189062599968 -0.000920707865524283
524600 0.0426348749991903 0.195033556881841 0.00428373136191368 0.00429336643411325 0.00281788532770538 0.00242508015567863 -0.000307877716026625
524800 0.0426634826636923 0.192654223389358 0.00154525164393634 0.00296157494433113 0.00217552638993961 0.00339274118781405 0.000278817812583896
525000 0.0425007650941772 0.188421776434307 0.00182703125539615 0.00244172194138589 0.00343679776697326 0.00305854433921854 -0.0007006722885607
525200 0.0425105193417622 0.190281810825075 0.00458080720125721 0.000973804813464597 0.00280360350712664 0.00288852987345931 -0.00164184701095402
525400 0.0425467067358678 0.186241715407533 0.00160776337524467 0.00191394490018045 0.00227055915032575 0.00171883147903643 -0.000786910142849409
525600 0.0425954977951612 0.186145431194907 -0.00310735250586479 -0.00223151715485123 0.000795488235765918 0.00292790444980455 -0.00127460754306003
525800 0.0423026740828494 0.187140515870319 -0.000333000738143446 -0.000141753255601633 0.00253248730285779 0.00256996121624715 -0.00161320688476324
526000 0.0428062724286327 0.190542095296213 0.000701549250644504 0.00388313029790877 0.0029059701142464 0.00347335964191848 -0.00109976969362247
526200 0.0426924842295282 0.192237266887088 0.00354633785806256 0.00372380184011679 0.00401304433049901 0.00110365036740104 0.000154887563666555
526400 0.0427455246385294 0.191265818464784 0.00544500693171688 0.00537701780394421 0.00307339730585151 0.00181292165149976 -0.00139258591595349
526600 0.0426218790884354 0.189366388901527 0.00624973130055328 0.00350942792224528 0.00314041133963666 0.00181433688088601 0.000457015892245521
526800 0.0426177287734851 0.190743803310787 0.00155082964388048 0.000980523979956871 0.00282589509077411 0.00160244409998708 -0.000315770952039993
527000 0.0426151500814858 0.18598805893185 0.000450332590341591 -0.00137479862954859 0.00344626741762887 0.00182212628921536 -0.00153049159650133
527200 0.0424741292807027 0.185209336096074 -9.27386701031084e-05 -0.00105207122454838 0.00357970671797522 0.0024449394669325 -0.000604669941237635
527400 0.0427270565369508 0.1895931099661 0.003256782021543 0.000549569401251825 0.00313317102148512 0.00323175763811002 -0.00110908127919408
527600 0.0429056899618839 0.193106975725942 0.00580166088961545 0.00363066017386679 0.00393976078708692 0.00308977158220941 -0.00228671638396816
527800 0.0427066211704578 0.189540037805985 0.0054071373241053 0.00646051700292945 0.004517683927282 0.00268142704674538 -0.000746206216265953
528000 0.0428763832872449 0.190941301236368 0.00244798857452898 0.00697246812381387 0.0028569690385218 0.00334678810793579 0.0002446332290084
528200 0.0427290515585005 0.190323363810616 0.000631612185797878 0.00283498257827972 0.00321324231885043 0.0042101889094133 0.000812888520025323
528400 0.0428991754341135 0.19114508163642 0.00143971402851133 0.00175928962532109 0.004016094163233 0.00279164234496277 0.000614892997485733
528600 0.0426039037558125 0.185610512959059 0.00423812546078391 0.00245228426068224 0.00303261171301625 0.00360903451582432 -0.000898394004072237
528800 0.0429410520653219 0.190190328843243 0.00192024005698758 0.00227618911457062 0.00255889734847104 0.00160987398958732 0.000359061535974056
529000 0.0427376270714958 0.188732614685618 0.00406889942599448 0.00165470046854567 0.00209299324307108 0.00184495780564075 0.000191722034684015
529200 0.042847977291395 0.190723238803182 0.00111618330517353 0.00159782246542613 0.00392222889966346 0.00368859750393582 -0.000774994374977551
529400 0.042732202869958 0.188140098130027 0.00386206298081493 0.000789364746861508 0.00263056262381444 0.00177695517132256 0.0011970678586444
529600 0.042862474959906 0.186642731876547 -0.00101201822874925 0.00204748257655797 0.0030072757144311 0.0015416285505792 0.000737409646336745
529800 0.0426859302535113 0.192034246403993 0.00480275894741235 0.00126597416859806 0.00242789257350053 0.00249973965606136 0.000341606029075037
530000 0.0429340842839006 0.194520133400234 0.00265358547104534 0.00410314523109819 0.00201647177644608 0.00286880868946574 0.000832957463125744
530200 0.0429252212642299 0.191619660093307 0.00397253219166558 0.00222256386823367 0.00167363902790366 0.00296798911147868 -0.000365475468534953
530400 0.0428362556294551 0.191045149301497 0.0018745249559604 0.00245963902487642 0.00238161721124592 0.00188410818629957 0.000487351940598605
530600 0.0428320453202503 0.189743602936379 0.00323029415671465 0.00224518950457765 0.00194135183840522 0.001929484804417 -0.000262310663761672
530800 0.0428119639194176 0.188982373290148 0.000997469160350547 0.00501094699442942 0.00225209827652494 0.00357103364357911 -0.000823128313141568
531000 0.0428972495818538 0.188430134733583 0.00427868121258752 0.00205275812122872 0.00109393700240328 0.00285379098674561 -0.000962901593154628
531200 0.0429407841558404 0.189205603328208 0.00317508097711063 0.00579313702428232 0.00184690633516996 0.00145859021142751 0.000172956390197917
531400 0.0429565371077598 0.189308171370427 0.00666074768961999 0.00023096047890534 0.00154451655439634 0.00107429151462288 -0.00101681918107263
531600 0.042927510604912 0.18993712421077 0.00600255575960193 0.00388819232019901 0.00281629109667232 0.0021184837552094 -0.000614965297198335
531800 0.0429150679405498 0.189763365226948 0.00318458721714879 -0.00295040570824569 0.00166270197098231 0.00208275631685935 -0.000263434306998038
532000 0.0429232913525688 0.190796571789896 0.00482987759296907 -0.000657400118642076 0.00223102976997012 0.00133587988012198 -0.00117284475850086
532200 0.0428836644066212 0.187993302722382 0.00317823504032815 -0.000278732199820686 0.00186220876639472 0.00174264643897039 -0.000920188204665432
532400 0.0428378864280051 0.189697747866542 0.00262218156585671 0.00186357568245782 0.00260598028607636 0.00165744186094396 -0.000349550540056688
532600 0.043039187164745 0.191475666913927 0.00698517755070566 0.00400414482389534 0.00248063502623251 0.00269064989598561 0.000570551114285515
532800 0.0427839902840687 0.190635668240556 0.00456018712980439 0.00622507779096257 0.00312931669340374 0.00332519476817263 -0.00267259858831276
533000 0.0432354537084525 0.19489878681405 0.00446141016813062 -1.63727507148822e-06 0.00275539128233226 0.00395659496136379 -0.0029438214101427
533200 0.0426841492253577 0.187920540193759 0.00440489614731408 0.00389543913476956 0.00148452475081373 0.0034392617818536 -0.00119427697611432
533400 0.0429423528365488 0.187983941022792 0.00219755989756299 -0.00162793016230589 0.00230653096952483 0.0024621795224144 -0.000276004351275702
533600 0.0426688666155241 0.186062786764588 0.000357437347740604 0.00162048864340597 0.000728995519328931 0.00354815280282004 6.59843067106051e-05
533800 0.0428650058855506 0.189305744072811 0.00306962383005234 0.000595873534678347 0.00197472074742699 0.00388495291090303 -0.000319897674451988
534000 0.042668868545509 0.189124869572717 0.0027872249868556 0.00251482361621794 0.00214583943672533 0.00318433994588417 -0.00127500353276022
534200 0.042845982404291 0.191707698219991 0.00219811493485128 0.00342648586061182 0.00277126696136988 0.00267358248384461 -0.00118239342333088
534400 0.0427059768163989 0.191215384767267 0.00179322290242738 0.0036237594001801 0.00289118670864564 0.00238152547471904 -0.0010022968096608
534600 0.0431850673987528 0.193054600041351 0.0052117607901136 0.0018390623052875 0.00139190455298708 0.00141844446439717 -0.00131491014728684
534800 0.0425570796341776 0.188665701697914 0.00212426600478206 0.00594768875755398 5.30653337238522e-05 0.00207132497247639 -0.00056823748336359
535000 0.0429316818101148 0.189559052170322 0.00209000548685204 -0.0013953625931555 0.00174084055007516 0.00126244713590004 -0.000523220351124334
535200 0.0426568629241779 0.188176447063033 0.00271045205593674 0.00281542849195295 0.00340567656136908 0.00124810568083286 -0.000133614757161044
535400 0.0429036347377368 0.189342482653757 0.00564871588605028 -0.000558892672713427 0.00323540333474979 0.000970371603376779 -0.00107795850239036
535600 0.0428463313021228 0.189284799256312 0.00171222643455473 0.00230024247365398 0.00270125045863147 0.0014826803318463 0.000667002722287216
535800 0.0428618419762093 0.189614420083659 0.00306170090771512 0.0013630055934849 0.00142675382533768 0.000809553682549444 -2.75491588222916e-05
536000 0.0427456382497995 0.186840491222802 0.00116241428852788 0.00319391750323254 0.00231379667423478 0.0010415932674468 -0.000781945047083841
536200 0.0429010258497195 0.190988431884745 0.00533550906013944 0.0026824146655622 0.00301646105292443 0.00327808427850137 -0.000627464414687725
536400 0.0427486013090299 0.189321686504845 0.00279657550285598 0.00355830303181478 0.00277212073716327 0.00272373132349345 -0.00282208232327689
536600 0.0427459601196885 0.189478085553396 0.00178814552337537 0.00448056060700912 0.00113801689490593 0.002323983223846 -0.00061053715347583
536800 0.0429265083325058 0.189322810033073 0.00178117716237665 0.00109155394440435 0.00388871455185616 0.00343365228659943 -0.000876194951328714
537000 0.0426572672905922 0.18745151238484 0.000345581665631083 0.000426966943047168 0.0043131977356127 0.00292478597873352 -0.00170798683689299
537200 0.0432053262348484 0.190992560924937 0.00417076628929047 -0.00247361473939816 0.00278787664081489 0.00270311669081532 -0.000797738009032004
537400 0.0425795692114938 0.189646198663752 0.00200980671636117 0.00233322758917258 0.00283377346162983 0.00139070208607692 -0.0011053533344823
537600 0.043115406883762 0.192626736420537 0.00271194278330155 -0.0014533560968558 0.00259956199208495 0.00361413650946062 0.000550870141771463
537800 0.0426758072442089 0.189265547882039 0.00252985060347942 0.00152515917392168 0.00343260108474901 0.00237566222774395 -0.000601455830203669
538000 0.0429746505655774 0.189649810679982 0.00202640922585038 -0.000680148032126498 0.00239983228930853 0.00181035466146761 -0.00137904336054586
538200 0.0426643673281953 0.185202686264305 0.00171017880872663 0.00517024334966173 0.00134089104204057 0.00195708248693964 -0.000935536142260534
538400 0.0431235396453916 0.189491621225374 0.00274255851795696 0.00226583938663704 0.00103915983110058 0.00251937802419391 -0.000269957755387395
538600 0.0427717808138877 0.188222561361035 0.000252135577505662 0.00594187383186414 0.00222342867270804 0.0030662241791393 -0.000829903405378128
538800 0.0431651111627741 0.191265295031066 0.00657154934328842 0.00238541991389006 0.00435792045086411 0.00306336126651002 -0.00118417058230356
539000 0.042981023742926 0.190282730542203 0.00396089139491798 0.00601609704122492 0.00291971000798153 0.002505095037735 0.000547123087716861
539200 0.0431478420058125 0.191601042662342 0.00381901929707323 0.0025601942937612 0.0026293965972613 0.00351064714452285 -0.000841746450670348
539400 0.0429475670949729 0.187267582719246 0.000256831017336693 0.0017503334734856 0.00204710067255526 0.00303513033258607 -0.00232782648910547
539600 0.0430337527814018 0.190248238193095 0.00412653491665072 -0.000583493896819544 0.0016794919876995 0.00375249165168504 -0.001959050455247
539800 0.0431268316684457 0.19068454942856 0.00326982907837031 0.00541060784241634 0.00231130091686545 0.00251593344117849 -0.00207493729289803
540000 0.04290885058891 0.188107780228934 0.00555877886185668 0.0040837027747558 0.00253760882416789 0.00262054707264164 -0.000457723132480257
540200 0.0432062921329331 0.189161992949984 0.00423265031060582 0.00304452068228025 0.00377514207136702 0.00305966830346896 -0.000823668197164092
540400 0.0429629104008338 0.186903638009897 0.00430209763884433 0.00119853367137954 0.00191735711513311 0.00284975791899451 -0.00141411253881667
540600 0.0431532360682799 0.186067558453274 0.00240629769909395 0.001850815300691 0.00187828135391979 0.00172063058603543 -0.000789275230456816
540800 0.0429500681541284 0.187890223601412 0.0031364035127512 0.000246364865747917 0.00313236987695461 0.00255279916761467 -0.00200695693991238
541000 0.0432710882878002 0.1920661378375 0.00174486913001477 0.00428774408923735 0.00313379688720581 0.00214847865069943 -0.00182714865587203
541200 0.0430519323055218 0.190198376517186 0.00704250277317161 0.00480645322961662 0.000881217218140231 0.00184311685252304 -0.00221760368122444
541400 0.0431937145846897 0.190839906812985 0.00191600390659416 0.00497491357370742 0.00281157561474311 0.00211660003527579 -0.000683648208509091
541600 0.0429333791821036 0.186949624289306 0.00320007730688166 0.00236688881490111 0.00244022918009441 0.00342607780863106 -0.00221166375696042
541800 0.0430954306457423 0.189790349390857 -0.000931499506028526 0.00134738995036243 0.00207432008949163 0.00332492552441804 -0.000461631265621447
542000 0.0429609188918206 0.188720181881266 0.00242678098320074 0.00345427725292592 0.00255491235006169 0.00191943892452673 -0.00011778470689859
542200 0.0431993744389099 0.189078606671649 0.00252545420445374 0.0055719139542133 0.00231245109159543 0.00139874149139237 -7.65904339510563e-05
542400 0.0429799458219517 0.18947233339964 0.00493639431767846 0.00338846477756464 0.00437674338130232 0.000558655204004572 -0.00163861685742545
542600 0.0432539272032574 0.190628916487568 0.00396436248675829 0.00490373367452408 0.00275330961007407 0.00290014486043933 -0.00132602492476233
542800 0.0429340531713019 0.188698477603057 0.00405037828962423 0.000556770601423065 0.00323646904921337 0.00270711182329098 -0.00184171796500696
543000 0.0432845767350711 0.191156389558521 0.00262703871714658 0.000983253033054841 0.00354816810131249 0.00365352873598479 -0.00195107765113551
543200 0.0430222528094384 0.189372912767567 0.00690656415794928 0.00327117218671998 0.00209375123501341 0.00374011739717145 -0.00104825066624757
543400 0.0432738201987956 0.193268901756069 0.00078501719305051 0.00288461269903049 0.00325920811438941 0.00288131362858223 -0.000484446089217229
543600 0.0430497066697349 0.190637215666573 0.00256697859775687 0.00097909387898875 0.00263408682456618 0.0049983813273123 -0.00145068864532543
543800 0.0431717989000114 0.189203542850538 0.00294959962907659 -0.000398158800004174 0.00318054164059049 0.00268689918269346 -0.000331633232847194
544000 0.043050802135839 0.189140739655728 0.00151874446159134 0.00135141913751184 0.00482994627278234 0.00119861905296431 -0.000964703056761137
544200 0.0432396176809132 0.191971764630301 0.00422335335512727 0.00265916846711992 0.0030544371713516 0.00248345845669436 -0.00234993324021903
544400 0.0431981942491415 0.192927430830733 0.00535073640391898 0.00464424965886163 0.0004809367404268 0.00103693128778983 -0.0012847820522356
544600 0.0432161539872131 0.192705114336055 0.00578308580250832 0.00464318121386726 0.00112553361623723 0.00261022122893835 -0.00241805960202559
544800 0.0431828255000257 0.190836689958279 0.00234732757030009 0.00549750030014373 0.00292828897963658 0.00255020770617571 -0.000210525033705085
545000 0.0430333205401766 0.185451129351146 0.00111083716415399 0.00272806119164785 0.00235515608203491 0.00273485657273235 -0.00107904699188856
545200 0.043051654361262 0.18567732665259 0.00130442128263624 0.0019667310737589 0.00196906830472042 0.00201176488841343 -0.00161080211721101
545400 0.0430657667631792 0.188120200951718 0.00135649903283765 -6.02393785066113e-05 0.00193627985938189 0.00131026965376825 -0.00107017700584994
545600 0.0429984111670608 0.189988744103722 0.0017325229764152 -0.000666339019220509 0.00167056970379383 0.00235646748421677 -0.0015792999461279
545800 0.0433428667119755 0.190032300272613 0.00583552323044506 0.0026153694955535 0.00340646630684681 0.00256811948300424 -0.00233628867328546
546000 0.0431298928944519 0.19025458181956 0.00560047988419636 0.00501948455487711 0.000832310330028974 0.000656607204920552 0.000449156848601142
546200 0.0433996235820919 0.191255895995471 0.00125051818848978 0.00477616862383991 0.00188898546041517 0.00125644276054504 -0.000199713131214421
546400 0.0428049279321502 0.187329294606984 0.00274948054575195 0.00469048390152049 0.00428154106066406 0.000851616882728074 -0.000243023957684231
546600 0.0434363506867962 0.192837462650608 0.00314584671770371 -0.00351511755954216 0.00388284469784391 0.00194779354530533 0.000384437528548651
546800 0.0429011662885299 0.185474935705604 0.0022069460967462 0.00275612024948684 0.00263803427699556 0.00422068856936138 0.00075080930274792
547000 0.0433871383535918 0.189393246522869 0.00269197722435895 0.000116522539516978 0.00154915912567156 0.00298249198264497 -0.000252884344215422
547200 0.0431300823435772 0.18842057667339 0.00217767201308927 0.00479880955454769 0.00268001936709686 0.00146324593288908 -0.00177242004101169
547400 0.0433418513906217 0.191286964698532 0.00366812865311426 0.00452462057054439 0.00138292748727632 0.00177706591472719 -0.000829679444699094
547600 0.0432528756333665 0.191239138003702 0.00366315665731149 0.00484605123390505 0.00214567076675592 0.00369343857766077 -0.000598440052104506
547800 0.0433169647741185 0.19140414609647 0.00302067128907831 -0.00173238989903041 0.00288221561138695 0.00512286802307457 -9.90363425992251e-06
548000 0.0430379757293825 0.187638743666831 -0.00176439572831075 0.00118175652484104 0.00259922344134308 0.00295030074836761 0.00051712977560076
548200 0.0431821820118062 0.188891093951074 0.00131840734677828 -0.00191979445407422 0.00187916144295973 0.00270853494603411 -0.00244287753027446
548400 0.0432983800449146 0.192359087120081 0.00213773986802705 0.000448121550103831 0.0025074396856785 0.0031280194805688 -0.00186663332717364
548600 0.0431125320762492 0.191767096246413 0.00358621072626834 0.00133284874857255 0.00198802219137338 0.00178593889714212 -0.00146734853562255
548800 0.0433626814873101 0.19187141197407 0.00137780472242804 0.00178439970076208 0.000243885994259278 0.00190215566611919 7.07225455865439e-05
549000 0.0432076313562578 0.186142438267394 0.000793364412432766 0.00193225535097912 0.00031373172385572 0.0029991300306201 -0.000381395906691915
549200 0.0433815543310501 0.190330879790603 0.00163964535113049 0.00051085759978411 0.00312807325194114 0.00354884685835918 0.000295711809088995
549400 0.0431499603099102 0.188539759963667 0.0039031379763081 0.00260901642442438 0.00172768079891119 0.0041178697269625 -0.00150306294197969
549600 0.0435632140004475 0.194494211582827 0.0028242571610726 0.00238533932104463 0.00260580697893547 0.00396002492420584 -0.00206467412416781
549800 0.0432923848738522 0.190989802348835 0.0033791932628617 0.00349497547491244 0.00188421599922931 0.00127374016057156 -0.000689005728427838
550000 0.0434264901816849 0.191552133978255 0.00117670587224114 0.00506124691269639 0.00206676714522692 0.00230006941051606 -5.58693962318519e-05
550200 0.0433485863895526 0.190447598150826 0.00359067929683923 0.00201595967579376 0.000164173744676131 0.00232982304165669 -0.00207316384605053
550400 0.0433605965240539 0.190981906047519 0.00307863132743245 0.00222952934096993 0.00137553764840269 0.00226812543894716 -0.00115288796798511
550600 0.0431742223633808 0.190997017359558 0.00312609329037069 0.000420765227522431 0.0023717823596447 0.00191368855990961 -0.00077233729651358
550800 0.0432220957662912 0.191710414531328 0.00254970897710876 0.00367946641340228 0.0041608395796264 0.00192491708238121 -0.000710239850403294
551000 0.0433869496592344 0.191165971382499 0.00399502739683344 0.00191482597557076 0.0036929474386304 0.00424199582713635 -0.00171692758258282
551200 0.0431183279946695 0.188258263523154 0.00214328837135359 0.00197767025674561 0.0027888172683414 0.00242487326590574 -0.000842565792978501
551400 0.0434434571258044 0.188811735179065 0.00156395405607208 -0.00345917812637312 0.00249058576982706 0.00310850632732071 -0.00113709329844998
551600 0.0430328486428398 0.185880896395566 -0.00100490000668977 -0.000314291744750294 0.00292671359698574 0.00364731853983525 -0.000985072850408084
551800 0.0434251341628273 0.188169036044712 0.00204700231375212 0.0013911258075023 0.00387605404264505 0.00335546676813649 -0.00216195601993665
552000 0.043176813632092 0.18635859144359 0.00555076884953026 0.00512802305662152 0.00279417743718436 0.00368343570744457 -0.000626250315441449
552200 0.0434827227971616 0.188915720031393 0.00623578638165848 0.00372877476776509 0.00164357966982971 0.00238829657950072 -0.00047514666047473
552400 0.043361693653665 0.189574789962109 0.00176442798637421 0.00437023463181576 0.000722487960154203 0.00269304417134085 -0.00193607456959831
552600 0.0434935117368608 0.18748965955439 0.00338398995162205 0.00243228874207929 0.00153688987825982 0.002811105367337 -0.00194140245038591
552800 0.0432943625120148 0.190645951755011 0.00130640319347349 0.00290852547024044 0.00157303944047873 0.00291901561981381 -0.00240229354451159
553000 0.0434706670839902 0.190189850664164 0.00263775427545007 0.000119259578108176 0.00200581447515618 0.00214592172588792 -0.00125047489514059
553200 0.0431771315977744 0.189055228579866 0.000287090141729452 0.00572686363695857 0.000414346409683348 0.0017871856360946 0.00080237340943085
553400 0.0435515945605848 0.190663692246279 0.00332885364317726 0.00033081195034873 0.00208029821624607 0.00129631748735599 -0.00152865993615146
553600 0.0432173698533773 0.190889566670968 0.000612265760549523 0.00785736931083598 0.00252487509202204 0.00199725438283015 0.000269588989471083
553800 0.0435064270883357 0.192121529542544 0.00478732606487036 0.00114248570538594 0.00132920177119237 0.0016167017130797 -0.00374339433256556
554000 0.0432997543506941 0.191196523953452 0.0018226710938382 0.00379958943551156 0.0019575951134631 0.00294454148182098 -0.000859152467435708
554200 0.0435671932875739 0.189564797584286 0.00418496075845196 -0.000439220092295558 0.00222205005148185 0.00388377723707798 -0.00120360825657641
554400 0.0432264693634285 0.188979529286655 -6.81784217310303e-05 0.00254092023715139 0.00195545832130592 0.00270467545895969 -0.00245465491288263
554600 0.0434649689097552 0.1889670868875 0.000152329713801773 -0.000378743996563525 0.00141515844348491 0.00182723643524151 -0.00178066755681422
554800 0.0432295388223405 0.189533978611562 0.00130794799420323 0.00453971029819761 0.00301446692684386 0.00303988338226004 -0.00116229896450151
555000 0.0435494119889573 0.187980576325474 0.00316351503527044 0.00314000243420664 0.00138219760175149 0.00351213333443984 -0.00194835514179901
555200 0.0431271430313132 0.187800789869223 0.00403484273873868 0.00338057399154876 0.00224373160008768 0.00407300253176915 -0.00108585531743485
555400 0.0437197233507087 0.191934934441695 0.00373547740481418 0.000281597959544686 0.00191523020010586 0.00311195778903131 -0.00208358114437784
555600 0.0430434162701968 0.189927928995249 0.0040285567836856 0.0009723910710888 0.00335941736963413 0.00361553547629285 -0.00104354210156248
555800 0.0435884902963635 0.189074561314194 -5.19000107020046e-05 -0.000469599723082278 0.00297136003587387 0.00278030915229401 -0.000441911499204415
556000 0.0433181109207729 0.191503449128253 0.00478928713093275 0.00406779385731793 0.00305005816271022 0.00269376416633282 -0.00274997504645889
556200 0.0435954507162693 0.191619516226492 0.00239199595376843 0.00471423771909288 0.00112477286552128 0.00235652167373831 0.000193777786371944
556400 0.0431929372962734 0.189106873460548 0.00200455944065162 0.00310281137225892 0.000305367977156746 0.00305136632165511 -0.00107796274057759
556600 0.0436672925210091 0.190758562469863 0.00126590873144474 0.00179140854429626 0.00305453684821486 0.00285215188414516 -0.00189370699745708
556800 0.0432256126127056 0.187096713455199 0.00332946345832136 0.00160642514612993 0.00356799053259935 0.0032865913249447 -0.00164796253583143
557000 0.0436673134539153 0.190029191110734 -0.000513732097909522 0.000393554365459271 0.00135385870289879 0.00373623416427315 -0.002369246331405
557200 0.0432277916812012 0.189118393799928 0.00286117088115564 0.00267364295602612 0.00272126464263927 0.00238171781983771 -0.00182475123182991
557400 0.0436206556317412 0.190290830885452 0.000542903041635737 0.00255729576577812 0.00186016750085815 0.00273076297924842 -0.001157920607056
557600 0.0433473430601905 0.19066299750321 0.00307883237524529 0.00491131725951499 0.00181341317010532 0.00282077240344276 -0.000812266022034001
557800 0.0435002675569247 0.189477853265449 0.0006640965171419 0.00423680306958059 0.00218151095503435 0.0018512912351644 -0.00110114964058539
558000 0.0434852262517081 0.190604505382884 0.00368196728559149 0.000565787275353806 0.00334572639047192 0.000609039177971276 -0.000590012553455075
558200 0.0433025786551211 0.187558896488396 -0.0020549739074673 0.0047237706118526 0.00302566525030535 0.00178663816429751 -0.00119357076026615
558400 0.0435259126958079 0.189168950448174 0.00489133724270071 0.00151492743542354 0.00109357991538922 0.00168413568728412 -0.00135624287757144
558600 0.0433790099886177 0.188215646564005 0.00323134821833408 0.0027113802557292 0.00392994337961172 0.00174116951595065 -0.00252482051624833
558800 0.0436245407085494 0.190292187679469 0.00390313578420074 0.00104955292483847 0.00252724744301372 0.00310676720722387 -0.00359903088866093
559000 0.0432203245352642 0.190492422762407 0.00261450985105039 0.00625397985181317 0.00113373572180398 0.00299756774250463 -0.00100210155530606
559200 0.0437316201986152 0.194508277770781 0.00306380440137163 0.00269582209086254 0.00182128607151658 0.00281193024454976 -0.00276351575836983
559400 0.0434426996194624 0.19085349581795 0.0025624903499532 0.00362159637872938 0.00286974966699588 0.00255654369315404 -0.00171697275341671
559600 0.0437434317401527 0.190437675693871 0.00295881561612774 9.30804909643122e-05 0.00436452612794854 0.00252994173779725 -0.00192510180004046
559800 0.0432814783021235 0.18838071531098 0.00236650124774302 0.00220900406809025 0.00204021739728849 0.00386949139360225 -0.000603579573640229
560000 0.0435853832180968 0.187699700132159 -0.000808579733436043 0.000437722689776717 0.00249680813546128 0.00248159054029387 0.000501842704326021
560200 0.0433897033537196 0.18702641593245 -0.000828534608142164 0.00370205017621521 0.0014491224309623 0.00258084417606697 -0.00207389991071062
560400 0.0435565695968007 0.188608557293079 0.00187038423930316 0.00283872492114587 0.00230930142820098 0.00330103027216617 -0.00145835696614181
560600 0.0434607895972228 0.189560137389361 0.00407249990093266 0.00419943112636304 0.00100173321476958 0.00334103693662932 -0.000855800143766647
560800 0.0437497570013606 0.190582838425363 0.00337103085313432 0.00139719593153656 0.00216944905152799 0.00285334232467231 -0.0003749457122749
561000 0.0434131443313554 0.189491721938454 0.003612722689682 0.00287867371415459 0.00299226241647889 0.0027563718544184 -0.00209479064025994
561200 0.0436812655192723 0.191443786733315 0.00399823161760093 0.00166636536584907 0.0020276600575324 0.0032173588541947 -0.00199017329028755
561400 0.0433659680644925 0.188686570593928 0.00195647508886169 0.00438610217487704 7.37209604384498e-05 0.00263120308184856 -0.000690191560325555
561600 0.0437993134797196 0.191851963916184 0.00123923608965365 -0.000666440001454971 0.0025250613993889 0.00436087936866173 -0.0019393982769334
561800 0.0432457759833115 0.186900918414116 0.00124683937646247 0.000954538018248626 0.000763090510624398 0.00430891933808651 -0.000908495062725495
562000 0.0436426653773539 0.189674511994865 0.000348618807564614 0.00149826237790479 0.0025109241394214 0.00252588095512464 0.000714713770515742
562200 0.0434249088168259 0.188961117273781 0.00106444624212175 0.00246029007023183 0.00334296407609215 0.00183483286085808 0.000432999284390577
562400 0.0436514293096795 0.189437562466145 0.00340064635691814 0.00498084190957276 0.00161536036572563 0.00315745862198375 0.000714491592975888
562600 0.0434928934384448 0.190046794578527 0.00204820004280106 0.00522133570166427 0.001493157632717 0.00321282351142186 -0.00108951579931993
562800 0.0436689732259603 0.192450356981888 0.00289491911740195 0.00156969390624435 0.00146683552953577 0.00186169718775625 -0.000537921687990448
563000 0.043685112324853 0.190291929441301 0.00368650915099528 0.00362034893392103 0.00267796656677396 0.0029305966101652 -0.00106675833846751
563200 0.0435238746779828 0.185971514765571 0.00257871504090015 0.00258659556380303 0.00256782491635219 0.00507257072333002 -0.00220959487830432
563400 0.04348485378688 0.188862679670172 -0.000948555705758579 0.000337140647994408 0.000664341607814778 0.00349151779043307 -0.00167628225422803
563600 0.0435160895529273 0.188795493641316 0.00371196619066611 0.00357814771713033 0.00306641091082317 0.00411640512418336 -0.00257639021550695
563800 0.0435648207310166 0.189067851657186 0.00232828124685265 0.00477266555468341 0.00290665705426587 0.00347362249275349 -0.00213871708344454
564000 0.0435009382208868 0.18978170543657 0.00296958334759396 0.00112049031320674 0.00251149896019001 0.00137273069709103 -0.00152441112367682
564200 0.0435136494382849 0.192010710740824 0.00117286145058051 0.00329071152135784 0.00293134886688745 0.00351997990694844 -0.00148406994952117
564400 0.0434734308699631 0.18861695267262 0.00177978852575122 0.00213681861745852 0.00122674535465387 0.0023578373156124 -0.00258315045994736
564600 0.0435723556861303 0.189807638986253 -0.000684252723647876 0.00223531565113708 0.00304196394042717 0.00220070689421503 -0.00205446142607547
564800 0.0435614374739001 0.188440111868743 0.00350330274427073 0.00164328453420302 0.0019104369364292 0.00191693858937856 0.00063387442824527
565000 0.0436166914166804 0.18925750245484 0.00330728156231847 0.00206192894486372 0.00129983618397116 0.00321763260045664 -0.00113970684620913
565200 0.0434813906406936 0.189137258722733 0.00321512482975432 0.00218507001309761 0.00251885159965564 0.00213115937285049 -0.00156692737759149
565400 0.043736324587248 0.191867368511218 0.00350346671001694 0.00089329977950975 0.00254534137492058 0.00291516933192965 -0.00121463966481762
565600 0.0434436798988151 0.19118563907199 0.00378964426075359 0.00461106526750331 0.00179728482900704 0.0024225538163769 -0.00129964954797661
565800 0.043762471291592 0.192447924062164 0.00286398074904823 0.000661650961982275 0.00082671559621238 0.000837201459988725 -0.00115549831696287
566000 0.0434063448585657 0.189449111611592 0.00366898286654702 0.000237615970616625 0.00229370842906103 0.000518530919492673 -0.00175139051440364
566200 0.0437156316082033 0.189337298286171 0.0021526172430146 0.00121594056877181 0.00222373638296435 0.00285812447699697 -0.000828442512431509
566400 0.0435430777723944 0.188875145312932 0.0017845780359302 0.00379447273136604 0.0035016756366723 0.000552499525257319 -0.00155904099837338
566600 0.0437454520864514 0.189920570811036 0.00263523490668984 0.00474966019803953 0.00366672085154976 0.00213981495682713 -0.00199065877511102
566800 0.0437136029800156 0.18982414273539 0.00256659668201396 0.00455019111154433 0.00330357569899916 0.00196783401039367 -0.000573711406901242
567000 0.0437712761820014 0.189164300337154 0.00253755802060596 0.00349203441040739 0.00420793669474533 0.00291702979045586 -0.00158932092593342
567200 0.0435497923843386 0.190135447551498 0.00517689725320522 0.00435618894864804 0.00383073011317628 0.00338700774347894 -0.00109101009522225
567400 0.0437698184363619 0.190648697278856 0.00344649904817361 0.00532529883239406 0.00292326155014167 0.00133583784316307 -0.00224267502641914
567600 0.0435023000444494 0.189597086915261 0.00325994067587461 0.00312292978312075 0.00303346327009181 0.00228123033075411 -0.00156137840980659
567800 0.0437369660840905 0.188683052890464 0.000357247363848125 0.00120283254770473 0.00339853102911544 0.00308331209609253 -0.00168983964368566
568000 0.0436225556789917 0.188870006011347 0.000379661692585682 0.000404818586377162 0.00323040578383256 0.00374640290571018 -0.00183221569698744
568200 0.0437141423173435 0.189359387349022 0.00121374330343171 0.00424684747559996 0.00243171782560048 0.00132224584568431 -0.00121882482855117
568400 0.0437686133512803 0.190582248872189 0.00455420291778834 0.00376589256067736 0.00264264293133349 0.00234109344390947 -0.000812531502418611
568600 0.0438729087913472 0.191744625991584 0.00326435893237174 0.00537136338187955 0.00282173861285277 0.00190780672677954 -0.00126763532539884
568800 0.0437263864964589 0.190089251609863 0.00305122065066484 0.00288648238453369 0.00443645805368789 0.00236752867726813 -0.00145485351527206
569000 0.0437140727187728 0.189310171651688 0.00123854222155772 0.000503959987869713 0.00215338001388686 0.00121586217383531 0.00105503473199444
569200 0.0437431453304324 0.187960334320054 0.00194647542936512 -0.00334111944400468 0.00201719516659669 0.00336902193768499 -0.000100281286160321
569400 0.0437482376359556 0.189745890183185 0.0026395258446814 0.00127027104759756 0.00266250616904794 0.00250180730353091 -0.00036173446520023
569600 0.043863095621875 0.188006761161885 0.00423221715368225 0.00431246829154391 0.00215257305030948 0.00311878085486374 0.000472911098571572
569800 0.0438441623757216 0.188575844893565 0.00525409063226867 0.00548527888309008 0.00166455967381557 0.00275441594577864 3.86159546821377e-05
570000 0.0438296119413745 0.190620756424948 0.00214080364302945 0.00436124517464214 0.00256947982419232 0.00485393228266463 -0.00123831888569933
570200 0.0437585273588966 0.188491920728101 -0.000849372331992284 0.00317681837637259 0.00247824049732656 0.0027004805326664 -0.00133026751702395
570400 0.0437461699028916 0.188102536813067 -0.00123151062310819 0.0019656318297707 0.00274940705072416 0.00341572934556201 -0.000608811504410136
570600 0.0436873479152543 0.187409466221635 -0.00205492693446116 0.00236950954902677 0.00269212376233909 0.00333058476477792 -0.000647729462397861
570800 0.0438862756667248 0.189379110247726 0.00262930296189459 0.00382301379935925 0.00298637174293868 0.00145738168507033 -0.00087418341686793
571000 0.0438941493249564 0.191429799365052 0.0031580708272892 0.00636217605566743 0.00333501397596518 0.00282118786472555 -0.000959711215907589
571200 0.0439269178155139 0.193254908158499 0.00292204313674914 0.00171774297533053 0.00189099517867081 0.0013738186452274 -0.00161063140513718
571400 0.0439815407990474 0.191147850007622 0.00300879510687809 0.0048117208040657 0.000571326550010822 0.00281500398957403 -0.00136126441878079
571600 0.043763566977526 0.189479968971075 0.0026846021097493 0.000221377891475826 0.00240360378088583 0.00258663307895104 -0.0011645356251206
571800 0.0438310668779455 0.191266674027671 0.00212053349170972 -0.000499232598765944 0.00237608117152232 0.00278634355230303 -0.00217667802129016
572000 0.0437409154972235 0.188906731574775 0.00337508256730593 0.00209751724720299 0.00376805983170569 0.0024151996536194 -0.00417066665572417
572200 0.0440504711478939 0.192347165722785 0.00312148676146858 0.0018645056662866 0.0039929070129746 0.000779703201067715 -0.00172095181099734
572400 0.0436328968279648 0.19176657419797 0.00214043636038769 0.0035107594637787 0.00323244326644813 0.00170437267022403 -0.00141351936898447
572600 0.0440447998710984 0.191041590757567 0.00109748274252538 0.00265222336065081 0.00344653260132055 0.000907439906732749 -0.001894198484661
572800 0.0436599547207572 0.187066748711101 0.00303872606912852 0.00508747194710653 0.00283747428783325 0.000866780022309557 -0.00127834015641399
573000 0.0439132491986641 0.189606497901434 0.00380040440003343 -0.00157753484478811 0.00378818180034397 0.00315648717940298 -0.000245604900544764
573200 0.0437496365476775 0.188886185967746 0.00279951261329665 0.0019594733700539 0.00310701309638241 0.00179987418453318 -0.00143490857087729
573400 0.0440354732685021 0.188761668330121 0.0031123805375249 0.00362482797602843 0.00342910981475768 0.00248407619406132 -0.00108120583376873
573600 0.0437029919659405 0.185833728487171 0.00146731348237099 0.0028437428128645 0.00348734012890216 0.00244273824991048 -0.0014959189357386
573800 0.0439011356708513 0.189474026520998 -0.00111521527271835 0.000555264043204425 0.00344982950684357 0.00282663747552935 -0.00136297254660345
574000 0.0436963409064315 0.187213391058658 0.000923398785280295 0.00400897900801353 0.00274575473489886 0.00354414193552189 -0.00129014188752377
574200 0.0439975722695533 0.192897313285786 0.00287235095513391 7.34660021981241e-05 0.00340232739728576 0.00339790296637862 -4.93263881598042e-05
574400 0.0436010629725809 0.190055201544143 0.00456219989728609 0.00509934364061252 0.00311930208365098 0.000926108340564922 -0.00191919153469412
574600 0.0439583788488872 0.19124481563301 0.0046082361574915 0.00337997907896193 0.00451122976008778 0.00187456693175162 -0.000415334440048312
574800 0.043882880940785 0.188306972157884 0.00390315649353041 0.00551604872059537 0.00395923856922902 9.65034236138124e-05 -0.00162013214476004
575000 0.0439981693537883 0.190453022923425 0.00396870113970467 0.00302695734578905 0.00135492524192181 0.000682009535167311 -0.000920085559621436
575200 0.0438679164924823 0.189174762919916 0.00122780880019069 0.00373930005433872 0.00401872491237953 0.00123824552202366 -0.00095667282486234
575400 0.0437237150644584 0.186520053344638 0.00434741627495137 -0.00014155272931699 0.00257674177013197 0.00059424819620906 0.000379766382862158
575600 0.0440507162419692 0.189869101013154 0.000995871957516415 0.00266117300491443 0.00287296261686466 0.00183023742504334 -0.000649575833893435
575800 0.0437632374862249 0.189961548656968 0.00739744611270995 0.00396091696080043 0.00237230189652136 0.0033478213029954 -0.00131276521320186
576000 0.0441191405124211 0.192028764156881 -0.00126549661400088 0.00421541524028046 0.00275589607270046 0.00229752288080082 -0.00207077479498506
576200 0.0438059243753635 0.188517522406378 0.00382298935231921 0.000619652057956887 0.00336294731889527 0.00127346317743005 0.000200406650461988
576400 0.0441311204757971 0.189383814610921 -0.000300212868692129 0.00390853737153903 0.00339618693604272 0.00126750102993586 -0.000573548731462424
576600 0.0439084742516162 0.191474664916186 0.00302612115664855 0.00341006699761083 0.00254986226662378 0.0014293526390853 0.000716389501965166
576800 0.0441622653307545 0.192131006409643 0.00185727839820916 0.00256830815190306 0.00239589360175209 0.00218983022533568 -0.000903178737116193
577000 0.0438035399479785 0.189607392509305 0.00478649693275774 0.00157562950632256 0.00228266032306029 0.00178842788223736 -0.00103565524679239
577200 0.0442740940029677 0.190863750265132 0.000906556437991253 0.00092655156571902 0.00383665590934639 0.00181279256068462 -0.00138989406964
577400 0.0435722788877756 0.186922733050596 0.00388873034126418 0.00136770402139691 0.00158231543589213 0.00186463699402844 -0.000901692287199805
577600 0.0445380045319063 0.190958034567026 -0.000586747379641558 -5.95665782260789e-05 0.00300626025145433 0.00226325769319365 -0.000990852626689091
577800 0.0437133369780486 0.186494872783179 0.00467251298992528 0.00307503070503756 0.00282649936573034 0.0010302711773626 -0.00194255562789724
578000 0.0442128727519535 0.19044229473893 0.00318826279881933 0.000812796949984262 0.00188633802275152 0.00249144518165932 -0.000261423868543197
578200 0.0439239695993231 0.188870635850078 0.00466435966737147 0.00360192655031345 0.00270489241534966 0.00179069571946683 -0.000697199401557571
578400 0.0441583135127624 0.190251345213767 0.00189292594923056 0.00252787950902586 0.00397849864024326 0.00157442084777682 -0.00170607637205746
578600 0.0439678060266506 0.187560454453277 0.00481027031979181 0.000868359361709226 0.00445744515170362 0.00136828189265816 0.000718474782914398
578800 0.0442039505053117 0.189274591428829 0.00260976959686511 0.0027560769699384 0.00178844683627259 0.00206611979092857 0.000644613088855531
579000 0.0439375597442987 0.187957802924212 0.00589931329023262 -0.000487148692616718 0.00197430999145302 0.00204866516690375 -0.00133812850870574
579200 0.0443117193205636 0.191227433709453 -0.00157698627537243 0.00154806042786907 0.00416415417297086 0.00172446452689428 -0.00140010379125224
579400 0.0439536975972615 0.190293658747821 0.00206728443317627 -0.0001185155489771 0.00289361866310274 0.00216400592726324 -0.000187981104742838
579600 0.044268842624065 0.191061663815494 0.0048672634723788 0.00365561244307321 0.00208583597193863 0.00222656636199529 -0.000712898888506921
579800 0.04405600500499 0.189997857828796 0.00530438821044847 0.00288479558758491 0.00328489367568236 0.00322407868968329 -0.000972231649334997
580000 0.0442859694879328 0.189677182679194 0.00205525811100811 0.00484574025128061 0.00383254344928408 0.00381333154761564 -0.00237515977015133
580200 0.044059177610429 0.188879056410788 0.0032463824950532 0.00311809494781006 0.00348391722647793 0.00122875806906361 -0.000150422375153487
580400 0.0442232892463894 0.192427942695156 -0.00103516135004075 0.0031564421938366 0.0030317677408125 0.00183927718618497 0.000851431378744029
580600 0.0440824880169542 0.190310927216238 0.0025257727662218 9.35950028001749e-05 0.00450187865772013 0.00270689243841594 -6.05291260729261e-05
580800 0.044190776831343 0.19018878843567 0.000520514779594578 0.00242019629335134 0.00361604936740513 0.00110823408985644 -0.00123434808201902
581000 0.0441334177123156 0.188527317342246 0.00543410677536966 0.000462905143332212 0.0014365484053754 0.00169291087749113 -0.00270233527027648
581200 0.0442479673493163 0.18979241375346 0.00121217602957988 0.00604888768957476 0.00164220175221019 0.00280986429824795 -0.00246325783464522
581400 0.0441136094871875 0.189498469515647 0.00407332663803427 0.0050831135998471 0.00225326545548788 0.00199430662028784 -0.00163485643988372
581600 0.0442098527059263 0.191694310450127 0.00205874819018665 0.0051069983565481 0.00318883401630458 0.00329612991115263 -0.00166368001209195
581800 0.0441637622635802 0.189102175248094 0.00463104125147031 0.00266958610495026 0.00304687541904315 0.00315407454480585 -0.00152090721379759
582000 0.0441611651506756 0.190062190902882 0.00194143866987057 0.00413895501453997 0.00175567547198215 0.00161455044072134 -0.000333805380797347
582200 0.0439836331274263 0.187160967616951 0.0027872870365484 -0.000344813172302826 0.00264170645351786 0.00191819051026611 -0.00201487576439083
582400 0.0441446509791965 0.188418759239163 -0.00120393799448292 0.000622438423675901 0.00327028647916245 0.00336635495654599 -0.00201530384520281
582600 0.0439871550725433 0.186120080266171 0.00289065688824373 -0.00108554678739311 0.00243226316522577 0.00332464635665553 -0.00148061330200475
582800 0.0441912278208264 0.191893997190368 -6.8949241099611e-05 0.00485771479403725 0.0025773237280417 0.00348232274207376 -0.00192706930983807
583000 0.0439870642914334 0.189206545059508 0.00305891003177033 0.00193690880460386 0.0034391011671861 0.00207132293452929 -0.00107115563976691
583200 0.0442611562266408 0.191088082520054 0.000223336272585782 0.0037901554247579 0.00209200734779072 0.00232256520591881 -0.00144128628013154
583400 0.044073722411009 0.18995740811766 0.00379164176600592 0.00271847791526273 0.00286259807797491 0.00268092944301295 -0.00164150939385631
583600 0.044153863572227 0.189500370330384 0.00167739535511117 0.00410247334791657 0.00244536067803241 0.00223284901341526 -0.000172250420912173
583800 0.0441637651452727 0.189484486487216 0.00355648013694536 0.000887948878127133 0.00259613363239911 0.001527216140195 -0.00247446193296108
584000 0.0442475882619219 0.188640370118632 -0.00127656472756481 0.00300841040827286 0.00350646973490454 0.00258340245002448 -0.00224267769818309
584200 0.0439280606179079 0.186489125296968 0.00451921763097221 0.00305210036599444 0.00194267205698589 0.00136226974381872 -0.00174167952284401
584400 0.0443092301798552 0.191247154156725 -0.000720025132603541 0.00307124929308754 0.00347363412898971 0.00259584652211834 -0.00115474973837133
584600 0.0440038490370078 0.190669055798098 0.00807597900832609 0.00195725864495506 0.00269417045406272 0.00254525515919921 -0.000604871748818882
584800 0.0442861810084841 0.192652492238819 0.0058381701542205 0.00376401529267239 0.00299640545325521 0.00362173281561697 -0.00175325972310086
585000 0.0441187359571077 0.191350975898535 0.00429181765088314 0.000667106296965557 0.00387025478815109 0.0034815959488919 -0.00162180870327486
585200 0.0441632601514872 0.191522397155154 0.00131836970026634 0.00260158926815441 0.00378227159279397 0.00279336055090863 0.000110009710197429
585400 0.0440621557900049 0.18975784258242 0.00182405781584995 -0.00057010108250564 0.00328969404396026 0.00343308316666567 -0.00188143445994426
585600 0.0441884660206989 0.190594387185374 0.002950702728883 0.00246048793814134 0.00302942326867944 0.00179815781288563 -0.00211645642410753
585800 0.0442430778640495 0.189134460915623 0.00478938742739397 0.00215147422687206 0.00358623267238652 0.00310010978594618 -0.00180211013597025
586000 0.0442066240441161 0.190394717335859 0.00275343208029163 0.00587904412246454 0.00508568094507381 0.00267011440737919 -0.000842284954813278
586200 0.0443116063119595 0.19181617823447 0.00554662318177149 -9.55577854209087e-05 0.00276930674129312 0.00155524291848592 -0.00309898127656402
586400 0.0441214757918495 0.189581002305634 0.00154947726717651 0.00215735628933209 0.00297463459159387 0.00187639420540712 -0.00238661294206631
586600 0.0441801493256321 0.188555820176031 0.00401560588996831 -0.0017879643912849 0.00404924033978384 0.00185759959450929 -0.000391465397770215
586800 0.0442711712329138 0.189746750967232 0.000726482710045595 0.00179097203043888 0.00193217294442917 0.00276685793112231 -0.000493608257749639
587000 0.0441236706205021 0.188519793086079 0.00193082224236371 0.00253874205491452 0.00261455080727123 0.00129732652915185 -0.000159894838866441
587200 0.0443662560430888 0.19045715932385 0.00109366964537691 0.00453418141995059 0.00381677824162117 0.00178150904528208 -0.000943395842940774
587400 0.0441930048356374 0.192207565747944 0.00595713302752205 0.00574939262110884 0.00211159514675698 0.00094055776549418 -0.00206062588157326
587600 0.0445298235880739 0.19084939249982 0.00183972838532428 0.00552600338430242 0.00177124360109532 0.00218827644575917 -0.00260127268456567
587800 0.044063065665625 0.188663150065198 0.00346456766147928 0.000975522750376663 0.00157397373855603 0.00240690614318641 -0.00160253594741457
588000 0.044544200197359 0.189931870510487 -0.00165602943707391 0.00130840955071357 0.00325952387744095 0.0022265062913348 0.000383558958824935
588200 0.0441741705826281 0.189133485024432 0.00329117697285905 0.0020502463146389 0.0035251593836334 0.00288340647866817 -0.000259481350261204
588400 0.0443589332556907 0.189614676319051 0.00107704772053562 0.00392766374823408 0.00441935343477071 0.00119855624032413 0.000500121600943643
588600 0.0441910006107329 0.189342052157044 0.00401904381921498 0.00442077206518511 0.00376117967968901 0.00129877092759242 -0.00101312854724859
588800 0.0444609446417789 0.192939100079826 0.00388463170150466 0.00290182587277514 0.0040383519562666 0.00302362775457007 -0.00161803137228044
589000 0.044156341735938 0.18877762075519 0.00331892167173748 0.00474963579887189 0.00394286269198435 0.00142916843978493 -0.00169673555337783
589200 0.0444265587556123 0.190737389685437 -0.000345759964546691 -0.00258961283255032 0.0041869489176319 0.000638392500393444 -0.00121576616081539
589400 0.0439383874204794 0.183696509542809 -0.000474342034145355 0.000295030770906551 0.0041048624081278 0.00246044847232313 -0.00176023171600851
589600 0.0442634798452967 0.189375639638394 0.00286879147888087 -0.00120159236786761 0.00284349475265328 0.00222059887642709 -0.00153760608706259
589800 0.0441320535651512 0.19096591687632 0.00364268052079192 0.00239761735006417 0.00305873585958075 0.00286143322995279 -0.00270944292645131
590000 0.0443382831100861 0.191282887520371 0.00402961762310751 0.00201544029719375 0.00511508055645529 0.00324512500362263 -0.000502663395844314
590200 0.044250521659813 0.190240534118544 0.00509560322625992 0.00509997130033536 0.003900676661596 0.00248623726345289 -0.00246851759952504
590400 0.0445762972033235 0.193645942258109 0.00352549964767323 0.00437959814820712 0.00365678234369034 0.00278423297840245 -0.00272452339495067
590600 0.0441759118320798 0.188113809523601 0.00146790419992963 0.00313106716821401 0.00362766422342944 0.00316537641280659 -0.00217928028431376
590800 0.0443897220470086 0.190591383654272 0.00178645308462981 -0.00136440756785642 0.00227727200669741 0.00187546302921047 -0.00156141698032782
591000 0.0442237033648383 0.191877472273318 0.00160954733559319 0.00327789914575419 0.00452499954449495 0.00308722067715951 -0.00185855419428568
591200 0.0443775863894146 0.188685803472269 0.00509492084120084 0.00287253950894694 0.00382616482467791 0.00368292485050941 -0.00225593709675004
591400 0.0443485594912916 0.188203347473688 0.00463283287232827 0.00516433545605008 0.00357561825785065 0.0019135288680189 -0.000648380600683236
591600 0.0442790098512166 0.189039505561968 0.000333868096460806 0.00385736774707512 0.00242561076098424 0.00241788382493901 -0.000461914808102644
591800 0.0443150288336985 0.191939462724127 0.00109690069365352 -5.10989912979755e-05 0.00515155579466459 0.00154502869215978 -0.000711662234041026
592000 0.0441344165886009 0.189023245743277 0.00134158421337295 0.00193327205750239 0.0030871394177397 0.00200476152120117 -0.000873239273074489
592200 0.0444955221232158 0.190774830864724 -0.0021910196471358 0.0050962844888615 0.00185654166115234 0.00278921688670615 -0.00199286612452651
592400 0.0442393263357396 0.188877648166721 0.00140287492977251 0.00615999826834793 0.00320293106751276 0.00292241592401963 -0.0019659656592204
592600 0.044397229663661 0.190900604284181 0.000805720936079624 0.0030305819354093 0.00410676192454911 0.00235145854467131 -0.0025228792001764
592800 0.0443223666080801 0.19069876953533 0.00150579319180155 0.00124079607899522 0.00282761060139067 0.0013168891262489 -0.00160501387291569
593000 0.0444924462761982 0.189422449845016 -0.000361404001009129 0.00537932120415985 0.00265768159248854 0.00338191370460756 -0.00149029993991989
593200 0.0440879531703052 0.186470135263297 0.00192906451581016 0.00220467397379835 0.00388414398171951 0.00318938650582747 0.000263598150885036
593400 0.044474715223766 0.192526636840774 -0.000292197433903229 0.00137935624904816 0.00285404075938582 0.00233292781064787 -0.00134539942494684
593600 0.0440933770462384 0.18927259691134 0.000908378203726737 0.00358178789662253 0.00323485953881154 0.00136175045733198 -0.00240855570812033
593800 0.0446417115697248 0.194629490753486 0.0026801660118193 0.0025050800344864 0.00126880984922387 0.00313091921272401 -0.00212306784924911
594000 0.0442370960940666 0.190065988906113 0.00369467042267259 0.00240799104520226 0.00321312713417496 0.00199477224628239 -0.00209804501463723
594200 0.0445589259350079 0.192054369834395 0.00448404155164272 0.00208170890702814 0.00531946303296646 0.0025277049420765 -0.000469932698702012
594400 0.0443724945182543 0.189801914140787 0.00443324685492766 0.000152736891920931 0.00348655366540806 0.00199643300156231 -0.000784850588110326
594600 0.0444157139815155 0.191138494516445 0.000636032151321892 0.00158312962040108 0.00384673464294888 0.00263390161898487 -0.00237489147639638
594800 0.0441309383332837 0.18772950756422 0.00170493920821549 0.000330463820833747 0.00299085014136778 0.00437151930470725 -0.00066744794928635
595000 0.0443742233526029 0.189175468456642 0.00140218967724899 0.00245186041350833 0.00504127841876657 0.00225010145538742 0.00125662236813563
595200 0.0442093769768569 0.188927516799891 0.00371074582708947 0.000921070373008365 0.0031064603071434 0.00157555141000824 -0.000624756213804784
595400 0.0444857394359966 0.19088229144348 0.000825685993710475 0.00251782475532008 0.00323092816802264 0.00236985002989481 -0.00157096790966693
595600 0.0442739499254145 0.189352383736628 0.00528975772308843 0.00282770851851616 0.00367461774466699 0.00198941852834563 -0.000193247659017232
595800 0.0444390004940633 0.191132205537053 0.00220615998886372 0.00483143662827806 0.00330948442283198 0.00288123472178293 -0.000403526606720682
596000 0.0444370609634565 0.190157181129849 0.00054137032204065 0.000530634131098626 0.00409433619730948 0.000909171497384755 -0.00190355637886213
596200 0.0443741878253384 0.18722470442115 0.000695016273508693 0.00142350158180233 0.00382464333412665 0.00202400615816379 -0.00201529979222245
596400 0.0443370160800537 0.188022562632589 0.00436321412724784 0.00338999498177078 0.00354104904710728 0.00200419852150149 -0.00271427572494905
596600 0.0443714926829798 0.194140161565491 0.00355152282431246 0.0023486493258973 0.00278855439640055 0.00298221656109312 -0.00242589465767316
596800 0.0444282301910202 0.191431333458515 0.00575204273503313 0.00507273007403562 0.0025930760498189 0.00223022550583206 -0.00159191790800374
597000 0.0446694679815903 0.196450939788109 0.00710223554366814 0.00524492628477889 0.00110545544817944 0.00128522216522536 -0.00135137265652795
597200 0.044248494228588 0.190023211791798 0.00231334122605353 0.00519786348000147 0.00278562883344821 0.00178767571746699 -0.000918236530952975
597400 0.0443748514402673 0.188936946846073 0.000482431888246844 -0.00151932128600794 0.00258579474183444 0.00245496828578477 -0.00184278786656734
597600 0.0441189316222082 0.187544048246769 0.000596504611703574 0.0020735192653719 0.00358403792597213 0.00116434346042333 -0.000397044035256599
597800 0.0445118311142136 0.189659340589469 0.000444176371832173 0.00184072611011058 0.00321285780517907 0.00241320734543387 -0.00209153657074929
598000 0.0442474878123581 0.187503101263667 0.00371084193486444 0.00472232832457274 0.00295505030796604 0.00132597615051314 -0.00179850694875261
598200 0.0446592624783178 0.18987314416918 0.000894972852900599 0.00390102746875104 0.0039707464350377 0.00095826464335332 -0.00242384499281419
598400 0.0442166246953042 0.187623958507078 0.00260821477030746 0.00643492751416711 0.00307125794877098 0.000719831641123482 -0.00183620508745605
598600 0.0446857618957591 0.190102042963319 0.00175076825037651 0.0038510007713597 0.0046850333852799 0.00250495060878303 -0.00268332366859397
598800 0.0443215328145705 0.188427040646146 0.00339312854842722 0.00546346495776028 0.00300818427757302 0.00375499792222413 -0.00320161103415328
599000 0.0446126043378873 0.189791686661091 0.00242173661800119 0.00133389511581277 0.00474673265753191 0.00149219201894142 -0.00278418100101763
599200 0.0443414547275811 0.189317208758478 0.00142491679182646 8.84595817462945e-05 0.00222471416712569 0.00164927476014728 -0.00249131759089183
599400 0.0444749575558847 0.189184775401435 -0.000247868461693686 -0.000298706708390405 0.00261577899672653 0.00217726905058487 -0.00164679613102466
599600 0.0444128460713892 0.190131124190263 0.00443968098384049 0.0016912091762393 0.00304301228066983 0.00201103372606117 -0.000140847445636609
599800 0.0443370573135367 0.190263192180577 0.00334546370694741 0.00426276221497933 0.00318211796693871 0.00250865779790942 -0.00139478170210949
600000 0.0447630503933614 0.192626410512551 0.00310568992773522 0.00226946613287691 0.00421495305594043 0.00399404527928876 -0.00220635365544495
600200 0.0441913293806813 0.188389755068436 0.000416355500676262 0.00446009740405188 0.00331905105699369 0.00260863433276543 -0.00230613634726018
600400 0.0446105809077916 0.189130628442352 0.00419604290193959 -0.000188479483136883 0.00235374809664081 0.00129516284380284 -0.00154227098924183
600600 0.0442731437172117 0.188876399622411 0.00192783118120708 0.00396674348854654 0.00356165134499698 0.00354964123208596 -0.00258980189751347
600800 0.0445524687808592 0.19101877100321 0.00332827038259353 6.61317152683491e-05 0.00417982424890216 0.00192543279484946 -0.00336950722621865
601000 0.0444425058911233 0.192510241678278 0.0016428639702103 0.00520109305126008 0.00431029474606659 0.00269920955890993 -0.00167800809199829
601200 0.0445244495152893 0.193927195993757 0.00318805386249462 0.00205016662500215 0.00474311944758552 0.00258374846885129 -0.00212114834559739
601400 0.0445137922052304 0.189388334997441 0.00216705261140257 0.00463435530911559 0.00244915208104396 0.00261420122619157 -0.00239908899674585
601600 0.0444408799841335 0.18671706254827 0.00378910882431381 0.0023643086083206 0.00376509165000447 0.00241751325483288 -0.00116631422011534
601800 0.0444096722092548 0.186505195612022 0.000203332270734706 0.0024090920466869 0.00351390269509592 0.00314444357783829 -0.00305719471779102
602000 0.0444864038063331 0.186554683644309 -0.00138072909754626 -0.00314897175910943 0.00295445646250558 0.00172886458465016 -0.00144078636318258
602200 0.0444098660937188 0.18704792493554 0.00107020685650569 0.00246412422387236 0.00367132620179776 0.00174075533831068 -0.00209412681044459
602400 0.0447330777567595 0.193424117979452 0.00473920269365245 0.00483801335225303 0.00275831878892398 0.00422279574199162 -0.00160717148513466
602600 0.0445641535277158 0.192014271393741 0.00392706324302418 0.00355079806531287 0.0035382830833652 0.00387273272171503 -0.001139794566503
602800 0.0445026854301052 0.188674932450406 0.00229935204654734 0.00260091326977374 0.00281491812186251 0.00228613099880451 -0.0014807190178461
603000 0.0446517524218515 0.18892143976163 0.0031997350373704 0.0028444030952923 0.00434128871909963 0.00150964183118734 -0.00193169084115482
603200 0.0444644075788307 0.187961197219944 0.00485533762357232 0.00116114122589745 0.00403113170213576 0.00289592475262043 -0.00168361156635307
603400 0.0446319485354778 0.190679240551243 0.00457781195049208 -0.000197744058085121 0.00266848345407774 0.00263536368557386 -0.000811409588863465
603600 0.044286730547838 0.189149510490991 0.00398968080243642 -0.00066478507409137 0.00357220605465698 -4.9655897933851e-05 -0.00232382934958864
603800 0.0447675973208364 0.194166594803148 0.00103774888906501 0.00183531653441353 0.00230514540159877 0.00209130372152121 -0.00134115471800887
604000 0.0443549173017214 0.189892598266749 0.00301654203084374 0.0018327554833021 0.00282735127535328 0.00244777244315631 -0.00105014705951664
604200 0.044727498779187 0.192044923398415 0.000448839023232568 0.00098233976435082 0.00405705935402731 0.00217663286478249 0.000232297480558775
604400 0.0445169098669814 0.190641819247642 0.00226606166870688 0.00361879057859539 0.00530558974663228 0.00260681973102095 -0.00140650342348768
604600 0.0447567088965646 0.190240528818008 0.00204785532488289 0.00272706957127359 0.00562316003971882 0.0024175168184582 -0.00121755514740646
604800 0.0446780784188049 0.191342709836053 0.00396165832027338 0.00425674421192348 0.00354704775919468 0.00171370448387781 -0.000784677800469613
605000 0.0446913758832304 0.190899460806405 0.00393666220881581 0.00213006842793252 0.00326957728323029 0.00300226776851118 -0.00102844676147977
605200 0.044649114338824 0.190047482869843 0.00305079307846095 -0.00308564361635683 0.00410744430318141 0.00267012028188929 -0.00398922705215927
605400 0.0445435005127938 0.188588471927845 0.00142502236076616 0.000802032221917397 0.00399060795998877 0.00212144869253147 -0.00187723498660021
605600 0.044787584351027 0.190977743865044 0.00350155898343986 -0.000510926205765294 0.00442517583274277 0.00304672889701806 0.000322958107378819
605800 0.0442179975164621 0.186480467258375 0.00572518047287799 0.00519217278984929 0.00368989582435006 0.00222713803725362 -0.00244778135838482
606000 0.0451340857432576 0.193533310768255 0.00297697566239134 0.00174364440023125 0.00321881388476968 0.00234338171095312 -0.00189197662358878
606200 0.0443137554691982 0.186365155126761 0.000685179569332984 0.00545886279504956 0.00417110927241113 0.00101418023781797 0.000278435100731618
606400 0.0447801354063768 0.188834537879152 -0.000396247330435477 0.000679388734751544 0.00397905271565822 3.69495305120367e-05 -0.000253852376309997
606600 0.044502558983408 0.187868696343549 0.00134099387367008 0.00172329695198987 0.00318560026232269 -0.000493413358018495 -0.000530140285972308
606800 0.0449147122124395 0.190598374027503 0.00338453630188189 0.00421476486640483 0.00403380674766527 0.000522626722858037 -0.00181196012443835
607000 0.0445957668034023 0.189516106917648 0.00349715803896951 0.0045230323507304 0.00433763971562104 0.00277045821912243 -0.000448524277635021
607200 0.044929681729122 0.19234121581636 0.00101206507283918 0.00219250797793379 0.0033456653314138 0.00212670880014922 -0.000214946316473868
607400 0.0443692377845971 0.188989742663462 0.00106353426452851 0.00125271639053608 0.00358333146888256 0.00158810857316704 -0.00163309535590269
607600 0.0449464155105169 0.190222333851625 -0.000129491857046018 0.00378616522511515 0.00405261309753127 0.00205858848015129 -0.000315109366617973
607800 0.0445519068601918 0.189306046723043 0.00494601914716956 0.00133903267807957 0.00299993641001377 0.00119871553431383 0.000792882290247874
608000 0.0449908019592232 0.190405152124477 0.00307150083476356 0.00350327290576748 0.00139326189425672 0.00116606541899771 0.000152976248429559
608200 0.0445590707947778 0.188617728993372 0.00723079989318487 0.000684607114232366 0.00189423344772331 0.00132080535887243 0.000211329515082855
608400 0.0449352118340408 0.193086510553684 0.00194863770652489 0.0036993528180084 0.00252495296857781 0.00202971225938634 -0.00120475560730185
608600 0.0446610315181359 0.190268979336862 0.00402027833098061 0.00396366161266999 0.00308199907108618 0.0026522217813036 -0.000991817156995223
608800 0.0448228472158085 0.190143661514194 0.000756975331535148 0.00450306706160404 0.00461615767250977 0.00229174151522711 0.000241363080302247
609000 0.0446925092804357 0.190807909857165 -0.00149427584516105 0.00296163789885606 0.00399518245780616 0.00237456714075732 -0.00248455325579999
609200 0.0449087185780728 0.191757890834209 -0.0017006048142083 0.00403077587574569 0.00219879913057126 0.00398305202835227 -0.00174265637459923
609400 0.0446410537057621 0.187114654063959 0.00312938116612992 0.00127843370159312 0.00384443239990701 0.00282176847635249 -0.000500727645958153
609600 0.0450482015324779 0.192707590155956 0.00305515135914579 0.00377315924511219 0.00403842449586391 0.00316151283726637 0.000191186385862975
609800 0.044752902506937 0.189446087714351 0.00648685965057258 0.00642850742634267 0.00332759415086645 0.00112916605009852 -0.00132027709764861
610000 0.0449338521452348 0.190358610415071 0.0008264681470193 0.001900468326193 0.00222776712402611 0.00246733553740316 -0.000520577314420728
610200 0.0446504439312491 0.189460237403873 0.001571064898902 0.00118571868531875 0.00219298483977685 0.00377158347958645 -0.00098875432903457
610400 0.0449646454351242 0.189369405767246 0.00322240205857023 0.001045798373758 0.00234625804380244 0.00230543750407569 0.00134701611569691
610600 0.0447167503420656 0.191596152455149 0.00714641056246145 0.000920912656974727 0.00313510266094344 0.00311088318949185 -0.000362511579476273
610800 0.0449805801745628 0.194134207761289 0.00731229691418105 0.00316086563155633 0.00277701792369594 0.00429252856914584 -0.00042913414088641
611000 0.0447507337048584 0.191418248432087 0.0048897136733818 0.00173293229045944 0.00370645351718995 0.00242116768466865 -0.0008692389539225
611200 0.0450239421336114 0.190888466157014 -0.000508487898957494 0.000986307283889427 0.00391043105885174 0.00332084476642524 -0.00134824235950319
611400 0.0444946479746669 0.183764217118908 4.7402773935124e-05 -0.00131431981509048 0.00423121489874944 0.00259361580230742 -0.000453784022454377
611600 0.0448642913212234 0.189374907075957 0.000132106647536212 -0.002253228641162 0.00605489470327895 0.000547727149072342 -0.00134421169975143
611800 0.0446139117293687 0.187764024087558 0.00159135106260383 0.00152263720769776 0.00486896063505827 0.00027194045846499 -0.000912929611067996
612000 0.0449646169385654 0.190825888899921 0.00602542718229439 -5.18028514431742e-05 0.0033957193383814 0.000158500957550711 -0.00145501056498997
612200 0.0447480791526738 0.191275670005257 0.00359716626554619 0.00646374968087159 0.00375810201351329 0.00185710808135658 -0.00149123475299599
612400 0.0447736260581142 0.190942069740409 0.00648646950105755 0.00392739821649856 0.00474733570164708 0.00182311337850993 -0.00171539686536205
612600 0.0447381017318148 0.188366103415636 0.00221641025542985 0.00100458965829869 0.00402032749791973 0.00138878619632531 -0.000727362648157787
612800 0.0447281805377122 0.188306018610196 -0.000550239025147617 0.000210634689434683 0.00409086723703163 0.00321980645161512 -0.000757246917330544
613000 0.0447271586792493 0.187683478422797 0.000476782879903613 0.000785092843363798 0.00280755695499158 0.00320506880530201 0.000117749301930684
613200 0.0447313059044379 0.188786617819835 0.00355492989419522 0.00214056704441774 0.00299829163783067 0.00210415658477922 -0.00222287600776003
613400 0.0450738183997844 0.191592805329925 0.00125511991780373 0.00275101543702428 0.00406321088081494 0.00132525996955457 -6.46742780197929e-05
613600 0.044906167385504 0.191135136224827 0.00566885634110044 0.00465231552134005 0.00361860316898291 0.00193920417021967 -0.00111488726354472
613800 0.0449799669616753 0.192460856985685 0.00529911880796523 0.00427672947185982 0.00464779002909774 0.00261990477626367 -0.000429653418179448
614000 0.0449017958862944 0.189361321878205 0.0021503836072063 0.00438548435724385 0.00399074138078791 0.00306882320934021 -0.000276201367304867
614200 0.0449473012570952 0.189516261430003 -0.000983296582704195 0.0040777739871022 0.00260706512688511 0.00148065720852103 -0.000769094480605063
614400 0.0446734038048674 0.186236015525455 -0.000908108077674114 0.00450974346875435 0.000767594874109474 0.00245333531633255 -0.00188790188859966
614600 0.0448600112423167 0.188668181698522 -0.000183604630123012 0.0026674030208685 0.00348368562917957 0.00211634629787736 -0.00149598610091125
614800 0.0447609407046681 0.189118120739212 0.00284228702504838 0.00328429181770844 0.00166748270910636 0.00313838827327147 -0.000883137372293516
615000 0.0449964697102189 0.192502832678808 0.00400904134876416 0.00522006852871356 0.00247300705182672 0.00192384874580815 -0.000333386039080782
615200 0.0448788367155984 0.188980237835147 0.00471550849256806 0.00404717753549443 0.00301106204760396 0.00154947821467645 -0.0019996248710314
615400 0.0451468857751057 0.19192793395334 0.00468853718358018 0.00331738048907051 0.00176158904208243 0.00357298092535618 -0.000744345599749341
615600 0.0446952169164469 0.191428741903313 0.00432028838654258 0.00499273824125594 0.00192150015726272 0.00288782857407427 -5.07733963763242e-05
615800 0.0452132040086008 0.192256020021929 0.00117073849803108 -0.000172837435528519 0.00324396527659326 0.00315135950338804 -0.0013233210050434
616000 0.0446543249851176 0.186436877826987 0.00309612477331686 0.000363975018194502 0.00391674544335273 0.00274022720710895 -0.00122434875466924
616200 0.0450610074960237 0.191582926699009 0.00169499137216287 -0.00247672797924198 0.00248060848964553 0.00211086014729787 9.01450438201834e-05
616400 0.0448534941388451 0.190452995036566 0.0037023764006763 0.00246294368834493 0.00421918284834421 0.000185209814636651 -0.000672512401238059
616600 0.0451344838407755 0.189770818039837 0.00345484685630709 0.00221988277803166 0.00399765250938061 0.000196990551677018 -0.00138106651486945
616800 0.0450518266368616 0.192024704223021 0.00324293477379003 0.0023874192879739 0.00454515262333754 0.00137506951453251 -0.000476508894645679
617000 0.045211702840347 0.19033160631863 0.00272626236123024 0.00171010681200945 0.00538340393860614 0.00377298770606864 -0.0010606408808879
617200 0.0449898642047956 0.189187458444648 0.00188529749350173 0.00139266941264215 0.00408413900054694 0.00221476037886412 -0.00113544406231267
617400 0.0450354647200253 0.189254419493849 0.00200810020895681 0.00152656778561889 0.00452246385725251 0.00164874550327344 -0.000891291366823208
617600 0.0451614462248462 0.190774642241461 0.00322303128182514 0.00505323291376875 0.00231470342030211 0.00233620492629429 -0.000353179119781141
617800 0.0449488600699292 0.190399889416267 0.00249579022634079 0.00602421604371281 0.00268440447101616 0.00246626598127149 -9.90101470555643e-05
618000 0.0450973975175176 0.19118377602851 0.00270195661229418 0.00359713332927474 0.00449935037912683 0.00219058430488757 -0.000879998545266772
618200 0.0449195747510977 0.187841622492071 0.00396616706409477 0.00265048240246722 0.0052950302693861 0.00322803489604978 -0.000732910137337545
618400 0.0450950010773427 0.19015738585903 0.00059031356159323 0.00121893376604927 0.00385249558306989 0.00323596284839272 -0.000753657929159765
618600 0.0449280176926208 0.189611268984404 -2.18193261899951e-05 0.00203472810420561 0.00185441884612445 0.00321032706222699 -6.60099725400558e-05
618800 0.0451777575586321 0.193348927636889 0.000660990726541726 -0.000576054230913657 0.00456212091717497 0.00335445338284268 -0.000482297025241252
619000 0.0448830109074024 0.190909793783952 0.00307330288781521 0.00306405621418813 0.00463122725736844 0.000669885191631039 0.000956573131661514
619200 0.0451421678654381 0.190010358035514 0.00155070170698182 -0.00171044713926438 0.00335284622001461 0.00316349887573525 -0.000509565436238357
619400 0.0448651705811592 0.189078100046124 0.000576363368223127 0.00121725431776845 0.00229903545056687 0.00232084025836658 -0.00124041169823142
619600 0.0451309651685351 0.190022118212426 0.00298453340293675 -0.000597440543602948 0.00301820279607935 0.00423247469191174 -0.000599619427984083
619800 0.0448948081550828 0.189786231155668 0.00699449676659792 0.00704021719793526 0.00223633305322599 0.00291286864912801 -0.00101791914690517
620000 0.0454281953633048 0.196283326263958 0.00469021687419701 0.00462831336214108 0.00152725924451075 0.00140596514122615 -0.000229162426882352
620200 0.0450059925153291 0.190294868772866 0.00228501339524731 0.00417631314683214 0.00297971166032265 0.0017834702365543 -0.000405912809725285
620400 0.0452073540184806 0.189123653531584 0.00167189211426525 0.001362070234654 0.0027823034092179 0.00187134019245701 -0.000640179068554986
620600 0.0450245776102937 0.191719373205504 0.00211861322538561 0.00262136776047173 0.00277362584340922 0.00188407249236042 -0.000908895317672253
620800 0.045120882953736 0.1922783976541 0.00280236614541338 0.000945663115072019 0.00386477145081441 0.00154820332656838 -0.00210640544912858
621000 0.0450259738436531 0.189315459776349 0.00296545576699409 0.00277064476405425 0.00371533078063521 0.00108255141739033 -0.00148002864228583
621200 0.0449751861514575 0.189954927738202 0.00392363253537386 -0.00110008598659051 0.0019886325096406 0.00246520172889927 -0.00153087563378956
621400 0.0450052838172263 0.188184434369736 0.00113183090905246 0.00367557763663165 0.00285228204227934 0.000367770243896598 -0.000655320291197295
621600 0.0451138885045326 0.192112726780919 0.0056148839085284 0.00274951560420144 0.00352177607273479 0.000273290269861428 0.000823874372312635
621800 0.0453056709115836 0.192324388432513 0.00234728052311943 0.00489033175171817 0.00346568857689668 0.00256919361893944 -0.00041437233770028
622000 0.0450963661274468 0.192349437781189 0.00356375877087318 0.00196462931082057 0.00210899517645218 0.00125981781519332 -0.000892554395538993
622200 0.0452667204430632 0.190127858571767 -8.0248173831999e-05 0.00466669206947327 0.00257745169195248 0.000828328127372568 -0.000492681310442707
622400 0.0451076538067426 0.187157799962453 0.00265696032415663 -0.00101301396844138 0.00264509613049161 0.00180047223109581 -0.000610410336879116
622600 0.0451338249025079 0.189735716735703 -0.00077232260849724 0.00297423029688825 0.00157324484886941 0.00321662576596658 -0.000807749509776905
622800 0.0449901422858152 0.190908120219785 0.00205339745335022 0.00188562522105855 0.00339825440832353 0.00207680500800687 -0.000225311661326862
623000 0.0452877724377049 0.194494225433761 0.00187852611752567 0.00685525990628309 0.00411347848956218 0.00251116238125768 -0.00232844870898185
623200 0.0451310176689022 0.19178135186342 0.00586850752113892 0.00273398289721125 0.00409108926835837 0.00243762637157379 -0.001424974768201
623400 0.0453017555654505 0.190636558724338 0.00265246641362245 0.00384963954028735 0.00352522338480474 0.00301271975491961 -0.00155653674234485
623600 0.0451047722793352 0.188710881721445 0.00425548707508327 0.000349163581601657 0.00456701377893494 0.00328612376298295 -0.000887320754320087
623800 0.0452107168195204 0.188235952909009 0.00291727993447553 -2.29197401107904e-05 0.00171865253274695 0.00130418642797187 -0.00132050865201662
624000 0.0450920701077654 0.188522949427486 0.00391856024622173 -1.60834064946554e-06 0.00341936642101434 0.00324446196969037 -0.00100598716766822
624200 0.0452132917505164 0.189111627815543 0.00101009378396463 0.00129889117918315 0.00426511443501318 0.00245215250956291 -0.00243497181818675
624400 0.0450831651300426 0.18851758556552 0.00264153939897776 0.0017625028245392 0.00345159454482179 0.002362428674491 -0.000641187836685996
624600 0.0451216241208165 0.190433195525449 -0.000498441298965498 0.0027030294587379 0.00130546210257229 0.000653174598141471 -6.93266488127299e-06
624800 0.0452664706994769 0.19006158251936 0.00379608413351893 5.67892122390673e-05 0.00305896755099257 0.00144873987298461 -0.000909383616990258
625000 0.0452699739192741 0.193556123680333 0.00293646325959276 0.00647598134656948 0.00332227115280334 0.00183887912674914 -0.00145581853624808
625200 0.0452731835297104 0.193571402776152 0.00660008687589285 0.00372431776116017 0.00239268904024555 0.00337014082075107 -0.00204753645148392
625400 0.0453719042516241 0.190695126302304 0.00361148379072698 0.00230605809121656 0.00451114420344556 0.00306562350383968 -0.000959114007210913
625600 0.0451314673418714 0.1885266700154 0.00408587566024872 0.00193860105369596 0.00363614321184946 0.00373055404000698 -0.000726983876991181
625800 0.0453300132562092 0.18852347182493 0.000146663445695894 0.00146535482781752 0.00416417470722057 0.002309535761156 -0.000916305417662402
626000 0.0450746253819075 0.187497815921217 0.00325659852598982 0.00016777747581575 0.00302336944034919 0.00264972530603781 -0.00205227807390908
626200 0.0453411443941574 0.18895047991328 0.00135663548770446 0.00225618450367636 0.0030666656729474 0.0021394626065004 0.00100844616006203
626400 0.0451387826448925 0.188388022217448 0.00571824890132237 0.00372747837881962 0.00282733127064484 0.0013880979488351 0.0014361576026377
626600 0.0455163366418182 0.192077289235477 0.00450407862467313 0.0047514026405781 0.00368171492775566 0.00160027551058069 -0.0014122025318437
626800 0.0450616991691026 0.190490010251432 0.00464690337828227 0.00149999682896243 0.00320397235019895 0.000764096758849141 0.000507659315053885
627000 0.0454429124083554 0.190698206503975 0.00118730463858131 -0.000408291483433965 0.00206781198098787 0.00302606686863852 0.000445892071058706
627200 0.0451493229090447 0.188386938120879 0.00402981888091425 0.00257155976135252 0.00237094979197664 0.0018144242199163 1.9523258979909e-05
627400 0.045558348055505 0.192301563464836 0.00202775092299281 0.00218672392073322 0.00279292043587473 0.00347785633394289 -0.000553396505251992
627600 0.0449908348761692 0.188614060167247 0.00450352022288803 0.0040051365944448 0.00148349090843004 0.0021510492859916 -0.001150689761564
627800 0.0456314480062845 0.191553106204842 0.00103791850012638 0.00193984721147097 0.00263649943046028 0.00298182985833744 -0.000320669981566372
628000 0.0448616192088799 0.187100293846963 0.00309895950631565 0.00317857684463194 0.00194319844834569 0.00241854001618148 -0.000295188344476009
628200 0.0455163766726059 0.190368947727187 0.00440345496627972 -0.00127934757709149 0.00495860391892283 0.00186406611230473 -0.00121931998305222
628400 0.0451158888412234 0.190076754169429 0.00295042527616908 0.00155044181580157 0.00460038486282166 0.00144571685147874 -0.00121022388965657
628600 0.04539782901321 0.191885475687854 0.00122635338542175 0.00224198319521363 0.00386142514440484 0.000368167290603305 -0.00231972301867018
628800 0.0451087100138018 0.188479581142208 0.00394062935838538 0.00168694128544009 0.00300460688325231 0.000472426845761933 0.00113860971371705
629000 0.0455433346033414 0.190355290150109 -0.00118735858814417 0.00398212004400893 0.00465600040639258 0.00119271334675131 0.000403158347108081
629200 0.045016424107925 0.187454297406546 0.00307160883759866 0.00371809315333312 0.00349696239796737 0.00231828049733368 -0.000773531975389961
629400 0.0457181200811629 0.193959548893127 0.000454914642773498 0.00563826067004016 0.0050865593421943 0.00243073651128346 -0.0021086046158106
629600 0.0453154732959891 0.193109487597164 0.00645493820171593 0.00424202452010245 0.00273012612334574 0.00346228349713771 -0.00290708490022091
629800 0.0454989022666846 0.191458850994112 0.00412701114973395 0.000839051060636546 0.00419129944101707 0.000524728755997976 -0.000452154587650267
630000 0.0452530972965372 0.18596360793959 0.00144122169178055 0.00259129203040853 0.00311525254227527 0.000703997207325325 0.00101236492283834
630200 0.0453429592535573 0.18776811616784 0.000160098471079622 -1.73770832001915e-05 0.00355370488495749 0.00179298688850897 -0.000527093038759414
630400 0.0454170349415264 0.188499311228896 0.00156539308152829 -6.66534076704203e-05 0.00329092824683728 0.00203017040537559 -0.00134134651703774
630600 0.0454197842310261 0.191692901946624 0.00311035874871798 0.00298411323804088 0.00351108961095429 0.00276527067203209 -0.00172947141083518
630800 0.0454304315225676 0.190481887310267 0.00752670147905533 0.0058079439621204 0.00183428022921219 0.00126642183927625 -0.000847052045588051
631000 0.0455844338595125 0.192406042918266 0.00536096459425011 0.00599869838447973 0.00390340567239815 0.00191998744801622 -0.00119754489352423
631200 0.0455258435756247 0.193228065331716 0.00421124287130068 0.00580408089049546 0.00439200030916874 0.00107268883156613 -0.00177696186062645
631400 0.0454263838590814 0.188315146592731 0.0029853911300713 0.000912851860147375 0.00296981237927499 0.00206083258163134 -0.00130526974039983
631600 0.0453529149267197 0.188640609894516 -0.000456695126152724 0.000890820468810355 0.00155556369352312 0.00191208660672159 -0.000775463171388101
631800 0.0454077610876351 0.189428098861471 0.00430591274450174 -0.00113876521950001 0.00381113297097575 0.00148275718798304 -0.000513097602684782
632000 0.045554836573429 0.191279460877437 0.00175432104687523 0.000946227518993187 0.00160935934292602 0.00224582522700406 0.000414242358426529
632200 0.0453494208675159 0.19139682260967 0.00359138559071749 0.00363559769922109 0.00372343253644062 0.00170459558421162 -5.85760873735805e-05
632400 0.0457639778521695 0.195265553652009 0.00395948640387526 0.00399718339171739 0.00295032650255953 0.000544192175169963 -0.00126695403813734
632600 0.0451693682162253 0.190789225026682 0.00466663314790594 0.00407940168051887 0.00305424272324476 0.00146509938525362 -0.00220374341780797
632800 0.0456195582379732 0.189695166458651 0.00185470029744758 0.00208298897283106 0.000262119719326339 0.0021900602418319 3.6183368784043e-05
633000 0.0452654496748727 0.187231334079594 0.00443480643330467 0.00187733417131666 0.0026331796684144 0.00207094464214331 1.65144472051148e-05
633200 0.0455785384562976 0.19015688252155 0.00257419525238791 0.00277117307661994 0.00261761109860979 0.000960008753004875 -0.000518296928562327
633400 0.0454192311929833 0.187373124661592 0.00315187946972933 0.00302234892951076 0.00298791000684047 0.00103053834913091 -0.000286309731276677
633600 0.0456396523385632 0.191775400213697 0.000358340315832223 0.00399280964537408 0.00319964498740026 0.00174794173252021 -0.000962418076364319
633800 0.0452942964703123 0.190174527592071 -0.000204162602373853 0.00287060882615961 0.00315464241949975 0.00164581864413739 -0.000281109739243355
634000 0.045674719559598 0.190997897541681 0.000798788040395131 0.00160608043805928 0.00132518495928908 0.00151138574945463 0.000177850997378873
634200 0.0452207756021241 0.186864642559488 0.00322205174464801 0.0030847543821981 0.00339064365321768 0.000677438626559289 0.00103780803057208
634400 0.0455756863411131 0.190095848111825 0.00125218532544609 0.00245805006950073 0.00284707947605196 0.0016728019426924 -0.000130971210659374
634600 0.0452575166069244 0.191538108489875 0.00381428846097989 0.00165729736805203 0.00272584112235835 0.00294169125718402 -0.000833735179469283
634800 0.0455209938551972 0.192315883926723 0.003375971780295 0.00203504225730239 0.00415363916957353 0.00306468639367875 -0.000463625734815207
635000 0.0453478069860941 0.188178930976551 0.00251844418928361 0.00335206862916581 0.00414610314270352 0.00308869943742383 -0.00153049583255141
635200 0.045276621402547 0.18922967711803 0.00299589100452383 0.00059986245259737 0.0036115576715212 0.00267186111344245 -0.000755367136653108
635400 0.0454267456335996 0.190769245048346 0.000965869348255972 0.00182730859862558 0.00406455733977089 0.00224877054501065 -0.00162905437306581
635600 0.0454251610221846 0.192320500865705 0.00444989874529298 0.00258156161822388 0.00354167786967173 -0.000227785353012233 -8.93826954399585e-05
635800 0.0455623088302698 0.19177120115496 0.00285395349928921 0.00339846822563778 0.00476134164632915 0.00187015048978147 -0.000627565944445095
636000 0.0453623986944358 0.189670151663582 0.00369688079477029 0.0030823639095749 0.00327862487620878 0.00071737591695208 -0.000883320941310545
636200 0.0456423781442287 0.193512173598467 -0.000577768200918369 0.000701579535954616 0.00226895827447027 0.00332903012338202 -0.000465581001474906
636400 0.0452210221377846 0.188353977290817 0.000934146202755262 0.00163261159563499 0.00281335710233294 0.00116226333442484 0.000469710527284368
636600 0.0459175418744244 0.189632501725506 -0.00156300312024011 0.00387425568031244 0.00268907682669407 0.00134040899467608 0.000457516916922143
636800 0.0452402696011399 0.188382984226703 0.00281049428783287 0.0049109427277812 0.00405809610704698 0.000607542625999903 -0.00121364009673665
637000 0.0458013272775635 0.194460649862966 0.000687275657340948 0.00400493387268178 0.00292656397841114 0.00232093405762912 -0.00188823750938435
637200 0.0452510737947645 0.189563466136956 0.00319740368350091 0.00204622961918436 0.00345844229259788 0.00172509844178678 -0.00275412243789955
637400 0.0455404003238306 0.190873865362059 0.00218222408390613 0.00183975341762947 0.00355181752324391 0.00220431635554536 -0.00166602808718807
637600 0.0453585906030241 0.188070919043738 0.00429199140743675 0.00173570797182306 0.00530545848980961 0.00369560371474975 -0.00254654294526141
637800 0.0457222968318289 0.191999510045686 0.00350820996057895 0.00494727019636475 0.00373701792411277 0.00192534500072654 -0.00221528217896434
638000 0.0452958479609825 0.190886919650527 0.00401081436924519 0.00123799452423014 0.005281169721713 0.00397248235934347 0.000425901126523059
638200 0.0456896661241879 0.190972841348551 0.00132939845386534 3.79803641995878e-05 0.00399892409090968 0.000844846254619732 -0.00026940151454712
638400 0.0449254527712781 0.188111024737075 -0.000690104133148742 0.002134235188062 0.00300412232373636 0.001567667976859 -0.00186952869297113
638600 0.0458240768914475 0.19222078730635 0.00154600702654926 0.000450893947827296 0.00301705109684954 0.0019889598580124 -0.0014476860071871
638800 0.0452325733017176 0.188683998165157 0.00465052647257297 0.00364952094789457 0.00438000900704584 0.00122595557432394 -0.00062588312579801
639000 0.0458965752047842 0.194507104745009 0.00299254971582671 0.00402195907682698 0.00459847880769564 0.00253140069120127 -0.00265548746394939
639200 0.0453532174384039 0.188950746078035 0.00380228259469185 0.00392656039947314 0.0039491284907204 0.00277647078126606 -0.0016931629833351
639400 0.0456583458829882 0.188912446710732 0.00208270630613036 0.000221849706900192 0.00457739015316154 0.00394137664033384 -0.00176178711606595
639600 0.0454180044994716 0.19113228655628 0.00139224818919998 0.0030438020667791 0.00357407865384494 0.00400546405362309 -0.00135419644972419
639800 0.0456820581962616 0.194951760676662 0.00315654632297384 -0.000261221205665433 0.00260470850813939 0.00488711139894176 -0.00060105799164798
640000 0.0455918075736082 0.192381505131373 0.00500116873095329 -0.000252893564486658 0.00325210046926533 0.00294105941488653 -0.00242872000529639
640200 0.0456234848302798 0.191618647303824 0.00406216289642409 0.00303726641808656 0.00481730675936458 0.00269951673865878 -0.00228119582775127
640400 0.0457040074017901 0.190830191657874 0.00281315420084088 0.00394058479080619 0.00350732604626557 0.00245601244379039 -0.00126187450682494
640600 0.0455727996618261 0.190294673062882 0.00152127155125356 0.00209819690065184 0.0038135966617452 0.00200336495723499 -0.000602492425953851
640800 0.0457050049634722 0.187015232439673 0.00289290300076193 0.00488964882571449 0.00318790502960297 0.00222000072503143 -0.00063524682454665
641000 0.0454697769115757 0.189339050145543 0.00315238618137536 0.00552720311089949 0.00360789877750338 0.00248998534863689 -0.00060246743227297
641200 0.0458116906638319 0.190377219822267 0.00367251249671077 0.00335889292382458 0.00311475198683352 0.00208636786496872 -0.0016328499976741
641400 0.0455232924459094 0.190403588688043 0.0075483243313028 0.000897405255588743 0.00362019190101446 -0.000712735804195583 -0.00152503340077506
641600 0.0458732470160792 0.192638670335617 0.00180931505996185 0.00118256780465759 0.00235594852050062 0.000756206321540039 -2.46135039425855e-05
641800 0.0453648005385799 0.189377783673946 0.00512782415130237 0.00517127703156696 0.00260384479697572 0.00179842833401322 0.000643204455479099
642000 0.0460392281068957 0.193053841960619 -0.000928343760548845 -0.000541001523281096 0.0036740280179745 0.00139172304531783 -0.00142844488819646
642200 0.0452349746636175 0.184489502741677 0.00218362076441276 0.00133878370897816 0.00419546757039764 0.000475792511457168 -0.000114601038825902
642400 0.0458494251654181 0.190789759694277 0.00106220475281857 0.00253301575929251 0.00532084387976219 0.00204345209005991 -0.00080031188176939
642600 0.0455033660193575 0.189859333433096 0.00399198158920232 0.00638723996010613 0.00473595641273956 0.0023434233311661 -0.0022041952902213
642800 0.045925971181306 0.191405722905118 0.00399844080178409 0.00505041295686783 0.00411829734788481 0.00402496456254209 -0.000932468071110981
643000 0.0454947690204019 0.190935795079741 0.00462747515624196 0.0037002439309649 0.00329869632780205 0.00416000489665537 -0.000497580129832376
643200 0.0457899875021068 0.191323592437194 0.00469210048936812 0.000992949927562296 0.00234362073408874 0.00344700735744055 3.3186099332864e-05
643400 0.0454902984758789 0.18723243534216 0.00304111150272784 0.00111546650622174 0.00242896951530947 0.002364140425844 -0.00112510995483453
643600 0.0456591801506553 0.18759074098695 0.000535067904966523 0.00149531451905418 0.00290293250705485 0.00224559870060672 -0.000875685039595738
643800 0.0455563832714206 0.189706841806995 0.00124676688140035 0.00200801036082156 0.00305641431933046 0.00392945101607018 -0.00154944098392392
644000 0.045827877928953 0.191369368245463 0.00328222200231484 0.00358077304925196 0.00316872120423936 0.00435785662750868 -0.00100743170695902
644200 0.045825286204274 0.193559136467559 0.00875863051103459 0.00586350262375528 0.00240424374666469 0.00202289455435584 -0.00019316211304792
644400 0.0458149594508561 0.191629627910089 0.0046420765006545 0.00398258462009982 0.00338279521369666 0.000806942894069105 -0.000703152944957456
644600 0.0455766984931024 0.188637082597964 0.00346912863423975 0.00294441388012559 0.00286538278671035 0.0025748154368668 -0.000504787657686159
644800 0.0457295941348543 0.190065230585634 0.00193173228561577 0.000767218203902666 0.00413277542110851 0.00359711280855819 -0.00115508716424462
645000 0.0456705612233255 0.189851142714532 0.00238823301939937 0.00496268249708225 0.00190995432216909 0.00309913293725467 -0.000253990064038216
645200 0.0458390901891814 0.190021317826641 0.000502579216420055 0.00339442891905585 0.00422045070980823 0.00447473823923307 -0.00027183803242844
645400 0.0457625197444583 0.191216273328053 0.00162023523636395 0.00375799791760539 0.00219747000324732 0.00400626394805263 -0.00113569344780043
645600 0.0458330473766401 0.192128122355263 0.00367110254692926 0.00269259505043545 0.00374764682187189 0.00236789367807726 -0.00053198326696014
645800 0.0457531077578073 0.192505433056462 0.00468512371241555 0.000502846413920888 0.00255949595030532 0.00294810458873174 -2.38623032242851e-05
646000 0.0459831566646472 0.190864330736619 0.00169978984993136 0.00372203048833371 0.0032455326431133 0.00140545165146491 -0.000939195586403196
646200 0.0455849575584521 0.187683773163351 0.00390954476320545 6.44207108206726e-05 0.00397010687170264 0.00321166027752935 -0.00131594968543323
646400 0.0458914253414612 0.19079638413624 -0.000113592883586517 0.000588788804248535 0.00365223544738291 0.00122385211971536 3.25621200982624e-05
646600 0.0454474166811781 0.189168169129756 0.0026077649899034 0.00223685275341352 0.00396433767033588 0.00289562036273209 -0.00181157919530644
646800 0.0461217347423614 0.191430094079976 0.00158987843876296 0.0050459345750207 0.0029334279911529 0.00117284177508906 -0.00106590048204058
647000 0.0455798767565709 0.191420717381127 0.00396344783679587 0.00326939483126401 0.00326077563928093 0.00203405731792482 -0.00140091653266279
647200 0.0459738909642106 0.189776675583818 0.00199068277275544 0.000624738398445961 0.00273352428955691 0.00211494028645501 -0.00194403178620883
647400 0.0455336815931909 0.185915022506433 0.00367004681861322 0.00298730260259917 0.00316938534312483 0.00167134647458719 -0.0018121307250163
647600 0.0459857041152032 0.190722192619995 0.000701072917843621 0.000754450554910613 0.00258038312117213 0.00210868991263975 -0.00148805057675043
647800 0.0456111214185346 0.189465468526587 0.00158301263771822 0.00462854471613657 0.00371194252672023 0.00213151726194463 -0.00197950871061957
648000 0.0462222936676387 0.195732912837813 0.000354433434601058 0.00529505864236526 0.00297866772798833 0.00224000069394597 -0.0039229745763693
648200 0.045590238193064 0.192523881158483 0.00234469524797884 0.004575265681447 0.00318567029379252 0.00239711425772929 -0.00152072775131582
648400 0.046016215397593 0.192303468466642 0.000862956739752522 0.00293013094225708 0.00298349139284218 0.00364598187818815 0.000174480262831118
648600 0.0456386103203444 0.18893851986423 0.00292248478073411 -0.000878954192742686 0.00245899680249014 0.0017669759955436 -0.000442348010715339
648800 0.045882803125133 0.189925707648683 0.00345540021643355 -0.00155103720774015 0.00351481400268605 0.00271874192042144 -0.000561163707920679
649000 0.0456508388759575 0.188596743809978 0.00263749968941101 0.0010484740818157 0.00320121036501197 0.00208612787926081 -0.00235055527633875
649200 0.0459184235984109 0.191596170943779 0.00219730807620509 0.00390417595715822 0.00226582143419095 0.00167196486713034 -0.0001538114451977
649400 0.0457368828161587 0.191787990591733 0.00508717800112035 0.00669907668852625 0.00260716082623873 0.00225328780240764 -0.0013066388483702
649600 0.0461019051196026 0.193688570268369 0.00646360443229116 0.00315371330778989 0.00372900720266575 0.00226227274432976 -0.00104434342467996
649800 0.0457424629890363 0.191879992262511 0.00642022990278428 0.0023243194385908 0.00342551887091773 0.00391540556308508 -0.00228068689967074
650000 0.0458910055654235 0.188115848764136 -2.26650745273929e-05 0.00192358024033451 0.00217637626997175 0.00294419157045479 -0.00127636710506984
650200 0.0457284260436195 0.18783697442162 0.000302841268173816 0.000734211727610771 0.00257512360651758 0.00101313904285982 -0.00165046660159493
650400 0.0458407090506662 0.190253135002335 -0.00156880468448667 0.00320731006881319 0.00323044373873966 0.00144273894466825 8.09195334442572e-05
650600 0.045808698030549 0.190411270389588 0.003100427858412 0.00559306319106373 0.0043850963115112 0.00386891698025433 -0.00121073372927708
650800 0.0460067515443698 0.192865144962366 0.00529794134584926 0.00478161397844387 0.00266558730966415 0.00216593992958327 -0.000630338905279669
651000 0.0458875755642651 0.191085127410936 0.00310495534872893 0.000593670034931408 0.00399815132733303 0.00258352835916556 -0.00206791653449549
651200 0.0459357820112999 0.190976495464441 0.00299802606436793 -0.000831698436917699 0.003506925147217 0.00237949565229146 -0.000758142488354974
651400 0.0458333034612177 0.190760511471386 0.00253819584192277 -0.00112773657689408 0.003843479037019 0.0023865656214021 -0.00164042028003961
651600 0.0460081962481177 0.190964777922985 0.00255996789856092 0.000617694933340213 0.000981796151905235 0.00254253417351691 -3.50605213308086e-05
651800 0.0459359951389767 0.190861289866691 0.00226753112493834 0.0011948574827963 0.00253110167426748 0.00174782656078451 -0.000497095872757695
652000 0.0460252886431907 0.194303555744191 0.00165693935446379 0.00345617580854283 0.00240923813437759 0.00396652453700475 -0.00104742234337042
652200 0.0459746216395746 0.192177066507285 0.00167881984039691 0.00076661617808918 0.00336640689076698 0.00259739362872335 -0.000714643209732802
652400 0.0458932083607909 0.186490756036695 0.00339692258628761 0.00331259294704806 0.00353739705897918 0.00237654249631148 -0.00202809050333491
652600 0.0460764390603124 0.189609848959138 0.00255054331772318 0.00173505774795 0.00220537394159922 0.00252600045215696 -0.00185505359037354
652800 0.0457094812467541 0.189372990490398 0.000591861638845746 0.0033121929391688 0.00137125457971619 0.00215694072943418 0.000115328445672014
653000 0.0462547076797099 0.191567958541468 0.00223610791700968 -0.000776281107788305 0.00389080866514257 0.00371470828571211 -0.00162268297496499
653200 0.0458945322843931 0.190135585321343 0.00189966956275428 0.00220916497158471 0.00521202619219796 0.00326241985221786 -0.000123030637293444
653400 0.0461058775561582 0.190626097194784 0.00205310513362862 0.00264597798939138 0.00387891678702783 0.00286509732268386 -0.000233168210296669
653600 0.0460272148092707 0.192110479135802 0.00391969291756286 0.00366971852545721 0.00408526583170365 0.0025384849002577 -0.00104780054451853
653800 0.0459131232583727 0.189471559928849 0.000915796995498132 0.00168972058908182 0.00488723220212209 0.00331834802477354 4.60815045226646e-05
654000 0.0459774398412032 0.188536191303272 0.00118107429303547 0.0018660493512733 0.00333314389407092 0.0010270787999259 6.72534383814335e-05
654200 0.0459402674564736 0.186718217174964 0.00191771649859902 0.0011777481077117 0.00286215379163077 0.00286464396223298 -0.000322263702052703
654400 0.0461054941756917 0.191045370031061 0.00261693984741068 -0.00024630237902055 0.00325133543515515 0.000632700317989028 -0.00103477353593781
654600 0.0460934934108951 0.194737174463346 0.00425890142959133 0.00516734130266252 0.00261383651583827 0.00224122884783135 -0.00100061557526772
654800 0.0461107566206728 0.191893528112457 0.00220638054455878 0.00299680803065822 0.00365368295483431 0.0022429404117535 -0.00104468666588744
655000 0.0460269192866161 0.191153371923544 0.00102049530895979 0.00455570469922298 0.00521447917480341 0.0016203385290086 0.000219314876896416
655200 0.0461054718417567 0.191101121371109 8.77500433558642e-05 0.00281452375658406 0.00312849978822025 0.00207476157451459 -0.00138436555507247
655400 0.0459558202958333 0.189476300586659 0.0030579648103385 -0.000713471275368608 0.00335448669571585 0.00305599521531765 0.000637051409551832
655600 0.0461723632250838 0.192918418995761 0.00451627076929509 0.00337877578149794 0.004126717198338 0.00201918110830998 1.73268748373509e-05
655800 0.0460076840194249 0.190381553803256 0.0037277921159061 0.0020133458869095 0.00316562442605238 0.00317526024883648 -0.000573273436364931
656000 0.0459755620706962 0.188667716936598 -0.000206598674898697 0.00109171912300757 0.0043129853536177 0.00209835027414259 -0.000661365666440286
656200 0.0459177564177265 0.187160382147839 -0.00208090655699372 -0.00171941791253192 0.00287433264173437 0.00128462539258469 -0.00028031726873399
656400 0.0460290252262125 0.18639422534957 3.52189895223167e-05 0.00354029880488546 0.00319279449809059 0.00198205317545183 -7.51315097411578e-05
656600 0.0461813439164752 0.193100757581316 0.00322796625319431 0.00579326122104683 0.00332596878186973 0.00316353729380944 -0.000912541879681262
656800 0.0462126681236059 0.195235856015104 0.0047823897126042 0.00690986216129756 0.00276531999276525 0.00266762325007016 -0.00098561180841887
657000 0.0461777791641503 0.192760898592477 0.0039947072074488 0.00272268095791898 0.0030096351063549 0.00161671086367754 -0.0024052242205458
657200 0.0460073662046427 0.187702487200386 0.00271001464044345 -0.000538449718393001 0.00213678744147966 0.00224790591910957 -0.00114849543643905
657400 0.0458969276755575 0.187524894794512 0.000808439236132876 0.000746208927815808 0.00285912252496742 0.00229566610436913 -0.000719415114869247
657600 0.0459401938953794 0.187664807238724 0.00117988517977888 0.00021958056604736 0.00364454333923127 0.00235759602518113 -0.00227441907293549
657800 0.0458827513611831 0.186862950551359 0.00301152446552432 0.00190999361812614 0.00460612665118326 0.00274624674682915 -2.61452836239773e-05
658000 0.046047651075761 0.189741938962523 0.00198565709022978 0.00241257891352416 0.00383149554636361 0.00215712316719746 -0.00144697537160575
658200 0.0459742614312737 0.191795795709622 0.00703558403389869 0.00303473982437163 0.00554410513158917 0.00234601333515219 -0.00180337478390449
658400 0.0462188975158301 0.19543164512136 0.00451023746026345 0.00367611755427513 0.00388039959140635 0.00287091181578956 -0.00255544171720293
658600 0.0460304382977819 0.192662783181925 0.0060164710623289 0.00593861196363909 0.00405971117540536 0.0017197852423152 -0.00184042513505322
658800 0.0460992838048239 0.190805075900375 0.00229394788065595 0.00360291203460341 0.00377799355526783 0.00241246853255301 -0.00102189360100397
659000 0.0459616298894902 0.189882726800364 0.00104200944902001 0.001483195551865 0.00487573276660039 0.00326550512803713 -0.00167663106256129
659200 0.0460706120442473 0.189755931206005 0.000427641869836762 0.00136293232979003 0.002123974996548 0.0030609916405481 -0.00419849099056603
659400 0.0459026171292717 0.188769475727329 0.00209536094380172 0.00230325663838011 0.00242171237430028 0.0020629658974699 -0.00156147568584809
659600 0.0461993524476465 0.192516988923014 0.00292538016916189 0.00145373768014739 0.00543365509362584 0.00127280993441965 -0.00122978720511192
659800 0.0460263618502456 0.192211896743896 0.00589555356715166 0.00239001272797105 0.00296006778238475 0.00363333549381605 -0.00124637368988971
660000 0.0461563105502645 0.191654850819677 0.00385052643469906 0.00442394534462082 0.00334042568315357 0.00324733483007514 -0.00253184553870506
660200 0.0460184288250589 0.189039117749434 0.00297958013042377 0.00429608375952913 0.00330091714835462 0.00247142787605778 -0.00170907382126453
660400 0.0460503947318077 0.190392369931245 0.000972215597267036 0.00317755056831971 0.00376968626903289 0.00171485072693047 -0.00119778437350014
660600 0.0457948523343234 0.189096245823219 0.00180630120865376 -0.00079657096798867 0.00276811240153429 0.00250175281154007 0.000755315716347472
660800 0.0461693108777639 0.191182789667284 0.000285648752692196 -0.00110305088791215 0.00359995683970445 0.00310188642493346 -0.00114835449564386
661000 0.0459703260891417 0.191212386712909 0.00430183650023288 0.000118795056733761 0.00403036305919624 0.00358213741915044 -0.000999337475288569
661200 0.0462715373135366 0.191762625088869 0.00313870169610265 0.00513510007335906 0.00398140222747625 0.00381570375626754 -0.000169236357052048
661400 0.0460665771731733 0.192240630414648 0.00640207911931366 -0.000437877992053471 0.00327096701530616 0.00282233206416548 -0.000985631369982637
661600 0.0461562033454514 0.191836786986203 0.00241332939873403 0.00153157330363012 0.00256409896520329 0.00184182057427033 0.000217407146144674
661800 0.0461163531439075 0.189835720975908 0.00412341891814951 -0.00186609732726735 0.00337686305727058 0.00202938015529648 -0.000859063337761367
662000 0.0461350268846101 0.187241455935951 0.00146391406645868 0.00133058739242732 0.0040562056733063 0.00260398444594443 -0.000881433184565749
662200 0.0460924160768985 0.188894267840735 0.00457456555555333 0.00403384866703413 0.00345523994514403 0.00301285047234922 -0.00159472357019262
662400 0.0462133334141974 0.192608843267135 0.00135771579217305 0.00694912608246248 0.00297525372337857 0.00354369268174199 -0.000942336883400656
662600 0.0461936566675644 0.192542268312998 0.00178178938313476 0.00316577515309807 0.00446369754215708 0.0035129724459223 0.000120217071913152
662800 0.0461030963973012 0.18886353425665 0.00162372916341198 0.00160718824819093 0.0033276318681572 0.00150223297337302 -0.00104871918784988
663000 0.0461687938630879 0.189800271328533 6.90244706388174e-05 0.00350421490348959 0.00431947739562612 0.00317378087854661 0.000339812449064697
663200 0.0458879818714939 0.186350361399026 0.00409008869849817 0.00275258879064132 0.00317353091190563 0.00198879417694652 9.88910011430387e-05
663400 0.0464019398203858 0.192544107670954 0.000456757089438654 0.000245541403905314 0.00346288869231682 0.00217775115909909 -0.0022038751318574
663600 0.0457997557063341 0.187242173916207 0.00613447234219444 0.00484406526706568 0.00206321189735762 0.00263646184414179 -0.00365999156618531
663800 0.0464579291387681 0.192630848867725 0.00469144355425519 0.00574485349710866 0.00284088836729575 0.00310702554984146 -0.0013621079755216
664000 0.0458783312640438 0.18788435374578 0.00411717333839818 0.00536257485396406 0.00254899007262239 0.00168349419681846 -0.00101718135699154
664200 0.0464766194233442 0.191702317484268 0.000855971345623356 0.00122475989199138 0.00455144320393129 0.0010250633493436 -0.000753712361626062
664400 0.0458723906240493 0.18620110540491 0.00186294655669451 0.00355091113334784 0.00514146612569927 0.00243671316953062 -0.00114610280161367
664600 0.0462874638128489 0.192162710696942 0.00179518058083538 0.000606294977413661 0.00614812590470671 0.00289677968829678 -0.000401485287282526
664800 0.045909475170295 0.187232591069166 -0.000228842744315662 0.00152556458755775 0.00399171714727808 0.00252948129276046 -0.000208756125082087
665000 0.046227304793451 0.188878200608651 0.00256677099556754 0.000526540350151873 0.00249588136621427 0.00213130457936995 -0.00303882740781274
665200 0.0459433241363865 0.188298155617335 -0.000154792167910851 0.00316806028653505 0.0040882024656107 0.00060381467808805 -0.0026884916709205
665400 0.0464089246521481 0.190257378155246 0.00327658235054248 0.0036383638838997 0.0026575747094885 0.00271605604305051 -0.00244763239783059
665600 0.0459843128977062 0.189643140919594 0.0055504194581575 0.00554855557952098 0.00454452124205244 0.00164833700833734 -0.00106617542032851
665800 0.046654888569827 0.195986326531307 0.00626678308046236 0.0021888086034437 0.00460265507059424 0.000458121471378535 -0.00184036715235955
666000 0.0459682936889276 0.191063142074207 0.00407434885619914 0.00393678220056797 0.00341673799369663 0.000232362565979359 -0.00165269003624453
666200 0.0464293680051255 0.19224487210756 0.00109921147819521 -0.000774943541961335 0.00254277190860522 0.00210842688853265 -0.00203077816154565
666400 0.0460126139774794 0.190651599565987 0.00154852635721985 0.00417579890878841 0.0035667191233487 6.67385302350706e-05 -0.00135684025587751
666600 0.04634282428548 0.191314598017566 0.00016409203996053 0.00308420131713219 0.00386162424915212 0.00243055111351637 0.000449691173553857
666800 0.0461889947730455 0.190776750123785 0.00201683062994356 0.005072765241411 0.0023805141546447 0.00175572992177616 -0.000470283962556583
667000 0.0464605329572787 0.19193413956162 0.00385808645026603 0.00264786575935497 0.00215794230246951 0.00252412733789688 -0.00112993562573289
667200 0.0460777197007098 0.190228726923675 0.00581599854806223 0.00369390194584186 0.00328415487024643 0.00381888984405359 -0.00286595882665297
667400 0.0466690449671218 0.19300529564494 0.00224684647472349 0.00188640432184476 0.00392870259399282 0.00281012393969513 -0.000115332586420864
667600 0.046064214754274 0.189202204490002 0.00493420024994395 0.00197020669516639 0.00385258224834374 0.00365763665533305 -0.000924352053463248
667800 0.0462978489676375 0.190373418961089 0.00131369852591561 0.002279376411539 0.00345488871910999 0.00254833018214974 -0.00239479984308513
668000 0.0462907700341318 0.18884456376675 0.00189835961284257 0.0010994514339138 0.00469537437011249 0.000543302801768652 -0.00189780923194091
668200 0.0463411037861584 0.192021741133263 0.000248481793240952 0.0010885083238345 0.00368477028401779 0.00131132910912529 -0.00122555155511171
668400 0.0464432743571781 0.188344517361447 -0.000879143853382717 0.00155582023581496 0.00547547980427399 0.00178534634709675 -0.00203059269307911
668600 0.0463299346460642 0.190146520993134 0.00255856218318428 0.000887085848398533 0.00288576892246729 0.00164959712884354 -0.00254845299437658
668800 0.0464913494506195 0.191609171330723 0.0030024979592818 0.000976792064939288 0.00330961867131036 0.00181475399960017 -0.00138494050187996
669000 0.0462430810085318 0.190377234055194 0.00451071816656358 0.0027800199114397 0.00386057815937252 0.000653873794819165 -0.00226332905246109
669200 0.0466535737472744 0.192898058305836 0.00256089036751046 0.00304616460079751 0.00431978804178298 0.000100919740667494 0.000242598066527762
669400 0.0461275891575573 0.186883032128441 0.00810671740870835 0.00358936608014661 0.00275102632646941 0.00253219827529875 -0.00207952550232253
669600 0.0466017559087531 0.191727747976792 0.0046199448699297 0.00333646220571199 0.00311641425979175 0.00323057960460036 -0.00155765037272656
669800 0.0462922161619442 0.189997097565924 0.00280967358331015 0.00330478127666601 0.00478236010641287 0.00201840116659901 -0.000621063646590335
670000 0.0464860163210153 0.19178072821021 0.00243691294140048 0.000996822145078628 0.00523404313628268 0.00336731570616631 -0.000162236748979967
670200 0.0463060718363447 0.191299330305044 0.00342007166435539 0.00160894916658956 0.00333926742984098 0.00360482735280194 -0.00335594988553384
670400 0.0465754596720118 0.193146047621631 0.00344266023090825 0.00184748399996857 0.003269666554205 0.00270592602079056 -0.000587896920222801
670600 0.0463313240070236 0.190580865204058 0.00363292545837525 0.00359518109205775 0.00294579791509879 0.00307316023047922 -0.00122598817077614
670800 0.0464708979223689 0.192592073122819 0.00196715848775707 -0.000656010575786776 0.00358035884590281 0.00410440430121537 -0.00119939573745373
671000 0.0461824157368709 0.188458121281048 -0.000504688335702599 0.00184361914375134 0.00360383815881982 0.00250408584789156 -0.00183967579104578
671200 0.0467153524021728 0.193372254759277 0.00230030508321431 0.000242514752022152 0.00446976645082626 0.0028337544275444 -0.0021407772781157
671400 0.0463451257653262 0.190098525959778 0.00224621764769522 0.00467069223963124 0.00347032010885741 0.00308176072659834 -0.00206227318613266
671600 0.0467659681699448 0.19327542210364 0.00318212955929487 0.00358444453409783 0.00296659562110756 0.00274050638856322 -0.00239899183566709
671800 0.0463146445228453 0.190105757557492 0.00357905428315795 0.00165110415726045 0.0039597115518602 0.00312547752926184 -0.00291773030527781
672000 0.0464871821955923 0.188842820798345 -0.000548639842505471 0.00201110768257394 0.00368586645105586 0.00288712002796735 -0.00106853871783933
672200 0.046250412259253 0.186824233090973 0.00181907368292563 0.00140848430727099 0.0036925550525145 0.00282900639719457 -0.001764685575813
672400 0.0466701592495237 0.191514724193939 -5.69141100900771e-05 0.000991485821247285 0.00315091241018243 0.00181200498264068 -0.00124377932187528
672600 0.0461498278688209 0.187249487716749 0.00204847066638468 0.00370745008104676 0.00339196056388585 0.0019301939552562 -0.00193697142143976
672800 0.0468764780969724 0.192322313021661 0.00182743372096464 0.00276138333741995 0.00522497299746494 0.00159974510386721 -0.00126245853147535
673000 0.0460993057071022 0.186504401176051 0.00594148706166464 0.00348242912991011 0.00297654951060417 0.00112667619178228 -0.00127775073998478
673200 0.0468082836973871 0.191567728093753 0.00453503983862457 0.00199032031256588 0.00411974171992696 0.00213540464054306 -0.00176261492202625
673400 0.0462538255609044 0.189562520922601 0.00358558598381523 0.00164978330426313 0.00466103364460562 0.00229751144220735 -0.00259367170226316
673600 0.0466424125799179 0.191195934483102 0.00300366156723558 0.00135915366520107 0.00486632874164708 0.00125863574978981 -7.16168465758186e-07
673800 0.046298398009135 0.188836308625961 0.0043315711747673 0.00423670180784497 0.00411009394675573 0.00241160658504672 -0.00174331887799584
674000 0.0466826164510007 0.192235975540582 0.00257530984902655 0.00471963427760869 0.00344935028583888 0.00234865438182199 -0.00336705210689284
674200 0.046294138730051 0.189665852464183 0.00372648243301849 0.00353729621484809 0.00224962492241687 0.000906192827346571 -0.00254466560254057
674400 0.0466422022473744 0.190597041524349 -0.00193292446163142 0.000113553190161866 0.00211464449372503 0.00224509194909966 -0.00452651397332425
674600 0.0462019361681159 0.187647868015503 0.00526870332835912 0.00351940926382609 0.00191713925274515 0.00187072279407469 -0.00321487721279455
674800 0.0467376436314932 0.193308108190997 0.00171600935769637 0.00519541067231477 0.00510586802628881 0.00239043694556797 -0.00128055926454509
675000 0.0464739474818096 0.190498569971078 0.00463048558361135 0.00355553525732814 0.00461460327717538 0.00319832763677056 -0.00215829707627596
675200 0.0466775379505373 0.190740252909093 -0.000251469250591505 0.00342123903922197 0.00419130714141377 0.00315054252845201 -0.00173645290944708
675400 0.0465257709330921 0.191195557916485 0.00234070945276497 0.00227407750621695 0.00449951485433556 0.00206512847283336 -0.00214783842067827
675600 0.0467610109004976 0.190534587015345 0.00183488557637045 0.00293700180990061 0.00341356186348334 0.00272745589119103 -0.000973958701118708
675800 0.046387976412054 0.189369296583727 0.00528856911735029 0.00358691437471317 0.00350845533354482 0.00325400058874671 0.000674388077068051
676000 0.04698744304015 0.193834707825536 0.00312448162194337 0.004864127708661 0.00280616553495044 0.00216356366804431 -0.000278401351620079
676200 0.046400808710844 0.189832953894 0.00806574648217024 0.00275575395152636 0.00532763112624028 0.00159381130783217 -0.00142039670415088
676400 0.0467408437292074 0.188862997709437 0.000418397472660414 0.00300100668657083 0.00462755486260844 0.00255047683697576 -0.000569479690145345
676600 0.0464421051625772 0.188550206249325 0.00210575878775263 0.00288600549318932 0.00344064496296991 0.00164170748488666 -0.00268715979399524
676800 0.0468442896414113 0.192710599669431 0.00179725343095376 0.00203375154114571 0.00449116478614282 0.00272399289483454 -0.00210124429768818
677000 0.0465523832948044 0.192597935796829 0.00335340225416256 0.00491918179219241 0.00299149316567218 0.0023964631905321 -0.00304765607766819
677200 0.0468528563295215 0.195447387548173 0.00373187981635583 0.0021000408405707 0.00531182890849924 0.00244098136376817 -0.00273712375544287
677400 0.0465118645892808 0.191708089051664 0.00423725344383563 0.00279189488372414 0.00244867256468808 0.00318141008994516 -0.00180135452707589
677600 0.0467815987229988 0.191003346829499 0.00304261666215276 -0.000336269456003188 0.00395987733857555 0.00324540289761654 -0.00105961665993143
677800 0.0463251221427085 0.188743349019833 6.34261172773671e-05 0.00151406951070071 0.00343262304556944 0.00208674035343793 -0.00172691999190034
678000 0.0467371574187063 0.191849742197513 -0.000419544893702354 0.00294978571811291 0.00273712980311012 0.00193166255210015 -0.00291356124620016
678200 0.0464578670961076 0.190241621372269 0.0050244232008104 0.00451984796815621 0.00364503529726339 0.00355674329720448 -0.00105351283761777
678400 0.0468120277063076 0.193339582712592 0.00349452945454513 0.00823624520262453 0.00441055774448409 0.00223459531124939 0.000109281148760812
678600 0.046685825119016 0.189685672409969 0.00394089999451411 0.00687211272799867 0.00478261169106619 0.00408745221148764 -0.000915945978346856
678800 0.0466739478337288 0.190218522866165 0.00276132830067767 0.00596768320431227 0.00379461124645338 0.00441792145369667 -0.000862664056641683
679000 0.0466335592758871 0.190978553942113 0.00285811380854799 0.00319376305130673 0.00166569887658648 0.00242835858146348 -0.00104071046507638
679200 0.0468096371074765 0.192277606805436 0.00278043231487299 0.00244671670826265 0.00368895177619072 0.0034075859379633 -0.00322258709576327
679400 0.0465675168679091 0.188403731196912 0.0042737220804963 0.00125218546415172 0.00480953974006861 0.00343888942491868 -0.00260133219414219
679600 0.0467742519661578 0.19054517933225 -1.10532405871005e-05 0.00271630116243195 0.00554714549601746 0.00208177444187504 -0.00180051556757414
679800 0.0466633667380771 0.189989749987828 0.00587008982246462 0.00178286521491524 0.00374530375470281 0.0019563325836851 -0.00203701402708273
680000 0.0468361328853531 0.193496554753435 0.00350106164462404 0.00675551157876134 0.00481845700538927 0.00154087280610819 -0.000751773518510105
680200 0.046717769413322 0.190819228639161 0.0071263803145156 0.00311145546135044 0.00273695303774478 0.0021704370278646 -0.000775461740918898
680400 0.0467107928196069 0.188156636001028 0.00268074729417083 0.00629712525749171 0.00365734879193998 1.95777587863124e-05 -0.00220518496661237
680600 0.0466542101393885 0.187116019069362 0.00485813314111171 6.19899032466993e-05 0.00394750623900975 0.00354033982341 -0.00173163266185329
680800 0.0467398366717338 0.189180992771553 0.00256141507188967 0.000939692514512068 0.00387419999980704 0.00121319847700577 -0.00146417027144846
681000 0.0467177043294421 0.190979745323381 0.00437998706358842 -0.00128934473962752 0.0048203951306692 0.00307088957673892 -0.00215712893501208
681200 0.046665861707006 0.190961967681247 0.00062356379048087 0.00304178628652175 0.00337706150194144 0.00309065390158015 -0.00185203958099919
681400 0.046864851067112 0.19156395441651 0.00349910180743037 0.00301414279049705 0.00496973656517104 0.00307740143149544 -0.00202545124891857
681600 0.0466719456072445 0.188847306024693 0.00263315048569274 0.00217574628773287 0.00299768139506928 0.0026621407864454 -0.0012529432183036
681800 0.0468915436569561 0.191310923602763 0.00546021038796064 0.00168023593634967 0.00217528751477481 0.00202862711372488 -0.00106960407809399
682000 0.0465932793968227 0.188532291529807 0.00209414648368364 0.00194854402245422 0.00321126018463903 0.00204962612424016 -0.00130922407413948
682200 0.0468724002070617 0.187718247690986 1.27869608787369e-05 -0.00153622646262172 0.00465129641228086 0.000681804276894009 -0.00116070303421937
682400 0.046480249469117 0.186834302834414 0.000212443693676939 -1.05410182212146e-05 0.00509127308411056 0.00197324704268188 -0.0008218103375293
682600 0.0469277457221368 0.191097473200094 0.00380154567841472 0.00185139127352605 0.00474268229001231 0.00329652043860274 0.000171243191517516
682800 0.0466804004343896 0.191160860739996 0.0023459049620605 0.00358825208043639 0.00588279837283691 0.0033076038633272 -0.0011386286270774
683000 0.0469372352000102 0.193202826717887 0.00339818219163486 0.00278825698537931 0.00371927919150997 0.00353377436301348 -0.00131030389140931
683200 0.0467210979019777 0.190490429526849 0.00148419715107909 0.000410745564981682 0.00364769434557785 0.00342817953081777 -0.00129600459386475
683400 0.0466488324023522 0.189250620511242 0.00265968084007387 0.00193703814445557 0.00533149804476873 0.00286827074769987 -0.00136750348164259
683600 0.0467743514533382 0.188040913271828 0.00154551792142525 0.00262865668596073 0.00462588299102754 0.0016957627756366 -0.0022183315122682
683800 0.0466511755187571 0.189341957476212 0.00388478484014502 0.00102573203064255 0.00453086834724673 0.000760789714992795 -0.00033810243090714
684000 0.0468997202715073 0.192842733670215 0.0029260185761254 0.00164642374993385 0.0030824907995148 0.00265153496217406 -0.00137812748171191
684200 0.0466090365832352 0.191941571760352 0.00321373675444667 0.00424853928611815 0.00362889845470066 0.00380041355369001 -0.000348699115229022
684400 0.0468568767903649 0.192087813858418 0.00129193176299747 0.000434546828846558 0.00542725894411389 0.00356472628904452 -0.00119917920045208
684600 0.0464905044589029 0.187367388298571 0.00262301214257061 0.00204257562802571 0.00303522998361932 0.00327683621669936 -0.00225183286172005
684800 0.04701356327926 0.19044042119893 0.00153121467118799 0.000554080724826541 0.00662981874722307 0.00453339700146701 -0.00268602847150953
685000 0.0465861464115787 0.188993800934667 0.00323924235893657 0.00373194330917599 0.00404865328671086 0.00308472859645209 -0.00215095312287364
685200 0.0470897868765593 0.191517906122969 0.00320613103259826 0.003309042631517 0.00371558851518715 0.00339194938529351 -0.000654881201151438
685400 0.0465371514863321 0.188858186935842 0.00611790026062241 0.00477534456812422 0.00437079564795537 7.31809859057656e-05 -0.00266245649425083
685600 0.0472565893225327 0.191994601115478 0.0021542084888656 0.00105399719178386 0.00311693079788848 0.00338342500331179 -0.0014028673112586
685800 0.0464582661533597 0.190461339527801 0.00371254322019599 0.00453434535712012 0.00365511982560533 0.00297069017758787 -0.00189518322462079
686000 0.0471249271497662 0.191807897123666 0.000939781743535218 0.00314368175960745 0.00192284150360479 0.000519150025850435 -0.000285169011862143
686200 0.0467336325414921 0.190859131691212 0.00102460151998813 0.00419720490196524 0.00164568515094257 0.000600328302213143 -0.00199358975047389
686400 0.0470656643449081 0.191388002301941 0.00192424863371845 0.00322901875553385 0.00385858400033783 0.00187183447093567 -0.000358394167045352
686600 0.0467803098076361 0.189302050510336 0.00106627697317486 0.00420737282891693 0.00338575105146246 0.00377205271956495 -0.000814129478369812
686800 0.0469180774041526 0.19179302077413 0.0045317290086324 0.00143610520563584 0.00416318440360224 0.0028395786561857 -0.00164106536395316
687000 0.0467665783987745 0.191714560551098 0.00389556261597075 0.00289619621895334 0.0052006760413465 0.00331797101657251 -0.00138614234700814
687200 0.0468564352511528 0.189438172735549 -0.000834703689531126 0.00263670722053506 0.00324374642798396 0.00294817984371288 -0.00240644156978906
687400 0.0466301564592189 0.186667918387193 0.00101837798794879 0.00215604336550192 0.00290592770631234 0.00331025412942056 -0.00385539127682601
687600 0.0469276575960079 0.187185750950518 -0.000235078477181507 0.000941348695112698 0.00136879688792037 0.00292270862907676 -0.000777809698785804
687800 0.0468944449591734 0.190376008820926 0.00337164038207359 0.0044873396707224 0.00269025318594701 0.00215873060502969 -0.00203486858214568
688000 0.047032513836633 0.190469929165841 0.00339586272214841 0.00573886378152814 0.00285743227240839 0.00105600352999143 -0.00223397153542199
688200 0.0469813664790454 0.1911966924812 0.00460156232810419 0.00293195628724263 0.00321610810608041 0.00191545528866377 -0.00170189551137366
688400 0.0470969542115866 0.190218218362132 0.00466473817566193 0.00432671674704028 0.00365474001351498 0.00284537785158294 -0.00169728094142289
688600 0.0468437193204934 0.189456038702565 0.00433601445827989 0.00150962091847709 0.00482193145226225 0.00223605887095612 -0.00110509995351382
688800 0.0469043533983951 0.189594333497489 0.00023819727163618 0.00186118412117864 0.00232220259216162 0.00359018661368869 -0.00112373710504056
689000 0.046803772337959 0.185245257912427 0.000689810139179856 0.00248224280364164 0.00269887889265964 0.00336867939196896 -0.000873422343637322
689200 0.0469363565219199 0.190924954154181 0.00339529711689726 0.00353293862279808 0.00187157967436709 0.00324079937131045 -0.00121783576550023
689400 0.0470104196855597 0.191305716793368 0.00563523699928826 0.00702375916326519 0.00255782668673605 0.00160500528294314 -0.0029526649607066
689600 0.0469011652625564 0.188381745200589 0.00595129645330767 0.00403169110644192 0.00264906452549697 0.0026569682684516 -0.00232659308989061
689800 0.0471230454482622 0.190261175093483 -0.000435225289315643 0.0026319392278486 0.00369619935726518 0.00219574322356747 -0.00156594111785523
690000 0.0467764593796463 0.188073822397317 0.00160280145442439 0.000712511580838618 0.00401644813458289 0.00275215614901098 -0.00240921278334337
690200 0.0472064015151599 0.18969280033835 0.00101333647885122 0.00100072904073154 0.00473902979021694 0.00408171381151337 -0.00259578553334424
690400 0.0468719269856107 0.189376525252893 0.00578502484717966 0.00280311968331679 0.00333998296471912 0.00138397069580506 -0.00209831367385548
690600 0.0472878500323351 0.194095886642661 0.00465407400946933 0.00508388304327438 0.0032759935452029 0.00403629663964345 -0.00124328445384534
690800 0.0469341767889052 0.191251360468209 0.00674226689324028 0.00620259410807421 0.00400663976149581 0.00351559769079287 -0.00118150761939303
691000 0.0472061307425572 0.19347627731694 0.0060472878834086 0.00329240072470467 0.00398463865255157 0.00260363652754764 -0.00240043935808141
691200 0.046988301927462 0.189491592895428 0.00257048806546377 0.0026731605972367 0.00546551036508297 0.0018071651475682 -0.00285610593275922
691400 0.0470291266401295 0.188926882194732 0.00194905542085358 0.00175756418918883 0.00260121584115884 0.00180011389933116 -0.00348702365143723
691600 0.0470159630728477 0.18888570537165 0.00211524560997884 0.00242501317635069 0.00318396548952147 0.00204028221068289 -0.000693283729129894
691800 0.0471842540194057 0.192673155399068 0.00132002357816496 0.00413424775001083 0.00229876378531411 0.00113100407368713 -0.000854693559146451
692000 0.0469375239550973 0.189772565865721 0.00360053184675156 0.00705814786746433 0.00316539824582423 0.00202734432426792 -0.00157172323197951
692200 0.0470533318115378 0.192175290146217 0.00103678772639235 0.00479785901282757 0.00239910491952896 0.00264556819434724 -0.000556354674816615
692400 0.0470423242283692 0.191673346647241 0.00247400807614963 0.000709449016968179 0.00555183211867758 0.00225218075096047 -0.000983594208388508
692600 0.0468805573153929 0.189612627363337 0.0009702689336956 0.00263899808724701 0.0040187077518397 0.00137889464599564 -0.00146304685740949
692800 0.0472243467620173 0.18946414356728 0.00158454774770924 0.000158426062618967 0.00490515617603981 0.00224656336444021 -0.00321607270820688
693000 0.0468859291719113 0.188598023932972 0.00389655907543514 0.00374144742460662 0.00435506824836741 0.00394557319877306 -0.00234301149194913
693200 0.0473042576432569 0.192728798313169 0.00374200617493763 0.00247300870014964 0.00516270829334055 0.00210291355049096 -0.00250411838878057
693400 0.0469642376242674 0.191996088688277 0.00530802600017955 0.0043905024814601 0.00604807764829131 0.00255828731714428 -0.00309899423331311
693600 0.0473625217274449 0.194121613248927 0.00566408282008111 0.00119122866017544 0.00402504807908397 0.00211821040834534 -0.0014639117076337
693800 0.0467225822369157 0.1870115846901 0.00330686227703466 0.00493370861446544 0.00323430259337136 0.00313391565385916 -0.00273050574438782
694000 0.0471747006614133 0.189136196995026 0.00095766327714602 0.00255517038115569 0.00365888166587705 0.000553268288239957 -0.00125393756456853
694200 0.0468817199591895 0.187183793989282 0.00269018406176428 0.00266811912349362 0.00363173931542667 0.00136032205396418 -0.00117999609859739
694400 0.0473667404432618 0.190751322737549 0.00287102286977378 0.00248279509933523 0.00288897796540791 0.00307304949059756 -0.00295108768253481
694600 0.0469207869447558 0.189557377069819 0.00634134199975822 0.00454331307610519 0.00124206614611268 0.00276945002969442 -0.00260808376365688
694800 0.0474639926814038 0.193829898247817 0.00278567275361314 0.00271986907184955 0.00375634885434199 0.00276476807422167 -0.0014728166873974
695000 0.0467719013761857 0.186211581884966 0.00248126808217918 0.00223575716367722 0.0034337521322026 0.00197342197971795 -0.00240693684819538
695200 0.0472424329171253 0.189708277445339 -0.000673020778936124 0.000565398390285905 0.00461348881923626 0.00275196841473503 -0.00119787035286844
695400 0.0469788319269608 0.190289483593596 0.00219136581556766 0.000164794723268265 0.0029715901920196 0.000768968301395504 -0.00159432542967134
695600 0.0472055022691889 0.189246402888769 0.0023766544201841 0.00175057349479659 0.00468854934412753 0.00258650629322694 -0.00356036332618847
695800 0.0470625635784743 0.191255426681016 0.00723774688343809 0.00267078237245215 0.0034009806529593 0.00319431528662706 -0.00262248509396342
696000 0.0473996774980388 0.194206997907713 0.00393833941873168 0.00653291313422049 0.00258655584847628 0.00213300307092362 -0.00167704605959618
696200 0.0469876144373063 0.18905120663116 0.0063582441585362 0.00512407955872404 0.00304109616710142 0.00374316036560112 -0.00298416095020772
696400 0.0473777801065496 0.188502842679776 0.000129804186382507 -0.000641811569394437 0.0015562216583197 0.00256341808090925 -0.00216717301627117
696600 0.0467812926216176 0.185462624598579 0.000860650468205619 0.000898830525383163 0.00360270484569187 0.00153784189345102 -0.00217747111936974
696800 0.0473544294194539 0.189466996094093 0.00367662639381018 0.0026090189001492 0.00397418709775044 0.00192877807172357 -0.00140183193459024
697000 0.0470871382124839 0.188039111995018 0.00252377440956857 0.00547877301026412 0.00465422768486819 0.00252770325722706 -0.00279601962579029
697200 0.0472806848090227 0.193606655250081 0.00158315902824239 0.00085244009533105 0.00104275505187568 0.00114383953600427 -0.000600257410972285
697400 0.0470367412524803 0.190518242294728 0.000885781221246384 0.00372643895684693 0.00336658085491373 0.00197746400059132 -0.00201522621113584
697600 0.0472780991520549 0.190820345747 0.00469657271166007 0.00256697922756098 0.00503102589996964 0.00423006025070122 -0.00212461309092825
697800 0.0470047791690448 0.189674483877128 0.00175168090966985 0.00428081009268696 0.00308906408118377 0.00174771560954595 -0.00166049536539868
698000 0.0473404837429854 0.191901563249795 0.00502868820887938 -0.000336291067102214 0.00588987604174371 0.00290650477491485 -0.00429550238765025
698200 0.0470676580240074 0.190477545252107 0.00384208316794223 0.00387401658637646 0.00313531317046868 0.00349757454473236 -0.00318262147128261
698400 0.0472819692885733 0.19027533921228 0.0013891380687274 0.00261361779615877 0.00380455414470901 0.00250357393647816 -0.00282021128640388
698600 0.0470283622274864 0.188232585978657 0.00212225980689882 0.0027905355361269 0.00312539861300579 0.00250646732896265 -0.00281210862514028
698800 0.047196021158353 0.189773526991582 0.00260732165559388 -0.000318551894237234 0.00379448441628335 0.00214346150880049 -0.00427973861982896
699000 0.0471102549096596 0.189498829120845 0.00265083055692208 0.00234728268949049 0.0055827003325859 0.00104932927756815 -0.00154626272300219
699200 0.0472808568353305 0.190523730839607 0.00476904070301391 0.00473442034128955 0.00532662823544619 0.00155565368267261 -0.00183726555742237
699400 0.0471241664430545 0.189830647889235 0.00397565620103504 0.00599750861386379 0.00430908622441749 0.00261980015831644 -0.00313823517417098
699600 0.0471010889637683 0.18828718537857 0.000368354763839719 0.00453124664886929 0.00296037539242037 0.00222249838345826 -0.00156581737616458
699800 0.0471704805905626 0.188223571496011 -0.000582446188766433 0.00136594181000944 0.00384160611727955 0.00285501095556699 -0.000641425821392929
700000 0.0471892528248569 0.187852420418836 -0.000271205693067794 -0.00128268163046808 0.00437290862921004 0.00171268044982734 -0.00215593570129926
700200 0.0471072473203271 0.187858532074943 -0.000626445625975794 -0.0014466359737662 0.00315955771401183 0.00317329864333804 -0.00132144239266761
700400 0.0473168792081833 0.190356851731202 0.00123125436067884 0.00409636840362215 0.00251647345788934 0.00324716051672681 -0.000930109261463955
700600 0.0473285602064203 0.195665589388514 0.00471350080437503 0.0054810559647744 0.00156511390561427 0.00192095830262486 -0.00136707594300645
700800 0.0474764056896397 0.193860008224649 0.00408477214415484 0.00525049864959172 0.00239611364335347 0.000539528128811597 -0.00268623182077942
701000 0.0471272392563039 0.18962480456688 0.0052749380149631 0.00235039636448575 0.00270470997509752 0.00164989638087108 -0.00318652252149537
701200 0.0475112695263191 0.190597774232031 0.00351219304732019 0.00290498930325228 0.00281295611877126 0.0027400509227436 -0.00315421702253215
701400 0.047093617594118 0.186824172420785 0.00312989310713626 0.00319184293995952 0.00421107511100294 0.00358683469943553 -0.00263896876913528
701600 0.0475651416949928 0.192460387794534 -0.000249690875000766 0.001300801383343 0.00406961624031824 0.00176525010269071 -0.00308894236023658
701800 0.0469981008112536 0.189420424097164 0.00364405284783557 0.00316950192018185 0.00323562557191237 0.00322382315823718 -0.0034928823576277
702000 0.0476424480584048 0.192293300242208 0.00240781121561597 -0.000303934582241408 0.00300342586002977 0.00382235161376679 -0.002660881432849
702200 0.0472117096451046 0.188751001799676 0.00279020249549359 0.00365288782285301 0.00557804234977021 0.00342869395767284 -0.000576647203758986
702400 0.04752958795988 0.19248609248679 0.00200338134899022 0.00287513860623841 0.00465584514429624 0.00253897650968103 -0.00273049358437929
702600 0.047313934443008 0.191476582391464 0.00390324599131379 0.00454815400367885 0.00509711074918494 0.00298209500492043 -0.00260203614057791
702800 0.0475489247294402 0.191508505744579 0.00312828610165326 0.00279666507485667 0.00557552677252461 0.00260265943429972 -0.00119897843052459
703000 0.04731677909748 0.189875111981134 0.00163696880275273 0.00245551089295689 0.00380401585426208 0.00394241154106536 -0.00294154613018883
703200 0.0473178718648612 0.190521255268016 0.0017073542471303 0.000901472076987914 0.00325541523329023 0.0035810076546866 -0.0017965083162832
703400 0.0472364108528047 0.188841644027468 0.000317063609817734 -0.00136444393326907 0.00161241413480976 0.000868826873418098 -0.00260843824822997
703600 0.0473357675617331 0.188642618330945 0.00317661237231791 0.000111784793128075 0.00142678114786956 0.00118076069039421 -0.00253475522425275
703800 0.047324150435344 0.191531198104183 0.00550567022114546 0.00255023174050169 0.00499497242591491 0.00187736737459342 -0.00100575335881823
704000 0.0474949744156643 0.192171940560303 0.00241215328674265 0.00559345344500497 0.00427740375737108 0.00208129635207726 -0.000759591820089355
704200 0.0475449336651288 0.192495908566805 0.00292779287855966 0.00474280269432662 0.00382685897643775 0.00219262005363726 -0.002100205873744
704400 0.0473887778848161 0.191065889266362 0.0041605778436224 0.00546703352460002 0.00404100596809633 0.00222092039635528 -0.00247266015087201
704600 0.0475745385240002 0.191462690989754 -0.000178041388716057 0.00161138205168402 0.0041851093254331 0.00154818499376121 -0.00233367204931767
704800 0.0470910493555031 0.188252074053341 0.00205621661159007 0.00170334011839625 0.00284250896503562 0.000912109362934749 -0.00271947943631573
705000 0.0476108896715996 0.191421987046052 -0.00157703893867097 -0.00162917551273931 0.00308020688483999 0.00174687286004239 -0.00218712448161408
705200 0.0471530666546491 0.189436224057431 0.00368966769972961 0.00426516645958019 0.00412530891940043 0.00261958761955503 -0.00098300375215259
705400 0.047746709544367 0.191938512059678 0.00309497030154769 0.00515792920269022 0.00504469712054986 0.00166953219315067 -0.00132993175941675
705600 0.0473185843951899 0.189953148317843 0.00613660439847129 0.00330270025952729 0.00404148300667784 0.00264533922109494 -0.00120455920642028
705800 0.0476337424676761 0.192874023844671 0.000686994074999648 0.00658697050586617 0.00331745998068804 0.00210944122081582 -0.0012558416946665
706000 0.0472933332276051 0.188999033910393 0.00166667802801046 0.00340023855976159 0.00496735694588622 0.00109076641504649 0.00128390340191238
706200 0.0475203837332623 0.190010755827495 -0.00221717746482743 0.00288980166026448 0.00128456655101835 0.00212706494974504 -0.000861700851781862
706400 0.0473236906024072 0.190349995749197 0.00131949738773078 0.0016688301617265 0.00194936958615685 0.00249086765985987 -0.000647157912622404
706600 0.0475352945648544 0.19016957620048 0.00142166099247479 0.00265437652174726 0.00281154853541206 0.002292416180504 -0.00133418920703382
706800 0.0475499405284893 0.192534041953929 0.00362728478828334 0.00413939396084776 0.00463636772769395 0.000766233397066406 -0.00190577261190394
707000 0.0476071382096248 0.191277591365689 0.00456507219702198 0.00319639520223861 0.00367544679406963 0.00270863415305651 -0.000983656549277146
707200 0.0473641069382915 0.190314114122916 0.00075114166442839 0.003760918326229 0.00284197788842747 0.00167805267666759 -0.00332809530626321
707400 0.047749749350847 0.19250838335367 0.00333356164476378 0.00217175083570771 0.00333388374106576 0.00271767318722125 -0.00302243395469714
707600 0.047283442643988 0.18817256458779 0.00450351852256183 0.00364948910233285 0.00345054683799314 0.00186653313302373 -0.000811322844831789
707800 0.0477588033990321 0.190723897330615 0.00369198594462047 0.000135978309471619 0.0037206244428702 0.00229843088213507 -0.00151468294411999
708000 0.047273251989488 0.189409879167035 0.00302396280030295 0.00417303779029388 0.00368045703009361 0.00244632002932008 -0.000414384721060226
708200 0.0476543211053317 0.189663746256007 0.00284365730669217 0.00139923474912739 0.00236271955048543 0.00349343384514295 -0.00139654182686416
708400 0.0473654765246759 0.188113760704415 0.00219675555058197 0.00311743089277643 0.00346481879885367 0.00269685840195672 -0.00238234950129303
708600 0.0476249674946879 0.19031417622216 0.00121346346633905 0.000190780371819958 0.00579752711709379 0.00176318423648834 -0.00266304858163599
708800 0.0473418735707174 0.189809524423991 0.00421054256933554 0.00122196587307568 0.00398477221423378 0.00191917223303956 -0.00277048743658155
709000 0.0476936478585879 0.193590976814003 0.00563311064539932 0.00476772034882386 0.00380556718190551 0.0012727141158909 -0.00239540801476747
709200 0.047411882953011 0.191147337976056 0.00518536793393017 0.00470810175306816 0.00357334635812352 0.00173968040235745 -0.00327722755486871
709400 0.0477586063692494 0.195643286312013 0.00655053338180399 0.00327471259610441 0.00317340465149894 0.00330291260487268 -0.00197962724162976
709600 0.0474849830420718 0.19195361247263 0.00196196654286661 0.00396270047094281 0.00254603397003918 0.00399795033820727 -0.00194882823100458
709800 0.0476399174948876 0.190358769805779 0.00282223517116859 0.000559196433594846 0.00371455562668629 0.000989272577151881 -0.000273444341358417
710000 0.0473831210260942 0.18699736366078 -0.000335654404715894 0.00288239122861687 0.00430563551057588 0.00175752717504292 -0.000581832983632437
710200 0.0477405011667219 0.189724971233147 0.0017973458704703 0.00208366848882527 0.00431912110078257 0.000821814801348702 -0.001278948254615
710400 0.0475221974344133 0.187820838212214 0.000927144487902673 0.00464707148999061 0.00331777610011309 0.00167983964784795 -0.00153160695880979
710600 0.0477146823457633 0.191222314176998 0.00445405839943752 0.00323372376861463 0.00364403039535153 0.000851954324356371 -0.00229116321843778
710800 0.0474619179159374 0.189715354297152 0.00194972586128284 0.00561649153853146 0.00511756987167375 0.00139366022566898 -0.00229396280705332
711000 0.0477260853553179 0.191555591476767 0.004829181507869 0.00020437595410783 0.00181504421453453 0.00182382775009011 -0.00131508899880753
711200 0.0476436142270993 0.191598447250148 0.000988611770529271 0.00282497402239282 0.00426456052072993 0.00211658880355667 -0.00196971090164115
711400 0.0475400397001988 0.188757785688755 0.00249657192913898 -0.00073819185553409 0.00539832451803198 0.00192045709589607 -0.00277788036282685
711600 0.0474833142896283 0.189385541901439 0.000364196541090124 0.000214147645201418 0.0049766036557074 0.00397086918905284 -0.00147710809192094
711800 0.0476417759033985 0.191716359157845 0.00372715081388938 0.000686037273971252 0.00621438160824889 0.00119592875763223 -0.000765719954510243
712000 0.0476110153578266 0.190566685077279 0.00385571382126245 0.00484075260209756 0.00528059301215475 0.0023535972094439 -0.0021151069348877
712200 0.047692912072577 0.190803089879131 0.00400817609322029 0.00369756221463525 0.00452590911067797 0.00140803488897819 -0.00121250912115438
712400 0.0476293000731189 0.190771096245066 0.00281748012706204 0.00382840288187672 0.0030986080781182 0.00276635867059251 -0.00227457009931476
712600 0.0477034615329812 0.191283759791098 0.00119536460217715 0.000892906679808039 0.00370344564955671 0.00282204709477657 -0.00155962029884717
712800 0.047508268945579 0.186348010934685 0.000177189236289614 -0.000194163765683929 0.00349469049378376 0.002798870515634 -0.00111658126824961
713000 0.0477006252844502 0.188196734397024 0.000795623400379634 -0.000669324222870848 0.0038615298023668 0.00326850119205528 -0.00214047730351149
713200 0.0477806273108935 0.192345319968677 0.00318615340776592 0.00454311649199367 0.00479807555896425 0.00143966334014034 -0.000655994199801195
713400 0.0478186514451613 0.194205636427097 0.00427082931860662 0.00376308116233405 0.00271882357451442 0.00102230791969103 -0.000907976482469768
713600 0.047645035375197 0.191517217729349 0.00333837830783683 0.00400362759117036 0.00132803800962045 0.00205343787479313 -0.0014174012971749
713800 0.0478061650900373 0.191733796281674 0.00150704001579543 0.00249124620735721 0.00460946256804672 0.000218688729080497 -0.000924401165520739
714000 0.0476028178765996 0.190603507447203 0.0023237430085558 0.0026271725038414 0.00353856671925203 0.00212766457184162 -0.0026716264797688
714200 0.0477492994335924 0.191250485913304 0.00284846599252984 0.00276211305800671 0.0035269556779716 0.00204153404033089 -0.00284412903554429
714400 0.0476232249668129 0.191345605980718 0.00343879801685849 0.00221989591094429 0.00441754310481694 0.00189769356250289 -0.00146369808408845
714600 0.0478798463719622 0.192830226484101 0.00260765074961729 -8.58459193256649e-06 0.00400931784726062 0.00304325864082947 -0.00184874809477209
714800 0.0476076705906174 0.18775475287843 0.00310589164833272 2.85225300798317e-05 0.00310697948699993 0.00135126865154504 -0.00112400235604521
715000 0.0479070823242563 0.190399362477943 0.00329183852787037 0.000847095731989937 0.00387361557979455 0.00259722884298393 -0.0018061549482483
715200 0.0477590867826663 0.192663340447008 0.00344593398118332 0.00237923437275059 0.00413673909446362 0.00258263727967504 -0.00282522586536628
715400 0.0478528170337748 0.1901450129368 0.00396042226702336 0.00404497210369263 0.00270417969497159 0.00143303457945372 -0.00256042870535698
715600 0.0477058767738108 0.190983603000097 0.00371468059876242 0.00201652975035597 0.00338326081805788 0.00286842909385009 -0.00154682800751637
715800 0.0477737703776542 0.1910062768812 0.0033186869616949 0.00195805479983431 0.00372039811047257 0.00169832812418858 -0.0017621593441608
716000 0.0476284394914001 0.189214577503679 0.00169080076445917 0.00150763681113756 0.00331428113224801 0.00116118917476972 -0.00281591166735966
716200 0.047763467247376 0.189949838640021 0.000800505755345053 -0.00130645303779721 0.0024706161214905 0.00131273591034532 -0.00192502704298695
716400 0.0476476302405647 0.189778040987774 0.00126411598036465 0.00385939031302102 0.0030819787081996 -0.0003655171809467 -0.00188554615172489
716600 0.0478875948486785 0.191173201619643 0.00336134784501279 0.00453069988721949 0.00257414070122013 0.0011509280771849 -0.000496191069204306
716800 0.0477024477395362 0.190265910510558 0.000932534934199435 0.00672870373847956 0.00477373262992145 0.00148646904281911 -0.00258429604657787
717000 0.0478578740419895 0.190907830224593 0.00345746929566794 0.0054600421777822 0.00535554468368059 0.00075675399843066 -0.0028874039210271
717200 0.0478071324643712 0.192014503201682 0.00347507149609388 0.00332030404889331 0.00477023236926553 0.00129343103979443 -0.00219449385847167
717400 0.0479516302481139 0.191256371689817 0.00347784607000215 0.00298813423074975 0.00364066703334741 0.00201650290113251 -0.00173635316928275
717600 0.0476290136351604 0.187515278591519 -4.3598027701066e-05 0.00010677622118492 0.00382635360017759 0.000496403490477388 -0.00173035063154603
717800 0.0478586504083432 0.189277291491054 -0.00191988112448757 -0.00167037206169982 0.00328038970356737 -6.72995892061783e-05 -0.00251600455595658
718000 0.0475109571920887 0.187856240817309 0.00214391592562691 0.000813213378047427 0.00393823953728138 0.00127782207209808 -0.00217845466181737
718200 0.0480415664298917 0.192642862951156 0.00153753296196684 0.00464519896215601 0.0043148284939393 -0.00025707328474917 -0.00174806986837069
718400 0.0477327196608543 0.188378217280653 0.00414606279269457 0.00462886631666613 0.00430280845000798 0.00185224492298009 -0.0043968826388423
718600 0.0479118632414353 0.189767423864882 0.00131878594492825 0.00329995405155773 0.00305607860403258 -0.000504527284755781 -0.00322694890096102
718800 0.0477284636681629 0.190544340508988 0.0047944729752414 0.00116504831064294 0.00372699660334667 0.00305028932509672 -0.0011192748300813
719000 0.0479805501826969 0.192160372003368 0.00177781961281183 0.00587347441811921 0.0050283965595071 0.0029341381662719 -0.000561065742028944
719200 0.047775946145259 0.195089565711034 0.00355904468111404 0.00263010592804489 0.00256871177660507 0.00295026065780863 -0.00143378130179418
719400 0.0480655596099367 0.197605425804651 0.00115099329653787 0.00608056737467912 0.00225391346565116 0.00225439620571424 -0.00135159176601061
719600 0.0477610438652933 0.191908162114602 0.00360168413327319 0.0017761872487395 0.00119588833434966 0.00205982295786735 -0.00232387342320989
719800 0.0477940198364878 0.188755194083344 -4.19267535424249e-05 -0.000699525821230777 0.00440562491927984 0.00237596448063192 -0.00183489006031053
720000 0.0478829824732013 0.19086704554272 0.00189121318242445 -0.000836213432160682 0.00368694987830525 0.000412990527614683 -0.000991602463704797
720200 0.0478840545587742 0.187348660757925 0.00207440022176979 0.00241548278533731 0.000370409700078196 0.00147190278852233 -0.00302139969238752
720400 0.0479347299524653 0.191235422266977 0.00302254668570371 0.00364484118790154 0.00292725307359537 0.000409090336410364 -0.00293205585951533
720600 0.0480776806880553 0.192274058572709 0.00515257985886583 0.00457547633804303 0.00460033438013301 0.00266237813462601 -0.00254469102266116
720800 0.0480318819232732 0.191263607598943 0.00564687874793867 0.00690248635799777 0.00446573874039008 0.00281163596379327 -0.00115330797089022
721000 0.0480618643367341 0.191729635536283 0.00629748692429125 0.00606502229022297 0.0033879490389855 0.00339864587515433 -0.00120302062483971
721200 0.0478592730105276 0.188976477943558 0.00236211534367558 0.00141018115218226 0.00365119682074385 0.00271216008359988 -0.000273239330759844
721400 0.0478389738088619 0.187063667348035 -0.000471577383455518 -0.00107844705466764 0.00522649248824279 0.000111956718365716 0.000648654843207835
721600 0.0477527336452771 0.188592535668172 -0.000158860018080362 0.000981224829846098 0.00501904814049206 0.00247532159160098 -0.00138938261606469
721800 0.0480738697394043 0.192788523202834 0.00304774365229932 0.000189387692931641 0.00405300734248881 0.00213499844114805 -0.00225996348185092
722000 0.0480179244836026 0.192119265017053 0.00529125269791572 0.00203327032867125 0.00269780042292865 0.00186849723079205 -0.00263111699646718
722200 0.0479977404136631 0.192234969485523 0.00490778917716317 0.00453422032491721 0.00324115714508231 0.00255276087351967 -0.00171135442121814
722400 0.0479959880850587 0.191051513721449 0.00480107480839953 0.00269603657121601 0.00418385425512188 0.00207576748323268 -0.0021449241200322
722600 0.0479805593242953 0.191243518574465 0.00325510794512441 0.000958387594743535 0.00555263682987488 0.000136315045803535 -0.000698747877385696
722800 0.0478284856160713 0.189573321698438 0.00330489496962449 -0.000602450440548334 0.00552000142481937 0.000981081145428709 -0.00195044978216493
723000 0.0480756203353698 0.189304874257037 0.00274852374470099 0.00235529109044406 0.00440024101425766 0.00220774774511832 -0.00276579382913472
723200 0.0479008733271994 0.191696759441142 0.0058806457311494 0.00122794692735487 0.00422275946862687 0.00242816390333534 -0.0012462019291042
723400 0.0482639833824589 0.195665243962817 0.00366513806714448 0.00410999929092503 0.00395661023327308 0.00183652619203005 -0.00119607985435496
723600 0.0479669512498751 0.190217664036034 0.00605183184142877 0.00291666098152901 0.0058577502146539 5.88847979358392e-05 -0.000974051149175854
723800 0.048012698904394 0.189785363464215 0.00061840437101425 0.00300242659014362 0.00495549177413994 0.00276999792103479 -0.00162276385317832
724000 0.0479336597627463 0.190332304997354 0.00182628595888244 0.000865353643621961 0.00184589090503171 0.00211070948055184 -0.000266506780263671
724200 0.0480885193825271 0.190371612059171 -0.00189360737334304 0.000302297298109362 0.00308124529361262 0.00294742726216763 -0.000751170563686892
724400 0.0479585068106661 0.192820910077032 0.0012424290981766 0.000842894236856568 0.00362671407268833 0.00320154017690684 -0.00184974121840418
724600 0.0480491541177823 0.191105403326033 0.00201410313941073 0.00370550247092217 0.00497622088983944 0.0035665802254813 -0.00197587331980387
724800 0.0479095581874482 0.191038654912683 0.00289189989087382 0.00490860645975875 0.00561195822883068 0.00352466965232649 -0.00113391651926065
725000 0.0480497350728947 0.191954376189839 0.00196986315797791 0.003707311025191 0.00385168204095772 0.00332171927132298 -0.00161228102683486
725200 0.0479577927095784 0.190208484203703 0.00416445147819413 0.0040143542276788 0.00334876554059676 0.0022727144181645 -0.000618634566181477
725400 0.0481320342235363 0.190110832317728 0.00156017382396425 0.00167142991950015 0.00471216791077265 0.000681191007836673 -0.000765920946043538
725600 0.047762661732397 0.186480818206052 0.000725756368781723 0.0037365936085017 0.00455017199805791 0.00148283171712891 -1.0024487949161e-05
725800 0.0480886956212039 0.188495914092689 0.00133687956027949 0.00215255071018937 0.00430562298942572 0.00250290558391397 -0.00149799348180574
726000 0.047843324951256 0.1916653090581 0.00151568719151735 0.00550558385700803 0.00500651217928087 0.00216700482835945 -0.000614300474654069
726200 0.0481813698070756 0.19250474958131 0.00344434250395325 0.00386376656835826 0.0050037658000757 0.00124389792080436 -0.00063225493203611
726400 0.0481263469316379 0.19461315675748 0.00412356722743713 0.00484595008357752 0.00373632840171075 0.00289178053302688 -0.00315064992236646
726600 0.0481706589014054 0.193118546804138 0.00254250655377913 0.00254121345986088 0.00315415611029757 0.00340425394711189 -0.00339033816573305
726800 0.0480357818700532 0.191701427106438 0.00406687561815426 0.0013764599041066 0.00525086457656592 0.00225525521388767 -0.00310992496835764
727000 0.0479561471668658 0.189598445167609 0.00192561124838878 0.00353225014038904 0.00393743186720155 0.00135133459529374 -0.000905810948246322
727200 0.0479154327091164 0.189413765600302 0.00367385782708029 -0.00118051284672862 0.00438845391814376 0.00200298359059387 -0.00161510738489055
727400 0.0478365959099362 0.18750370848489 -0.000572868528902403 -6.37961203888294e-05 0.00583796662083769 0.00235467584477036 -0.00129089721541116
727600 0.0480872763421418 0.189972420056169 0.00330716555824492 -0.00192156323060059 0.004375613697466 0.00166799385705259 -0.00148695062525427
727800 0.0478148882000813 0.190389239921159 0.00202052157754914 0.00597086966360514 0.0032707009932658 0.00162600061437834 -0.00154971944969472
728000 0.0480632998889673 0.192155926702967 0.00557672240537829 0.00295683836125679 0.00378231227956821 0.0010158337197326 -0.000919084489623825
728200 0.0480210015005375 0.190129686788207 0.00227674484297168 0.00411871964222195 0.00483378010297631 0.000498165608992613 -0.000285988967842853
728400 0.048013404880051 0.190046384914018 0.000126288802674797 0.00261923147279133 0.00521957761898458 0.0037316232775972 -0.00309304992718654
728600 0.0481068851557902 0.190708005216085 0.00134950793187131 0.00528363955902138 0.0049970403761032 0.000634124401536057 -0.00335359234828872
728800 0.0481247649691606 0.192289039882726 0.00391862065489427 0.00559888505141365 0.00447648861721451 0.00119182311630032 -0.00275271926330861
729000 0.0481463740461528 0.195361702336061 0.00680967538515066 0.00603208296871066 0.00417087539578946 -0.000137589974401614 -0.0021337480520366
729200 0.0480735289469769 0.193705595778484 0.00331434837941433 0.00305726269505235 0.0043835163376575 0.000719451836092791 -0.00324037467717695
729400 0.0481062367402413 0.192812621113119 0.000793293875374432 0.00287226981029701 0.00495069684164341 0.000858053053901827 0.000422629887955599
729600 0.0480097062706513 0.190705858657774 0.00282465095936315 0.000576993743394185 0.00528251265286676 0.00232335985738674 -0.0016754020423459
729800 0.048118101474167 0.192037879286067 -0.000806781067770536 0.00199295485258551 0.0055076040271904 0.00250232541043975 -0.00266776000274428
730000 0.0480667762317899 0.192331657787145 0.00505681747968862 0.000328907872526524 0.00401204277348033 0.00427904044717258 -0.00403705997205554
730200 0.0481753840349178 0.196426276484363 0.00267882829474045 0.00452691027405598 0.00331382333418629 0.00185633941045141 -0.00166839669307608
730400 0.0481161386358593 0.192899773275124 0.0048616475200115 0.00268258849055625 0.0035286961577924 0.00283060888068499 -0.00214673133413829
730600 0.0480219118344846 0.189189724870076 0.00242314005195681 0.00287613239481414 0.00174045470453348 0.00295561800240303 -0.00176383007745545
730800 0.0481112338818186 0.187779264022981 0.00589131665793845 0.000378208261099191 0.00284857795578394 0.00207184168762902 -0.0027790057799685
731000 0.0480652722562628 0.188795099547148 0.0041281493645157 0.0019437395682107 0.00278143678769629 0.0019330045940635 -0.00145337732004232
731200 0.048243892989498 0.191391454704799 0.00503689367942172 0.00542022397426036 0.0041440661427563 0.000915702096865978 -0.00132597245034505
731400 0.0480500394173932 0.189564609227693 0.00412882725918643 0.000401628073238423 0.00450647341868018 0.00146544382909983 -0.00114567221431912
731600 0.0481562729676024 0.190717526182253 -0.000527243018847447 -4.79558786256617e-05 0.00575376274934117 0.00295102692835104 -0.00174274439974513
731800 0.0480032237987003 0.189262754570963 0.00235485747613147 -0.00144626641263136 0.00397451890924022 0.00226291549302339 -0.00333224703724224
732000 0.0480996781407895 0.187636432570679 0.0036179947141 0.00166938177047786 0.00443159987890855 0.00270599162618783 -0.000204300805796526
732200 0.0481459788629462 0.193143809481437 0.00325470889240931 0.0030640814030067 0.00336148485642206 0.00329354620993774 0.000174887005766537
732400 0.0482027494791258 0.192909958726396 0.00252646621862755 0.00287251515629277 0.00326608796808293 0.00344123526299536 -0.00130627990990829
732600 0.0481526066810392 0.192619706529513 0.00460612458919575 0.00430528375235944 0.00324913918853819 0.00342135080618146 -0.00173807795921662
732800 0.0482871090976897 0.192618896861746 0.00410997728134414 0.00234927517624421 0.00162352356649485 0.003180217396821 -0.00104293450327843
733000 0.0481788712375147 0.189174531693048 0.00439265002413227 0.00279270776849122 0.00245101969885529 0.0015801383429093 -0.00192359125607901
733200 0.0481807343396848 0.189691977185433 0.0033769165238154 0.00212068864539267 0.00338400155601149 0.00416634063697322 -0.00143146591201534
733400 0.0482466549530354 0.190801684597804 0.00724263507318312 0.00164716128081173 0.00414366720762072 0.00249590691759489 -0.000938647410686596
733600 0.0482996568546834 0.191090432941707 0.00495445229437319 0.00637349205822295 0.00353608299742275 0.00123649605020388 -0.000709251116128747
733800 0.0481026563584926 0.18786498686119 0.0052720795562232 0.00476478836209355 0.00393206098085832 0.00310987492072785 -0.00159678011678471
734000 0.0481270736503822 0.185837540093712 -0.000987016513981265 0.00106132369700826 0.0044168504309584 0.00393470401359652 -0.00278658498747928
734200 0.0479080915493619 0.185705409078445 0.00219889948609147 -0.000619359718071664 0.00263993067423588 0.00138914972257081 -0.00108558291646814
734400 0.0483453763583251 0.190443638900716 8.96475281187651e-05 0.000233637563128088 0.0030208091000714 0.00266903840711334 -0.00150419504830515
734600 0.0480492287276783 0.190706290851641 0.00328446556152932 0.00207510754453284 0.0028115708632827 0.00380123406023902 -0.00140451726378811
734800 0.0484940925554485 0.1920188511136 0.00395822068269776 0.00413638903929577 0.00315946322785564 0.0020756829752084 -0.00290262953005254
735000 0.0481846231172247 0.191487021553126 0.00448074477472288 0.00483728748395804 0.00484549286423752 0.00140171812168759 -0.00224879514196257
735200 0.0485674411671717 0.193469958129076 0.00365474997560369 0.00327852551021382 0.00340155892621932 0.00278788125248773 -0.00171949606827779
735400 0.0480631433444169 0.191282975315451 0.0046360395909184 0.00313017665049671 0.00430878302714498 0.00207245628440153 -0.000531561360822177
735600 0.0484887272508401 0.194498029197398 0.00230374532430259 0.00260859175666905 0.00543100944370344 0.000358015648261907 -0.00231777801575052
735800 0.0480391301934335 0.190456270466605 0.0039135178402801 0.00353962752737279 0.00263539459014178 0.00154263193090602 -0.00192306566250346
736000 0.0483678346951108 0.191244853775378 0.00188525946008106 0.00134172124558774 0.0014068162901947 0.00265073894891864 -0.000580276562137116
736200 0.0482160751805448 0.189701226875368 0.00117503231731204 0.00231133056832264 0.00306197973450865 0.00175642713324897 -0.00177663493905808
736400 0.048479410542506 0.191843160900522 0.00171982709097976 0.00187457606130053 0.00321388808031694 0.00389835240490938 -0.00091480306013117
736600 0.0482409938508146 0.19079987825492 0.00625144471145835 0.00188131335962941 0.00368759177625075 0.00202770660790666 -0.000701249169809767
736800 0.048509672253991 0.193162885212269 0.00333146748540506 0.00444704022798602 0.00347865226955111 0.00376979507645351 -0.000749478713810498
737000 0.048205196005849 0.19043469765972 0.0083835082310994 0.00147207754635486 0.00385134159781695 0.00282367240435643 -0.00268621594688378
737200 0.048309053489375 0.191247625305427 0.00163084537898124 0.00253091892242883 0.00345611403981637 0.0028700173903527 -0.00155760179816626
737400 0.0482033035860292 0.188359117732102 0.00220048354608133 0.00265535523091197 0.00229893668625312 0.00187948443661087 -0.00169821013865704
737600 0.0483193161621336 0.190291256640062 0.000794255626587824 0.00517444325113052 0.00268276237827836 0.00147507509390163 -0.00197511674956416
737800 0.0483133436715093 0.191299304542378 0.00369701506917864 0.00196108339817489 0.00229063556311388 0.000754429253124585 -0.00135197906915601
738000 0.048351353524937 0.192786358184755 0.00147035165461901 0.00456592833338528 0.00365911451705935 0.00135772426795838 -0.00048587891435126
738200 0.0483370149809726 0.193951435355409 0.00622691848010624 0.00383191933795729 0.00458540721475476 0.00173319225351271 -0.00174572952167801
738400 0.048356323478545 0.191268353296048 0.00115205188378271 0.0024418936500272 0.00409235335216687 0.00209416443437238 -0.00149860773385806
738600 0.0481904226014393 0.188721537591928 0.00193385674559849 -0.000424179496784543 0.00201409335024296 0.00200994735772434 -0.00124995641477621
738800 0.0482809030231653 0.189110451736582 -0.000593884262584328 0.00135747099285289 0.00129881030644137 0.00127279753470145 -0.0023482791305291
739000 0.0482061332012457 0.190174805494293 0.000906966781093827 0.000496105465287653 0.0032428182223653 0.000844047984152237 -0.00394367369063523
739200 0.0483864814933028 0.191295367754733 0.0038666270656469 0.00376448630924743 0.000882651287411654 0.00192615150571205 -0.00175583433039542
739400 0.048394552424231 0.194220891466074 0.00563164502321117 0.00557439592586826 0.00325068613746287 0.00137350078497884 -0.00207580667550262
739600 0.0484712166593183 0.192647747543864 0.00335371988819927 0.00314785366591462 0.00344029047960629 0.00195424017581457 -0.00167692322627489
739800 0.0483668596831464 0.191707062798763 0.00488626832140346 0.00249111999817908 0.00273018702342572 0.00328001978513651 -0.00233299817198332
740000 0.0483936113848403 0.187905031075308 0.00180848604344592 -0.000130362318483544 0.0045865557160315 0.00372605325511963 -0.00224968437137483
740200 0.0482983219487145 0.191153920274715 -5.83026894688209e-05 0.00100002355302091 0.0045297654662177 0.00284402148749878 -0.0023434925703868
740400 0.0484639936653068 0.192444529945217 -0.00159282026657207 0.00458095329458619 0.00408349639686848 0.00488242888150953 -0.0015477019944923
740600 0.0482949620488445 0.190869373266754 0.00387095935264541 0.00628969767053419 0.00365854866626436 0.00432919727400713 -0.00133490799351863
740800 0.0484102265731648 0.191347162923456 0.00695046693224921 0.00300119812959325 0.00349509686866317 0.00353732558426228 -0.000967972216093366
741000 0.0484643612224705 0.193271386529758 0.00373374760770309 0.00237059193783058 0.00300064901315834 0.00238625056180728 0.000262114046908514
741200 0.0483832222103747 0.190981635518106 0.00198358880063293 0.00227458837281291 0.00411584650573017 0.00310435166803278 -0.00118447832639264
741400 0.0484174038086504 0.189621985703719 0.000917205985995447 0.00242509751107679 0.00471820424069701 0.00267448880423398 -0.00197765951942714
741600 0.0483225139170996 0.186709210005871 -0.00203251756650988 0.00351954381984259 0.00385480480801347 0.00150253676031533 -0.000688321648310722
741800 0.0486088359552009 0.189077895187278 0.0040138008796888 0.00349487230734547 0.00426719624195968 0.0034041375761158 -0.00206914035992928
742000 0.048456713929235 0.191392800184138 0.00525853414939889 0.00673003307140961 0.0037159988222468 0.00123787532865179 -0.00128509840057142
742200 0.0486788592247822 0.193332694034993 0.00545400466717465 0.00468659728528925 0.0037947051304422 0.000819145915010761 0.000535386162593156
742400 0.0484448167118331 0.192611759083918 0.00402951723373906 0.0027160481675895 0.00463630123697831 0.00201119528637736 -0.00125192456446958
742600 0.0486023075004445 0.189217980823742 0.00701833744633443 0.00187684509425604 0.00396789760356421 0.00295393931500851 -0.00177737294283076
742800 0.0482229021825887 0.185939764322328 0.00269806143662372 0.00320636693663495 0.00532113188127516 0.00303745064361241 -0.00161794758571871
743000 0.0485491477777516 0.189681041109868 0.000627375095684772 0.00119596301580297 0.00257145102887358 0.00219534343384817 -0.00185388068950487
743200 0.0482036544409897 0.185788455145605 -0.000461565512201842 0.00374761835916942 0.00419388877165134 0.00307832365976768 -0.00291294548566661
743400 0.0487543951268614 0.191697142559532 0.00476282478388561 3.93469452678432e-05 0.00577193560098768 0.00187398394045904 -0.00257102889977088
743600 0.0484068777790698 0.191610637426287 0.00641546886716751 0.00430765138930737 0.00431913283695699 0.00242922848817869 -0.000875847986301913
743800 0.0486900317077456 0.193563076415123 0.00437953194015202 0.00382413867140246 0.00287714817834639 0.00310274463165504 -0.000981693769358138
744000 0.0484412385315572 0.191677673424845 0.000618847607073539 0.00477237219702333 0.00285143163415575 0.00346401525930437 -0.000542689782544221
744200 0.0484143215132682 0.189629822604399 0.00272415839499895 0.000251985197281366 0.00434799941739098 0.00189408545818343 0.000338515475259954
744400 0.0484190302936146 0.189170539188904 0.00407052503643071 0.00118529178801407 0.00465946523966025 0.00168940747042314 -0.000752988996807099
744600 0.0484895382732398 0.191168689307258 0.00404109997803876 0.00455178616017484 0.00357593410592201 0.00236047116411 -0.00144715110853375
744800 0.0484881316662179 0.190990484585806 0.00557445993416715 0.00452024313940581 0.00299266652108316 0.00285607161530597 -0.000624914585079901
745000 0.0485862897240849 0.191101184283962 0.00425239417958924 0.00491533164911497 0.00352467284657797 0.00205098273324799 -0.000111995694663221
745200 0.0484021038053363 0.1897025030312 0.00336224553779052 0.00198477230942616 0.00339190691124678 0.00292514532325527 -0.000401348545891493
745400 0.0485106458950286 0.189483437569228 0.0022750836095193 0.00241207799837525 0.00305137002276461 0.00256267984053928 -0.00244809820145108
745600 0.0483853355177899 0.190731260174771 0.00216426352347353 -0.000597142156153618 0.00383273153072634 0.000923373312502903 -0.00203267877067662
745800 0.0484458739250814 0.190435790413259 -4.09414381136781e-05 0.00469123377876464 0.00356274807167231 0.00147382336836335 -0.00324168259958117
746000 0.048427095179901 0.189992514815385 0.00793462571305357 0.000675202861348196 0.00233872305469253 0.000999576495077598 -0.00259737664348976
746200 0.0487206111443673 0.193369428774142 0.0039263846166242 0.00886163232833694 0.00238394405581878 0.00165831196883105 -0.00145827739704227
746400 0.0483392781074709 0.192260423649546 0.00752450791875968 -4.72955048648332e-05 0.00270207502001076 0.0017368065856489 -0.000264975481152154
746600 0.0486240446949831 0.195101442170267 0.00298172300395676 0.00366143828755364 0.00404761076185612 0.000947969009698202 -0.000495789444469664
746800 0.0484447766698297 0.19031914190805 0.00318940326496199 0.0018196940404598 0.00363135704502086 6.68832141687296e-05 -0.000673285875089574
747000 0.0486658568940061 0.19127274417332 0.00227269834189593 0.000651416152329109 0.00466464543215548 0.000253081109361144 -0.00322057719636754
747200 0.0485504122343247 0.191101166194835 0.00560814865768938 0.000664018045237846 0.00365544063216508 0.00114979067859444 -0.00238523296823488
747400 0.0485533176445618 0.191970725410456 0.00173771522117326 0.00618703368535164 0.00432332583350045 0.00164183908083789 -0.00233201685837416
747600 0.048661520141713 0.194601764700947 0.00573946510349364 0.00116577328752412 0.00420346403562731 0.00255364406784475 -0.00101210235238756
747800 0.0485002441871592 0.189710573000779 0.00181022781779939 0.00246010017352799 0.00446245507074474 0.00139441260269598 -0.00103503504865479
748000 0.0486825944600042 0.186635677264865 0.00299608803245641 -0.000799834738751873 0.00340944774507089 0.00405782974281738 -0.000214584971652196
748200 0.0486328381923209 0.188913970131602 0.00038018428408702 0.00553444072811943 0.00488494088693397 0.00274820330653964 -0.000894815539785037
748400 0.0487046772443222 0.191526776203489 0.00653800474050637 0.00297804751887598 0.00349780594307585 0.00121429290759148 -0.00294531143311722
748600 0.04867307567474 0.19239795617626 0.00362520582253214 0.00503074778873187 0.00350899990215946 0.00105839509091107 -0.00320328761964967
748800 0.0486834667298286 0.192029035556008 0.00512332818358477 0.00155019188043769 0.00398934107587995 0.00224461912688961 -0.00129358528077605
749000 0.0485928472713931 0.190767665543696 0.00145575509388866 0.00152901106878244 0.00474411901834502 0.00142415848733172 -0.000568060138494383
749200 0.0485167422445656 0.188531173373024 0.00366373191296284 0.000607329414008376 0.000428339188162164 0.00181199230554684 -0.000310738429845152
749400 0.0486913199043121 0.189228482801078 0.00364559107877207 0.00278489897861181 0.0014778232715856 0.0012748007510002 -0.000246826896037628
749600 0.0486544589242272 0.189412169347062 0.0084480154117074 0.00135656423592236 0.00279758973238631 0.00242929408096013 -0.00267422605009395
749800 0.0487779988556234 0.192622416717783 0.00218762852766707 0.00294847013427154 0.00327518445750931 0.00152867647309474 -0.00121177007456974
750000 0.0486705364743137 0.193889505334216 0.00722160490499335 0.000453887281232542 0.00381664421271075 0.0010888985467627 -0.000737634678219819
750200 0.0486977617901752 0.193328527784172 0.0027418246334656 0.00424455468701122 0.00374811086250488 0.00176958754590568 -0.00265836436743538
750400 0.0485994136852596 0.190069520163393 0.0018032973350983 0.00306510392600283 0.00444977685589775 0.00312246845310662 -0.00257735045606698
750600 0.0486637274427727 0.189543312556092 0.00282550503641895 0.00296285646827114 0.00328979585276395 0.00160514850794621 -0.00193690840109108
750800 0.0486723766139504 0.18976822024483 0.00246795079568519 0.00258110160442691 0.00461140646540719 0.00402477745083825 -0.00221172779010253
751000 0.0485941656326847 0.190887855375347 0.00234899969822093 0.00276984223336657 0.00298616352935317 0.00319840929855053 -0.0014396039705567
751200 0.0488106283580604 0.193342967914982 0.00326286611109801 0.00480451988428588 0.00419036245734662 -0.00025919458430705 -0.00147271340328119
751400 0.0486491580940015 0.19159613788586 0.00459307378223005 0.00592072884739653 0.00212236180799949 -6.45766330421219e-05 0.00049430828386194
751600 0.048913287264328 0.193015698066366 0.00318545591878903 0.0017388392882472 0.00299807161432062 0.00105745348370178 -0.00324395094293263
751800 0.0485388520614921 0.188743898037267 0.000859566462595075 0.00437279353784207 0.00441594255497579 0.00297144658478769 -0.00176489351221305
752000 0.0488404059043515 0.191002171932115 -0.000626197548189934 -0.000909110510978412 0.00351993332242933 0.00146646406762233 -0.00282240305188507
752200 0.0485128404555296 0.188281257657576 0.00477993006993049 0.0053459000937623 0.00314278759611739 0.00173950241975777 -0.00116694317708553
752400 0.0487352434857092 0.192177350466417 0.00367628932634232 0.00133992696385667 0.00413168676298095 0.0028889874626453 -0.00160951900344624
752600 0.0483765774609487 0.190750042257744 0.00209392678144031 0.00460116754099964 0.00506362719602192 0.0042747950609815 -0.000900888599480857
752800 0.0488298300228337 0.189662599334661 0.00105143707952989 -0.000519598400329926 0.00455235195201282 0.00212149630659177 -0.00318644853926676
753000 0.0482489572986834 0.186815204054812 0.00102254889734615 0.00474082416402172 0.00458030187245729 0.00143818559086021 -0.000988151026560873
753200 0.0489654817339708 0.195402736503529 0.00453929592652509 0.000317923102674889 0.00346934169617812 0.00196665069233655 -0.0018380489580737
753400 0.0484941405755215 0.190499636277036 0.00464177655728224 0.00772519846665745 0.00398450004233902 0.00294228030511588 -0.00287382795178167
753600 0.0488922539305414 0.193196190973922 0.00347118988643421 0.00185600310283376 0.00575991660164475 0.00282839767238898 -0.00387751315042884
753800 0.0484989929245808 0.189900170582358 0.0031003859880637 0.0017893541820169 0.00292675742474798 0.00123082268091746 -0.00398435840568658
754000 0.0488491357138016 0.190450959750217 0.00274956257635665 0.00197252511570963 0.00297522756085158 0.00296108697260988 -0.000522555953869723
754200 0.0484105445932074 0.187188297152695 0.00266388285449158 0.00148250430379801 0.00275553419314386 0.00154985085107814 -0.000775944198700577
754400 0.0488941324832143 0.190790957112671 0.00189292483794496 0.00256664823941357 0.0035509112593329 0.00272522113394461 0.000245184192394167
754600 0.0486757848727491 0.191163462993977 0.0076258400060861 0.00777685972907274 0.00217300204790321 0.00192979472170207 -0.000178427636951752
754800 0.0490051863547948 0.194195374777451 0.00641945497143187 0.00579752430212801 0.00348715957563722 0.000475614523515051 -0.00202329251524237
755000 0.0485964633390735 0.190596286827095 0.00523365665878886 0.00464944576133731 0.00379467019884771 0.00192920244433507 -0.00105683475654386
755200 0.0488908781989363 0.191856775951841 0.00371287809646866 0.00153800361858916 0.00356176699616157 0.00156983758300138 0.000470080963965875
755400 0.0485098474250167 0.19023811463476 0.00110114770442477 0.000851772919843722 0.0023282023293224 0.00183977787197259 -0.00178838511375883
755600 0.048710843791895 0.18919164237635 -0.00113312595923266 -0.00101026493491909 0.00372572117625024 0.00201411322829603 -0.00172891448460117
755800 0.0486079051073495 0.190939578187657 0.00170104161818767 0.00339757758961518 0.00396220179269444 0.00019144299905972 -0.00104954818440717
756000 0.0489233580586599 0.193456104572097 0.00140270834474647 0.00244068189131148 0.00323011205646589 0.00185923433698371 -0.0015713745851007
756200 0.0484285570400017 0.188414698386058 0.00723687389540109 0.00455076447886495 0.00485738781420096 0.00210727161718003 -0.00232131044622134
756400 0.0489546773049233 0.194305854052427 0.00475506032379077 0.00423129006390464 0.00442396150737741 0.00327888907877999 -0.00154207658500453
756600 0.0486435468182971 0.192710969308647 0.0046771781848046 0.0049815000601178 0.00336191785756338 0.000918938763214384 -0.00133277544016012
756800 0.048837208385524 0.190553687579299 0.00177067910084286 0.00268483003333206 0.00289245386661711 0.00317030397518093 -0.000979269361138989
757000 0.0487173293549325 0.19044652367594 0.00129436883959822 0.0012526342594135 0.00245015199624234 0.00359496892926337 -0.00142318172754167
757200 0.0486817312085795 0.190006290821931 0.000512583363013234 0.00289544066842783 0.00266780446775838 0.00334111815776294 -0.00158638408742798
757400 0.0487031903032474 0.191690947597225 0.000407652868126335 0.00205680274009405 0.00486098301553589 0.00193442553687042 -0.000191291148556605
757600 0.0486599978310624 0.193050485870946 0.00374681615915236 0.00292810894623959 0.00428895366965761 0.00329405301635122 -0.000365148524167787
757800 0.0489463757762095 0.193835414965685 0.00564533698309639 0.00581192682699065 0.00352644106465014 0.00224109152585506 -0.000191897405632023
758000 0.0487100004647794 0.189866258340531 0.00419109819804704 0.00566916806367671 0.00205375977683159 0.00254642845315767 -0.00186149389142056
758200 0.0488878016327035 0.190828549945226 0.00328403142844344 0.0014657117866334 0.00432294604525667 0.00281970400684898 -0.00240897506843248
758400 0.0485721944256066 0.187725713682296 0.00145419365502466 0.00180580370811124 0.00496768913724115 0.00254553260491953 -0.000652359901707931
758600 0.0488179614208564 0.19043377883378 -0.000218823033982541 0.000280855372881369 0.00613394710652641 0.00144947622453016 -0.000834845746496511
758800 0.0486853366253266 0.191394228971546 0.00263457148235578 0.00130520597908909 0.00438669340675562 0.00190916565415384 -4.46125276719033e-05
759000 0.0488970452953693 0.192417632217263 0.00252366606782636 0.00321480788882224 0.00537664765016889 0.00214380330071547 -0.00102435868103886
759200 0.0487329333988517 0.192676916779174 0.00590332578520542 0.00353172552497445 0.0035441135569596 0.00233476809259459 -0.00130479375209094
759400 0.0489874471051188 0.191714347175041 0.00452467845316777 0.00271144340110933 0.00332680724089603 0.00208467493982668 -0.00231509611189033
759600 0.0487959551803587 0.190979781636826 0.00660652921874025 0.00301116874905158 0.00446057876331048 0.00323008186013834 -0.00263325237619634
759800 0.0490233472530091 0.19098443890211 0.00194079603793367 0.00200630110376699 0.00421800569648487 0.00135169445045789 -0.00205218520527083
760000 0.0487406765387086 0.189458852526425 0.00101430161987546 0.000218356829693462 0.00512555263370634 0.00236518367384519 -0.00215242964104343
760200 0.0489258240467614 0.191056410856243 -0.00120229978781127 0.00368942005445171 0.00268947471708703 0.00171625850307435 -0.00114159612518582
760400 0.0487642297283493 0.191891825584735 0.0043772974108423 0.000936669898094204 0.00368696119491131 0.00247555957615542 -0.00219889197369668
760600 0.0489729948779169 0.192155440634391 0.00060431818117889 0.00514282440871278 0.00413650697784389 0.00250770470805538 -0.00167718530923252
760800 0.0487869552017575 0.190974978159093 0.00496406182063907 0.000396234850264203 0.00349182844370009 0.00238187761662809 -0.00221601134492782
761000 0.0489387942128194 0.192739618766846 0.00154625017683728 0.00336190233176087 0.00226603087479167 0.00267967990066062 -0.00266615297100635
761200 0.0488931086090272 0.192306567994091 0.00241704251693624 0.00472389957916539 0.00317549286609645 0.0018062731777265 -0.0038627780713182
761400 0.0490859065454113 0.192373452079295 0.00247715862700087 0.00369593293672151 0.00522200595660458 0.00125441317531728 -0.00321402036234103
761600 0.0488075608345037 0.192524964746413 0.00652216840184182 0.0031612918410718 0.00466961305105374 0.00231444665795674 -0.00154957346800497
761800 0.0492421507845123 0.195625257838263 0.0034450486122519 0.00617524513881472 0.00412790223471568 0.00131200221783689 -0.00236119463143752
762000 0.048816347167814 0.190930812720259 0.0100134682677393 0.00287048657547503 0.00578570460022609 0.00165262740472476 -0.00371605077670105
762200 0.049066719011701 0.191335538018551 -0.00036057724770054 0.00067992406908713 0.00627624343725958 0.00340636610182001 -0.00386797748910305
762400 0.0487198195164806 0.188015726286441 0.00048930524365047 -0.000885079069091712 0.00555047428776135 0.00171677528722108 -0.00333644856722082
762600 0.0490086077450108 0.188741722224581 0.00143492739359529 0.00224489689665376 0.00340138291149508 0.00188623518985543 -0.00185353792555686
762800 0.0489718928060815 0.189091068095374 0.00276881813364103 0.000568726162231796 0.00340663176704525 0.00168396327913935 -0.000820885471421984
763000 0.0490502563166284 0.191983758145728 0.00317820590682157 0.00270009190619988 0.00347794188482821 0.00250936567144902 2.65706283213518e-05
763200 0.0490748750567786 0.193780636143394 0.00757914960080627 0.0047650216281233 0.00426273843155176 0.00192522972294219 -0.00057977936678728
763400 0.0490623787402698 0.193052646123599 0.00664425240534621 0.00387745822769561 0.00205965743851736 0.00303535345494296 -0.00149640796420866
763600 0.0492785674402269 0.192554638887197 0.00478740639583546 0.0028014053819779 0.00427742998417701 0.00316233843337684 -0.000330563807052892
763800 0.0488135817403611 0.189303269746428 0.00416507748447712 0.00531347909141975 0.00309729375959303 0.00219921289067627 -0.00142721902340712
764000 0.0492555223634222 0.189312071711612 -0.00089180640966098 -0.000316103072244342 0.00399398529525019 0.00429505371582842 -0.00227662906192625
764200 0.048743565248407 0.186927821565063 0.00235931999766211 0.00335898089383268 0.00330225915543486 0.00527870979438805 -0.00232186743050633
764400 0.0491330125741284 0.190703060192696 0.00081971881057727 0.00562410955782514 0.00389293631834799 0.00210263452517394 -0.00082946326065512
764600 0.0489251547047342 0.189470640301585 0.00412215919154001 0.00501719896110699 0.00409982511740053 0.000748372295760059 -0.000759667422589479
764800 0.0491510588079736 0.190818448217381 0.00495218334963447 0.00362478866044228 0.00407228595417265 0.000585488549029129 -0.00109440472499486
765000 0.0488013792382964 0.189263899179704 0.00494027862126387 0.000590952354840856 0.00363951118865677 0.00044911848293131 -0.00182342584280827
765200 0.0492697679855103 0.194293781512163 0.00310407831264848 -0.000521819643190898 0.00318115690535345 0.000775321025817711 -0.00179098156652281
765400 0.0485817621133525 0.186942084003058 0.00409924042888339 0.00229811375657345 0.0035545902103816 0.00106059120304788 -0.00164773634723856
765600 0.0492733589689587 0.190195005148182 -0.000898464297431544 -0.00203162790548806 0.00408866766382217 0.00259175506132071 -0.0011590622722556
765800 0.0489723019570703 0.192199667967173 0.00429651619043054 0.00234419408672156 0.00269160610214133 0.00314713156562351 -0.00285087802747714
766000 0.0493593359738346 0.19379279236919 0.00225044073680262 0.0071385666394618 0.0025516030673826 0.00194879584188204 -0.00192299304105966
766200 0.0489073718488572 0.191497836542495 0.00459069525493511 0.00462436457218771 0.00400422519564185 0.00263391153401938 -0.00174944101453874
766400 0.0493596057402429 0.194672976763942 0.00160805224708962 0.00480084913225687 0.00516761171798653 0.00270292730080244 -0.00217722029518652
766600 0.0488689617519691 0.189421209840247 0.00414837681073805 0.00355230213405494 0.00433545944256027 0.00140168958625642 -0.0029169326073501
766800 0.049316450179499 0.190501315406245 0.00302414272338653 0.000751678494643346 0.00344081890955806 0.000622706185854121 -0.00195292736418342
767000 0.0488599054689779 0.185522673004228 0.00447074053672658 0.00126315832422679 0.0035715356518218 0.00236157677686311 -0.00150997185278814
767200 0.0492135152513656 0.19142355704802 -0.0013655209221596 0.000850476311699302 0.00524619794658792 0.00123575947492628 -0.001554849161024
767400 0.0490051123995576 0.190452590809276 0.00243912233037127 0.00237767898668424 0.00452032016554666 -8.49451872759295e-05 -0.00192014557864736
767600 0.0492767788638995 0.190566613980337 0.00360201651762878 0.00261633215666322 0.00263219823378847 0.00306560211224984 -0.00241476195184288
767800 0.0490763291093129 0.189677783227708 0.00513881270530981 0.00386512134723446 0.00298720119646172 0.000798310493900599 -0.00257986948271796
768000 0.0492784167333971 0.193807491351542 0.00647751424548478 0.00424772152445057 0.00453965213380303 0.00152439296496941 -0.00211620323122902
768200 0.0492991182732395 0.194621932023193 0.00772535798361512 0.00303525171084891 0.00291423419660949 0.00340097569702849 -0.00102797364751255
768400 0.0492303803761361 0.190874585739496 0.00343989535226773 0.00370129016211627 0.00272799520418616 0.0040631696602617 -0.000937923347425695
768600 0.0492795260826236 0.189480239225604 0.000465274006636423 -5.57681797713743e-05 0.00346355283493436 0.00376275053558085 -0.0033927005473648
768800 0.0489050316879414 0.188723348956935 -0.000992295565570162 0.00375725411803488 0.00439012927081778 0.00193227441361805 -0.00363279139227861
769000 0.0494932353638177 0.192031738437356 0.000545633166498401 -0.00284368326834264 0.00252797921276432 0.00212932409738969 -0.00321772832379174
769200 0.0491273215543941 0.189992769064823 0.0036372755958966 0.00496759158462716 0.00287661867491609 0.00178880114741186 -0.0040127560320047
769400 0.0494573762879971 0.194053605260396 0.007395763605167 0.00207718625929184 0.00323269801311043 0.00278880994575923 -0.00252702908537751
769600 0.0492456399768638 0.191688568508683 0.00336957814427973 0.00417140880459314 0.00248993444739436 0.00235114959576264 -0.00317457501834352
769800 0.0495155510495572 0.19286971310484 0.00361343238952478 0.00344350205226923 0.00205170697413551 0.00265577888066449 -0.00185556734076604
770000 0.0492383663962392 0.190076846601485 0.0033391825910288 0.000739614967284237 0.00339458834408281 0.00158890464891838 -0.000552386462681803
770200 0.0493757383099322 0.189961091693839 0.000977567332699302 -0.000214967622625102 0.00364709273733459 0.00204431618816336 -0.000919154606055438
770400 0.0491998427690398 0.187943399790251 0.00132330215390296 0.00341411050178189 0.00299519266033768 0.00114403243849496 -0.00119449980369083
770600 0.0494348936254307 0.191966964394209 0.00683307493283574 0.00287256612867745 0.002637115312978 0.000992841895281651 -0.00271814765044206
770800 0.0493804618325742 0.193535804681141 0.00661409361606195 0.00925991088462395 0.00465198413990915 0.000488821415800399 -0.00245501823542695
771000 0.0495983864295132 0.197053831830869 0.00885833863024982 0.00208314115000516 0.00316698871372927 0.00266597365930923 -0.00217512326419927
771200 0.049276779021948 0.191401260965356 0.00141652143500075 0.00443562352961302 0.00364861121825153 0.00206129602539293 -0.00133621794554419
771400 0.0493005956555023 0.187778254180684 0.00152309780711874 0.00315793436813205 0.00367445585858852 0.0019098248923564 -0.000423775314627638
771600 0.0493137029161324 0.189547724885879 -0.00163392739829507 0.0027949640171256 0.00449300472473103 0.00199251980169801 -0.00018840073197943
771800 0.0493902821420785 0.193223920369309 0.00376514935235126 0.00212570899961774 0.00570980681362614 0.00152032282509263 -0.000661312553678971
772000 0.0496164348179556 0.19417290568234 0.000800074589824487 0.00312688380820299 0.00476280549201556 0.00182168191571626 -0.00101978972606816
772200 0.0492844118346596 0.192283410015946 0.00684302004785774 0.00473060897819646 0.00418580913968361 0.00119051420674063 -0.00154801288986523
772400 0.049778729511787 0.196645412790996 0.00553096946593627 0.00285954824778567 0.00288050482082611 0.000874648632482521 -0.00244914916649034
772600 0.0490643079806106 0.187868319720141 0.00266280828397735 0.00144455709431653 0.00380846899140626 0.00144574322054003 -0.00106916295655046
772800 0.0494866820536533 0.189601481260235 0.000177637450598035 -0.000603715136137655 0.00313945224966772 0.00336300471408676 -0.00282803434329829
773000 0.0492810500144511 0.190423293803833 0.00434888596175195 0.00157177643087672 0.00336522227452571 0.0031515444862809 -0.0031638662396056
773200 0.0495993228274911 0.192817946910589 0.000466218565125461 0.00179224934944482 0.00299213028006742 0.00252014536712561 -0.00211639955238182
773400 0.0493759145437665 0.189197156270848 0.00351937879107278 0.00448649631302309 0.0050405541301336 0.00224413922211245 -0.000539152497899141
773600 0.049463703086942 0.191708800604699 0.00171636688635642 0.00556172387858365 0.00332794052584329 0.00267632183461757 -0.00114600777800076
773800 0.0494497765669023 0.189535133040661 0.00235445896885501 0.0054630474669454 0.00570434089403401 0.00276300898362467 -0.000942932386058988
774000 0.0495304757740738 0.189885487278722 -2.1113291888488e-06 0.00148320329936212 0.00383397915208187 0.00185083718989685 -0.000879590107869052
774200 0.0492738754085671 0.188389425306133 0.00531820970842516 0.00309442643903887 0.00253500785978012 0.00265173515669428 -0.00182962914898543
774400 0.049548771590954 0.190948666045164 0.00475496299808009 0.0030763287941949 0.0056641881346857 0.00226320074210225 -0.00109710951863835
774600 0.049529204979724 0.191996409363093 0.00334432201907201 0.00470762234339593 0.00623979930686169 0.000943393700398658 -0.00225312703484079
774800 0.049279959043093 0.190293664901865 0.00414350740965422 0.00341084575182404 0.00271567597565473 0.00210260123887607 -0.00151687744600409
775000 0.0494820361166891 0.189323419376018 0.00182270183639456 0.000299050165524609 0.00301555652611602 0.00379162534451898 -0.000385641604715163
775200 0.0493150230156664 0.188620427282715 -0.00147658643606705 -0.000277878743329213 0.00383282333449368 0.00318367495781603 -0.00113741489478492
775400 0.0494760836786378 0.188941889891146 0.00159052867136786 -0.000783245918321621 0.00607527178502744 0.00341681829401461 -0.00190163387726552
775600 0.049425552164046 0.191055754152822 0.00379445174028353 0.000458570044424826 0.00311663195683421 0.00259819667789278 -0.00122566668413003
775800 0.0495728344144751 0.192508329708073 0.00374763142503985 0.00526952630186004 0.00398000455951274 0.00142176092201878 -0.00121226088794552
776000 0.0495574322292003 0.190308531207763 0.00391353731644081 0.00514758438237734 0.00359185355847978 0.000146923661570834 0.000171849802603159
776200 0.0494355270891077 0.19029782055029 0.00616619981175261 0.00243369059319675 0.00517365679732344 0.000400983223130642 -0.00128762391237722
776400 0.049513593857856 0.188866526175516 0.00573216097958135 0.00316581058079972 0.0064955861847122 0.00139815466861073 -0.00151435775683673
776600 0.0495708489687478 0.193362087182093 0.00453037463056052 0.00309922426362491 0.00423157144094335 0.00379088679093072 -0.00177397150273699
776800 0.0494856979968597 0.192007166449344 0.0013911781440342 0.00295501217752886 0.00348874734005368 0.00333202425519573 -0.00178263683483909
777000 0.0495553957004406 0.1913576620035 0.00232647040026851 0.00127628736163931 0.00412480694514243 0.0020917164540789 -0.00241946213577019
777200 0.0493081822751145 0.188539159155025 0.0042575090923195 0.00175695086033175 0.003472869703839 0.00236874605754932 -0.00027378760042683
777400 0.0496216882917976 0.190894306023677 0.0044082787385767 4.51359009664338e-05 0.00331168893347836 -0.000733465501616827 -0.000487281555866588
777600 0.0493255257836938 0.188094227402626 0.00412631065182135 0.00218108034543701 0.00488885155014647 0.00126978647490983 -0.00150710058355465
777800 0.0494912095081857 0.188800755423074 0.00201695702521941 0.00164415279394913 0.00550177879597682 0.00263683097020085 -0.00271515456337487
778000 0.0493971087300646 0.191662532166726 0.00106091769135717 0.00204111691670852 0.00508763363331399 0.00438760737640125 -0.00195365306337341
778200 0.0494265734032517 0.190926379197123 0.00284210878235395 0.00124709314529647 0.00654819498160905 0.00254178630972695 -0.00165691590080414
778400 0.0494975837703784 0.190753150365462 0.00333400878141067 0.00260246919275401 0.00368470245919722 0.00288372760291987 -0.00173236772351625
778600 0.049587206917697 0.19363747395021 0.00427964485741654 0.00387122774662233 0.00479354829998658 0.00302635525586279 -0.000886862617612242
778800 0.0495616765024275 0.193633120885624 0.00341410634774127 0.00777143016554028 0.00504834415258194 0.00471149826128562 -0.00198101591124893
779000 0.0496373800331136 0.19328560980006 0.00451198101239109 0.00157261514370853 0.00381973584102082 0.00161484852434071 -0.00277814910440005
779200 0.0494222437369387 0.189701012953143 0.00192412562844799 0.00032188579808155 0.00242619043100714 0.0025782571310798 -0.00241363632405919
779400 0.0495324254566676 0.192422747819693 0.00284161233651615 -0.000279399118632245 0.00383296343126375 0.002860884743437 -0.00354827560345812
779600 0.04943967292015 0.189523149200991 0.00121389178878617 0.000868955471376194 0.00363047646129849 0.00152724125552709 -0.00357354751226365
779800 0.0495918736822236 0.191889042789365 0.00239878456563658 0.00105837975308753 0.0061410591553124 0.00319998143762697 -0.00261893747733043
780000 0.0494174308006028 0.190308132512277 0.00550870992618819 0.00453664841422684 0.00318322902129052 0.00265668120829786 -0.00247566740290569
780200 0.0497428924411673 0.192868059833543 0.00241620835329465 0.00301784176993821 0.00352853577794925 0.00192033466368287 -0.00341450999871976
780400 0.049342903036297 0.189149697747898 0.00353365804649603 0.00313835673057639 0.00449883820937461 0.00189778746262676 -0.0013182096483923
780600 0.0497355514882548 0.192188333311179 0.00306451289202036 0.0039522637524747 0.00420017217853089 0.000523182839426595 -0.000857093404228577
780800 0.049310390694974 0.189309584535994 0.00473853925887662 0.0037231482304817 0.00360652422977175 0.000737652604958171 -0.000559373031675769
781000 0.049854125197509 0.191850980526804 -0.000511055201727819 0.00254551015268705 0.00214652915398486 0.00206341748558546 -0.000739359908753238
781200 0.0494415110031036 0.190120809309874 0.00225404847620192 0.00223135807346587 0.00241318305837982 0.0032686760898346 -0.00193016939997751
781400 0.0497529417947424 0.191229827510882 0.00188578605244934 0.00165060078753457 0.00460712414160058 0.00378441601830465 -0.00253145799752482
781600 0.0493817947167702 0.189109004383756 0.00456934502294554 0.00145279581585253 0.00609306470158325 0.00191002873179169 -0.00233556421924613
781800 0.0496505616970855 0.192203445653132 0.00169165063785079 0.000509744297642157 0.00520664829803442 0.00238228931422099 -0.00209327115356821
782000 0.049545865113748 0.192297638785061 0.00465801905102266 0.00226011932887359 0.00465603005719782 0.00361920825163777 -0.00238237407002818
782200 0.0497550254114763 0.193233191734339 0.00150582089140461 0.00383050262026975 0.00355227798210295 0.00363972876580044 -0.00269507077787421
782400 0.0495270777215543 0.192177663144286 0.00336838481259264 0.00212233909608387 0.00588911206507465 0.00248164886443878 -0.00243027105406718
782600 0.0496865692825694 0.192265918110556 0.0017134575626596 0.00306359650273581 0.00356746840138325 0.00232352138091404 -0.00202545129456535
782800 0.0495552773501589 0.190104330565158 0.00490848168817779 0.00121530437072678 0.00432505254930602 0.00221782600821542 -0.00252526191546373
783000 0.0496891404103514 0.19130190081165 8.5000212779229e-05 0.00380295637305873 0.00438115351180972 0.00238961907811739 -0.00209913965447152
783200 0.0495354613092139 0.189155911603178 0.00100599908747459 0.000833108065617976 0.00404467667336825 0.00381338753966658 -0.00123143235512461
783400 0.0495892848385158 0.190034004662351 -0.00256835800856789 0.000662354338226859 0.00405139625547324 0.0031627497404701 -0.000168942892970573
783600 0.0495769986990203 0.191542264755333 0.00303382285966734 -0.000930945581967026 0.00445944542169826 0.00278729926901596 -0.00071945168754385
783800 0.04961222597827 0.189493218083353 0.00227618192689614 0.00272278972722502 0.00442405214062494 0.0021960262966449 -0.00167949568651406
784000 0.0496858507858404 0.190088027953693 0.00440598405251201 0.00215393223552104 0.00635675084016248 0.000784521548305902 -0.00301854148733586
784200 0.0495977409797676 0.19075089393361 0.00189247202334774 0.00317456865798568 0.00481905592772078 0.00216158950608986 -0.00388075746179674
784400 0.0495669746781195 0.189637101686204 0.00231875554362527 0.00122196524910553 0.00514455774731562 0.00325299109521788 -0.00250514488874542
784600 0.0497055643571338 0.19101956432867 0.0018213252079633 0.00391803667318321 0.00621410544503305 0.00116099116215776 -0.00230143662916373
784800 0.0496651385064355 0.194446512672813 0.0045113441758044 0.00351041836893515 0.00570989837288063 0.00275457489778947 -0.00176436242457243
785000 0.0498418765490068 0.191511836263371 0.00266812960307158 0.0063583212990033 0.00342645123909612 0.00012290442308365 -0.00333108131032001
785200 0.0496695561652688 0.191494049792059 0.00226182180400743 0.000532592998757344 0.00358386076201025 0.000805839687985205 -0.00187499665439502
785400 0.049802299763612 0.190001264206556 0.00187763627641642 0.00305627104563968 0.00358695963057565 0.000603165779721003 -0.00282317665959626
785600 0.0498017349993879 0.191543913885394 0.006569894946055 0.000850857538970152 0.00500768224200624 0.00229294038477773 -0.00317563237226412
785800 0.0496571181709167 0.190140576694431 0.00108410128288891 0.00316849964406549 0.00300313992520244 0.0026961622185458 -0.00243068045423187
786000 0.0497209904691671 0.190166042544465 0.00660911049763274 0.00191117859850106 0.00344362053643777 -0.000446459395625528 -0.00148495713130171
786200 0.0497416942450284 0.189364278217844 0.00364354504664136 0.00208682903773491 0.00173340038753342 0.00169475617747301 -0.00230869139408732
786400 0.0496558021822117 0.193136225736199 0.00310748733525446 -6.08132462179274e-05 0.00129243193598434 0.0031264771599156 -0.00269921014024204
786600 0.0498082645756511 0.192148618436109 0.001040664324076 0.00178253814886715 0.00378021936833937 0.0019764797087558 -0.00185850996613577
786800 0.0494980290141845 0.188801180553208 0.00484612959700898 0.0033411019187109 0.00636000854812585 0.00198322602115374 -0.00289605340254594
787000 0.0498504997352278 0.191752666139302 0.00326371916782029 0.00176254663157743 0.0059484500889669 0.00298650901386477 -0.000965961932166162
787200 0.0495978082010206 0.191052458465127 0.00554208254384746 0.00244942899212615 0.00341785709907026 0.00204074949106498 -0.00229068551244199
787400 0.0498641083981681 0.192300533176705 0.00226270726953853 0.000442843265178442 0.00269902675855814 0.00137387558309308 -0.00169568373774112
787600 0.0495646183783613 0.190184214503362 0.00369568029444717 0.00161687403653404 0.00404619760842906 0.00203466362345964 -0.00213982775363261
787800 0.0498844157647533 0.194017867478809 0.00141260300071166 0.00307732495719778 0.00394555891314771 0.00127823575337647 -0.00241137461385153
788000 0.0496007695433309 0.190677641185763 0.00402557957940692 0.00259782986374163 0.00402993390097332 0.00116291732797757 -0.000314704962983542
788200 0.0499081198425877 0.192934388737615 0.00148442736366632 0.00310875895674704 0.00398926380756748 0.000525732938693837 -0.00112780099233626
788400 0.0496714100450782 0.192857209714054 0.00448553086349984 0.00452488541391402 0.00489889584579551 0.00126057611265292 -0.00128881869874603
788600 0.0499240463702547 0.19419256627617 0.00567108049805471 0.004659570460558 0.00367528843987378 0.00284340378845173 -0.00133207512052438
788800 0.0497117096411744 0.191746057189628 0.00534305126615295 0.00458362420256523 0.00505989169581165 0.00273578404553287 -0.00262723585834987
789000 0.0499366778826461 0.19109101681698 0.00378391054105988 0.00364003239742942 0.0053516187920236 0.00256855246292714 -0.00037622820146377
789200 0.0496571104343075 0.190178257602536 0.00405356958903533 0.000493586654501672 0.00291641568742523 0.0016565531134724 -0.0011333921956052
789400 0.0497738567190631 0.190927359997487 0.00367277427652338 0.00158584880408051 0.00409371901053498 0.000972918363559819 -0.000608216870222956
789600 0.0495725275977327 0.190007818696003 0.0036035935115838 0.00107976004692415 0.00422783159594981 0.00186088976260457 -0.00332163063776138
789800 0.0498658792260801 0.193692221477987 0.00290147106665479 0.00170244245479183 0.00413182992388181 0.00167020445282367 -0.00374339410030373
790000 0.0496509573280606 0.192421637330963 0.00452923377936626 0.00137282489613533 0.00369299285662894 0.0022178591941073 -0.00302071286777741
790200 0.0499445003738383 0.194488227985794 0.00265949474502368 0.00103281589576278 0.00249258361309694 0.00272021786803373 -0.00320413113214029
790400 0.0493446867978948 0.190656277198841 0.00407364234756417 0.00284663645442026 0.00521563579275044 0.00362262187281259 -0.00292475844350791
790600 0.0501838370136668 0.193282535347243 0.00104935416681521 -5.57596386442858e-05 0.00430728206006711 0.00311985023633572 -0.00338729999302648
790800 0.049282745666318 0.189958944046828 0.00497778029969626 0.0039245275063588 0.00470536467058585 0.00188998590377741 -0.00114108729862982
791000 0.0500477055294994 0.193291464715942 0.0037227119522999 0.00253748817341376 0.00338598735746572 0.00160546020920491 -0.00287506566363081
791200 0.0496504520276094 0.192002011061597 0.00401742260798185 0.0018767751307872 0.0045777511702067 0.000629716718647971 -0.00333079051660203
791400 0.0499140751841712 0.192490467171908 0.00517213513577762 0.00149932029778025 0.00381141070414822 0.00283922393708957 -0.00260869571760952
791600 0.0496951490982619 0.189986796762749 -0.000879852767135935 0.00240436037247104 0.00366225912668573 0.00337230495002892 -0.00157751498256624
791800 0.0498745856040548 0.189575217185148 0.00281109665996256 -0.000186102368605913 0.0028922504913037 0.00307554830173401 -0.00330132568736134
792000 0.0496737214855266 0.188556972314949 0.00498370038571302 0.00182138202032106 0.00306599870729818 0.00305184356237691 -0.00221527609799913
792200 0.0499662096061786 0.189523813882032 0.00339776058941806 0.00374580173602329 0.00267332409884034 0.00107679567775613 -0.00296573078151994
792400 0.0496581257614519 0.188422268330057 0.00322179163792889 0.00191137003401581 0.00177211582339333 0.00115371437135063 -0.00126351277378376
792600 0.0500199337820644 0.191245738296451 0.00326717491730711 0.00221732070058722 0.00598346018270754 0.00196060995511075 -0.0014752098962654
792800 0.0497318848456663 0.190889170297216 0.00388523680827369 0.00526846262640614 0.00440140608563903 0.00276501942679773 -0.00125281768268895
793000 0.0501429139206024 0.191341273479917 0.00253592274279881 -0.00029382879523299 0.00297856332468743 0.00164465749657575 -0.0018385077817867
793200 0.0495607626490536 0.187966648319595 0.00070919707311503 0.001771264693467 0.00338243680876682 0.00125697632557555 -0.00231672646526669
793400 0.0501223168292274 0.19136280301702 0.00549264520274279 -0.00083003557269381 0.00426768349124181 0.0019027810360333 -0.00383505833204574
793600 0.0497685421432593 0.191943097784838 0.00302645278640917 0.00646479595721162 0.00430195563913749 0.00136255535314804 -0.00256697247532668
793800 0.0501917355195545 0.19316098001802 0.00796220828160955 0.00384125390864138 0.00330493101692593 0.003038097533123 -0.00161001618056407
794000 0.0499234639896847 0.192490368621237 0.00317238229710575 0.00527271755926681 0.00353481995844252 0.00147125494222349 -0.000282075288508197
794200 0.0500380177217536 0.191732451020113 0.0015084669683446 0.0023142630492635 0.00202043624945817 0.00210260820284259 -0.00309521859015151
794400 0.0498164905239906 0.191199588601463 0.000112910920147501 0.00108284948184954 0.00386746203169017 0.00199539585732566 -0.00232784669586543
794600 0.0498770703373717 0.18865738735864 0.00177193435192622 0.00194362221152329 0.00306691704100956 0.00369516133723153 -0.00261437839615946
794800 0.049908778407332 0.189861390678637 0.00339462601327025 0.00330111079651046 0.00240999073926196 0.00297783800818751 -0.00119523104020046
795000 0.0499546206020553 0.191936271822399 0.0036185707700461 0.00216055537962706 0.00392871804447931 0.00175957123791256 -0.00118751623575135
795200 0.0500326289289628 0.195260043667066 0.00498438084738861 0.00512927997101405 0.00421069213851784 0.00293787363320976 -0.00239040058851598
795400 0.0501253928614723 0.194197634841345 0.00735029712257325 0.00527868499929551 0.0042983252844189 0.00118382730249564 -0.000582935950933078
795600 0.0501365489626265 0.192504471521452 0.00171373909825467 0.00516232090984983 0.00404207512015516 0.00149843996775641 -0.00111293171672181
795800 0.0499623440959838 0.189932926094841 0.00198414304359696 0.00280751150171724 0.00474251607456913 0.00220600832928374 -0.002930966780971
796000 0.0501544936239021 0.190667402458804 0.00162584576620394 -0.000161944840641636 0.00515871135865197 0.00123660561097446 -0.00304415946810377
796200 0.049893822625206 0.190068554659744 0.00421093717031001 0.00262160821896097 0.00585815613542712 0.00227766524400761 -0.0023903400460034
796400 0.05026341868854 0.193180328634622 0.00368346568721786 0.00369012170252362 0.0036761655226607 0.00181234287965727 -0.00304750804637079
796600 0.0498892695051078 0.190704884948546 0.00137869783935425 0.00482288587266017 0.00440679486674485 0.00326776738768854 -0.00228427991955603
796800 0.0503180075595486 0.191733425987206 0.0011948480039828 0.000173445606427182 0.00337320844038492 0.00288815198329028 -0.000801968886630394
797000 0.0498217638522983 0.189246527923993 0.00477595116542707 0.00357915574975479 0.00515869225254655 0.00216937050613654 -0.00223117379047195
797200 0.0502707344378434 0.194523805456457 0.00423818956947237 0.00497817279180724 0.00464391055384908 0.000916295239538238 -0.00307067978793305
797400 0.0500091945798795 0.190012956061141 0.00555963184899368 0.00422824066223367 0.00415123352701405 0.00160571414625269 -0.00114932481237273
797600 0.0502059852050464 0.191092303078266 0.00344990553870549 0.00304360915901396 0.00438922566394517 0.00432140140280462 -0.00254544112967736
797800 0.0500521990153274 0.189188685666265 0.00109920445074391 0.00400812437411337 0.00413702417139919 0.00278206440205441 -0.00141416543221462
798000 0.0499468881926679 0.188739367211022 0.00168664961370567 0.0030948639420369 0.0035488430158632 0.00194097141741655 -0.000705277208636666
798200 0.0500936780797407 0.188984015637205 0.00445609203605256 0.00328626285736385 0.00342676716987399 0.00104680542312812 -0.00167069479644922
798400 0.0499336335737882 0.18961972299619 0.00509288013261228 0.00295829091201947 0.00460476584434415 0.00322889149997961 -0.00279359116076373
798600 0.050286094638667 0.193155290368101 0.00615008040119055 0.000764635884355965 0.00520894071541017 0.00143366866482078 -0.0018861914395472
798800 0.0499555128391563 0.190244356114748 0.00631344167873601 0.00578818494798029 0.0036539113775337 0.000467651673743833 -0.00138493372193956
799000 0.0503148359034511 0.193917636633231 0.00440450546727577 0.00322980609260185 0.00293489146228427 0.00193026449520995 -0.00118021425246152
799200 0.0499712049627266 0.191705331462365 0.00164006531436975 0.00530683662343857 0.00254667709480695 0.00127177327429904 -0.00214371035304598
799400 0.0502366590014225 0.192621838068082 -0.00255638440211101 0.00139300840761176 0.00371229609665913 0.00266527142423566 -0.000899586663942209
799600 0.05000504626649 0.191688855937893 0.00355812981976503 0.00338588451384874 0.00436475978161103 0.00194196926842231 -0.00102631434691576
799800 0.0501819191859213 0.191098032957872 0.00258092385680762 0.00228021301780088 0.0053196029697172 0.0015156138088677 -0.00251918583746873
800000 0.0500945004805947 0.190448365001496 0.00316082448354758 0.00531665220827499 0.00503993501878837 0.000950840611750998 -0.0031592213636937
800200 0.0502737462924693 0.190497360704536 0.00141234387326121 0.00131581098244027 0.00207660895069635 0.000988568321964385 -0.00217581407734004
800400 0.0498016248461425 0.188147017707932 0.000162184030013008 0.00432280937335066 0.00386329021247715 0.000859345759923634 -0.00268927084015604
800600 0.0504996449462344 0.190885642660813 -0.00104616674100118 -0.00452968133935699 0.00454171359947353 0.00185236644275306 -0.000898938175462133
800800 0.0497506101366806 0.189031858504634 0.00105811481079799 0.00450743305655165 0.00378469557334924 0.00201419765512149 -0.00216298002404271
801000 0.0503951869984786 0.193168006004296 0.00384911145938705 0.00343013968258403 0.0010971264816934 0.00232403639306539 -0.00240099266622017
801200 0.0499975121964076 0.191355003271657 0.00297111237714832 0.00508948577540151 0.0029378711207194 0.00244241349479224 -0.00134789567608794
801400 0.0502457820110334 0.191308961829679 0.00619245837933417 0.00312549587210651 0.00241939210541455 0.00197048084470794 -0.00151215787455774
801600 0.0500837964448278 0.188898234552273 0.0058752391856827 0.00389710143425447 0.00283815553895464 0.00299042377027127 -0.00220641279395463
801800 0.0502628511158996 0.190152474342035 0.00207952330879831 0.00155604522711425 0.0036153477985767 0.00213251173033287 -0.00280933924779022
802000 0.0498323914168196 0.187890994754138 0.00225779615522744 -0.0010297867159657 0.00268285752876056 0.00280697722113941 -0.00313114196238958
802200 0.0503420568108952 0.192694140383765 0.00151665496655938 -0.000399026734860467 0.00359614502130242 0.00263424049119658 -0.00105857955436049
802400 0.0500903731098483 0.193828169233832 0.00382045184190384 0.00649836191150769 0.00288064487193449 0.000503108999155398 -0.00148652677594758
802600 0.0505840047854821 0.195793854349858 0.00551021730537108 0.00532585601941845 0.0045149903354253 0.0012577344844861 -0.00131323913390448
802800 0.0500813270817223 0.191667554409718 0.00457111826149131 0.00305849686601557 0.00354710978812773 0.00197953531294908 -0.00294245578850973
803000 0.0503361321364308 0.192031846116093 0.00334781053913151 0.00080838825431876 0.00376884260091413 0.00276784152710634 -0.00290363652631787
803200 0.0501875193295318 0.192431336059162 0.00265610913481665 0.00138517588708472 0.00447402497070159 0.00193227116476002 -0.00205270932740796
803400 0.0504574544469996 0.194142794679998 0.0010922275187997 0.00164795922472208 0.00528158949516631 0.00153311652817187 -0.00232992648171173
803600 0.0500824925625667 0.19207988532569 0.00138928672486874 0.00482667854168327 0.0035609090500405 0.00119408173385034 -0.00181680171202437
803800 0.0505579644684636 0.196837300305669 -0.000658120101795126 -0.000600049017719369 0.0035909440527452 0.000592215895377699 -0.00222053822068431
804000 0.0499185319330269 0.189125720470775 0.00313278142556942 0.00510679375886804 0.00484136900000634 0.000250750178789109 -0.00274666397004384
804200 0.0503779840234061 0.193683853244216 0.00284974541068908 0.000987381613078384 0.00439604459400925 0.000211627046739327 -0.00236233656163784
804400 0.0501470850795955 0.190272110139162 0.00170657038875681 0.00418519120142288 0.00494355959893459 0.00133173805044695 -0.00283765147866876
804600 0.0503615838988696 0.190599815729047 0.00224745076907824 0.000661487283024942 0.00468171438056829 0.00304565890244601 -0.00237805653675076
804800 0.0502380385445733 0.1923935309622 0.000707181279128798 0.00315226642588325 0.00271390883688538 0.00109927092120559 -0.00114480734725172
805000 0.0504346896580598 0.191552113367896 0.00238999117293588 0.00290813082530404 0.00386607900863854 0.00152378408124756 -0.000916172264874546
805200 0.0503598904329218 0.191178879069988 0.00645844811190825 0.00272598271425751 0.00306267802804939 0.000191831016734428 -0.00178463362659174
805400 0.0505335096580883 0.194148544146969 0.00421961356871918 0.00463240339199756 0.00431512262487365 0.00194876811907479 -0.000731174275227318
805600 0.0502400380826399 0.192003884987328 0.00675972554191439 0.0044370371384553 0.00539475446106186 0.0013559075487163 -0.000585679862237015
805800 0.0504919157506215 0.191352539800984 0.00315855440728743 0.00349195861185886 0.00415132030150387 0.0033541215577691 -0.00118929739680146
806000 0.050107754197974 0.188175442745492 0.00239844043365835 0.00194170173305927 0.00570044858967373 0.00348246467115377 -0.00093257595294805
806200 0.0504117386271713 0.189064040125705 -0.00175524666880051 0.00100105711030773 0.00451620011353302 0.00246311240498295 -0.000937184222382263
806400 0.050104248675356 0.18538793234123 0.0024028967777098 0.00185018069293078 0.00415441031610675 0.000764944810727243 -0.0024629952978862
806600 0.0503286728624202 0.190331651157843 0.00289713461745793 0.00277610327400526 0.00183785356623154 0.00169160080567714 -0.00161396585573274
806800 0.0504324190479404 0.192285627325886 0.00403852056805931 0.00116096790973004 0.00430493308923544 0.00191650404361034 -0.00156898049801764
807000 0.0502895433861651 0.193383311088576 0.00453891559326188 0.00285469976219671 0.00536523513819245 0.00386796250973288 -0.00239539284469183
807200 0.0504362875634657 0.19354599304409 0.00368591585288023 0.0037428859441731 0.00477014294270692 0.00224459751781292 -0.000918761715089459
807400 0.0503248299137538 0.192933912935662 0.00163830657227533 0.00564375916467359 0.00485348565065253 0.00167887163671994 -0.00168309166125937
807600 0.0504310015005293 0.191846223829005 0.00379860227953523 0.00210434461985292 0.0059137014037349 0.0014800223103922 -0.000740628272264943
807800 0.050277795535734 0.190414630560103 0.00317277644176878 0.00422626805850815 0.00507709195923142 0.00329876280808919 -0.00124618637436144
808000 0.0505517048280209 0.192087757323585 0.00568505848848515 -0.00112661778162523 0.00530937442593569 0.00174307109130665 -0.00151296647460537
808200 0.0500127230597886 0.189120531514186 0.000511672260749468 0.00425713589540406 0.00582244103159762 0.00248556338757643 -0.00211166504125015
808400 0.0504721247024122 0.189888575867405 0.00270516352549829 0.000632018505967069 0.00532746215666821 0.00376098223826141 -0.00188733230400154
808600 0.050281176662673 0.189154505291041 0.00509635558080114 0.00450387958600961 0.00449633954676855 0.00274654129072252 -0.00218207334851086
808800 0.0504017519575746 0.193316582443205 0.00318057387327232 0.00155547468512648 0.00388863375661113 0.00245663811724295 -0.00100533877940314
809000 0.0503478853274096 0.191202204709431 0.00505808598389102 0.00509755428393702 0.00373395272249273 0.00226992329068375 -0.00193953598863003
809200 0.0505840266113331 0.192233302323593 0.0039065932485689 0.0019969848372164 0.00381807604233187 0.00251352668394439 -0.00150366761862746
809400 0.0502253538645317 0.189141557187159 0.00356637134402386 0.00176001113915752 0.00347875709724923 0.0005410832974108 -0.000568416556237942
809600 0.0504354979595629 0.189128329146411 5.61815343889489e-05 0.000199270734910703 0.00406514802155767 0.00320315866093959 -0.00248396321617129
809800 0.0502409046116871 0.190185651094743 0.00115681788248685 0.00374690278526019 0.00411904271620558 0.00113748606057948 -0.00134600950925793
810000 0.0505489775975572 0.191332366969411 0.00281918775414479 0.00255483304296968 0.00405579579789572 0.000211888304498871 -0.0016868694545135
810200 0.0503645237360556 0.1913261376631 0.00429037422864987 0.00573860549647644 0.00383564924306297 0.00166294134808616 -0.00394669994125238
810400 0.0504877286053881 0.193908939975841 0.00263742308701139 0.00399194287600314 0.0055156983029387 0.00220173627476556 -0.0017166467497003
810600 0.0504014738699967 0.194345348454072 0.0019455704274007 0.00557163021958642 0.00395710568970147 0.00181576408896264 -0.00246564544360687
810800 0.0504832341920812 0.191979397790682 0.00433862358637459 0.00138863433675289 0.00440008246126804 0.00268671786882623 -0.00269427645992277
811000 0.0504175390218053 0.191037125727213 0.00300937547000435 0.00295599304200391 0.00425440104284337 0.00138673707437434 -0.00271631186881943
811200 0.05044656280041 0.191953368742098 0.00512030710594406 0.00140198177776682 0.00371983186153557 0.00203210279213621 -0.00410263186017063
811400 0.0506308078319635 0.193708621963133 0.00228596319878497 0.0027182968834551 0.00525212484449898 0.00152340983839848 -0.00283040940575555
811600 0.0502539455606389 0.191504793496886 0.0051896923936842 0.00266152973084011 0.00422047750919234 0.00232462030001113 -0.0028098850256572
811800 0.0506094184995347 0.19261269245194 0.00220521514238755 0.00297935972582429 0.00423240164312712 0.00223573418283565 -0.00211142659023347
812000 0.0503189104775124 0.189986189301812 0.00331375422426594 0.00493448778298017 0.00352547110415983 0.00225570006869882 -0.00248797161685818
812200 0.0506072360655243 0.194645513848057 0.00124885657795454 0.000994288813319552 0.0029878498546496 0.00226601295291072 -0.00317574540094237
812400 0.050199943491084 0.189665675831044 0.00296216382669652 -0.00124054752698056 0.00363616260277676 0.00122143376360404 -0.00220991385021526
812600 0.0507344686207918 0.195015099148451 0.00484898828495314 0.00287092973510666 0.00351609712642468 0.00189632108634005 -0.00270374842845504
812800 0.0503015527322301 0.191935655788435 0.00721781307378936 0.00451644832789242 0.00400413951118949 0.00221663290550531 -0.00204807685572917
813000 0.050692318129859 0.192201839762798 0.00327008440176907 0.00450105512134796 0.00392720441172909 0.00143155596346423 -0.00116242590127959
813200 0.0502746753789517 0.190266566127831 0.00331424690203618 0.00205225956257949 0.00480593499562913 0.0027964058151084 -0.00164511505740131
813400 0.0505867368229372 0.19242834838635 0.0020785392933504 0.000545482539687081 0.003133584263777 0.00250000503570659 0.000321733542760949
813600 0.0503949002519796 0.191652336513878 0.00374447466837458 0.0011182353514039 0.00305143347526174 0.00315182272828053 -0.00268092772864369
813800 0.0504938892167366 0.19365062161975 0.00420136121231684 0.00259923924899492 0.00413644951897652 0.00177141239228674 -0.00185494580359638
814000 0.0505067891897234 0.195208351340041 0.00337654150345179 0.00165602786649572 0.00500275721708539 0.00170490364505418 -0.00247395116973624
814200 0.0504468990642546 0.19303847194441 0.00191542638732531 0.00427585303544777 0.00430078239498436 0.00342725636872343 -0.00221881167730346
814400 0.0506213628846252 0.192156068872885 -0.000227245849551324 0.00187377675583541 0.00340234303755044 0.00180231811947386 -0.00169383331568107
814600 0.0503006583906278 0.189255881172808 0.00162041524923777 -0.000240486440465641 0.00367469564272603 0.00213594456271601 -0.00184685672851675
814800 0.0506063950705758 0.190049072603317 0.00150023972806819 0.00135456391924598 0.00438221819311002 0.00220454558182988 -0.00369616985400339
815000 0.0503606929585347 0.190484385774142 0.00424808657766374 0.00305971861683769 0.00500932392765266 0.0032941445136159 -0.00287574250316676
815200 0.0506010392159183 0.194269371070366 0.00290355724509165 0.00203980584385426 0.00605756185501821 0.0032124397687017 -0.00103714453109087
815400 0.0505098864748139 0.194318211727614 0.0020542279506832 0.00538521092127297 0.0056376861188542 0.00258212563887114 -0.00112117212993961
815600 0.050793743721868 0.194438877545268 0.00488205276358345 0.00516092746009118 0.00311623661286564 0.00202199659045551 -0.00278491785342381
815800 0.0505059194187968 0.191926530336897 0.00509627890734069 0.00507152664550683 0.00318828801807551 0.00140038002325733 -0.00278305427066552
816000 0.0506535475479083 0.191416678421319 0.00254045253904588 0.00415221508704695 0.00336528897047556 0.000602094259791627 -0.00393221273329276
816200 0.0503297639916609 0.187935940392077 0.000997421863864848 0.00572728964975951 0.00500689814685502 0.00320198254232424 -0.00257318794720427
816400 0.0506781167877538 0.189516493124226 0.00172712701304023 0.00180378514991372 0.00460160118626843 0.00178522469201712 -0.00388513884107079
816600 0.0503402072875408 0.190229441855516 0.00313169514180617 0.00378667186973125 0.00255490088452914 0.00279937264109704 -0.00344638783344436
816800 0.0507622996622053 0.195765799544507 0.00420612443777536 0.00339891169306073 0.00279497377610205 0.00226970286001206 -0.00247697095103527
817000 0.0503620109125538 0.190642524482725 0.00421563856541728 0.00606448486447137 0.00153072307895282 0.000844448743346778 -0.00125379397023354
817200 0.0508231925214961 0.192210094098658 0.00419754487118554 0.000237022949499799 0.00412620267798563 0.00205846711117646 -0.00217472287997394
817400 0.0503308645310769 0.18954474702753 0.00243182719586616 0.00523348330200906 0.00437436087095819 0.00254098194530669 -0.00168683007306697
817600 0.0507263771134485 0.193003910513163 0.00344198724063989 0.00344788299243839 0.00448959270553528 0.00296555022309973 -0.0023321104886107
817800 0.0504103403450257 0.188486792079298 0.00487837315520892 0.00175502492474951 0.00672585231568507 0.00312530763655586 -0.00171031747684574
818000 0.050717153099958 0.191415370348513 0.00282564869302923 0.003366979415282 0.00610652314252072 0.00175499454934077 -0.00175262016645808
818200 0.0504325460749469 0.189760368597606 0.00572252183495333 0.00483109374973285 0.00669943440472945 0.001588397262835 -0.000783876800024653
818400 0.0507982336768288 0.193847101846416 0.0039050470170434 0.00307360967004185 0.00386903248050941 0.00114782808038218 -0.00181507738300934
818600 0.0503113419146603 0.190941813423642 0.00414470988080846 0.00494311523881642 0.00492311369245568 0.00132225992623107 -0.000818550831730285
818800 0.0508424233430465 0.191907222195654 1.1495753085971e-05 0.00284577519163729 0.00572864308698108 0.0015590771096146 0.000142596672412132
819000 0.0501085361844413 0.186211212520645 0.00359553062506159 -0.000345906463451982 0.00560451281944723 0.0022645654950021 -0.000128119840303576
819200 0.0508238400245903 0.191738772602892 0.000747657058596829 0.00169638014333587 0.00497439998658125 0.00203092901622117 -0.00217518967623083
819400 0.0506002993574496 0.191296689007599 0.00458496726324881 0.00172370617552259 0.00547668119244313 0.00217052193849758 -0.00308179677415007
819600 0.050950110531555 0.193787112090281 0.00564145859982922 0.00250922600296158 0.00416716965579469 0.0050625811050703 -0.0012530362763557
819800 0.0505709225299721 0.192280496246433 0.003571960065497 0.00356671026097069 0.00547839997209613 0.00332510699727927 -0.00164578253697119
820000 0.0508770156011333 0.191857437828279 0.0037134824228329 0.00266315487582724 0.00476403854425974 0.00347959429694113 -0.00109606918306019
820200 0.0505434484243528 0.189514688930681 0.00380617620229627 0.00297524027323938 0.00409385789637617 0.00220954506002199 -0.00197357412895803
820400 0.050819282235917 0.188852872714465 0.00123247815166226 0.00247449895862728 0.00317867688560473 0.00225415963440356 -0.00224526618851107
820600 0.0505459853355296 0.191812653538383 0.00470091983008947 0.00354679857201261 0.00456795099493312 0.00119848059381541 -0.00343749007796917
820800 0.050811899357162 0.193882158484599 0.00316617766381095 0.00210560003417153 0.00578521308309594 0.00236841054728694 -0.00307270455160289
821000 0.0505067800631412 0.190937942350845 0.00492834404318461 0.00224069847122745 0.00493837537271998 9.12906912449086e-05 -0.00352309921150988
821200 0.0506960895544836 0.192054809359776 0.00379987929138916 9.70350101340552e-05 0.00476078708708028 0.00163535394569238 -0.00144602790488843
821400 0.0505136354120767 0.18879314440973 0.00434524619700173 0.000273067771769042 0.00417561021937995 0.00127066315818735 -0.00162534594257723
821600 0.0508317375482902 0.192720297301815 0.00290318961147181 0.00194606940398924 0.00466663777483993 0.0015517830717002 -0.000169388771388578
821800 0.0506769989065608 0.189952894167843 0.00220246214645379 0.000756210224636955 0.00270661250858857 0.00225094379681798 -0.00159124594899909
822000 0.050730224921734 0.192150254460375 0.00302939871799881 0.00454372793226515 0.00491368931284702 0.00146698655001217 -0.00234365381958153
822200 0.0507323805148157 0.193195309788695 0.000237623538257348 0.00443359171245792 0.00486578537371578 -0.0014757920452244 -0.00200330459394636
822400 0.0507545226855582 0.191692171280125 0.0050438265666024 0.00388077836508902 0.00339626675618608 0.0014421032370602 -0.00286310020239906
822600 0.0507620328158339 0.19492814620138 0.00445489279169256 0.00340793659015343 0.00222058124133745 0.000926983567892687 -0.00300241687703089
822800 0.0508358822188467 0.193152739935639 0.00491767433786875 0.00324864813647002 0.00299702783151705 0.00223641189244993 -0.0029361544801574
823000 0.050542224666926 0.190467866449901 0.00148566506507878 0.0013175197888272 0.00431346205184524 0.00417794353063965 -0.000510180141024678
823200 0.0506255520357634 0.189271648268653 -0.0004082079407181 -0.000371386123446939 0.00453662907556592 0.00480069413783914 -0.00229991029759435
823400 0.0505897464046344 0.190793045568669 -0.000356722031854973 0.00183725823732361 0.00432124462562608 0.00428754797391215 -0.00152714005675758
823600 0.05072213326954 0.191295895271932 0.00273426902717822 0.00227897509130979 0.00543750606521725 0.0041255202927766 -0.00110641390544363
823800 0.0508269523194584 0.19377095965908 0.0064182061560746 0.00343340321249592 0.00530534362962046 0.00291586386208177 -0.00224322110953651
824000 0.0509320291521867 0.194669462713245 0.00484147783399066 0.00363206723489741 0.00561967809969783 0.00122036336219995 -0.000394994246421237
824200 0.0507787783699719 0.193315719173128 0.00310626386868895 0.00391974369859209 0.0041595712472091 0.00242198175819515 -5.58072579835272e-05
824400 0.0507045325891023 0.191434767133162 -0.000433466897515917 0.00255883236665139 0.00587071680377275 0.00240064172365379 -0.00134722310631412
824600 0.050647669795738 0.186898929992768 -0.00119752821959759 0.00147547469882345 0.00336430522362923 0.00149245232709046 -0.00171822853359434
824800 0.0507850305363428 0.189528055273689 0.00146841416518738 -0.00121107560598078 0.00386439899860567 0.00386961550243533 -0.00101649338589921
825000 0.0506719621438444 0.191151767281773 0.00254840855707555 0.0039053264394347 0.00435955876647959 0.00204566534031463 -0.00284352886356254
825200 0.0507801674358143 0.192506115993919 0.00479857076208831 0.00148301667037912 0.00509673653674896 0.00267060186161753 -0.00135313357507844
825400 0.0508384229534264 0.191823624140692 0.00233079946646077 0.00389306582275591 0.00459411088220146 0.00220409758459499 -0.00185689436194883
825600 0.050632834809088 0.189842171235657 0.00508680415611795 0.00328746792902829 0.00447948335409121 0.00282279639528532 -0.000778356620172855
825800 0.0508511959164646 0.189862098668047 -4.977582139684e-05 0.00270047430447221 0.00398218111099172 0.000277416915461395 -0.00130592404537298
826000 0.0506297931953428 0.18928903944737 0.00257617388747077 0.00330306476463109 0.0027404232681769 0.00163666611933038 -0.000633689283343115
826200 0.0510965271445137 0.19613375932924 0.00179204920319373 0.00272050479903912 0.00450074684440963 0.00277106411183815 -0.00134596570008286
826400 0.050742189842299 0.190850598550217 0.00434231769085278 0.00357956017583166 0.00476725833612913 0.003443975404092 -0.00121901399457275
826600 0.0509691837494693 0.191505750457222 0.00232468215520299 0.00459711781839867 0.00295264689186303 0.00211794677376309 -0.000694462291373703
826800 0.050829977485267 0.193377975744575 0.0050309766571164 0.0046754317703291 0.00360225297524406 0.00258469531453679 -0.00183191346471233
827000 0.0508930077773471 0.19457893340791 0.00490804243812861 0.00230465434636943 0.00372879724429001 0.00455692825388486 0.000170026597784642
827200 0.0506663557746506 0.190776860971975 0.00302459835315882 0.00264022876558681 0.00476387009248724 0.00387796075128734 -0.00259863154623038
827400 0.0509050770973227 0.191409535201639 0.00304886119578168 0.00209750775271872 0.00335424148771498 0.00291565330414359 -0.00207593421233246
827600 0.0505931417667317 0.190320469541094 0.00475458627222651 0.00546568493883915 0.00292446224233872 0.00130241734862898 -0.00268335884002393
827800 0.0509030233499903 0.191711805157531 0.00188722505861862 0.0005413902002711 0.00252118820954987 0.00260445228331894 -0.000856758407024746
828000 0.0505510487956265 0.190111426105032 0.00182297396177934 0.00222177037839034 0.00479847897025326 0.0016135969324832 -8.71127727913468e-05
828200 0.0509327998149255 0.191794306656506 0.00495722574092803 -0.000695416289799531 0.0062316241793211 0.00126176255850369 -0.00010193380587693
828400 0.0506061110770563 0.190852798770043 0.00516050679196982 0.00575706870933706 0.00463993720559666 0.00246924769975529 -0.00217381341841883
828600 0.0511983626889328 0.19620130310436 0.00557872943627897 0.00171658229567098 0.00594212621067077 0.00338758742275064 -0.00259429178261177
828800 0.050621923285329 0.195150142479006 0.00444704257617823 0.00387620933981843 0.00461951410873043 0.00214451321023159 -0.000621133709335377
829000 0.0509521565117403 0.194427754619054 0.0042800472694196 0.0013695372746251 0.00437482042973365 0.00213177837977792 -0.00110496165299891
829200 0.0506008465157306 0.190208287981258 0.00254370226030708 0.00413938915497203 0.00519845509320027 0.00276729198230397 -0.000330376635703903
829400 0.0509451992146313 0.194020568365339 0.000275977669761176 -0.00208211604085447 0.00617990644224548 0.00247709348289437 -0.00208399785476335
829600 0.0505607684488226 0.191101479971078 0.000853676059172978 0.00231172052094286 0.00586406865500821 0.00269611255317844 -0.00250650036106184
829800 0.0509879820486195 0.193717215720247 0.00197789021262489 -0.000372979768153915 0.00600662481889048 0.00262759060062297 -0.00214492388471203
830000 0.050687115588299 0.19048695304615 0.000282568112517089 0.00225844589481795 0.00428711717354745 0.00352050402256317 -0.00168598429850414
830200 0.0509518175782827 0.192207980799441 0.00456818967959152 0.00110409136431765 0.00364734898750917 0.00343138736898753 -0.00189434321991065
830400 0.0508582624060804 0.192930492904385 0.00223074529258769 0.00678227536280775 0.00610082491133391 0.00317604135201232 -0.00137860245228885
830600 0.0508832555739321 0.192826368135598 0.00305201961237824 0.00170855682018119 0.00629119485824332 0.00405510617230192 -0.000859596664829593
830800 0.0508877489931319 0.193967387041986 0.00127558989092505 0.00206112155669191 0.00676453395051543 0.00285091472730166 -0.000565316913404921
831000 0.0509676483713962 0.191995874144376 0.00265222336161667 0.0021289095079101 0.00376763203706023 0.00182164758262851 -0.000583872546227434
831200 0.0507448307711874 0.19170653986372 0.00102555764026308 0.00248759171243933 0.00425073221424537 0.000937753605234191 -0.00308351532231043
831400 0.0509983521023605 0.193632233542981 0.00125541619288963 -0.00111064452890136 0.00609302398312484 0.00223575173231606 -0.00257217362507712
831600 0.050479000974059 0.188200275137879 -0.00100077399205887 -0.00241731248471618 0.00483404958101893 0.00336656445775796 -0.00153726661173095
831800 0.0511948589646652 0.191469497798208 0.000536313399135195 0.00068567084114513 0.00473915971110764 0.00236551773911098 -0.0013109348494945
832000 0.0507217940021161 0.190574527720686 0.00498702800553474 0.00599396770772506 0.00686253923905408 0.00120879278125604 -0.00185760556533093
832200 0.0511926699652459 0.193817399111933 0.00536815572269918 0.00468350419803237 0.00539212831552357 0.0020596279427363 -0.000741430037501325
832400 0.0508414534478746 0.191062862114624 0.00301068121150167 0.00480119113432011 0.00389227326169518 0.00186426176365575 -0.00208874347353943
832600 0.0509843648700348 0.191393628859467 0.00317530406175132 0.00144401814952559 0.00443530727366434 0.0011421290299799 -0.000363581922132122
832800 0.0507604289849501 0.18809269182837 0.000793876198578139 0.00141558355352755 0.00382943268622075 0.00336052615605482 0.000648824217495659
833000 0.0508928299796315 0.190996192669927 5.5636546677047e-05 0.0036163816870699 0.00452418078289216 0.00137920994807994 -0.00192685730698831
833200 0.0506857827250316 0.1921659930984 0.00095092379746062 0.00219970847411742 0.00516350993265081 0.000140066500813125 -0.00215083062437995
833400 0.0509395096297384 0.192616639060593 0.00167406037452677 0.00338032473374316 0.00545881997293787 0.00159230167791913 -0.002241822624255
833600 0.0509594912721185 0.19320965596835 0.00535921602329039 0.00407926497653296 0.00435518801328362 0.00241971593876442 -0.00170827327373201
833800 0.0507039838815576 0.190835339520246 0.00482794143123857 0.00674590737840388 0.00456125100101524 0.000718465231974675 -0.000899283724556248
834000 0.0510424584407143 0.192601809115199 0.00406669408106707 0.00462963307788903 0.00366059809310867 0.0019692207381903 -0.00194081193518156
834200 0.0506647697858353 0.187371317094734 0.00150069106892021 0.00383196588029908 0.00408153808218997 0.00226725017430643 -0.000760312819492857
834400 0.0508143977005793 0.189421986257423 -0.00251523773403319 0.00125800966770227 0.00475763064125337 -1.2831248613716e-05 -0.00207068543670723
834600 0.0507299142033318 0.188508385453282 -0.00115583889163075 0.00222419211741831 0.00405769669784511 0.00212657007857493 -0.00151272119878252
834800 0.051067331638683 0.191152019509449 0.00255536740821787 0.00194345212489127 0.00492034123844386 0.00254615805440994 -0.00190767460918439
835000 0.0509019379678288 0.192630694698635 0.00411492439552719 0.0046871809486904 0.00484069246957495 0.00229379965920014 -0.00350210629277777
835200 0.0510500788861648 0.192976523895222 0.00432526922515182 0.00524549824675257 0.00414580359520886 0.00130566747881253 -0.00208078495953763
835400 0.051020981994969 0.196605243750206 0.00568872844852098 0.00606178065134685 0.00619565665070947 0.00271335899393721 -0.000857199992373733
835600 0.051102598519074 0.194498191746827 0.00323411471206521 0.00306543391885872 0.0052101835845025 0.00270220489901754 -0.00110289351474836
835800 0.0508671325079044 0.191784712248557 0.00123479258640391 0.00125199754363238 0.00461405843931751 0.00370627011100403 -0.00238762828886716
836000 0.0508940844356687 0.190799358506817 0.000425286791237076 -0.00274882725776193 0.00700098355319213 0.00263181209301163 -0.00142642647690761
836200 0.0507234351927093 0.190445449368812 0.00239867896295015 -0.000302738553394653 0.00545985337160574 0.00306396356196349 -0.00118157322538565
836400 0.0510565352649217 0.194710544506228 0.002636242167377 0.00124211468298931 0.00535312091472721 0.00286870345880534 -0.00319053675876177
836600 0.0510342258925465 0.192480939005055 0.00494831218711897 0.00417944864586195 0.00372632268603712 0.00233893569807557 -0.00269101908642452
836800 0.0509437926270838 0.192427883764725 0.000850511948217984 0.00436414624182897 0.00512099995023558 0.00271289532428269 -0.00206383499856932
837000 0.0510274742803391 0.192826067170719 -0.0012528214255881 0.00120115577918697 0.00437356393876064 0.00320971673658854 -0.00208841776584419
837200 0.0507658237427521 0.188174429213201 0.00319285211779234 0.00562083007514146 0.00433476624657461 0.00216013077401804 -0.00272078284183675
837400 0.0510421355926442 0.18982219305551 0.00558082489268368 0.00337144348160258 0.00335826430412087 0.00231268184077008 -0.00173111716293653
837600 0.0508113547827805 0.190364967650751 0.00467406933589646 0.00358573448676297 0.00315393717032778 0.00048795512298795 -0.00195252383721614
837800 0.0510268451474453 0.192706746716666 0.00611629766745197 -0.00113453570784764 0.00479953647097299 0.00177829375223847 -0.00138994854606674
838000 0.0507020584449153 0.187790958889958 0.00273400345311723 0.00145466324313855 0.00391333510373275 0.00156310304665088 -0.00238560747143993
838200 0.0512573601969698 0.193146366883994 0.00253898964015221 0.000750963191074072 0.00516833886595549 0.00134759657371796 -0.00154084791968299
838400 0.050804505054558 0.190625601662111 0.00363093918117851 0.00597932368000351 0.00487059499995378 0.0032172223244472 -0.00180895615629951
838600 0.0510720368308466 0.19137033815174 0.00319664701947757 0.00128887652423485 0.00350699417262831 0.00262964402590027 -0.00253360001653544
838800 0.0508594441608791 0.189913260694915 0.00216599567635009 0.00431506766755295 0.00440489435489818 0.00221315331761729 -0.00184343767619599
839000 0.0509441571167883 0.191436403161225 0.00385308487844611 0.000240011445670479 0.00313876412459143 0.000852646428183167 -0.000547255688964703
839200 0.0507274297031449 0.190795828569029 0.00361279942337733 0.00237405049048441 0.00475673442039003 0.000398194466955697 -0.00162128717074779
839400 0.0510919467175395 0.190160001099612 0.00230765454863732 -0.00153329427472936 0.00561047210491305 0.0010913595309424 -0.00132867354506439
839600 0.0505830495420409 0.187135638645136 0.00375332149386695 0.00433344126411271 0.00306367388880466 0.00309353685203561 -0.00168416906381672
839800 0.0512279051097866 0.193075875835543 0.0039475929710007 0.00106244761417246 0.00588080942563405 0.00165369209589528 -0.00225808317526332
840000 0.0507432047286024 0.188252395663885 0.00125538544119171 0.00314596788589739 0.00454578992006466 0.00189781378887835 -0.00321581406288409
840200 0.0510094840657898 0.189958529686831 0.00309109255592338 0.000832269573367687 0.00471703642071081 0.00272379637176228 -0.00180520521075701
840400 0.051015835065483 0.191783938400712 0.00475444038930187 0.00444369169542774 0.00361015644169218 0.00252346339703004 -0.00256494826067899
840600 0.0511713188136232 0.195820552999389 0.00522943627215103 0.00397610639471268 0.0030414251856737 0.003270040305183 -0.00280690325048791
840800 0.0510532451368906 0.194474336113681 0.0029476962956215 0.00592784863746982 0.00373425643964147 0.0026263074551423 -0.00171755105384436
841000 0.0511469115673021 0.192124547447119 0.00375972009870526 0.00371631773085949 0.00444532185878579 0.00261879382635856 -0.00150837132637806
841200 0.0509272863928023 0.18893267095248 -0.000190045045548503 0.0048750866839081 0.00479493341798443 0.00211832664775657 -0.0012575877525
841400 0.0509379620580864 0.18741428785737 -0.000809741396730018 -0.0011430197531888 0.00394280068785758 0.00118429213313509 -0.00131301800952721
841600 0.05082058643408 0.188193708795474 0.00052380788639862 0.00323361821889427 0.00324280817844302 0.000637724036325187 -0.000808839999279514
841800 0.0509971170660079 0.190205430733689 0.00244052209525189 0.00278661396054964 0.00384116662405436 0.0013498602285363 -0.000855081483966823
842000 0.0509450832276048 0.190716799011011 0.00391816496295582 0.00479672381567434 0.00543229065708165 0.00227267166825222 -0.000801699181082336
842200 0.0509710479746356 0.191912121567772 0.0014554162182556 0.00217818349067749 0.00379172625175712 0.0017790572635436 4.70658704938798e-05
842400 0.0508791599096994 0.191067684694977 0.00235761932238795 0.00304125102228551 0.00480424558319719 0.00548574431700298 -0.00214744204841023
842600 0.0511586195094815 0.195514983463864 0.00516922489444779 0.00150963940999507 0.0036661231503188 0.00388641183638858 -0.00222385620851146
842800 0.0508333061521809 0.191981915989842 0.0074449065591191 0.00527859191550352 0.00497368451141014 0.00323188940130628 -0.00121993828946583
843000 0.0510776542704517 0.1915808482021 0.00309690591990665 0.00375970487590461 0.00455592029866935 0.00316649428801012 -0.00296300927609095
843200 0.0505996785546484 0.191027785303263 0.00460736428171029 0.000691077701694609 0.00539921250226946 0.00365904328102086 -0.00336430997772062
843400 0.0508846597309907 0.189352607213 0.000398673578835082 0.00194309685110515 0.00627412699591593 0.00263582644387532 -0.00165050523523652
843600 0.0507573072322392 0.189152057106664 0.0007524262307516 0.000794015824833 0.00567039159331322 0.00256935822595752 -0.00110579203252473
843800 0.0510242742410673 0.191955428621248 -0.000503649717249222 0.00289931108660461 0.00507300643627268 0.00226504254178356 -0.00115689342376566
844000 0.0508748907966259 0.19217494029719 0.00225068743408429 0.00334898685225675 0.00587690403715098 0.00193112533389787 -0.000714560425134304
844200 0.051234772128491 0.192572408507366 0.00261264465782269 0.00272419083897174 0.00650243448044025 0.00342887782441136 -0.00252582739854661
844400 0.0508455298026149 0.191520885311959 0.00565967448369777 0.00379629910959325 0.00417932116864485 0.00253915984902944 -0.00227448582826178
844600 0.0511485018911733 0.192565440520189 0.00114020697314368 0.002520248467215 0.00481219188784667 0.00189190795231727 -0.00145518749986833
844800 0.0507938845110204 0.187397320459511 0.00174028652677813 0.00125607930685321 0.00179928371590304 0.00290994158755446 -0.00203083301696528
845000 0.05110700984972 0.193837155296922 0.00287986628021546 0.00291901734660705 0.00394915435562841 0.00203497810561259 -0.00152133227908362
845200 0.0509087225942918 0.190321371668092 0.00365992327971987 0.000532440809376377 0.00627188817507097 0.00112408151519627 -0.00330205136968694
845400 0.0512464837718296 0.194293970739508 0.00338373075866843 -0.000382349281850329 0.00473532794104588 0.00257549328431157 -0.00202460490661076
845600 0.0510028334927258 0.193493054563955 0.00596612495372763 0.00374046869878982 0.00381508738838996 0.00268633074985352 -0.000855214321900066
845800 0.051252141959857 0.194194937393085 0.00409028575006716 0.00379313351316292 0.00348433389835982 0.00195836211882735 0.00074824131357214
846000 0.0510135474488 0.187552448745691 0.00401873827817217 0.00470988016082292 0.00375445949017149 0.00156122352877194 -0.000404060128575021
846200 0.0509849009471445 0.188736738382639 0.00159611919130635 0.0020159381324644 0.00373645380775008 0.00328891312624075 -0.000617653087978019
846400 0.0509626113166096 0.18989879175655 -0.00112855860964738 -0.000186961172021526 0.0045915043922657 0.00480375990721656 -0.00139495048241997
846600 0.0509880932727979 0.189777616694038 0.00116314601915855 0.00153186517201432 0.00293036944183249 0.0045468780054776 -0.00267225446361954
846800 0.05115089059561 0.194247645812892 0.00359780868862495 0.000898156622307148 0.00238143118312735 0.0011879327702191 -0.00245339390054656
847000 0.0510869254815327 0.191977063183818 0.00344909566041412 0.00609843377755627 0.00366817859705642 0.002359951814594 -0.00309229152976547
847200 0.0512433749721926 0.191547822344316 0.00422022215927247 0.00157196015620938 0.00429089117322951 0.00217627815055518 -0.00150304315234314
847400 0.0509983927059219 0.188588916348547 0.00321298556010599 0.00486006160522427 0.00503418890925712 0.00165531644180218 -0.00188294115585325
847600 0.0512931152748696 0.190464195649873 -0.000348879696863076 0.00104133029879691 0.00485067975291184 0.00344558047227601 -0.000355419118895002
847800 0.0508499065236283 0.188304212292937 0.00438957943530597 0.00512217796806088 0.00522229506480404 0.00172160086743253 -0.00022814099298182
848000 0.0514709871427352 0.192598589708832 0.00315012922582992 0.00401192738269997 0.00459745514215658 0.00267022831974078 -0.00194832002163549
848200 0.0510021376344546 0.190309664848914 0.00506345451824854 0.00807630651301686 0.00702468047808523 0.000147563521089216 -0.00314770732535666
848400 0.0514274665110701 0.193052329538081 0.00449110071826801 0.00332919033126569 0.00548606848065399 0.00286122800348106 -0.004076723477173
848600 0.0510029250107683 0.191830070397401 0.00468193413792755 0.00182531493525743 0.00478853382670857 0.00344747382902943 -0.00470701056136856
848800 0.0513066589691365 0.190793433552842 0.00212315867024097 0.00370146299546931 0.00449406950102652 0.0036641994040878 -0.00269184174366427
849000 0.0510680322944181 0.189964679550355 0.00299613314839092 0.00087644284016618 0.00384724515358087 0.00364963052940945 -0.00281816377407691
849200 0.051263049272776 0.19108688081968 0.00300664830670819 -0.0011504953962157 0.00513471576749611 0.00369499985054157 -0.00302071845050721
849400 0.0510043529831466 0.191853199616005 0.0038694177480781 0.000895158163684714 0.00573902964988761 0.00294842821880715 -0.00256468369328843
849600 0.0514196065898843 0.195368758252366 0.00431688966178406 0.00109908006453171 0.00467256002283693 0.00370989271095446 -0.00162106461022736
849800 0.051088843300794 0.189786014550035 0.00601304817761994 0.00285561990587324 0.00439419598932528 0.00283254387653108 -0.000781847145561765
850000 0.0513108633600002 0.191772587236748 0.00337611840311292 0.00325895264203093 0.00416172532875731 0.00316238692258313 -0.00117423472311412
850200 0.0511644022611963 0.18960137515522 0.00232354082768561 0.00355967135850232 0.00323420392135998 0.00320253573919312 -0.00177300522562563
850400 0.0513047240549796 0.192131120930361 -0.000314395629121739 0.00246423047749255 0.00348098161182486 0.00469061740817912 -0.00229471140345641
850600 0.0511248235105781 0.188219903201491 0.00301103436555701 0.000207153557040125 0.00532111054639716 0.00297746259520316 -0.00198592746894802
850800 0.0514488767095513 0.192902492005852 0.0035516985486978 0.00138703841645962 0.00480797397076448 0.00167389263417479 -0.00235064081684011
851000 0.051231545813517 0.192077247908695 0.00579952413255059 0.0071348001802989 0.003971718404968 0.00210692021932126 -0.00113685667772902
851200 0.0514384860214827 0.195705267372228 0.00355181331023285 0.00490665572086898 0.0054102065996791 0.00367491541747213 -0.000918343354149479
851400 0.0511736876549172 0.193779529394775 0.0031763367993761 0.00184908924100872 0.00613853242853041 0.00309709999752036 -0.0010198343484954
851600 0.0511619679036524 0.190784045474143 0.00571554104777576 0.000584329320901722 0.00504875071478674 0.00351707731920703 -0.00100169453543908
851800 0.0511945693391484 0.190384844064713 0.00441127423396508 0.00360425469409189 0.00603492332700132 0.00469700941489728 -0.00266189157186539
852000 0.0513149455239951 0.19115834109511 0.00207549663979341 0.00316431090613584 0.00417728285497655 0.00474954390751922 -0.00199914419986943
852200 0.0512638455232312 0.193391142000172 0.0044142181943711 0.00495936714997046 0.00641443001508918 0.00380268008091703 -0.0021676333290371
852400 0.0513949059636016 0.194916140809953 0.00554058333854137 0.0054899768080669 0.0063859684352149 0.00401690495244786 -0.000820564531297512
852600 0.0512766189746254 0.191565073472875 0.00364381647184633 0.00276686077316505 0.00685529675191647 0.00211803789574494 -0.000972649709448576
852800 0.0513080153195512 0.191358570423068 0.00261894781987907 0.00172564682051236 0.00561342000292707 0.000892881008347628 -0.00205830812673312
853000 0.0513374339854294 0.19071904851305 0.00254047851944155 0.00265710018395122 0.00557709111318243 0.000390492257925018 -0.00235221472106472
853200 0.0511914906730131 0.188306628257996 0.000800885569563659 0.00292743448496489 0.0043881863085567 0.00165166780132206 -0.00255541015454945
853400 0.0514827318032453 0.192145497936119 0.00139027927067756 0.00219238423133621 0.00471954556828323 0.0027223893760366 -0.00258216465018452
853600 0.0512283045628425 0.189849078997809 0.00441271200116122 0.00545225160497843 0.00402962728831671 0.00201714987333281 -0.00232246495781659
853800 0.0516172799271659 0.195767164410055 0.00573966853636166 0.00254827371869496 0.00357792047307504 0.00472164682604995 -0.0028889716278933
854000 0.0512171965702532 0.190677190772717 0.00677496379657906 0.00431062408204005 0.00302400295079833 0.0027888537229996 -0.00212990319806262
854200 0.0515302278481214 0.191058799101726 -0.000635217443755758 0.00162487342771968 0.0047769619317847 0.00239628805074628 -0.00260111009844357
854400 0.0510588725683557 0.186614515014472 0.0014832323409492 0.00189148757915054 0.00476753818116697 0.00245602180987816 -0.00328555086095323
854600 0.0515058814163413 0.190079500867551 0.000319261706286978 0.000323927399148092 0.00294077145730068 0.00356482082406993 -0.00247225222130774
854800 0.0510984631508821 0.188105356696741 0.00271826495855883 0.003812088512944 0.0047518886400941 0.00355863819457754 -0.00321923113274434
855000 0.0517693258052851 0.194110198485486 0.00130903282437038 0.00215555724370817 0.00677868035578326 0.00280861976820282 -0.00205603981148619
855200 0.0512276759206224 0.192911074388993 0.00498361002586535 0.0052958610385819 0.00520424808222982 0.00194712119436425 -0.00502733030400338
855400 0.0516751563794316 0.193790759452933 0.00547096412549905 0.0037177446508152 0.00562968220269804 0.00292299100658898 -0.0043259952220615
855600 0.0512976677464437 0.192599020340107 0.00412536945409031 0.00637451600987066 0.0029544817207348 0.00344802210990153 -8.95584296842028e-05
855800 0.0516557329827476 0.193016395729453 0.00412125476532631 0.00138606158231232 0.00525793825808207 0.00418318619358984 -0.00130235740682856
856000 0.0511591502133959 0.190069942695008 0.000534668102855001 0.00158364515212372 0.00514162997700207 0.00357104295061505 -0.000272041141821304
856200 0.0515211291547779 0.192226333634159 0.00138910103630718 0.00254163850075377 0.00501597134881995 0.00367311182134205 -0.000350064549506754
856400 0.0511854231252083 0.189175042320901 0.00184224994995947 0.00369052217327396 0.00539816773442959 0.00293350968503286 -0.00170325022254835
856600 0.0515962653507843 0.193720227484147 0.00261074368661441 0.00120304995303963 0.0044929320086254 0.00275939130651452 -0.00254513698282482
856800 0.05143046542726 0.194491921584273 0.00372329630928606 0.00500552065152566 0.00506347568841174 0.00421651188684825 -0.00194582805106301
857000 0.0515924632576899 0.195000467162402 0.00276918662819131 0.00512952237523518 0.00465893371620659 0.00348963742987066 -0.000725052405988668
857200 0.0514174565275243 0.192090135888683 0.00517633162035494 0.00310877533938452 0.0066197006253441 0.00249116876897565 -0.000188737605074625
857400 0.0515447308122167 0.193971533434973 0.00364526745935141 0.00108046096557668 0.00744786986429319 0.00420861423093191 -0.00183123931565321
857600 0.0514485012730751 0.192243641526253 0.00395543595760058 -0.000403498956806589 0.00492900489042327 0.00244884794303476 -0.00161423118652281
857800 0.0516132380038566 0.192813559922781 0.00425528369228978 0.000938393008821351 0.00479614293257434 0.00337511420641858 -0.00342513614645995
858000 0.0514731978757271 0.189752824825381 0.00437816075147105 0.000663472588631637 0.00383233148864201 0.00270345354970184 -0.00235887132770614
858200 0.05155180971821 0.191471160417666 0.00181884554536119 0.00295864899170796 0.0046351231757234 0.00232887199235549 -0.00303148639340311
858400 0.0514622415364255 0.189894873362742 0.00219452196068417 0.00157122665113446 0.00462440986965372 0.00256712674079006 -0.00204176531046403
858600 0.0518186999491515 0.194552208450101 0.00393260942103379 0.00629823307022231 0.00386751106891625 0.00466604753382683 -0.00170543132798965
858800 0.0515434564423199 0.193665063362929 0.00611587179701599 0.0068502331257036 0.005419147671831 0.00388869066787995 -0.00179959022592112
859000 0.0518202399755395 0.194642103272531 0.00427241177948176 0.00156134334304968 0.00335683913638709 0.00302069738856789 -0.00246079143676428
859200 0.0516029758690136 0.192805521592781 0.00170096625551875 -0.000159196769158964 0.00527238679265349 0.00326150054416566 -0.00245105968266494
859400 0.0516947946438815 0.192127240528374 0.00272434533502162 -0.000645275339067969 0.00585362111012981 0.00294411527254162 -0.00178495489249945
859600 0.0515064068547951 0.189564723746944 0.00480499770928622 0.00344332901695061 0.00687186081695443 0.0036861462564739 -0.00304898787336366
859800 0.0517870789395877 0.191113533240477 0.00411132444697975 0.00413770415065501 0.00509185484369601 0.00421023096828775 -0.00264114125722572
860000 0.0514004838952926 0.188741114970619 0.00450410856517855 0.00410230177795338 0.00557672834292294 0.00231997269122745 -0.00204153315733053
860200 0.0519257605921299 0.193808385202864 0.00680772074727403 0.00110915681971056 0.00506320546767672 0.00211423253109192 -0.000202167561840427
860400 0.0515073198825379 0.191907262514632 0.00523996041949552 0.0082152219877746 0.00523363088389976 0.00250554767154029 -0.00205981647200632
860600 0.0519018904757686 0.193729807142109 0.00545801379332891 0.00231986222020004 0.00507638140599058 0.00390053934417593 -0.00151414283782106
860800 0.051513683846571 0.19142297908055 0.00255686360333401 0.00313656108749991 0.00669801541998435 0.00272394624752746 -0.00154937898414992
861000 0.0517267498787442 0.191530427231694 0.00142902822667194 0.000629955387100303 0.00587524815369417 0.00276664844504782 -0.00316583403510787
861200 0.0514341211563447 0.189338282701111 0.000379813321099895 0.00364127221547692 0.00405074819733608 0.00174719070067747 -0.00242478151070546
861400 0.0516946072888876 0.191101081948433 0.0039352696881018 0.00363545355656862 0.00282233938824101 0.00263224850541334 -0.00266247500777644
861600 0.0515646044749533 0.190728880021258 0.00332604298205759 0.00442074240442221 0.00555059363859024 0.00258863084258567 -0.0032450740184692
861800 0.0517332994951437 0.192499870730206 0.00355267498456008 0.001778084161002 0.00367355278821889 0.00333590217147211 -0.00218775805504174
862000 0.0514580599622956 0.190161032432249 0.000345413119860038 0.00584799875533062 0.00475362188331893 0.00315397160820105 -0.00239879937427994
862200 0.051794134161191 0.19308817856864 0.00273613375442019 -0.00174081810634212 0.00444968131305064 0.00215125335448195 -0.00240516279963962
862400 0.0515870016255968 0.192129817413766 0.00456344568416101 0.0049943514455352 0.00430420603772035 0.00118153302542265 -0.00291688535236053
862600 0.0518123936911419 0.193373572265515 0.00301967555486761 0.000572558544638919 0.00673861861844519 0.00377575988838061 -0.000850014414230278
862800 0.0516599632210913 0.194525643722957 0.00377735762441351 0.00310981578646897 0.00546424135222581 0.00359282198595231 -0.00169023695047237
863000 0.0517821479209223 0.190875532538623 0.00127019901486755 0.00289717741500383 0.00478334835922038 0.00374097347808349 -0.00188747849260789
863200 0.0516375251635742 0.191459108532092 0.00506568965137291 0.00147556821097245 0.00500441489658264 0.00355159273503763 -0.00280564779833043
863400 0.0517456941601133 0.195113081305755 0.00411563256143605 0.00752917972318866 0.00630238330196941 0.003332374190363 -0.000849799429267224
863600 0.0516789757457871 0.193210518032949 0.00507194642988356 0.00734524644587347 0.00594457755297614 0.00372685280064551 -0.000991881992911635
863800 0.051595894443325 0.188119144573998 0.00197837492778095 0.00188779856231421 0.00431217534454279 0.00302090398995566 -0.00316458770283907
864000 0.0515547633656802 0.187374256837901 0.00153769515333882 -7.12358141156465e-05 0.00572580445495742 0.00327405443726917 -0.00301277794411501
864200 0.0515734233023715 0.18708924344725 0.000582610759255705 0.00264687701121898 0.00473104204560598 0.00427619611157501 -0.00246942766036184
864400 0.0516154564350004 0.19106968053334 0.00505061202732285 0.00333885664453422 0.00440609901920016 0.00313016712738346 -0.00121787315538869
864600 0.0518293531432458 0.19369038347755 0.00250805093783418 0.00440224465334173 0.00328504358542649 0.00220154870716074 0.00019469738882443
864800 0.0515540884631089 0.191179591969338 0.00089262945216149 0.00434721672781523 0.00420916418250716 0.00185066298311726 -0.00196107941685706
865000 0.0518364917411426 0.195060890559007 0.00322206727038457 -0.000447628922890239 0.00389212534175214 0.00264430570919052 -0.00245273120549782
865200 0.0515087082823958 0.191953066432812 0.00150879406926125 0.00519521089210231 0.00616057904365742 0.00414324485320998 -0.00222584137160647
865400 0.0517416693727262 0.191135747857157 0.00164579036774599 0.000407077970223717 0.0050013335278808 0.00234019552141584 -0.00186234382335625
865600 0.0516396163041054 0.19246065476107 -0.000499491034305466 0.00184189320276882 0.00506898942100202 0.00275156815600734 -0.00356367104321988
865800 0.0517530397997942 0.193424091571753 0.00248403129818178 0.00123910590397084 0.00610105218733264 0.00345895662740907 -0.000454447766489559
866000 0.0517922072263242 0.192034791309557 0.00213545724368663 0.00469953486767818 0.00562655954684647 0.00367018372206932 -0.0025004973043746
866200 0.0516445199374571 0.189417184249592 0.00286144100993051 0.00197875707090945 0.00539649737635767 0.00467313775701534 -0.00411650100430127
866400 0.0516225567058745 0.190227528039102 0.00372566089688905 0.00133511013053588 0.00449737367212565 0.0027894942823042 -0.00163788806641705
866600 0.0517737861594305 0.191382443912643 0.0028860513507522 0.00126683593972117 0.00656338042760542 0.00290197830253599 -0.00175633783298649
866800 0.0515223432733911 0.189676418920581 0.00154497899876303 0.000972590605709842 0.00607142171213392 0.00455020375298168 -0.00238776790940985
867000 0.0517522060147887 0.192920578205402 0.00183581268663683 -0.000220295805704559 0.0069105775911025 0.00418688288578675 -0.00411403781631598
867200 0.0516704183383767 0.19193126356058 0.00259990288147961 0.00358490679812798 0.00586566874555259 0.00133525045626108 -0.00333800999198358
867400 0.0517822599809372 0.189804923343221 0.00457131838642225 0.00285426654801166 0.00473102459928896 0.00441862742710461 -0.00281993767290033
867600 0.0518414829762109 0.191494398228298 0.00180349792805966 0.00434757674878391 0.0039800766521828 0.00360788100455314 -0.00355226495281048
867800 0.0520107504253511 0.193332399941217 0.00503089624663338 0.00355561026501549 0.00511066045864863 0.00406966306577136 -0.00214779419744733
868000 0.0518961050966693 0.193140119755793 0.00499879801113706 0.00482402716628379 0.00558557352118455 0.00453519868382355 -0.00285632801903114
868200 0.0518827773871166 0.193725343988818 0.00329079551713355 0.00669849875060317 0.00483300237051506 0.00253560250048734 -0.00199357517156704
868400 0.0517414369682807 0.190921146781491 0.00336345414457143 0.00573812222499338 0.00492604298707188 0.00248870103459968 -0.00270333029721193
868600 0.0518469422959731 0.191260569634219 0.00146585821779886 -5.04907189465e-05 0.00552344299854465 0.00505441981681368 -0.00354104637791753
868800 0.0514920145121482 0.187391649348062 -0.00164645922828679 -0.000101420017080756 0.00446474680526604 0.00453548358434618 -0.00232013414967937
869000 0.0519001596857038 0.192543079934759 0.000811878803400285 0.00274652703011578 0.0053842683046773 0.00334696490506397 -0.00250322402666236
869200 0.0518484143336993 0.193118916801966 0.00437187022996827 0.0045742047506487 0.00595070418742767 0.00341292431452706 -0.00233522072540408
869400 0.0519600988834621 0.196035968700559 0.00224538916510004 0.00379517922572338 0.00410171554075802 0.00274240483210553 -0.00186639394414923
869600 0.0518289423850559 0.192703835897552 0.00546784558951978 0.00623186839505653 0.00442748359404908 0.00311275341820329 -0.00200751420765643
869800 0.0519948936037192 0.192710580908921 0.00324488585634713 0.00132635445622315 0.00545714949364597 0.00407433939084354 -0.00341560762625112
870000 0.0516100613104195 0.192933615312578 0.000616398563461925 0.00232442132143202 0.00510773538502565 0.00277989299260403 -0.00224849221636532
870200 0.0519473953033124 0.190950142551211 -0.000736730688281457 0.00207804432162853 0.00621652067529667 0.00340699186007584 -0.00326110008038188
870400 0.0517005833955152 0.189011973413609 0.00201970576310076 0.00156006067974613 0.00451811657351014 0.00261217220625979 -0.00179000589977648
870600 0.0521150608199647 0.193057474867499 0.00288560146518593 0.005017867822725 0.00344679945167412 0.00236987191387067 -0.00274210429962778
870800 0.0518436022222359 0.192757339186484 0.00805606353401912 0.00519552442774476 0.00371540113102131 0.00340392924391923 -0.00322142307572785
871000 0.0519996079395749 0.192064953916912 0.00445151974935525 0.00337787298541776 0.00493241641706231 0.00345223898782265 -0.00379824509684228
871200 0.0519159057406892 0.189735770838169 0.00169032469075992 0.00324586986157461 0.00589635900768225 0.00225595181072477 -0.00274021843861207
871400 0.0518909592732387 0.189127095447004 0.000649504890034162 0.000440620874915016 0.00493790251628676 0.00347723925734602 -0.00223879269127875
871600 0.051899146902658 0.19181612499088 0.00147914544719866 0.0030287763073349 0.00516798006880022 0.00244961397948997 -0.00221804498194316
871800 0.0518778860833087 0.193890178517979 0.00318896379984983 0.00138447091443653 0.00573312863437659 0.00325431713004635 -0.00319623285130857
872000 0.0519399941624003 0.193008667143508 0.00335957482301923 0.0018735157848021 0.00708174462936176 0.0034024225662521 -0.00292039145785512
872200 0.0518898197509953 0.194021985492269 0.00611742884473627 0.00374771434136761 0.00567362851675778 0.0025053477082909 -0.00257260032655531
872400 0.0520358515918117 0.194715261402236 0.00763391941949513 0.00579379115939124 0.00573587149157034 0.00329964416482341 -0.00223138511706767
872600 0.0519518229669014 0.191675834859873 0.00364465208580527 0.00535453834668718 0.00546581278564136 0.0033706093491546 -0.0035512785990564
872800 0.0521339232964699 0.189623733142542 0.00164375026567247 0.00322508339370682 0.00368746354162346 0.00211764446047929 -0.00254689237760673
873000 0.0516961259418784 0.18865112483647 0.0015540809505858 -0.000294423341623259 0.00374245073186078 0.00228087509126327 -0.00220402112300794
873200 0.0521206454734203 0.192647385744405 0.000112269834803712 0.00123204338308161 0.00474397311297195 0.0027448885699334 -0.00306243461886804
873400 0.0519289553049538 0.193122321611538 0.00350750344853136 0.00410321664333013 0.00567787801411667 0.00348000907163272 -0.00258394587730586
873600 0.0521184421424546 0.195372435113156 0.00519838513962064 0.00137715095356609 0.00409998858464657 0.00325776298084183 -0.00198413928639937
873800 0.051948923766206 0.193984526468065 0.00221788532453909 0.0054462662906104 0.00556410760121107 0.00360815374727486 -0.00173804546400281
874000 0.0520971945492335 0.19180929841101 0.00265113680077577 0.00255569578517673 0.0024651410841122 0.0037112805387696 -0.00455103256995969
874200 0.0519511962628317 0.190519470290738 0.000909362783009336 0.00208731104363881 0.00304894204643107 0.00321059277453903 -0.00195793213835055
874400 0.0519302201188757 0.190940686095099 0.00170521622462896 -0.000622289357997243 0.00415593180461949 0.00198667744676302 -0.00278207381670549
874600 0.0520679159340126 0.191665376734151 0.0011572511360095 0.00598035791343898 0.00449485624406709 0.00295829159685418 -0.0030508103670594
874800 0.0519697179379129 0.192055880706044 0.00233980618039577 0.0034862799165953 0.00548001545318502 0.0033874358269913 -0.00433159369099157
875000 0.0520649377995706 0.191854239625406 0.000574470330693431 0.00401414422825159 0.00542659238408776 0.00280715673799082 -0.00303710011840563
875200 0.0519569699764409 0.191881666905077 0.00314313222553699 0.00554639268631247 0.00640651562806945 0.00294223161133045 -0.00114300541349073
875400 0.0520881235745399 0.189649820792818 0.00229271847699746 0.00438486475796451 0.00491493228951919 0.003405667961764 -0.00152895302955852
875600 0.0519754980341557 0.190850067930961 0.00236248124644645 0.00184527197281619 0.00273123077047894 0.00303635544275405 -0.00269275642310892
875800 0.0521710342853423 0.193701906116961 -0.000462676159398441 0.00318639129238221 0.00519138449581129 0.00280913681849247 -0.00371905019008459
876000 0.0519104923819452 0.191119707770205 0.00351507299636675 0.00125901973061856 0.00541050497037428 0.0029919335775204 -0.00236117639512448
876200 0.0523825406791209 0.193722183431098 0.000242291684341973 0.00475163628568983 0.0050727422224501 0.00304155208431597 -0.00470441349533834
876400 0.0520421709048272 0.193943418712202 0.00473916702822505 0.00365228325440403 0.00513183239545045 0.00367880364103546 -0.00224969917346377
876600 0.0522334047602858 0.193841304279063 0.00315733666791144 0.00284683160215489 0.00411085572802523 0.00212825042531237 -0.00283115482531437
876800 0.0521370153247074 0.191237439181273 0.00232667858378459 0.000864690495794771 0.00542313778318589 0.00248032659444352 -0.0049709762763616
877000 0.0520725914888014 0.190510345047079 -0.00104628484646087 0.00439069579237879 0.00481798683102534 0.00409928766149181 -0.00203431093552429
877200 0.052148573717423 0.193002177784291 0.00327881947699221 0.00495136310170712 0.0051401942995942 0.00342285599183342 -0.000639059327294699
877400 0.0522120249527612 0.192764122617786 0.00353860219499047 0.00230034779093245 0.00441620823503542 0.0028645373739605 -0.00208299893367507
877600 0.0521035864791896 0.192458667069075 0.00465687370718777 0.00378145220741953 0.00353205516589785 0.00256450599715401 -0.00199723720269604
877800 0.0522692924301012 0.193993859685227 0.00469986390018281 0.00402505264469284 0.00320409117083772 0.00296978913290385 -0.00062633057841579
878000 0.0521007965645812 0.191530739190913 0.00361999018998326 0.00534055094685199 0.00580473622063157 0.0010356807534475 -0.00174393871198376
878200 0.0521639930869215 0.190913517982961 0.00544398844952981 0.00342712883389434 0.00451896395444343 0.00166835160698519 -0.00196185121814147
878400 0.0520462557634111 0.1879455847065 0.00309355986605185 0.00259920869431073 0.00584403676111923 0.00280476215496087 -0.000927036244388302
878600 0.0519775198526088 0.187404067473837 0.00383812149078045 0.00128123257302058 0.00550931847184237 0.00159322564321437 -0.00273097259839968
878800 0.0520313429919979 0.189967284769161 0.00214381880925338 0.00348911905510805 0.00518053470669919 0.00151254543532069 -0.00317020716916467
879000 0.0521704547708784 0.19252067153294 0.00257316968586598 0.00395585887486914 0.00372088231719972 0.00273017518727612 -0.00378144681554182
879200 0.052196215876622 0.192019664382131 0.00684062044378592 0.0032010420212526 0.0043562211550925 0.00303246814048087 -0.00410349079504048
879400 0.0523471112288413 0.195757391967143 0.00522279280058451 0.00391752040771601 0.00428055486638711 0.00408342121635645 -0.00324494717795497
879600 0.0521845841120991 0.191063558892187 0.00475047079963627 0.00145887395078324 0.00529889121260077 0.00386355052686443 -0.00310130827973653
879800 0.0522932661662936 0.191340928907146 -0.000295233047501738 -0.000199835679430259 0.00460103826588848 0.00483349556844682 -0.00252209663824999
880000 0.0520117085692392 0.189367786045317 0.000247489239722149 -9.72949045261892e-05 0.004151024574112 0.00141696711955333 -0.0026210650280286
880200 0.0521503501818481 0.191854655318445 0.000819697167315575 0.0023825034999793 0.003512016551134 0.001693632291042 -0.00249041442254271
880400 0.0521125435670963 0.193108543526957 0.00182365475988373 0.00271654090959455 0.00499649222725361 0.00149156954079899 -0.00420320971561511
880600 0.0521057599844096 0.192957910329193 0.00309142403901917 0.002937244596478 0.00480290180145362 0.00293817497625364 -0.0034642996332218
880800 0.0521736271572991 0.195115393959602 0.00391088109140697 0.00496502898129542 0.00504913139856443 0.00445664633519212 -0.00339485109058922
881000 0.0522460127201162 0.193320203999696 0.00308676052959476 0.00460706728827289 0.00588972268960193 0.00183012040938087 -0.00439277148786279
881200 0.0520157382984857 0.189098679966244 0.00566833749810737 0.00244078766419215 0.00571760475354354 0.00288308174229312 -0.00466607566879655
881400 0.0521711677843414 0.19086904169791 -0.00118315721479527 0.00225753153371744 0.00472671917994731 0.00184907950723433 -0.00385109335280016
881600 0.0520603260666522 0.188447643563521 0.00233644569618165 -0.000737331634744015 0.00401557446830141 0.00367777168767691 -0.00375380726484707
881800 0.0520856305608896 0.191028827254345 0.00264704080710732 0.00322385654551853 0.00584307650007917 0.00348823281273442 -0.00199290053132323
882000 0.0521957238993524 0.193323624290751 0.00374524491240342 0.00239958826259499 0.00414224759990043 0.00301717697965742 -0.00169531552725731
882200 0.0521325073515111 0.191858364695685 0.00512085245259249 0.00296378404478188 0.00438353199767565 0.00200396179087806 -0.00220123520387042
882400 0.0520992861694988 0.191462700851759 0.00619179088700921 0.0026186591971139 0.00369016543915645 0.00231102377446511 -0.00213761185178297
882600 0.0520660515437355 0.191843834272585 0.00473656734185312 0.0034338147870321 0.00617595692173221 0.00400939317417522 -0.00126394315384762
882800 0.0520866935661884 0.188690278379647 0.00270421410519079 0.000750045190543901 0.00523485910774305 0.0027483801040112 -0.00171417440586285
883000 0.0520693674379496 0.187674922973786 0.000482579331023623 0.00013566340983948 0.00436288016507225 0.00392747264803207 -0.003981709151004
883200 0.0521912792918262 0.191812497561972 0.00265782649304818 0.000236532598620932 0.00599487685656281 0.0042573142391903 -0.00142340239793192
883400 0.0521096075057654 0.19282665184995 0.00470812088908383 0.00478377025255058 0.00432267108780181 0.00266693882602981 -0.00154335657243252
883600 0.0524907454143795 0.19256641122501 0.00647414488611548 0.00417818059945312 0.00531818898664402 0.00334087179394954 -0.00288967180688583
883800 0.0521698063515387 0.195149693545673 0.0107625432258558 0.00936888148578082 0.005032777793604 0.00345374361797447 -0.00283104988589499
884000 0.0524737934424262 0.195510554589429 0.00383231797680694 0.00444568068830733 0.00530909334406907 0.0024029331694613 -0.000527157562571664
884200 0.0520244225462418 0.187949928066118 0.00516637614661037 0.00508483206315043 0.00472431171439711 0.00262144163580041 -0.00245266343238675
884400 0.05233531895088 0.189899496490622 0.00263987987411516 0.00102394035858489 0.00398806895130877 0.00320093640115909 -0.00319666998358876
884600 0.0521720298436982 0.189841493803496 0.00293225023981645 0.00249807636139713 0.0041684292153116 0.00455287712126919 -0.00220254942488338
884800 0.0522589162975589 0.194840296729814 0.00332067408000389 0.00160793314753922 0.00678563119963848 0.00428567893932273 -0.00196132656799776
885000 0.0523546631064069 0.192126387257376 0.0045885022728375 0.0038416426895991 0.00373798051911579 0.00337361391328537 -0.00178240372920291
885200 0.052173296606825 0.192690832835866 0.00357744196052585 0.00157084538591302 0.00424537338192054 0.00103911372127267 -0.0010629597595454
885400 0.0523650110938104 0.190080734323613 0.00170451423602623 0.00191154827229697 0.00406261011761895 0.00328426101674496 -0.000901810892367099
885600 0.0522099932124582 0.186765830881953 0.000942406194460699 0.00195166306615809 0.00420635260424522 0.00280390477624737 -0.00161921902692169
885800 0.0522763366602484 0.190039300546201 0.00420626824603963 0.00138150623077279 0.00457751627178637 0.00342879323435896 -0.00180853765665996
886000 0.0524478251691076 0.194681548385583 0.00333004816757095 0.00689303423532535 0.00434780292391229 0.00356268053637846 -0.00171463714408236
886200 0.0523580105089442 0.195867446297597 0.00471386228035778 0.00501131623197961 0.0049021316311293 0.00393656068584571 -0.00354718560849837
886400 0.0522555393182241 0.193304348985058 0.00185780081719081 0.00207394143495432 0.00618995591667806 0.00339577072240119 -0.00204325981055133
886600 0.0522015944178899 0.191271370166874 0.00244797052704865 0.00123904547472252 0.0054858557575109 0.00228925579415982 -0.00368426793449412
886800 0.0523328172053767 0.190830532565642 0.00264950538362062 -0.00101766879870839 0.0046825325961064 0.00261746172848782 -0.00424426341724469
887000 0.0521640397180647 0.189991553122961 0.00256210129184832 0.00095770159611601 0.00442556641195349 0.00330025689283308 -0.00325551253842946
887200 0.0523296106303624 0.192723104480965 0.00357868278715799 0.00415524664987426 0.00308659995128013 0.00290605343380906 -0.00275199825948909
887400 0.0524352600154579 0.196695543216366 0.00846438787613459 0.00868986557026107 0.0032743600321999 0.00297111120716809 -0.00147503588946895
887600 0.0523820856375789 0.193520373333981 0.00318178997005347 0.00563279901667338 0.0051087261075576 0.00310586405518419 -0.00167337524896046
887800 0.0523299666428171 0.192217629605234 0.00274198157787788 0.00396039463547207 0.0055267227009513 0.0022421765757259 -0.00281481742564406
888000 0.0522108091490784 0.189647598498486 -0.000775843968091845 -0.00249219155543089 0.00667850659579353 0.0030188334761113 -0.00316930866096702
888200 0.0522161233721936 0.190961697966379 -0.000662703309452195 0.0031719150564873 0.00670770455004906 0.00275055012983075 -0.00121659211484558
888400 0.0524669540700725 0.195080866141426 0.00156543975021319 0.0025236959712487 0.00771517812931711 0.0024995414714313 -0.00197241487447236
888600 0.0524114172215483 0.192565933902493 0.00330452412079561 0.00229834326864906 0.00662651600209231 0.00348768307451344 -0.00287286764175083
888800 0.0523537532511435 0.192586913002743 0.00253936369833354 0.00426907073105131 0.00535871270183055 0.0037393736434821 -0.00281356260281784
889000 0.0523703523963935 0.194117009905431 0.00259333392519122 0.00257691363457586 0.00416372306975423 0.00230406279040356 -0.0017687621805711
889200 0.0523395932416279 0.190429050373735 0.0021947618631232 0.00134844795666625 0.00478002001062338 0.00140243032119604 -0.00213951468032222
889400 0.0522962128586465 0.190217624559273 0.00172119729999828 0.0029339493693503 0.00498472224927432 -0.000115554034498608 -0.0024114392463522
889600 0.0520794125400452 0.187774819316814 0.00432123738678807 0.00361874362985945 0.00574406991794836 0.00275218861306337 -0.00109444043323948
889800 0.0526926351269532 0.195359358005281 0.00317324820812365 0.00470016500249535 0.00548164928075631 0.00565732694182407 -0.00229051641343382
890000 0.0522032255218174 0.19291652086017 0.00644294455237633 0.00731416734352806 0.00416709120802878 0.00426220662279497 -0.00281004370260305
890200 0.0526466046935356 0.196172717888341 0.0015019328749545 0.00580947717152371 0.0062449132664958 0.00339969260883239 -0.00415473987168406
890400 0.0522880583850033 0.190413373632789 0.00096592305424509 0.00231781710987183 0.00700129127316392 0.00222958785471142 -0.00362937867569539
890600 0.0524647833119878 0.190310678685468 7.3979411136661e-05 0.00085721609143977 0.00519212091734412 0.0023601409742774 -0.00284245434045035
890800 0.052288441186702 0.190320889912813 0.00425087523745241 0.00274067133229871 0.0043074935476738 0.00226504110816501 -0.00326401396583977
891000 0.0527018683068119 0.193625590748576 0.00142346813787826 0.00371744726816169 0.00450746140965254 0.00223873711537162 -0.00335618013908992
891200 0.0521750165797386 0.19196922505356 0.00636088343130531 0.00156128725985903 0.00537429341274165 0.00252875766346557 -0.00275612616816236
891400 0.0527466022420057 0.193830553748803 0.0031581628851293 0.00432499089261935 0.00651629128172086 0.00334611675783984 -0.00332964405258615
891600 0.0523970594345001 0.190794363637632 0.00585351667779561 0.00364044786317964 0.00483612260930026 0.00217678169621845 -0.00370182072322003
891800 0.052676393909338 0.19279060111828 0.0012917654640744 0.0045341296340614 0.00343214063865582 0.00221896299917041 -0.00176789449273449
892000 0.0523682397237379 0.189493269087964 0.00499915109044852 0.00130914329867758 0.00484672420059748 0.00261488333106831 -0.00436602207835036
892200 0.052765509661537 0.190641815308272 0.00152229430729369 0.00129111022257841 0.0056247842645946 0.0031879617338805 -0.0034277807444993
892400 0.0523352165275039 0.19051402282098 0.00191377718530017 0.00347534364395796 0.00630155761039849 0.00532048546924275 -0.00324727717328488
892600 0.0527835128160843 0.19330096943356 0.00330484228703338 0.0017350390759869 0.00406351538046552 0.00428076756460481 -0.00284248412648914
892800 0.0524090724910903 0.19247896046642 0.00605186273476913 0.00384267615124597 0.00702182666932913 0.00380093593340361 -0.00321240150442075
893000 0.0527279521684454 0.194151885610009 0.00545803519989301 0.00517799619962791 0.00583693231871624 0.002908115510968 -0.00194288574815983
893200 0.0523090297927839 0.190190018842118 0.00477038503180077 0.00171232532302029 0.0064634323610557 0.00236948305657025 -0.00305326130510964
893400 0.0524470121803999 0.188704085966637 0.00239224922484887 -0.000644470909010105 0.00463954134293757 0.00165304434263079 -0.000828301997900407
893600 0.0524115003834224 0.190056735223281 0.00285805114202066 -0.00190397239196571 0.00385243183451947 0.00261356031440774 -0.00265469153680011
893800 0.052549335043412 0.192127107867009 0.00205976415795554 -0.00108645193522134 0.00511130465488683 0.00444852816517936 -0.00354175416789136
894000 0.0524617984951288 0.193920166156524 0.00403942299044675 0.00281442378366042 0.00550750967372061 0.00300971112039291 -0.00185686965623227
894200 0.0523528611155993 0.193000067182249 0.000845985364999397 0.00478063270650643 0.00582774044704388 0.00203729868167956 -0.00123154207943007
894400 0.0524753709678056 0.192082432292239 0.00491161116091897 -0.000708124590015929 0.00528895101702011 0.00472110971841071 -0.00321601781495692
894600 0.0523228135872335 0.192379462475104 0.00389828857067379 0.00435420270643148 0.00525995398178817 0.00382966515409809 -0.00204552878916029
894800 0.0526861676463467 0.196140984485509 0.00430680867578199 0.00205813012612912 0.00686230851979225 0.00306750551920725 -0.00319044222690374
895000 0.05229955222894 0.192438122188036 0.00134959598826606 0.00229944337190749 0.00492552587268178 0.00244845016812512 -0.00473898525010836
895200 0.0525622286172951 0.191262961792752 0.00266748334477189 -0.000495475023775965 0.00458187609966034 0.00306998334661717 -0.00362255341228639
895400 0.0524284640202125 0.190353641021754 0.000447666268058625 0.00194610742708371 0.00364997309220901 0.00418008179026955 -0.00276519810710769
895600 0.0525132719465719 0.191384886897171 0.00221847178584063 0.00492220524832275 0.00537128541099626 0.00356196892584429 -0.00224627316694451
895800 0.0526015624234044 0.194166443711101 0.0037350785050164 0.00792699867935827 0.00370498360947263 0.00174477793172986 -0.00188595244636783
896000 0.0525834203544222 0.19374292183371 0.00622579760316196 0.00431115239343838 0.00573118956391648 0.00429206706291325 -0.00268395293240667
896200 0.0526037306496618 0.193354873316329 0.00298940244436364 0.00600305341560051 0.00609376827989164 0.00369535305120134 -0.00320968297564376
896400 0.0524736456940256 0.189339034433268 0.0049319365013923 0.00291467206672932 0.00477899209498735 0.00181643987525848 -0.00288488476992543
896600 0.0524792271163223 0.190425010165885 4.28083900607531e-05 0.00174814481356228 0.00503967535991707 0.00298337547760899 -0.00212644880799671
896800 0.0525566554638076 0.190556741069719 0.0014990166591685 0.00123468640064122 0.00482997031790957 0.00458262527877914 -0.00204631141741025
897000 0.0524623683543658 0.190277623694893 0.00144450703893419 0.000614713226860893 0.00461355639456395 0.0027298829198691 -0.000968499491975181
897200 0.0526632912606098 0.189785033541956 0.00140808844016033 0.00339703482880132 0.00435122440544109 0.000347405207003953 -0.00188016717294167
897400 0.0526175353090589 0.191982713482796 0.00366600035855805 0.00442672581623859 0.00616584357413102 0.00351662402275997 -0.00224613437898909
897600 0.0529435648837254 0.198788977694373 0.00744555565352666 0.0055609314311176 0.00596819671169441 0.00195423309463332 -0.00237780772570267
897800 0.052379167304585 0.19456552917579 0.00721518107603531 0.00345789463106137 0.00530497116714568 0.000937871163506619 -0.00290119814595557
898000 0.0527427929850682 0.193247870551876 0.00513368673610776 0.000992894735171303 0.00638808801659253 0.000873957467423572 -0.0033227297083848
898200 0.0525350977557554 0.191345917330272 0.00109037988662307 0.00182534689413619 0.00498282654310099 0.00369254911905188 -0.00164761794189758
898400 0.0526788633259211 0.191875148130293 0.00170016706169844 0.00281474521006507 0.00378249318119264 0.00263229523770104 -0.00173795977093646
898600 0.0525167357120255 0.18994111162856 0.0011564737335897 0.00182336152536833 0.00557495585045628 0.00269437324513203 0.000203210531319154
898800 0.0528676983895071 0.191451121343875 0.00769373458164657 0.000691013905198986 0.00710164847348431 0.0032137758666578 -0.000859775633144714
899000 0.0525838353557482 0.192076557107284 0.00612873355041789 0.00542543148307224 0.00576617872183352 0.00208118860516427 -0.00171720608469311
899200 0.05307665533993 0.195852261311703 0.00452170470323312 0.00448593698838891 0.00680145710251172 0.0023188890896878 -0.00208048085925533
899400 0.0525534946401043 0.191794662238079 0.00179710752629855 0.00426670780959667 0.00619548869117446 0.00336644177373058 -0.00353298319184117
899600 0.0529284273469354 0.191535836189265 0.000479783749194219 0.00139986614615221 0.00695884461782659 0.00307687878511379 -0.00196477196279312
899800 0.052486975941495 0.189727353676564 0.00225222242304139 0.00129901770487455 0.00634709649478401 0.00352431217478588 -0.00195580833508496
900000 0.0528226288843388 0.192074542090606 0.00289758067302066 0.000476367669583152 0.00657445268357628 0.00373972187787717 -0.00106598682323632
900200 0.0527176014333051 0.19060075225042 0.00374373828586761 0.00325775611545546 0.00647439113399843 0.00344004513837635 -0.00248146570923521
900400 0.0529589679053295 0.195752341922927 0.00340789613375835 0.00562818373529083 0.0049409278840051 0.00205771467690897 -0.00207734746686827
900600 0.0527642915158184 0.194875221596812 0.0050717179371494 0.00422274041445207 0.0041244841297043 0.00255617960098011 -0.00195225962353929
900800 0.0529519267163535 0.193160537144242 0.00482078750952785 0.00288924372301204 0.0044997240877562 0.00255621513058911 -0.00167789423475662
901000 0.052761915974028 0.191191968403292 0.00497559131164848 0.00163628231746707 0.00605870034660475 0.00272048198505877 -0.0014778320010999
901200 0.0529974845187626 0.191637159005188 0.00361117071817276 0.00233111234848203 0.00444756053149567 0.00381734245500544 -0.000502860159672053
901400 0.0527048930877219 0.192101990080458 0.00510238381368733 0.0033312672246238 0.00473123561724312 0.00308150015428404 -0.0031897631604033
901600 0.0530191021231222 0.193865020783095 0.00280130758034916 0.00592181729804044 0.00564544770779093 0.00262333713068125 -0.00166207974446904
901800 0.0527403079563789 0.190644902159512 0.00380206014787324 0.00633757682834297 0.00478130163303416 0.00366372423243098 -0.00191497361776524
902000 0.0529732661939317 0.191946232688003 0.00214333251236415 0.00621440211762228 0.00717195786764843 0.00201780659795018 -0.00198390775022103
902200 0.0527994944751709 0.190601754713913 0.00307332445389886 0.00236495958426182 0.00544528205316962 0.00120874991956673 -0.00185376434007523
902400 0.0527784350125492 0.19013126825479 -0.00133813188206939 0.00295387986457231 0.00341297690121986 0.00242206083717482 -0.00174826561733542
902600 0.0528193681955543 0.191829934456676 0.00105854417176219 7.97444594878876e-06 0.00479493471341031 0.00233721163816142 -0.00406953251260315
902800 0.0528173509579331 0.190483322148718 -0.00177420250224756 0.00170190406364548 0.00539421730000999 0.00253724524662409 -0.00284869327899019
903000 0.0529338866002971 0.193716322172215 0.0059621692911607 0.000406659795060687 0.0051438590695415 0.00391941371710815 -0.00140159494943535
903200 0.0529801188111876 0.19416238678375 0.00480730129789517 0.0049780559010787 0.00458289022716469 0.00324668107713233 -0.000200183800595738
903400 0.0528973637927824 0.192413231419623 0.00502605206073242 0.0044136059797637 0.00482796104702378 0.0050224509998765 -0.000947931735245939
903600 0.0529800066953096 0.192736683512513 0.00587672493262219 0.00413416296367305 0.00455976336650302 0.00248415850168548 -0.000924826921014834
903800 0.0528971918426246 0.191453086619209 0.00359751946845181 0.00348787056911607 0.00497084784755934 0.0028483032022132 -0.00212043235338648
904000 0.0528234412630855 0.191304791795173 0.00138834903448384 0.00165533741480022 0.00377043947352014 0.00359675144959247 -0.000655989044078165
904200 0.0528348780988422 0.190646337096618 0.0039109873249094 0.00274575768792304 0.00412115222222499 0.00391103692250547 -0.00207951002428813
904400 0.0527342900282718 0.191967835272506 0.00340035263165016 0.00162825453817894 0.00468196492479903 0.00333695742948848 -0.00243751839225822
904600 0.0528807256281703 0.19212775949672 0.00237233038797079 0.00197721763627521 0.00642971992123292 0.00352463136377485 -0.00355278460517332
904800 0.052694037961401 0.191994069769129 0.00346330305140324 0.00240971125013051 0.00512725839005589 0.00367999097520745 -0.00194722582186166
905000 0.0529534435567383 0.192552242443778 0.0039631682993538 0.00320800937656958 0.00397013491378055 0.0034391969680584 -0.00153616875540196
905200 0.0526836870700889 0.192364993999004 0.00510263012059911 0.00486866932065442 0.00475122195174004 0.00303159178795734 -0.00251344826424961
905400 0.053104185221775 0.194307079959313 0.00274217204302913 0.0033125327204815 0.00330109723784551 0.00381586552436284 -0.00294725500350537
905600 0.0525737640656926 0.190523666332081 0.00478302952364656 0.00099768138399928 0.00442534400765629 0.00363350517054197 -0.00219754061588963
905800 0.0532354360110293 0.194695762582075 0.00195963549913726 0.00109897584513529 0.0061977505161203 0.00165690683004665 -0.00286804819113463
906000 0.0523984884137365 0.189035422363875 0.00512398949920642 0.0042368498888159 0.00581152429131643 0.000970780551894788 -0.00163243361716787
906200 0.0530968672984854 0.192518259684832 0.00127286181589154 0.00322879292329668 0.00578192633189475 0.00432559211273309 -0.00124821609137814
906400 0.0526268694484484 0.189894049866163 0.00430980080178089 0.00263709818676457 0.00469627507506255 0.00565630820292395 -0.00378318202288002
906600 0.0530269417653211 0.1927230234063 0.00103544355702834 0.00362617419021027 0.00484609260324828 0.00352824803121282 -0.00254096160974763
906800 0.0527183029095859 0.1919620680843 0.0026211722593262 0.00403026771575897 0.0041154793568549 0.00346254221524318 -0.00347089543832775
907000 0.052972574717086 0.192345588574955 0.00139831539612653 0.00287352382534519 0.00537588576289501 0.00381955801886019 -0.00243298443335544
907200 0.0526239397087331 0.189757562642056 0.00149063513576082 0.00081277440768235 0.00655431742165705 0.00279118347047517 -0.00264009916539868
907400 0.0530906445024284 0.194094498195849 0.00030262305854978 0.000938751472731185 0.0051131760930781 0.00260907060019803 -0.00292511301446323
907600 0.0525222628611763 0.189080019763919 0.00280361553535971 0.00449497320480236 0.00489241851218792 0.0044889954599528 -0.0025036125423985
907800 0.0531904469265371 0.19450477659909 0.000369126930845823 0.00339631844470388 0.00416973824419743 0.00408662935432929 -0.00202370328296035
908000 0.0527102986701085 0.191594429239353 0.00666102414259476 0.00369999685414669 0.0045108515280175 0.00278848187824602 -0.00211863841917935
908200 0.053084351410317 0.194479182122785 0.000586665097891963 0.00164232533427317 0.00532378958208717 0.00297842593361802 -0.00120763719661874
908400 0.0526857069382807 0.189411845619633 0.00323840620480214 0.00232578294408435 0.00382692192999951 0.00304414423868837 -0.00174810248842184
908600 0.0529773542218965 0.194309200604834 -0.00102910420719125 0.00203124537356058 0.00328211272700076 0.00401590779565185 -0.00103328867710945
908800 0.0528505153758573 0.192872684239234 0.00527511084170541 0.00246077482003024 0.00542964634775364 0.00544121540053561 -0.00069811339203243
909000 0.053017484990333 0.191859607896113 0.00346246877124535 0.00314172185421847 0.0043807121261939 0.00544445918136465 -0.00251357171905545
909200 0.0527937033411022 0.192755050812575 0.00541844200213364 0.00388453741707523 0.00502315470307286 0.0059097507304323 -0.00170459097267189
909400 0.0532526537918644 0.196761466855511 0.00515587116455256 0.0059465832909968 0.00615002556635063 0.00483192403016327 -0.00225419654283351
909600 0.0527238270148838 0.190844991281531 0.0085543306703631 0.00469171659404519 0.00462848298052931 0.00205228949216174 -0.00212659410252742
909800 0.0530432361805584 0.194738104793225 0.0029174402357641 0.00433299285442895 0.00441515411279171 0.00483179451587638 -0.00246540928003741
910000 0.0527515422303307 0.192539729771731 0.00532291526419028 0.00133372512571259 0.00312942047772819 0.00469113159992385 -0.00237532197760824
910200 0.0529480362516521 0.189470825724018 0.00121035891496784 0.001637579904396 0.00392698501324369 0.00428808178515713 -0.00229943370850082
910400 0.052740128905901 0.189165088879297 0.00258858760970514 0.00285884237224775 0.00608761327414346 0.00412933228789474 -0.00378060338173934
910600 0.0530043509207809 0.188774431621289 0.00166167647581065 0.00280632172963012 0.00480188977966961 0.00344198118610391 -0.00288917553583943
910800 0.0529012151457802 0.190948458127004 0.00411061711699461 0.00396196059662229 0.00639734227369762 0.00301592252426291 -0.00240970916162299
911000 0.0532162818892773 0.1940850124467 0.00134590298489434 0.00640857917397111 0.00610652777072398 0.00303005140817527 -0.00239780411545301
911200 0.052869454909243 0.193143634604204 0.00435443619027678 0.00626961678909455 0.00629298600496728 0.00423887554264838 -0.00156691463654414
911400 0.0532472521709414 0.19441053457904 0.00402098876600325 0.00262351600905597 0.00487151374675701 0.00444001749934554 -0.00274386609033597
911600 0.0526192868189563 0.190037385308263 0.00181171927141788 0.00481708068086522 0.00569245032088382 0.00319507025538092 -0.00279189254425865
911800 0.0530715345160047 0.192862533308961 0.00256405682435864 -0.00101467544947434 0.00458516568111052 0.00489979097955351 -0.00303368477844482
912000 0.0528330186298246 0.189588770552313 0.00332205947960969 0.00136164362926499 0.005448397859841 0.00425943798388352 -0.00100770078715848
912200 0.0529114775820586 0.19177673693868 0.00219248005090437 0.0016738881966329 0.00481799203437248 0.00403283345196451 -0.00219428753521675
912400 0.0530038314154123 0.193666455819213 0.00584461835318442 0.00730247454788241 0.00463840176865688 0.00215118892923866 -0.00164146342721132
912600 0.0530409727885183 0.19337551421448 0.00462952004804656 0.00300952027830423 0.00478883277544635 0.00214418182129892 -0.00140756461366181
912800 0.0530277878139783 0.194229296612317 0.00220698107952395 0.00486578565190858 0.00597508181641059 0.000478520677550242 -0.00240067026612277
913000 0.0529297038695893 0.191334644489868 0.00267989852684748 0.00169911972585037 0.00556434792449879 0.00259183013033898 -0.00106297786134851
913200 0.0530987159250029 0.188010072272303 0.00020692856491878 0.00279106828439382 0.0051186240167074 0.00522421590312734 -0.0024207660094746
913400 0.0527177316593679 0.186957264888772 0.00213476507729077 -3.66914056171148e-05 0.00386800962269738 0.00345137428571396 -0.00219219560515493
913600 0.0529623016674157 0.191403641945762 0.00364925396035806 0.00066132218220667 0.00465533983937215 0.00353254036670996 -0.00191409996108107
913800 0.0530503419001149 0.192310411599221 0.00416774811328342 0.00225677039660581 0.00690006185908676 0.00372645927730901 -0.00320484686627652
914000 0.0530544524442836 0.191818450428785 0.00578828214193607 0.0035623259363266 0.00774802069064785 0.00415409916505334 -0.00311556017038831
914200 0.0530698243597107 0.19249411352516 0.00352679592944146 0.00283552423436725 0.00582740738814512 0.00268830699897941 -0.00270902954087491
914400 0.053005794627218 0.191186371091679 0.00121719930588471 0.00519197200957286 0.00652090362052362 0.00504482480082064 -0.00238119529618553
914600 0.0531142129305039 0.190841582298878 -0.000356765901463612 0.000633460413252909 0.00600768475584193 0.00529817383281499 -0.00196994511570116
914800 0.0529930725131333 0.192595520138102 0.00144469429128222 0.000985519108774952 0.00508252816647144 0.00296740957267828 -0.00312821291426516
915000 0.0531601908286538 0.193716211726343 0.00530551256865347 0.00610286372855141 0.00514772995533016 0.00214061620865679 -0.00324260421851973
915200 0.0530029158734741 0.192108347347518 0.00583134784445901 0.00258547661598112 0.00387389997818143 0.00177105311579935 -0.0025160549765286
915400 0.0530724258236328 0.192923137982929 0.00331213415997384 0.00285701785597255 0.00652048252247798 0.00301282404307087 -0.000825205832320212
915600 0.0531084411967392 0.19441619462231 0.00234312092045699 0.0024375229302491 0.00599796398036274 0.00307119392130962 -0.00227684865725105
915800 0.052847145206547 0.19167181890346 -0.00116353103215347 0.000631536064637625 0.00582595065458159 0.00217467017328383 -0.00297918310466472
916000 0.0532114236409145 0.190756583356557 -0.000774148350240486 0.000627643906746329 0.00441814149489413 0.00335541993090123 -0.00344154521695765
916200 0.0528340309846946 0.18620502447734 0.00300801857469486 0.00158166743076274 0.00345856075025075 0.00186371407942456 -0.00387692071823109
916400 0.0533079931638894 0.192235454771158 0.00191407175329713 0.00184805540757494 0.00538628703486485 0.00322941007605066 -0.00154461433776383
916600 0.052952795180777 0.193049384859924 0.00393126561183875 0.0039025850648132 0.00364731900939999 0.0022478048314149 -0.00185552292432353
916800 0.0532786521531644 0.193106540228256 0.00175462732434678 0.00432686546105809 0.00550379947668442 0.00267168097070558 -0.00244378892381948
917000 0.0530670663027575 0.192290652438078 0.00360189718603053 0.00309284701498997 0.00550246116561432 0.00167199048664869 -0.00209124898902927
917200 0.0531617952828762 0.191943361194769 0.00140694296085782 0.00150405009472484 0.00793112946072566 0.00286546750822625 -0.00188286338130794
917400 0.0529837386679597 0.190391516119766 0.00334651947441585 0.00191819588191055 0.00599264284285329 0.00342910876757512 -0.00221706977075586
917600 0.0531551367007579 0.192532219717118 0.00384151333152546 -0.000128224311210557 0.00379459259864548 0.0045448632415359 -0.00250073349702065
917800 0.0529752844954273 0.193448136388041 0.00462299771469847 0.00422472406718688 0.00457924078254412 0.00401347857904134 -0.00346053830464846
918000 0.0534448854092537 0.19508057717061 0.00522254211544189 0.00166247434286203 0.0048149886477556 0.00305315109707094 -0.00301027778218014
918200 0.0529433259979104 0.191427187806258 0.00553116488505406 0.00311542243792448 0.00547271764943595 0.00380289962157316 -0.00172596767341107
918400 0.0535032748216944 0.191787800719345 0.00485685636090405 0.00351733503452623 0.00457842493553276 0.00399285802458044 -0.00206594385194583
918600 0.0528799506972999 0.188868582210352 0.00453670411883285 0.0042479075152061 0.00573975335598257 0.00241116312221566 -0.00206650536460808
918800 0.053359001824343 0.194084986247955 0.00427622385788348 0.00203364295335394 0.00598630631978145 0.00365706794841779 -0.00145945112783908
919000 0.0529320187270349 0.191022257927258 0.0047588036290014 0.00363455211059691 0.00646396874860328 0.00338902408740818 -0.00251319298983227
919200 0.0533819289614078 0.19068873202473 0.00271155618042238 0.00160617058622481 0.0058442774963025 0.00228759655198772 -0.00153072742298566
919400 0.0526812176436706 0.187011966746062 0.00174314686684427 -6.19576805617587e-05 0.00507948961278995 0.00299216225474528 -0.00236350660619323
919600 0.0534050249334236 0.192305868126957 -0.00135413928607523 0.00124955149529178 0.00591309821032322 0.00412319278443001 -0.00147957969341241
919800 0.0530834506529086 0.191964168547859 0.00254397335636461 0.00260211211540602 0.00557808340426059 0.00252043217719203 -0.00309234226311331
920000 0.0532827808583726 0.194201579803915 0.00221973350130474 0.00516555078151728 0.00651001459278145 0.00196660428604448 -0.00212482486766442
920200 0.0532074285171251 0.194360871873755 0.00279370770304454 0.00803756681274203 0.00625304477795054 0.00124781760441748 -0.0033211509171606
920400 0.0532358789578933 0.193859777683205 0.00483333496829296 0.00452324559380437 0.00452455811591292 0.00251669575317481 -0.0027789176055861
920600 0.053238009103738 0.192977230172422 0.00100959232755732 0.000888217526488806 0.00636676904638288 0.00223037568591157 -0.00269737270630154
920800 0.0532339863191695 0.191341946646757 0.00075526515279633 -0.00163505807232766 0.00555364256065947 0.00401933331799875 -0.00179818112122308
921000 0.0532427299462953 0.191535611819697 0.00236908454201184 0.00117115247177386 0.00691872722137603 0.00243162930075614 -0.00150812590504164
921200 0.0532725954408731 0.192524950811781 0.00172804099228101 0.00338322219104533 0.0071153408075732 0.00206822296381949 -0.00177836780953948
921400 0.0532520521683903 0.193169086851065 0.0040827078699454 0.00473333314119322 0.00782488979938218 0.00184297450062616 -0.00274006542536247
921600 0.0532410886496485 0.192273001332381 0.0032543966878465 0.00578883782886512 0.00537674859496479 0.003948695660012 -0.00195774330117122
921800 0.0534623171177539 0.194763241432264 0.00417214678970281 0.00409896011882786 0.00531714804068615 0.0028995312390342 -0.00211198056993718
922000 0.0531451803058913 0.19312981645394 0.0019689859941051 0.00567947362969857 0.00635590451055002 0.00374940057743829 -0.00165719325973262
922200 0.0534482831027056 0.194995111242929 0.00361095028976007 0.000862005514063159 0.00598920214895119 0.00356004566774633 -0.00127473185471205
922400 0.0530806825154454 0.190623349109403 0.00289156601076924 0.00314086662308058 0.00670126196176826 0.00252010143584433 -0.0044247879691774
922600 0.0533976300801557 0.192118756533417 0.00124758784321764 -0.00100507368899622 0.00746571129920171 0.00235047392773449 -0.00231485863190881
922800 0.0531959915411699 0.191864732178242 0.00580846842729364 0.00443114567659708 0.00649696242240122 0.00192834879462169 -0.00178179682609898
923000 0.0535478340014578 0.194652021384352 0.00553897997070124 0.00336767515005751 0.0054533469025286 0.00303191465157063 -0.00264960215325851
923200 0.0533039504790845 0.19314746171795 0.0025126325797979 0.00775711934343791 0.00604818720079544 0.00230288278596471 -0.00108550272544981
923400 0.0535554323005109 0.194362966155156 0.00496839361751416 0.00221038274201918 0.00564167548927858 0.00364543688586093 -0.00380889655722265
923600 0.0531179957877096 0.190220462160063 0.000615345531517529 0.00399968370229077 0.00574919929661459 0.00289961674123743 -0.0016754300668978
923800 0.0534392002378998 0.189470469916375 0.00183702135870598 0.00366268198679218 0.0050920425623055 0.000993523084652933 -0.0013304229340618
924000 0.0531455256395897 0.187828467932568 0.000232348979884012 0.00334312204353679 0.00436436675238425 0.00272073981481502 -0.000326604510437787
924200 0.0535501008190888 0.190903336479967 0.00103121570072022 -7.5621382484019e-05 0.00522416823512815 0.00250722164871279 -0.000722619928772242
924400 0.0532751732520673 0.191465172879016 0.00351429637852509 0.00334629039177756 0.00539843465728882 0.00179320015538861 -0.00110042169390433
924600 0.0535947196205365 0.195888853434502 0.00300070954428867 0.00277944690684756 0.00443970525506207 0.0025726790659715 -0.00258739798145358
924800 0.0531743147788832 0.191422287343623 0.00361090421745684 0.00362417894577193 0.00532548842133 0.00202235779784423 -0.00226333216999204
925000 0.0538055005094346 0.193697545833572 0.00364615863052858 0.00219047472518767 0.0063078930242039 0.00420885419434858 -0.00443698406214106
925200 0.0529130974860595 0.188344350445909 0.00332240152818283 0.00354732962862322 0.00438434686664374 0.00260211414656542 -0.00301865291135974
925400 0.0536037363579563 0.192430333720165 0.000916996651838051 0.00279812418314851 0.00570462362030016 0.00429558850254253 -0.00240336633483504
925600 0.0530357282440835 0.188683523132541 0.00149167678655282 0.00232126824287311 0.00526274568092665 0.00397686283026288 -0.00286676533650356
925800 0.0534560741827956 0.189792600443683 0.00324546740106904 0.0037723840873116 0.00566703317643916 0.00380758830610261 -0.000529583262548489
926000 0.0533857376608611 0.191242986451621 0.00449562488313006 0.00387741376501309 0.00584995928106402 0.00431690007779554 -0.00232514819951763
926200 0.0534294609414181 0.193442182071497 0.00255318022307887 0.00191653885380652 0.00609584379060947 0.00110493296014344 -0.00298733183239934
926400 0.0534986249392143 0.19489939435524 0.00546827033612051 0.000405012583418469 0.00421075739564655 0.00169749045971063 -0.00323127018273139
926600 0.0533079505986449 0.191674303684406 0.00237658721797785 0.00293514444958302 0.00542668526413428 0.00324635081204304 -0.0027955906341408
926800 0.0533859829607643 0.190974199520378 -0.00213813251730139 0.00190915842996773 0.00424010032430715 0.00429201742277711 -0.00109186459773722
927000 0.0532369623678234 0.189374570989381 0.00111028391499845 0.0037579071793495 0.00496161079186509 0.00266355255331167 -0.00452700356448083
927200 0.0534200457656818 0.191677978294867 0.00327723647182334 0.0016922673929775 0.00640742555742328 0.00327224690400325 -0.00282124453824281
927400 0.0533904628516258 0.191961023500323 0.00262975353424197 0.00417194432614108 0.00440531387738354 0.00383134883565882 -0.00169095748108887
927600 0.0534193918939572 0.191802236178846 0.00385702883946026 0.00137591110341994 0.00547128524794289 0.00349214625251476 -0.00125289284451613
927800 0.0533493036018589 0.190202900195878 -0.000103542944586648 0.00411520722768089 0.00597675932683481 0.00305012213341843 -0.00156334036726282
928000 0.0534809863486833 0.192347672468124 0.0053273639177243 0.00232298166298966 0.00473584773260179 0.00460560644991903 -0.00133336215911281
928200 0.0534401039838555 0.193236595905387 0.00240546396882515 0.00705241662948337 0.00711908220714445 0.00192120389143215 -0.0018655732286209
928400 0.053643245338388 0.195681457980882 0.00481031675971251 0.00359047398338173 0.0057798631174985 0.00241430658620846 -0.00154307539933354
928600 0.053413292367632 0.194317814308398 0.00334835270258278 0.00279690784595125 0.00411303375630612 0.00232332854145214 -0.00212629538149752
928800 0.0534802421600602 0.192874777911781 0.00365157797738881 0.000190588791455527 0.00450202232079324 0.00376222311654897 -0.00297808356333464
929000 0.0534372729479723 0.192396918887492 0.00176516410522087 0.00304017973349563 0.00502058299995457 0.00191335252143183 -0.00261896027780901
929200 0.053538135507812 0.19449313711399 0.0039430401479859 0.00299081236705794 0.00489927690182377 0.00294241849396715 -0.00374135628035037
929400 0.0534629881082315 0.190698570231907 0.00314730320937754 0.00139929489375418 0.00714805920228451 0.00248609517599631 -0.00112341611798805
929600 0.0534966132566957 0.188569733049147 5.40078326920411e-05 -0.000254198811824106 0.00550718649119331 0.00405960352486832 -0.000842340651556747
929800 0.0533788360560154 0.190205057344766 -0.00165236093916834 0.00416297842314933 0.00492875717388672 0.00193302156505717 -0.00134453026386311
930000 0.0536403164346869 0.193187880277798 0.00375009054663582 0.00232786733981406 0.00418239491155328 0.00273010624161951 -0.00276533198322941
930200 0.0535451037019099 0.19249855718011 0.00513342148909871 0.00602690278565152 0.0046410857253913 0.00311167119655537 -0.00227386875218934
930400 0.0536855978802105 0.192225119105297 0.00409503793526708 0.00379516745184889 0.00470615516391997 0.00271765256788549 -0.0012328262306725
930600 0.0532664263822282 0.190036225788714 0.000610075195698296 0.00507173981445805 0.00614284415046393 0.00337717753540803 -0.00130633111194196
930800 0.0535909969406142 0.189662890982581 0.00299009399837145 0.000891506927171263 0.00718068509661169 0.00174598059663354 -0.00398552436289813
931000 0.0533596109479168 0.190179066684792 0.00322799544129673 0.00544467120416567 0.00389788405183738 0.00267080990231971 -0.00362004088466666
931200 0.0536924911309117 0.192938679010077 0.00102565554201326 0.00412607720751084 0.00467163256233139 0.00197523312966106 -0.00225672459043885
931400 0.053359516427896 0.19204519498141 0.00216393726156072 0.00182439680597892 0.00542481614435248 0.00258860819216422 -0.00204250562987361
931600 0.0536722644130442 0.19205013219521 0.00115637205140299 0.00153586597923846 0.00495741721094867 0.00239230071720277 -0.00412525150892389
931800 0.053235739238163 0.189363729587047 0.00205077835762392 0.000482959864138553 0.00690655622749843 0.00193935705843511 -0.00343432975775079
932000 0.0538664078687279 0.194147776955495 0.00188692594056953 0.00148011986097514 0.00510209302073716 0.0017765601332005 -0.00124427980956125
932200 0.0535345374724785 0.193490216122001 0.00626141982889844 0.00522220072362064 0.00577031665982973 0.0023868075730019 -0.00269243376160882
932400 0.053789049428034 0.195379492500248 0.00452319636339515 0.0044156862252812 0.00525507904225382 0.00185757486417867 -0.00205506950592473
932600 0.0536044309014116 0.19340098428304 0.00599184949895594 0.00251277305225106 0.00499078562945469 0.00334995724700247 -0.00269378487240829
932800 0.0537164388227233 0.193383108215137 0.00220614016958509 0.00309630419831651 0.00512143589564968 0.00258547182485747 -0.00186531636380547
933000 0.0536776662581795 0.191196805487633 0.00428065366349553 0.00197112579865192 0.00576007105513472 0.00172164975306374 -0.00238991026415695
933200 0.0537085901030423 0.191102091704699 0.00369549800396057 0.00184154155200165 0.00473493360548406 0.00143454569246805 -0.00239871135475092
933400 0.0535654900212247 0.190244200460147 0.00161819665695769 0.000472843432977434 0.00545337305414891 0.00169535471909818 -0.00415208314004997
933600 0.053699796292412 0.192231317253943 0.00273687554278239 0.00306014285019781 0.0054327630805226 0.00205409253351382 -0.0021269151450477
933800 0.0535881107091721 0.19603997781224 0.00521788848755045 0.00784014462976168 0.00636177084823675 0.00304946129669488 -0.00126511245631778
934000 0.0537921395224076 0.195897813295651 0.00398500177711888 0.00762286599355258 0.00609199276779735 0.003219764010402 -0.00170101858359621
934200 0.0536128024440636 0.193231423209274 0.00536949581872734 0.00467778810720697 0.00682454407822541 0.00204927947499537 -0.00268483749863346
934400 0.0535827314112114 0.192213679211443 0.00183018128091271 0.00176162572727285 0.0059079394542782 0.00281925281522365 -0.000606209526881813
934600 0.0534974716243134 0.190583322393033 0.000881006248830062 -0.00259397430176775 0.00648957647898891 0.00247451687862114 -0.00176866736914775
934800 0.0536493262586749 0.191289966100158 0.00187139755157355 0.00161454856297713 0.0055465677002975 0.00319850031365316 -0.00135572655597322
935000 0.0535816032609006 0.193693708517489 0.00404481035679826 0.00506858464387284 0.00701106569222633 0.00311226333859414 -0.00151359716581605
935200 0.0537816463977049 0.196003015261711 0.00471941801935385 0.00484134778918011 0.00771637830954274 0.00282443135887196 -0.000577197022760865
935400 0.0536334634169337 0.191338331545017 0.00474350354252374 0.00663948928828508 0.00543049122767539 0.00229406740829387 -0.00170740405542412
935600 0.0536614020717122 0.190073401888218 0.0036274739931183 -1.80660246023215e-06 0.00493125777070668 0.00164009414937031 -0.00142843246897882
935800 0.0534998298942797 0.189231027170587 0.00127032452616068 0.00206850600194717 0.00582113864016029 0.000287486338624553 -0.00361332181948203
936000 0.0536603128135019 0.192645570331671 0.00214285872076239 0.000622405818691718 0.00472788220784131 0.00310404409929756 -0.0048816240945022
936200 0.0535380938790959 0.191442262851048 0.00187030003979002 0.00177120623793792 0.00656038610350017 0.00341994316686605 -0.00238822858567507
936400 0.0537479309670428 0.192965394359468 0.00602727303193884 -0.000206444003834753 0.00600757008066519 0.00286160563318213 -0.0014608996244066
936600 0.0536656897131402 0.192490832706796 0.00226567338274244 0.0056210098580279 0.00697506651312609 0.00248164464332046 -0.00189962648271494
936800 0.0539566225709474 0.196319185684385 0.0027752474902821 0.00448390022988043 0.00426059605817407 0.00254135707202366 -0.00293986455473556
937000 0.0534987016222195 0.191024101516281 0.00172350282020083 0.00592477233027206 0.00578889113611403 0.00204377888474082 -0.00227828083047906
937200 0.0538594042184456 0.192642260607977 0.00145673468702604 -0.00069519475237467 0.00594736369597603 0.000527404256841734 -0.00313401713576329
937400 0.0534920859463997 0.186149200277665 0.00154819871949756 0.00198605440056221 0.00649914558754344 0.000827034715981844 -0.00119823618669115
937600 0.0538676280790914 0.190943650930394 0.002206924556211 0.00177733125950564 0.00584224585072515 0.00133878438267607 -0.00250937250298964
937800 0.053636294079314 0.190977309500515 0.00337704458067386 0.00334732871470307 0.00532835037307026 0.00189840313384148 -0.00446999139748853
938000 0.0537224174982709 0.193024347537565 0.00460177621182988 0.00507991918743535 0.00463535552387164 0.00246867328995716 -0.00120663295436022
938200 0.0538358135229431 0.193992418743954 0.00417483040956112 0.00566246144405573 0.00416767257787269 0.000776063899652236 -0.00212657592005294
938400 0.0536449383709812 0.193061548040177 0.00336217245009122 0.00406577207736928 0.00698308626563003 0.000796925346234412 -0.00423295285577517
938600 0.0539769411262921 0.19489250222862 0.00307170882571275 0.00385570959806268 0.00592481077457154 0.000556670056595062 -0.00157800088722195
938800 0.0535403476199816 0.191893135644865 0.00504089306377986 0.00348949524873123 0.00456187394780604 0.0028165642489484 -0.00213934756655309
939000 0.05384817817094 0.192617917549322 0.00100867834143232 0.0017669723236432 0.00536824768221151 0.00353329375053117 -0.00276341939730011
939200 0.0536967064495934 0.193212381549408 0.00345468893012685 0.000966109482156285 0.00515058470696567 0.00162728324171709 -0.00300431881485865
939400 0.0536959768514503 0.192438627645275 0.00271681088399504 0.0017571125279289 0.00439272916224029 0.00232282571352619 -0.00380876682076087
939600 0.0538291252685935 0.192960993892533 0.00158429546450276 0.00320536641425807 0.00397415731359368 0.00238614967710885 -0.00176934864771407
939800 0.0536146312608562 0.193645367522548 0.00198604864715226 0.00514018399253371 0.00481278881385222 0.00348297074782354 -0.001267918762695
940000 0.0539233779487833 0.193098394715605 0.00192996816501047 0.00248676124032807 0.00417669381718479 0.00131606855963911 -0.000810389883067519
940200 0.0533678711393349 0.186478908693296 0.00260058988683168 -0.000492809313268674 0.00514882833909253 0.0019827437401463 -0.00075222810159915
940400 0.0538622910071394 0.189489977730714 -0.0029526088389218 0.00215890364192199 0.00615320148937449 0.00131748008672229 -0.000790237158785159
940600 0.0535695026913146 0.190021725408658 0.00277568870610906 0.00378945871339097 0.00531162116100686 0.00315184003328651 -0.000311895483118422
940800 0.0538476552948342 0.194340020302609 0.00136625590939115 0.004433985155817 0.00607649336189542 0.00187964071732816 -0.00094060569326896
941000 0.0536749235227293 0.194115316096283 0.00577339170656068 0.00247368466124793 0.00473087727011186 0.00331408441009255 -0.00280076592571589
941200 0.0538683236111673 0.195346132045713 0.00409557308704917 0.00549563395934119 0.00706173267300646 0.0028611029527607 -0.00170385233907631
941400 0.053752506247609 0.192849212727849 0.00714265549758882 0.00444168196058118 0.00582377127305868 0.00351380233376597 -0.00289458184208224
941600 0.0540073286955089 0.194003998009731 0.00305883728913355 0.00301384530435425 0.00417774092971964 0.00254745564066663 -0.00344857925808797
941800 0.0535066794766973 0.188326696427047 0.00361260351589827 0.00060824127992609 0.00490783908893599 0.00215267804855057 -0.00171419013728053
942000 0.0539829713020581 0.190672091614381 0.00111032154965192 -0.00202816839676826 0.00517753598931084 0.00396797803692548 -0.00128658425944383
942200 0.0535735286157557 0.190557227543738 0.00228395322344671 0.00264232763728112 0.00389131946176449 0.00276897950636405 -0.00272557718362395
942400 0.0538024720624819 0.194346665724752 -0.00107419340131899 0.0031238533791638 0.00371176599495216 0.00359976393865464 -0.000808950966282299
942600 0.0536129671006625 0.193337081090302 0.0038888024493853 0.00424692636513486 0.00515887151773618 0.00263299214523361 -0.00290802615803482
942800 0.0539470483523638 0.194702328132372 0.00323214118609213 0.00361492445655666 0.0056895556426004 0.00283494219216625 -0.00227292912596292
943000 0.053785013742579 0.194478232485196 0.00425565721486049 0.0035926642786667 0.00626588218745553 0.00137278450498822 -0.00322631721016461
943200 0.0537956639326717 0.190465112562985 0.00375263292517324 0.00234120835007377 0.00695708935279945 0.00319841070523901 -0.00210520049638198
943400 0.05379248530173 0.18950082374398 0.00344747296123086 0.00140261105944438 0.00643580458807776 0.00123229796046924 -0.00161460714748753
943600 0.0538519829849316 0.191268425516361 0.00326482702053196 0.00258951375759156 0.00639795707624868 0.00290988285084434 -0.00171520671357147
943800 0.0539148228343406 0.193929847688188 0.00298777710752527 0.00257796885607184 0.00503503245316455 0.00224840985245572 -0.00245458675359967
944000 0.0539507871732219 0.194894151169236 0.00538491617363914 0.00484274604152271 0.00541730196462445 0.00217798413524696 -0.00296801073580463
944200 0.0539741383044941 0.193430854926 0.00593692042664482 0.00304221823528974 0.00444929912650306 0.00064795805790468 -0.00287019069398021
944400 0.0539446588257987 0.195123356831157 0.00419826516027441 0.00816565385504054 0.00482060916398486 0.00168370258049948 -0.00256597507332296
944600 0.0539258857388082 0.192303246813674 0.00591510726453238 0.00227727351195786 0.00433201233148609 0.00249638054394197 -0.00207509352763263
944800 0.0538319866164588 0.189382704597416 0.000145349840195873 0.00162701350640548 0.00659708613267204 0.00185224934812549 -0.0029123305401086
945000 0.0539403488024535 0.191385158017473 0.00332327939227653 -0.000554139378583927 0.00594554305954385 0.0020675395809563 -0.00285927866930551
945200 0.0539008486008723 0.191399318732668 0.00337665959014524 0.00304840877417426 0.00590755288559566 0.00269221928990106 -0.00364192110402989
945400 0.0539801028298935 0.193759215775616 0.00314036714178166 0.00246807202835992 0.0053244488569738 0.00135837959360484 -0.00383684668410636
945600 0.0539833850798269 0.194287376548967 0.00359767611154782 0.0039652650570787 0.00661705047324202 0.00254300312893547 -0.00367206986231264
945800 0.054094133501972 0.193020304584328 0.00466094069157596 0.00228935943308499 0.00612040147176771 0.00256575803209979 -0.00281362328137184
946000 0.0538504287693307 0.191959189744906 0.00237739700294565 0.00426307671436196 0.00527493775269326 0.00212114286607242 -0.00190839811268557
946200 0.0538513469489329 0.190708387596352 0.00209640522364082 0.00308267397332331 0.00529658655448812 0.00282794793085768 -0.00231832315032296
946400 0.053708476901248 0.190871240574802 -0.00227705900488192 0.00249405433463506 0.00501795175761854 0.00142951991078177 -0.00205138440685312
946600 0.0540462455953568 0.190950392255408 -0.000337980199905329 -3.10324675599359e-05 0.00561728125137124 0.00204128004469838 -0.00136299692921588
946800 0.0539345889049806 0.19056627701036 0.00247116250176947 0.00532154386363199 0.0076898641040546 0.00203362704989012 -0.00198227030102042
947000 0.0543031293673038 0.194212166690281 0.00495110753879878 0.00346902443193054 0.00544328205691194 0.00266241076431632 -0.00247203783081714
947200 0.0538559308568322 0.191045687737734 0.00588317425967601 0.00537681759666241 0.00532101804933334 0.00136963483694098 -0.00350608157839858
947400 0.0543189931919795 0.191990815608414 0.00386693618258382 0.00324522135806477 0.00514403111891365 0.00119661137167238 -0.0020701626927387
947600 0.0537385144276352 0.187346163047447 0.00285761534451037 0.00374591382609448 0.00435285737818162 0.00134854036765617 -0.0021207152285823
947800 0.0540790415932622 0.191018533425849 0.000670324563588095 0.00326956325399161 0.00588463330198999 0.00117857850790009 -0.00421124321315565
948000 0.0539421946134807 0.19030043569146 0.00115302691591508 0.00514684648424221 0.00431083370970769 0.000805908245901678 -0.00297760795703631
948200 0.0541534679355356 0.194875215169029 0.00624538532391382 0.0028269129088755 0.00446706083921868 0.00320380921088097 -0.00247154183412628
948400 0.0541466462853015 0.195994415624266 0.00562785308628884 0.00396425697758981 0.0064401561020099 0.00149743750712975 -0.00300848597444112
948600 0.0541830968596111 0.195872225094091 0.00536806542052769 0.00456572855750447 0.00487063126225481 0.00227830001514357 -0.00199459415629575
948800 0.0542086033265935 0.19378739781384 0.00518225307914429 0.00328518844281168 0.00473507124948994 0.0015945903211616 -0.0026319662439639
949000 0.0540462877113996 0.192239719160318 0.00264386032418423 0.00448673623870632 0.00447522403918734 0.000929311572323513 -0.00275987965347039
949200 0.054148408735527 0.190341138957827 0.000472701802319874 0.000921550008317164 0.00602708963267543 0.000934645761712223 -0.00374361046711005
949400 0.0539005113265166 0.190137308204752 0.00154673983993667 0.00104824270257782 0.00506976195626029 0.00188134719014268 -0.00344558805709166
949600 0.054290474148031 0.193277348442807 0.00159162746420143 0.0029045884186699 0.00606393787304799 0.000774835056815347 -0.00400871807744691
949800 0.0539888525501931 0.19384345285047 0.00528214206790033 0.00556354806321329 0.00651304653811561 0.00152528789324332 -0.00221552666784054
950000 0.0544177993302664 0.19521310320131 0.000354326481826864 0.00359948569079962 0.00637591421551674 0.00465978201629498 -0.000567678290251003
950200 0.0538341248970019 0.191432682505011 0.00322477360547306 0.0016145197906765 0.00606756290001982 0.00499147745287548 -0.00281835633041726
950400 0.0543599488752391 0.193376074559998 0.0024110535211957 0.00324755932792358 0.00594125412785244 0.00325020173506145 -0.00287110121973182
950600 0.0538391565560218 0.18809205267078 0.00727003304604827 0.00307525356859399 0.0038247876577015 0.0014658601104018 -0.00259852654918262
950800 0.0542047785998555 0.191506340603315 0.00206051909124082 0.001779177400666 0.00606185667225578 0.00269656747789575 -0.00191993242467721
951000 0.0539130467553151 0.1917001611747 0.00413459032142251 0.00244168477259217 0.00626869025323985 0.00363780216439449 -0.00134782619061321
951200 0.0543688041921074 0.194329723841069 0.0040017332464224 0.00487357154996792 0.00778453534869122 0.00381604619844946 0.00018638765136286
951400 0.0539204766937933 0.190327958304272 0.00667507846379659 0.00336519791939284 0.00560842906580233 0.00508632175789889 -0.00235589048554075
951600 0.0542673519364019 0.193417505570927 9.41203830860578e-05 0.003798371002877 0.00534982540008065 0.00245099582739165 -0.00326555968156249
951800 0.0539370649748986 0.191409975405177 -0.000141371928713673 0.00180593143738891 0.00517610672820252 0.0019609121120223 -0.00254431301528717
952000 0.0542061153381379 0.192361525965509 0.00234373152265213 0.00171967538191955 0.00736508631228283 0.00330607641110718 -0.00399211460543547
952200 0.0540689432813014 0.19077178069057 0.0049102537219881 0.00248460638799057 0.00625328639277682 0.00378372669341939 -0.00266393018585538
952400 0.054163507176607 0.193217664819278 0.00419631111462371 0.00317845743187544 0.0044591842461073 0.00381014399985808 -0.00226941280182031
952600 0.0540190489724556 0.191733694014931 0.00446555488816356 0.00236962193803915 0.00505222801561155 0.00314497683433202 -0.00286686478519864
952800 0.0543065724477546 0.193822148092038 4.04126237432527e-05 0.00110174130651095 0.00329508306268293 0.00359459260393991 -0.00160236837842279
953000 0.0538267083228483 0.188512125526156 0.00260103652471143 0.00143514889769117 0.00471931105878101 0.00238317116334603 -0.00227523959139634
953200 0.0543948384076067 0.191055481728613 0.000308003574172426 0.00164907883312203 0.00621144617761275 0.00150425858781779 -0.00159357750828469
953400 0.0539000095394929 0.190565377531546 0.00364451309088007 0.00427762991666622 0.00577123996753322 0.00190236544094494 -0.00225028935584921
953600 0.0543523598879725 0.191683894713668 0.000987359589924854 0.00156206355610199 0.0057103868730126 0.00241063671785667 -0.00310208549442175
953800 0.0540890119742089 0.191174283396708 0.00499997443266696 0.00215096342069837 0.00482440273865053 0.00250069143371506 -0.00213791899850517
954000 0.0544715051382579 0.196529639401702 0.00370342663012462 0.00263669432218876 0.00454427817279074 0.00279164256190608 -0.00159540703734267
954200 0.0540967469708155 0.192696735515181 0.00261743952444398 0.00745839304423188 0.00396210105893918 0.00279586517362765 -0.00153002245302499
954400 0.0545331734827708 0.194220953542309 0.00181716191371246 0.00487640777672114 0.00633262905803985 0.00202960244550042 -0.00139465480896995
954600 0.0539915287871722 0.191061098132321 0.00249737817991319 0.00363200875284837 0.00515058102858965 0.00235858254320186 -0.000653754859602143
954800 0.0545267551700768 0.19407115017694 0.00179403624028956 0.000414821378119914 0.00365684917135744 0.00286825331341938 -0.00385547805109826
955000 0.0540263880455439 0.188720976163954 0.00526549040737972 0.00397079962668189 0.0043924150449477 0.00324919771722365 -0.0036592655573948
955200 0.0545561434437242 0.194214537453841 0.00356562765461498 0.00323528045667745 0.00517138967567183 0.00312419747289407 -0.000625232803084313
955400 0.0539641786061167 0.191752955997908 0.00497696584673089 0.00696471482127145 0.0023906660542151 0.00236850873224027 -0.00197685978849103
955600 0.0546203899480243 0.192747737603357 0.00348600909478194 0.00258477619713221 0.00532885564046108 0.00187583184403468 -0.00210029329021764
955800 0.0537524102536048 0.187762196134042 0.00202229233927394 0.00317151025918828 0.00702215087662458 0.0028163226385142 -0.00216791257665266
956000 0.0545256169043479 0.191999436054626 0.00305413063625095 0.00186590375882935 0.00573868543191661 0.00305042578281507 -0.00251792706583361
956200 0.053925163864124 0.189926805325396 0.0042758428867477 0.00442919935627645 0.00409306520566833 0.00381945126225275 -0.00168361122665711
956400 0.0542583428594094 0.190389327651476 0.0021378671598185 0.000633600008309935 0.00393412470370274 0.00304730498003091 -0.0034381688514918
956600 0.053955172766776 0.189093372183127 0.00558146444287429 0.00421201314772767 0.00440200775501931 0.00103802305632045 -0.00246624350293568
956800 0.0543060399076336 0.193417041585703 0.00319034031434766 4.51778084932326e-05 0.0031646140624695 0.00121065905566526 -0.00222790427873824
957000 0.0539137298636915 0.193250508434847 0.00403200198633729 0.00275732673446224 0.00534128816850743 0.0031271614977123 -0.00311730545643964
957200 0.0544440381774571 0.193302303835763 0.00537037819499378 0.00070486829391969 0.00526020932021173 0.00232179411227425 -0.00104404038683514
957400 0.053983232128814 0.189847910851296 0.000741654770531611 0.00557427915338462 0.00660865093613268 0.0017571884613625 -0.000718285431458859
957600 0.0543803145148883 0.192349600420333 0.00152405881489245 0.000636432872958505 0.00439310503871505 0.002575905164506 -0.000488206329194656
957800 0.0540529653447144 0.191979091584501 0.000653150741563072 0.00421741620992067 0.00446346744749113 0.00398156209975683 -0.00159593756927329
958000 0.0543864552253678 0.195151398777454 0.00379901188125148 0.00341346466722807 0.00548019411718698 0.00240649503336716 -0.00207406126094724
958200 0.0542239692537902 0.195264478213417 0.00304225642712752 0.00213971525545362 0.0051133453979413 0.00291373294932777 -0.00189505477992195
958400 0.0543002648654576 0.190063652778781 0.00450292777493375 0.000668438472716354 0.00382283510949291 0.00338408942951751 -0.00192783600242794
958600 0.0541264966903907 0.188854656540994 0.0015435768632181 0.00197447450528982 0.0032161833901688 0.00271797923624011 -0.00108615714224251
958800 0.0542426770491048 0.192518783547945 0.00410291434738252 -0.00108302819049533 0.00382748285842621 0.00308741722351185 -0.0020974027771631
959000 0.0543620996234627 0.192453076833524 0.0014836079931839 0.00500565336307305 0.00471102250210645 0.00230155881348077 -0.000839888858993562
959200 0.0542193701152754 0.1945718911442 0.0032965601517504 0.00015222059082386 0.00570723170051295 0.00338391062828872 -0.00346569728563754
959400 0.0544849492108487 0.195308747161425 0.00330870784866801 0.00192132219784808 0.00563196539877784 0.00370896951619057 -0.00183963640396024
959600 0.0540799360205619 0.191352372222407 0.00506576435671791 0.00364531972789055 0.00557609993270989 0.00394193188131033 -0.00214730761679932
959800 0.0546136306982192 0.194875333064998 0.00192011426431296 0.00341775159902844 0.00493540225803784 0.001085227156372 -0.00250775883307984
960000 0.0539902621558145 0.19029555540738 0.00636073455673647 0.000979645668047068 0.00534155959393696 0.000908326015784313 -0.00146878808687997
960200 0.0545293426954491 0.19396104778303 -0.0002635182135085 0.00115819932384492 0.00615341564318921 0.00187229376142647 -0.00143582649482122
960400 0.0539964424042414 0.192449723570949 0.00337875642433662 0.000768948908474799 0.00421337012744348 0.00290380551548223 -0.000902398594138038
960600 0.0544262472998811 0.192422634386016 0.000177276223684362 0.00293387569313715 0.0042268553793541 0.0035360504990374 -0.00123573206571308
960800 0.0541429311912985 0.190036061621528 0.00449294844672852 0.004908535105921 0.00477667082904833 0.00250989725439458 -0.00331238630134492
961000 0.0545379954753591 0.19261414507317 0.00208187581140263 0.00284603341743855 0.00507085539297457 0.00154557205899513 -0.00450558013269742
961200 0.0540790260140052 0.190704118121061 0.00353598030612623 0.00314929700460697 0.00565051444245374 0.00226621511618175 -0.0036308224367382
961400 0.054613841030395 0.193382020826413 0.00209609885621377 0.00141411220255424 0.00465914853515933 0.00155411894553396 -0.00335923621599861
961600 0.0539374630824777 0.187752973118774 0.00263005361807568 0.00251780313386484 0.0040728571577818 0.00341162385685132 -0.00117878021927334
961800 0.054608661951948 0.192231597049712 -0.00171383785239058 -0.00114914456164136 0.00338461955773619 0.0036847189475262 -0.00121433171741755
962000 0.0540312058664016 0.193780168738185 0.00402718617780764 0.00351969323013509 0.00397946350188419 0.00312216675163411 -0.0017120759030185
962200 0.0546412591135211 0.193467231409435 0.00445799399327517 0.0022968266640675 0.0021636185515346 0.00303703675393181 -0.00146828769469487
962400 0.0542817097316761 0.193602941153119 0.00462560166604502 0.00291775562671665 0.0020114446629286 0.00157620478190668 -0.000568549022701409
962600 0.0545137179742478 0.193121941070218 0.00192546924611207 0.00395259487849398 0.00417324916919886 0.00302805990382858 -0.00147676445642738
962800 0.0542302017186373 0.191168969335518 0.00231998264613405 0.00361431738365306 0.00552162534627099 0.0029738829017468 -0.00268352933210322
963000 0.0544963806476958 0.19273780774863 0.00294155577421375 0.00116636036104176 0.00381613222208446 0.00237285418168231 -0.00217401690727471
963200 0.0542235628381314 0.191293642290044 0.00442848224881705 0.0024706577746523 0.00472239257963009 0.00231665857334286 -0.00121310485615132
963400 0.0546721077726725 0.193281659021787 0.00363771190877823 0.000341083971026894 0.00475730513463121 0.00370416685383627 -0.000489959271298236
963600 0.0540290693236139 0.190215254689669 0.00608336643161581 0.00342711138287822 0.0065593158612014 0.00213053894536285 -0.00235166554911588
963800 0.0546010730738852 0.195073203143453 0.00192317857580022 0.000736724182121816 0.00595631267568832 0.00244929144811421 -0.00255608274822988
964000 0.0540613340769598 0.191874706337581 0.00424648821730597 -0.000644664345272343 0.0053526258399082 0.0014744119345861 -0.00212006927072719
964200 0.0547728529638949 0.194977652915274 0.00220423165435719 0.00272060860831742 0.00449865992259119 0.00354981757293943 -0.0016205754315899
964400 0.0540691782990394 0.190013020742582 0.00681073386010785 0.00603406856441491 0.00390573402108054 0.00121886183170414 -0.000807730368575325
964600 0.0548314807079525 0.195581510257523 0.00396986749656114 0.00318101633692233 0.00697101733933032 0.00235709269384144 -0.0019159622742939
964800 0.0542296239641228 0.191521262665239 0.00601804359376602 0.00189688466705435 0.00600026240836738 0.00254873847016587 -0.00194134060466082
965000 0.0545040698990993 0.190369639170791 0.00228093755925224 0.00100928081531535 0.00343349616784329 0.004303592909084 -0.00226485352614636
965200 0.0542178092333884 0.192595360511436 0.00391010706112319 0.00425943874956509 0.005312923061465 0.00341959281161851 -0.00327282289287589
965400 0.0545923407084009 0.193309253524502 0.00353286641246557 0.000678798995265065 0.00372989543855364 0.00275667520220281 -0.00118258605650953
965600 0.0542091880500659 0.192288907541169 0.000955133698300436 0.00412335868548276 0.00428242135775991 0.00186575542967484 -0.00126796058491453
965800 0.0545953654484826 0.189731564131395 -0.000145870690938645 -0.00280973996564602 0.00531045764930884 0.00242355912531747 -0.00126858801616992
966000 0.0540422681170858 0.184198958016595 0.00147803594194906 0.000905704640668509 0.00603022036815828 0.0036384707247322 -0.00256784728616436
966200 0.0546980628021541 0.191617026618159 0.00371790342444026 -0.00132060708137403 0.00477408410933981 0.00449264537540035 -0.00228344876923555
966400 0.0543729909706351 0.190917701156771 0.00227765695243081 0.0056087416044149 0.00629354989933892 0.00222308569904905 -0.00217037889046987
966600 0.054638713177588 0.195838286399488 0.00335047989311321 0.00338226138484125 0.0059161630096376 0.00290599503733269 -0.00305654685300579
966800 0.0544583828654697 0.192355687903079 0.00291476112309988 0.00536907962653959 0.00594850448389108 0.00379673623912497 -0.00145355739544203
967000 0.0546229384323651 0.191771960666091 0.00275988409059992 0.00203903704199487 0.00655539035372374 0.00307757323356168 -0.00360359998966306
967200 0.054498733014208 0.191416435271007 0.00353365740792952 0.00168399205165068 0.00407780644011149 0.00155929034731999 -0.000770390799580367
967400 0.0545372162026274 0.191635195731303 0.00127712785782977 0.00382051454581767 0.00545738513393712 0.00213287677396176 -0.000840001130034427
967600 0.0544682145974051 0.192595350595073 0.00199956155125006 0.00140589430708507 0.00488567433092217 0.000100848702681424 -0.000536323734011473
967800 0.0544971009299837 0.195243189507127 0.00292625978125816 0.00524550207329867 0.00513219207943952 0.00140826242716505 -0.0017390908617407
968000 0.0546821328317355 0.197681438271469 0.00368216858637029 0.00397980104044809 0.00615726032769521 0.00215262694241338 -0.00260516602905552
968200 0.0544881637201279 0.193228979334491 0.00147091362670441 0.0039389629093948 0.0044069928312265 0.00184652314714067 -0.00301118674118967
968400 0.0546601816966848 0.193790211144053 0.00223692341135759 0.00200437032298462 0.00422489670663461 0.00449417408479102 -0.00302016114725203
968600 0.0543540992045096 0.190014174158073 0.000869877380237291 0.000572159043971506 0.00599083289605969 0.00333417919378682 -0.00353906831188458
968800 0.0545006574409718 0.18959020055633 0.000903493802195885 0.00161538070461001 0.00544162220733614 0.00360354157102927 -0.000850527944688063
969000 0.0544631107223636 0.19017087697674 0.00159422097869552 0.00221888514564653 0.00478251725028512 0.00362889762315426 -0.00181186414898465
969200 0.0545638811615009 0.192599441034621 0.00229595853569591 0.00460972177444116 0.00457943015225106 0.00488013263183151 -0.00344785820494792
969400 0.0546514427975759 0.19594360179531 0.00620098002254542 0.0052822282209719 0.00576498240447008 0.00278461964386652 -0.00258545272526841
969600 0.0546306393509004 0.196694916936667 0.00412001174721973 0.00749231739920916 0.00442018473407826 0.00179638867177601 -0.00224552554812776
969800 0.0546332799073825 0.193500301377924 0.00349007528180612 0.00275907226879803 0.00546580864896025 0.00281488658150872 -0.000869049667090781
970000 0.054448530847437 0.192275928495498 0.000792170286580503 0.00299461322802971 0.00398651538068864 0.00359608251786852 -0.00170895034238801
970200 0.0545346613552167 0.191848816441169 0.00253447957223386 0.0011582781443176 0.00457002792587623 0.00329278854622532 -0.00221220827195442
970400 0.0545194049243637 0.190917340922132 0.00222829413727737 0.00453726205668885 0.00528489237948611 0.00199842316452036 -0.00133875566888981
970600 0.0546278504069716 0.193718590496897 0.00494258359668 0.00256292865522108 0.00470482314427751 0.00187305833141479 -0.00305673421835751
970800 0.0545180757650143 0.192337523821977 0.00260782584417704 0.00419855238112336 0.00357389508535908 0.00263867696255222 -0.00364308518070958
971000 0.0546668848872046 0.194719509454284 0.00510251356571755 0.0011784686351533 0.00545883625245587 0.0041451560962854 -0.00235211353784219
971200 0.0544093628071029 0.190685180642751 0.0015039703857477 0.00398679682831415 0.00586732185062011 0.00338587821704115 -0.00177303322888406
971400 0.0545419855065979 0.190616574103338 0.00268711885046549 0.00137860042397958 0.00597125545114287 0.00226304253522735 -0.00124199509043023
971600 0.0544711722781029 0.193435174409339 0.0011083750212867 0.00203196912031328 0.00746927944057372 0.00194904425304649 -0.00280480205674854
971800 0.0545049672290386 0.194127235507299 0.00408163529684079 0.00138307009697324 0.00567088422379622 0.00337287802229618 -0.00135849150562234
972000 0.0544875045134701 0.193204362201724 0.00331153305484016 0.0036288249670456 0.00487985576304368 0.00254831077829329 -0.00314942569104553
972200 0.0546454665511412 0.194930485957197 0.00652261736361471 0.00259169540145263 0.00551554681701179 0.00246999660042738 -0.00367818223393132
972400 0.0545177204797595 0.191214509581189 0.00364834502097748 0.00383520974251497 0.0048219462564537 0.00284278082759422 -0.00345133743453787
972600 0.0545542761483722 0.191156124874513 0.00616340859556416 0.00285598139068999 0.0049981525208063 0.00373700050071872 -0.00328057259124549
972800 0.054655482388848 0.190989227762155 0.00514295312546712 0.00506443664570966 0.0034428116501892 0.00103068492829802 -0.00337430593553706
973000 0.0544808898639912 0.190221914182263 0.00486480315174179 0.00356695731782366 0.00481101201045092 0.00112897546173636 -0.0017659821250393
973200 0.0546543187839309 0.192163554888645 0.00048808636804271 0.00344366739872117 0.00447529324959463 0.00329332902578317 -0.00118346855590565
973400 0.0545880472851128 0.192600750107811 0.00378401829384536 0.00264318196843227 0.00368984483864465 0.0033603422098544 -0.00277971876447771
973600 0.0547583267278722 0.194356946331581 0.0044133645552265 0.00474860662763357 0.00459168508393462 0.00338204437432411 -0.00390925165062877
973800 0.0544738008235298 0.190146556988079 0.00284727659538468 0.00370546265880074 0.00505459644214127 0.00232302885270861 -0.00345329597743382
974000 0.0547918153004397 0.193976127209369 0.00266704568074421 0.00324781269687175 0.00651771852781264 0.0024793993801106 -0.00253096007430208
974200 0.0543903565821457 0.192148517489778 0.0033187551092577 0.00428399534656914 0.00469349489709779 0.00407200688294183 -0.00292085078130401
974400 0.0547379533728573 0.192610341654814 0.00247205259675315 0.00158813648494306 0.00530117935383902 0.0048997665555284 -0.00212766448051805
974600 0.0544101269485605 0.190758142256971 0.000167793020093375 0.00127611555332996 0.00527836207229978 0.004893189691228 -0.00328881564058794
974800 0.0547784453056612 0.191933446189412 0.00273363603092415 0.00142679412530304 0.00443284824244759 0.00279998378547797 -0.00282328125879383
975000 0.0546045815511135 0.190865561111716 0.00241951036300149 0.00555662669840763 0.00400069871330534 0.00190215616528796 -0.0029735494854161
975200 0.054767016980205 0.193936058046604 0.00506186987607411 0.00491987904794016 0.00359793509606601 0.00206192017583996 -0.0024398374875073
975400 0.0547514769123728 0.194885401468661 0.00364568664911395 0.00605548617657892 0.0044801063126457 0.00329316156234134 -0.0039833006927089
975600 0.054720721852784 0.193633193414765 0.0013515974905776 0.00234193448557444 0.0050575922556248 0.00217934793406836 -0.0017802241389633
975800 0.0546388231286335 0.193587602677163 0.00251680185608901 0.00199206394296605 0.00589465829658676 0.00268858305807903 -0.00364326877443266
976000 0.0548309856439531 0.191885572134413 0.000338548477588084 0.00206147021684665 0.00350585186306886 0.00259320391166595 -0.00234326542647791
976200 0.05457639740323 0.192045628632435 0.00299003423573377 0.00648498234992117 0.00429422282440239 0.00337784227160414 -0.00237251230019268
976400 0.0549942380403499 0.196245832437361 0.0058621654830598 0.0041936994244973 0.0048263522962164 0.00144081580319868 -0.00218047370454792
976600 0.0546945455684631 0.19304522951406 0.00831320838780915 0.00625326182017088 0.00541929251266868 0.00179740099062641 -0.00184228334559525
976800 0.0547906315112146 0.193632781801381 0.00384548963902265 0.00477836152499926 0.00332009338221808 0.00208204279161235 -0.00133432975712627
977000 0.0546092342975462 0.191444484894116 0.00270780919468915 0.00167460065221851 0.00387938747997726 0.00183749223454966 -0.00329535261328813
977200 0.0547575516120813 0.189452644828755 0.00306835146088709 0.00207965081593699 0.0042422310897892 0.00223842679341645 -0.00139055325283688
977400 0.0546175531471529 0.191255677030722 0.00199298254885058 0.00151233781519442 0.00441485201535527 0.00210463562754462 -0.00100457754559942
977600 0.0547815317597358 0.193843168530671 0.00433202454979149 0.00291779610730934 0.00609645877565888 0.00314782923942601 -0.00177470857795203
977800 0.0546616481930296 0.192949178689575 0.00613162294076824 0.00566627987447669 0.00581205068607493 0.00251083157452894 -0.00150249511878096
978000 0.0548960270831675 0.19473453263004 0.000113096451369042 0.00276612107678586 0.0054180470107286 0.00142097695294094 -0.00162751799004911
978200 0.0546357125887817 0.190677430597221 0.00382275515723685 0.00281500677297346 0.00526130963295167 0.00227548868131045 -0.00225656269184824
978400 0.0547301500765234 0.190689300025959 -0.0014082731851053 0.000586751138264373 0.00488931287357977 0.00216875175549026 -0.00371761422716752
978600 0.0547349942841428 0.19195035443279 0.000375853851329726 0.00165841642995507 0.00374624626118641 0.00113165959370319 -0.00317180494796043
978800 0.0547889250746794 0.192921908123658 0.00329942195792736 0.000663679867482322 0.00541510751910936 0.00236429013209681 -0.00206996410122194
979000 0.0548634703224848 0.192965720204973 0.00503421759131131 0.00369213003128489 0.0047951027757271 0.00324195589604055 -0.00199060874423591
979200 0.0547328955254563 0.192894445726576 0.00536651785042303 0.00322358196679914 0.00435975970092573 0.00250830942742194 -0.00202800090559244
979400 0.0548658256539731 0.193600644052152 0.00351248245365503 0.00437296115054473 0.00562101167579676 0.00138373537394399 -0.00202883875000869
979600 0.0548172400162337 0.191618833997123 0.00693939391122836 0.000750941376079752 0.00465833958210695 0.003593115160021 -0.00272270675234815
979800 0.0548763454200443 0.192232199591531 0.00589323617203901 0.00389366259099495 0.00405184831316579 0.00181990608584375 -0.00138309699477901
980000 0.0547972313319625 0.189613422319046 0.00238130140591896 -0.000465262962786959 0.00546667496604543 0.00192768890088133 -0.00165016187999228
980200 0.0548375260943401 0.19086372562795 0.0015760317060545 0.00387138739197091 0.00502985203613469 0.0043940083007381 -0.0014512196737684
980400 0.0549270340288158 0.192813362027958 0.00172042018763834 0.00107243710467123 0.00452465891346834 0.00357756587077452 -0.00271919308760344
980600 0.0547784521530137 0.192126469360128 0.00447194374227058 0.00526222651183138 0.00420798154910573 0.00204374406540796 -0.00339457365251245
980800 0.0551853870555509 0.192857342483121 0.00551662532331601 0.000522446034764382 0.00668245449091276 0.00179406603631859 -0.00229822930022776
981000 0.0546286870988172 0.191081638171006 0.00543690224300507 0.00320863151693764 0.00603530332135197 0.00109135183064841 -0.00141756042745226
981200 0.0551291753445864 0.192883650535112 0.00179513275860179 0.000417939917257794 0.00530503762191502 0.00101735432310835 -0.00280335778871561
981400 0.0546537691370126 0.19030519840357 0.00135751413275273 0.00140206930850966 0.00479412613597553 0.00255512216110637 -0.0031932318025203
981600 0.0550733195262111 0.193718608537203 0.00193863558057532 -0.000768321298072235 0.00320705997650535 0.00161542306721712 -0.00262918245077322
981800 0.0546792403701989 0.190060434503548 0.00256031194398529 0.00259271065110205 0.00460150807811746 0.00250785152703651 -0.00182149457172162
982000 0.0549534129194905 0.191087737571361 0.00542719475654059 0.000487756866475168 0.00500450757429532 0.00241186598719948 -0.00231251646938639
982200 0.0546836949788616 0.190415142067784 0.00451546623021373 0.00238181613944253 0.00687525956645589 0.0018980677928503 -0.00302542202383349
982400 0.0548862280060025 0.191660285087618 0.00436501172026759 0.00308943315531919 0.00300834491530781 0.00101298546046519 -0.00265796317928587
982600 0.0547334358184467 0.191372863461616 0.00421604769884031 0.00397438611076505 0.00459864150932604 0.00132088532512488 -0.000155446392368609
982800 0.0549898060534234 0.196128473473803 0.00522672023195418 0.00202626313708772 0.00629018532451742 0.00251806834151846 -0.00206577703724562
983000 0.0548908543844925 0.196507149745743 0.00448674390525638 0.00421103613295151 0.00596103719300219 0.00126495797335004 -0.0020238808567721
983200 0.0550396626844892 0.194694532114634 0.00422543223345737 0.00255379512745424 0.00483768670917834 0.00144882011568591 -0.00306674766886383
983400 0.054878070703873 0.192912426219698 -0.00074491866606924 0.00600662950667497 0.00468372164727865 0.0011056679983814 -0.00198372496978582
983600 0.0548124107301127 0.188621800018517 0.00366962453502906 0.00249893769259618 0.00451414380198224 0.00253384845521839 -0.00348455427862108
983800 0.0548388150812336 0.193789431881302 0.00334761799420199 0.00419433276571484 0.0052128996219373 0.00343481044364832 -0.00263480151935738
984000 0.0548670498071768 0.191112407040633 0.00395189748037818 0.00177390161029814 0.00557761633205188 0.00395885931664548 -0.00320128674953243
984200 0.0548993273730683 0.195339700020665 0.00374642942853947 0.00471227513127209 0.00530845616218173 0.00324701834762041 -0.00505086383804581
984400 0.0550716689385901 0.195632208839674 0.0059299603419661 0.00332074434196128 0.00594054380286545 0.00178007341607734 -0.0038146533875018
984600 0.0547790935208396 0.19331700789998 0.00309633018933043 0.00388862453263109 0.00428390088882357 0.0016621913750587 -0.00237871933092433
984800 0.0549236894379976 0.191435604070999 0.0020021113291192 -0.000857920742141937 0.00483469815974603 0.00168142189080533 -0.00316960291236303
985000 0.0548329049624998 0.190492432947692 0.0029806657495406 0.00276581652399819 0.00609007909013323 0.00147802098751742 -0.00198689816430281
985200 0.054814403839014 0.191513320322867 0.000831904017997474 0.000964215817698671 0.00755469805955783 0.00456507724168016 -0.00229712384411236
985400 0.0547818358656975 0.192830218938009 0.00147223371733353 0.00189582492311574 0.00455065264190936 0.00522760181485729 -0.00199865420397697
985600 0.0549176447896979 0.194213713590892 0.00387933718388723 0.0052159316251388 0.00640065286736946 0.00259033377476667 -0.00342604742306382
985800 0.0550199969222392 0.193853858531708 0.00523355980612973 0.00610543118411663 0.00624468874890253 0.00187695131357857 -0.003897016720504
986000 0.0549132126768428 0.19332148718384 0.0051390461502634 0.00681228116681734 0.00510865705186008 0.00412326605287369 -0.00232124958083864
986200 0.0547922450108685 0.193716115621024 0.00249704008799009 0.00473541222452563 0.00616240277696654 0.00313189952585637 -0.002539278114617
986400 0.0548095573229712 0.190911062003557 0.0025300320731833 0.000165570770959569 0.00472738367625904 0.00266007568109539 -0.00287766951462765
986600 0.0547996366209688 0.188174285031121 0.000452383848941386 0.00184905807048668 0.00639149370938226 0.00299598218585872 -0.00370558728622193
986800 0.054969866576811 0.192477917419292 0.000311314906477058 -0.00153862958849596 0.00504787579242136 0.00165653274060792 -0.00336881780003263
987000 0.0548739125312216 0.192144526211351 -0.00120711188292392 0.0011266584115882 0.00461826920679972 0.00315593232041849 -0.00340635853724818
987200 0.055040517772737 0.191521433112149 0.00232401307304196 0.00434600735427954 0.00303476258150542 0.00292679942247449 -0.00304030437708081
987400 0.0549982727838043 0.191119965940632 0.00411523073487728 0.00599402662605014 0.00445534029147313 0.00087417444187225 -0.00216710185140811
987600 0.0550430351226449 0.190727275862014 0.0036809576252773 0.00320386297239447 0.00409402301824604 0.00094614361526167 -0.00160494968021002
987800 0.0548944648241025 0.192212448218873 0.00176050517450604 0.00161736200416199 0.00413519701112082 0.0029177147023122 -0.00308024066088681
988000 0.0548383516067215 0.18777654130854 0.000723807431362051 0.000626730269692691 0.00364125520311571 0.00210144114052791 -0.00188713565573164
988200 0.0549788350331144 0.190851506947833 5.24156149135269e-05 0.000865125144917841 0.00447030634045956 0.00439178535803213 -0.0022268769168253
988400 0.054979034332992 0.191366247066093 0.00390263406440609 0.00373310037987224 0.00593164937293732 0.00251899393915131 -0.00274204895538207
988600 0.0551160461121409 0.196734901473726 0.00601360189783787 0.00774723076385545 0.00512301904607211 0.0015142507879879 -0.00235740062834226
988800 0.05514442714757 0.195782465993315 0.00660340840278627 0.00551894273667708 0.00583199986749946 0.00234070189309848 -0.00246979468057341
989000 0.0549932382344053 0.194005398439194 0.00428911567086249 0.00563033132131109 0.00552491409388318 0.00338946296378407 -0.00271650550711496
989200 0.0550632802395151 0.191688264127658 0.00367681953890219 -0.000399577024893992 0.00555467711791184 0.00379206086117773 -0.00268909331934009
989400 0.0549158351472827 0.190274429229554 2.29459259185359e-05 0.00207404858122028 0.00628717344416212 0.00297469201199066 -0.00400643336086211
989600 0.0549474655050609 0.191139461410852 -0.000759939669017504 -0.000481257233438035 0.00697346925008654 0.000736378156178794 -0.0026906859423869
989800 0.0551525661387894 0.195022121231391 -0.000236902768162858 0.00299597339144168 0.00540718396609819 0.00287758225229932 -0.0025229126615885
990000 0.0551639895380533 0.195621492025683 0.00359565289697183 0.0054545515208756 0.00663857807420065 0.00194170069938138 -0.00354192245213164
990200 0.0549930975894871 0.194703552847298 0.00492563967996015 0.00407053591081789 0.00803238431548644 0.00181342325004678 -0.00424992620015197
990400 0.0550224569422381 0.193208729578175 0.00524785611439556 0.00462491235915409 0.00734221143127222 0.00364809145195479 -0.00290224539389988
990600 0.0551096735090398 0.192444331785178 0.00633801880492359 0.00150943429686403 0.00572099689915399 0.00208212877152243 -0.00363060851752909
990800 0.0548261476841592 0.190638779420799 0.0038084254606681 0.00132501806225466 0.00551315534326946 0.0014334525005425 -0.00436713914372895
991000 0.0549740120842866 0.189381827187943 0.00166127010333318 -0.00269103015624974 0.00515653503134097 0.00145956900141131 -0.00328585407363226
991200 0.0548427728846078 0.190042791027223 0.00263686359227087 0.00360485471386874 0.00514268115022006 0.0033421325359631 -0.00362531254675527
991400 0.0550722419501395 0.193682031188514 0.00395959369622673 0.00204844516869633 0.0050815799552432 0.00418292259938401 -0.00104568225663581
991600 0.0550404100281762 0.195777964672979 0.00579780050410188 0.00495106515622004 0.00658576608838904 0.00256977313548288 -0.00174330112785823
991800 0.0550499867383958 0.193050344769101 0.00389024019124028 0.00579524706527551 0.00607579765770657 0.00348801702828288 -0.00485493929677425
992000 0.0549105867258706 0.190226138966352 0.000267172513725299 -0.000121454837527739 0.00655646952685985 0.00334652024846526 -0.00310841894516316
992200 0.0549455056046152 0.189220757986831 0.000297438348419972 -0.000857339074905727 0.00681885903667365 0.00112471317385838 -0.000768638317622051
992400 0.0549664043423438 0.193087635386334 0.00121815180158464 0.000409662693048938 0.00595593448710763 0.00187553660512331 -0.0020467083185389
992600 0.0550934841100759 0.192696121927705 0.00414343476999214 0.00451134131588711 0.00430787313194896 0.00380742136726517 -0.00248154203486789
992800 0.0550193761695131 0.194622902260628 0.00298541063943053 0.00580827519127378 0.00497086129693415 0.00289295194117484 -0.00316858092334265
993000 0.0551011078933665 0.194737095530426 0.00413030660438117 0.00527179379003677 0.00685821130412165 0.00277429894795848 -0.00374544674509332
993200 0.0551384962076947 0.196776127856736 0.00585108739473509 0.00489925306989322 0.00487562903022144 0.00366771145170559 -0.00389935500108076
993400 0.0550365708384303 0.195483211886223 0.00667108898590913 0.00573477695050326 0.00439991769904021 0.00311486950382213 -0.00347314545005434
993600 0.0550648558384408 0.19122141617224 0.000220039433621021 0.00206911249393957 0.00484877223681075 0.00388309289988941 -0.0029227672941769
993800 0.054952059310776 0.190421840169684 0.00171571947222684 0.00148008806628324 0.00542391770695068 0.00339415441133956 -0.00325643140983478
994000 0.0550377324041051 0.191627736382224 0.0021931380881625 0.00276076317670146 0.00354805212166682 0.00347270291855587 -0.00401245607866296
994200 0.0549800213271163 0.191422430795218 0.00341498053640776 0.00180273856803614 0.0045379166281309 0.0047153524114217 -0.00143909531293906
994400 0.0551185725529103 0.188373490607087 0.00152356521219954 0.00229179928346106 0.0053706952803013 0.00347137410406957 -0.00296831651404273
994600 0.0550012320984587 0.191575708938452 0.00463372661017656 0.00445375358099254 0.00632899290349518 0.000720648933309396 -0.00229820529913906
994800 0.0552182469565955 0.194146330471297 0.00508966046660013 0.00356664201332412 0.00816026836283929 0.00231338006883307 -0.000969632643006905
995000 0.055235877432182 0.194966030769764 0.00268506399553105 0.00429076888051652 0.00689423843012339 0.00233118895628757 -0.00222424045926996
995200 0.055073460434259 0.191874524722314 0.00352445293209588 0.00182852390783199 0.00688866782738078 0.00270729459034068 -0.00154644900095285
995400 0.0551976065850463 0.193813767561412 0.00456028689105271 0.00282335000158811 0.00557961314499391 0.00547601217708755 -0.00234101683025314
995600 0.0550183143806076 0.1924174668009 0.00415094976070388 0.00380767392805833 0.0063800079748217 0.00486799449930933 -0.0022030615626913
995800 0.0552685777782802 0.193861488877622 0.00187440774390284 0.00194873899257093 0.00737585864752221 0.00471867636728097 -0.00323417017455903
996000 0.0548598429681358 0.189675049758372 -0.000178187455434293 0.00198772137029232 0.00569514369329036 0.00184473861601959 -0.00166837573046929
996200 0.0552739111426658 0.193330240711899 0.000803071209676512 0.00218499075130611 0.00373904038983422 0.00260852101574546 -0.00139693999322763
996400 0.0550747839860152 0.192816906205403 0.00172452115552346 0.00498073790597044 0.00602642110717946 0.0017707411496022 -0.00233647366896657
996600 0.0552039538105171 0.192123719029696 0.00433011955263356 0.00515650379738938 0.00462276784266149 0.00350488797851124 -0.00168140952616848
996800 0.0551071911681557 0.194288797842783 0.00378591284842282 0.0041358414270565 0.00660689395300078 0.00224240534798126 -0.00181302410640342
997000 0.0552491818432055 0.192752958152982 0.00162523445528577 0.00190532132753656 0.00836838765092558 0.00257681367580803 -0.00117757792956738
997200 0.0551030454863559 0.193243733396437 0.00235463546782837 0.00117236381683862 0.00789060821397546 0.00347108469924742 -0.000876589255511689
997400 0.0553212431961745 0.192797630015916 0.00333810567983379 0.00235903828310012 0.00631636412774679 0.00254733581482274 -0.00133108928532468
997600 0.0552027373734656 0.193408564714356 0.00790319059297617 0.00291102436766494 0.0065686611252519 0.00118965307918857 -0.00431554573730487
997800 0.0555305319079221 0.197885392921965 0.00571597478407483 0.00255231370194674 0.00601657119319691 0.00323304457070526 -0.00222162771631949
998000 0.0550895898087705 0.191999724415005 0.00475531806309578 0.00412816781093678 0.00655193427235375 0.00274107672410598 -0.00332843412627232
998200 0.0554786205221195 0.193915153574791 0.00403599273109936 0.00451831749294348 0.00506536346360692 0.00291743728225182 -0.00536595595018051
998400 0.055075944827259 0.190000854678279 0.00498115819888517 0.00300136157641271 0.00551509833673343 0.00311157163379462 -0.00443931208692201
998600 0.055422536987341 0.193237530841214 0.0024212199174948 0.00278068803319009 0.00482339626724138 0.0024492314871536 -0.0036301723221047
998800 0.0549973859614395 0.189775880755779 0.00399340613328662 0.000489451072981131 0.00763423199553365 0.00233941857394523 -0.00271487827847627
999000 0.0554832409873768 0.194839756389414 0.00410644434267758 0.0024185719131002 0.00550605549161744 0.00107674905461625 -0.00284343560564446
999200 0.0548168217688628 0.189942825707009 0.00407389763808512 0.00199518182459017 0.00526405320875365 0.00286725502449066 -0.00414205112957738
999400 0.0554528818878245 0.196154312813356 -0.00127029233645507 0.00310218340861581 0.00476544143173085 0.000678854715773988 -0.00166374661650235
999600 0.0549953121810785 0.190091890849169 0.00140991955179672 0.00449603881034783 0.0059487731797484 0.00238505039379654 -0.00175320157820919
999800 0.0554290725701223 0.193179947965737 0.00342243867063794 0.00406418848397302 0.00517183833338476 0.002523542647654 -0.00276439258449786
1000000 0.0551654118981111 0.193782969886589 0.00187085434041061 0.00206160345815465 0.00361573200767391 0.00386009713036275 -0.00245464012791537
