# Fix print output for fix def1
0 6.58082071240042e-16 0.00045794664332034 0.00387529415074221 0.00229285858746199 -0.00371865870393734 0.00333739927861623 0.00124463662829773
200 0.0140485184706994 0.148223473758543 0.0438686418304313 0.0437416030750664 -0.00114655421247697 0.00392177601224981 0.00270868907367239
400 0.0217296193975111 0.200537885398858 0.0257359746293979 0.0258098034357174 -0.000322884933841468 0.00255654512772141 0.000382775461409262
600 0.0265206710167595 0.224651741196157 0.0155775317184757 0.0129404072701768 0.000582785479897914 0.00176093278300301 0.0015748059804819
800 0.0291909578432917 0.24096284371892 0.00678938288266112 0.00583776042175757 -0.000895741039779523 0.00144727438893959 0.00194848567025
1000 0.0303384981099034 0.247717692611485 0.00318876683456282 0.00279924149539619 -0.00133627043149847 0.00225045730773171 0.00171740144304235
1200 0.0307281187067816 0.251146420210003 0.00160005884302518 0.00142967252463344 0.0010943436846764 0.00313978208309103 6.2104799547233e-05
1400 0.0308597121640928 0.247951810856567 -0.000593874186319022 0.00460032927845025 0.000221958448694252 0.00381261557094195 0.00079632791277763
1600 0.0310926339042864 0.250194740575843 -0.000430604190486094 0.00343106248414572 0.000499533250844678 0.00297467224071381 0.0014072740297162
1800 0.0310844657235242 0.250714308671177 0.000587433545979569 0.000475322017034544 0.00163580279799621 0.00266058660468473 0.000941047476926269
2000 0.031259762533748 0.248675188765863 0.00137005691029393 0.00133545931657333 0.00104728349411487 0.0037359464045887 -0.00101535811724312
2200 0.0313356882394969 0.249069327372817 0.0018528436109505 0.000849134479207842 -5.13417336884337e-05 0.00149477347514221 0.00165342288768343
2400 0.0314570997700154 0.249335828112829 0.00355443308074344 0.00161596046787228 -0.00156452813957419 0.00392638865024182 0.000910174249134095
2600 0.0314504235925513 0.247992431642195 0.00303196012433629 0.00190332130548025 0.000881955591764359 0.00310099394160372 -0.00010693782769542
2800 0.0316109254286712 0.250267560214764 0.00246686231287747 0.00232592987281223 -0.000243229262314698 0.00171379773592231 0.00241983367599899
3000 0.0316561914404506 0.249336373343002 0.00389818825629427 0.00316824430356526 -1.41056554467945e-05 0.000847223926653493 0.000895656002735758
3200 0.0317501075469568 0.246893085072886 0.00246752318117688 0.00280866532095093 0.000126745812122752 0.00150222917559831 0.00117014232234212
3400 0.0317836423691708 0.246404854687998 0.00196247804514314 -0.00186910814013528 0.00194446678545517 0.00241355086289295 -0.000125824303283203
3600 0.0319189644467955 0.24603545591875 -0.000953960973774558 -0.00188569445032632 0.000963301680555633 0.00211925706162741 0.000349340421044926
3800 0.0318860284473959 0.24810406894128 0.00321813598125063 0.00193024611264368 0.00122765799944635 0.00257186375244132 0.000228648368670428
4000 0.0320965884300494 0.250020164400652 0.00183128377171751 0.00308115514560804 0.0018545994398622 0.00229271917594247 7.89798186872638e-05
4200 0.0320912304539732 0.250104592685552 0.00322976188473051 0.00499652264837532 0.00189768766869536 0.0041831119378715 0.000368379429744418
4400 0.0322841725014558 0.250516789743025 0.00139834716961168 0.0021381732212915 0.000749324048182279 0.00313985541662818 0.00074648187881827
4600 0.0320754738073741 0.246922812677376 0.00267054430324355 0.00472953022281803 0.00109532876556747 0.00464594063372008 0.00121615560930809
4800 0.0324379365108755 0.246995330830001 0.00221161691624075 0.00239528483297933 0.00274368030989842 0.00298570534029251 -0.00068975060080103
5000 0.032064777138422 0.245816905257211 0.00393535441435695 0.00318106453743615 0.00248322583379774 0.00178415197883547 -0.000352792178366307
5200 0.0327971496848252 0.251041114646426 0.00310502303817769 0.00153353162040264 0.000302310594404575 0.00198321982825012 0.000548407720864957
5400 0.0321816337400641 0.247364429961418 0.00176391372882203 0.00145614079365443 0.000433955324223931 0.00208928052553928 -1.84759584106171e-05
5600 0.0330007279963076 0.2543653328941 0.00344190376959913 0.00199752044177877 0.000282798150858032 0.00302147037366339 0.00122657301711051
5800 0.0325414749281752 0.250034169464476 0.00254883960126253 0.00473365718582701 0.000453843443737009 0.00312289596217138 0.000549709559902634
6000 0.0328503018957694 0.250201021513158 0.00221345716112361 0.00356918227418164 0.000636375979392595 0.00296856168258954 -0.000534041784265202
6200 0.0325658711975881 0.247898958622632 -0.000277353386433286 0.00363376817057048 0.00139381658369371 0.00312916586616059 0.000184303285775757
6400 0.0327103184579246 0.247907869984389 -0.00014806416399184 0.000379589112487494 0.00193200112714857 0.00156860065915261 0.000750879926559028
6600 0.0326903195637767 0.24842829605711 0.000216919510340909 0.000397655929829543 0.00321248322084574 0.00308506231507807 0.00103638887792233
6800 0.0328129353137253 0.249048970750286 0.00388265818454587 -1.75170378582194e-05 0.00221543925904569 0.00286388631691164 0.000891681643530141
7000 0.0325964600498794 0.247714947531588 0.00159193116904624 0.000124459537098465 0.00258853553093641 0.00227668877798478 0.000746293777715816
7200 0.0330587108185802 0.249444464323613 0.00412832677124325 0.0013691231285973 0.000711182281840364 0.00441828060081763 -0.000686334012932813
7400 0.032996468552647 0.248450905057289 0.00349835401511346 0.00458901768888916 0.000288175256336044 0.00405850243504798 0.00144055851609355
7600 0.0331462452793382 0.252098968081547 0.0032741844237102 0.0035070638839473 0.00189980704935749 0.00412401193000902 0.00161761490513436
7800 0.0331563272363505 0.251019505616848 0.00362268532244311 0.00425197851780755 0.00264709510625834 0.00294493570553585 0.00100655438179031
8000 0.0331280765976689 0.248552679292231 0.00115033160401174 0.0038985184834594 0.00320002534545152 0.00350546695585914 0.000445962557758872
8200 0.0333107339891902 0.249682235525553 0.00335072273635887 0.00523574562657636 -0.000975558631321189 0.00307071680935038 0.00029656674726289
8400 0.0332035120478537 0.248761053078831 0.00461142802134929 0.00407226173830925 0.000394930952247946 0.00387003426106792 0.00113990707787602
8600 0.0333829251114808 0.251709149711564 0.0019004761369074 0.00321121332183528 0.00115673974198426 0.00408641882708413 -0.000510905336506686
8800 0.0328393230529542 0.245135573758556 0.00253619466071819 -0.000245274891188666 0.0014836821691184 0.00321857516669016 0.000495879653030634
9000 0.0335258526913463 0.248212794713768 -0.00240388085210489 -0.00127452482247005 0.00344706813150876 0.00422752995978358 -7.56753379431502e-05
9200 0.0332456445462048 0.247191817243154 0.00222628202949249 0.0005939680432998 0.000863890067176439 0.00487424658846428 0.00027226126635212
9400 0.0336065488683885 0.250138190091187 0.00228551719799282 0.000933179895875541 0.000581889858962114 0.00462759739962555 -0.00026865735046979
9600 0.0335604631474113 0.250806848410702 0.0043128790317815 0.00414044814136341 0.00124521707220608 0.00310202400256756 0.000969980542615421
9800 0.0337079197501683 0.252156892799873 0.00383310032535685 0.00501171192068474 0.00175017299947541 0.00229234302046946 0.0010975982706841
10000 0.0336063044720937 0.250554178292978 0.00431277482026469 0.00163043367293399 0.00108438460804602 0.0029090041236323 -0.000438356206818504
10200 0.0336143690345412 0.248741218914865 0.00162666648054959 0.000963242551695749 0.00106478891923611 0.00278922366505942 -5.81148596507496e-07
10400 0.0336998672126981 0.246366941488282 0.00285952141508733 0.00187139482743629 0.000405261554137412 0.00418061449807191 0.000795280609556432
10600 0.0335034167747194 0.248101812268783 0.00127991690358386 0.00310315378914305 0.0023223545970537 0.00330007950512018 -0.000583506272817804
10800 0.0337199766092803 0.249523804992138 0.00348626137953997 0.000702771318472159 -0.000123753191037535 0.00215973293200859 -0.000450604321740589
11000 0.0338617911608257 0.251425049300924 0.00349676275824298 0.00598775572887211 0.00179870637982017 0.00177022875177358 0.000553540750951878
11200 0.0338027126879555 0.249108904820644 0.00384691587360391 0.00198532645419406 0.000958898490821995 0.00321465611771663 0.000572118671309816
11400 0.0337382008778713 0.248438362546985 0.00276632555611833 0.00226578129910332 0.000883755300585678 0.00357463980395683 0.00206999371079309
11600 0.0338899147401561 0.249344246393756 0.00311063527197671 -0.00327751141258781 0.0012288165955637 0.00169024105496375 0.00138569965261551
11800 0.0338079331871358 0.249815264940631 0.00117534809508177 0.00269314947769337 0.00107186275236192 0.00317596335667957 0.00128656789613768
12000 0.0339991925618323 0.249898217536814 0.00235825751685082 -0.00154389531121223 0.00125212911085642 0.00442409759160616 -0.000445063902924602
12200 0.0339493869095037 0.249881034846005 0.00225412059163465 0.000649602772738258 0.00124837713443176 0.00349794443529701 -0.00108391197891596
12400 0.034072004787976 0.249633120996102 0.00212643485724198 0.00226360736871267 -0.000379206610576898 0.00332409770406842 0.00118063491296999
12600 0.0340546748218362 0.248412593579033 -0.000701969330779108 0.00339549346716112 -0.000387856091218603 0.00343740826492938 -0.000926884580394295
12800 0.0342373481320008 0.249784874579971 0.000914212047004434 0.000134596226415113 0.0021464892765325 0.00352935004496531 -0.000222293345987613
13000 0.0342657705501469 0.249677004659179 0.00241385066960113 0.00346208681989099 0.000288000261136957 0.00478024985085627 -0.000725211520424456
13200 0.0342633817129184 0.250758398574801 0.0048999334993928 0.0043614960728965 0.00125768693549579 0.00288324472658371 0.00174995239904145
13400 0.0343822081025085 0.253251088753203 0.00388442500072017 0.00398164935707558 0.00025928686097108 0.00183690725513964 0.00112034782306201
13600 0.0341321981167868 0.248371497326451 0.00289497702018352 -6.72869881133436e-05 0.00283054229911128 0.00275871846335177 0.00108182368610954
13800 0.0344128341147303 0.24909055636927 -0.00201018883662051 0.000751043293951489 0.00132435180146719 0.00325831459101865 0.00268034986820838
14000 0.0341376482389105 0.247984773142373 -0.000142318171951546 -0.0001042014609257 3.03869630042871e-05 0.00096542382870148 0.00289833614927981
14200 0.0344119336300604 0.249845249790656 -0.000700064749380762 0.000437617606871989 0.00173039616241938 0.00276131079108916 0.00321798551001743
14400 0.0342733508291058 0.250498391329276 0.00381629096266519 0.000119491104182718 0.00130224748278856 0.00236365436067303 0.00200311107728875
14600 0.0346412786527638 0.252987483102305 0.00477214846240882 0.0038096860915499 0.00135489626198182 0.00292492685111348 -0.00018133652678349
14800 0.0343157780250203 0.25031014054998 0.00602142900545083 0.0039227206309454 0.00066047918939059 0.00384349152523559 0.00220515876512875
15000 0.0347344134405583 0.252213313442964 0.00146983338659553 0.00519024573645263 -0.00024865107491091 0.00397705902990917 0.000701328384216504
15200 0.0341587671663707 0.244745669183913 0.00309583765753136 0.0029768694401977 -0.000617745340266575 0.00350737663907412 0.000277872050233041
15400 0.034792905716559 0.248003072206191 0.00133001189678358 0.000964345455786044 0.000657783216741004 0.00428382317926021 0.00215626278642901
15600 0.034226248189869 0.245005998632898 0.00323476687688092 0.00282170601167492 0.0021532189950724 0.00455642375556988 0.00050601752980631
15800 0.0348068170295986 0.249759404212624 0.00185451560447559 0.00315719340270764 0.000793740846537214 0.00262523894776547 0.000843295751865758
16000 0.0344420199487531 0.248058123751141 0.0046043153088237 0.00485599353517653 -0.00144251706719072 0.0026554808132019 0.00121195272139099
16200 0.0350657017816874 0.254326448769455 0.00250572206133642 0.000447142667055253 0.000918868584599799 0.00161165471444091 -0.000247610283222054
16400 0.0345165205826399 0.246680003041947 0.00314737111264566 0.00209970456602363 0.000765655111423944 0.00260485188131429 -0.000239168716872068
16600 0.0349838325231654 0.249183711922516 0.000630694193892547 0.000590578392443575 0.00215796595178634 0.00277211680412461 0.00048623110123979
16800 0.0346247083602352 0.247662522096016 0.00103898834368907 0.00207914948910513 0.00272796061902421 0.004327307511431 0.000525593248054685
17000 0.035055422465404 0.250185104070894 0.0030984208630277 0.000866433146164596 0.00190761337505918 0.00277126927281112 -0.00034158632941128
17200 0.0348197681103104 0.250203006953581 0.00584309753386677 0.00416531324917739 0.000690065960885161 0.00316148768454681 0.00190894691338785
17400 0.0351100581255071 0.252212992139905 0.0058471432272364 0.00550693250229942 0.00011165098690581 0.00250734973076323 0.000850595512544431
17600 0.0349358896378058 0.250197208442664 0.00614183136375417 0.00529593085314962 0.00156962964522596 0.00295243846673701 -6.93440481831289e-05
17800 0.0351956269398459 0.249964677471763 0.00265629965969416 0.0038349980463598 0.0026673846305389 0.00251465537642639 3.85467718606207e-05
18000 0.0349418340816095 0.249739341815259 0.00248383047129509 0.00377736348469601 0.00125477220743981 0.00489142237193155 0.000660414675839865
18200 0.0350063306865962 0.248628378447102 0.0036942573480172 0.00250423945619036 0.00151605867132313 0.00343595158118122 0.00157583245441867
18400 0.0351382074710506 0.248777858578711 -0.000667850636388 -0.00295426335243685 0.00109195222183149 0.00293413731259866 0.000711346387667432
18600 0.0349927347894421 0.245997136873666 -8.76512547098653e-05 -0.000151585210379294 0.00242895121106081 0.00283208730728073 0.00100045751589103
18800 0.0353020668918307 0.25205273279828 0.00268460777053082 0.0037590598476193 0.00136423131762693 0.0010468716168175 -8.76438286520994e-05
19000 0.0352619064445346 0.251128605031698 0.0043785906019003 0.00590763442630441 -0.00035731711311835 0.00241720332555311 0.0010583113091461
19200 0.0353952980766698 0.250069216498078 0.00633892790028112 0.00572822251162821 0.000284846389040653 0.00211673934085409 0.000997107438073965
19400 0.0352146231071078 0.247740535968082 0.00387999795529136 0.00438717649205346 -8.76010272657779e-06 0.0030078979327411 0.00066207014289739
19600 0.035521680440888 0.249811509239748 0.00372735944899682 -3.03810533777806e-05 0.00178572962261066 0.0035488075927597 0.00136724337178699
19800 0.0352884430035419 0.246821137214207 -0.000416151397712194 0.000879069059008294 0.00176145936125647 0.00283416520602537 0.000545320023507632
20000 0.0354299735878575 0.248190931963671 0.00338655484358494 4.2406605970045e-05 0.000177783859939318 0.00419725514059805 0.00222963577970072
20200 0.0353716277852272 0.249609148515062 0.000751024784928834 0.00168718197077959 -0.000480089623863822 0.00519848852553519 -0.000138711524705797
20400 0.0355415568083401 0.2501102191898 0.0053475311929659 0.00188004035363926 0.000504336647775743 0.00316241947628182 -0.00107218043844072
20600 0.0353242054849038 0.251511997522642 0.00275436705544668 0.0045850969010556 0.000965192673359301 0.00407749253362331 0.000524870439777882
20800 0.0357041937803444 0.251352786399957 0.00782872237431407 -0.000444064973957757 0.00166778046252347 0.00523171391231271 0.000671144559430051
21000 0.0354030878390401 0.250391122119392 0.0030605586230442 0.00570902566550179 0.000169397234791101 0.00275036644834145 0.00106725912918116
21200 0.0356521358583981 0.249686306957971 0.0024297959883282 -0.000366954544574357 0.000720146058521272 0.00399990179055368 0.000612922335305853
21400 0.0353265200206201 0.248313593627129 -0.000709158251506189 0.000708168315161016 0.00242771170089551 0.00255155079764532 -9.83856619980461e-05
21600 0.0357676515538871 0.250691554375535 0.00194566251269696 0.00152980408914433 0.00218347703746524 0.00103087298259483 -0.000214259700298127
21800 0.0355145958722728 0.249633768206408 0.00437446192888066 0.00685307435490698 0.00103435091569569 0.00293328727275157 0.000740781088769615
22000 0.0358309142203855 0.254081267573886 0.00255360320742981 0.00227084631027981 0.00173714663127405 0.00351561379903239 0.000136012562276476
22200 0.0354961420020386 0.247463588415411 0.00201820928599093 0.00073877452076104 0.0004706704837564 0.0025386301151032 0.00262563288763692
22400 0.0357309128147612 0.248855093530936 -0.00102984975734246 -0.00169960827917499 0.00150934207706825 0.00443969492242729 0.00144036160621141
22600 0.0356866654053916 0.249387525975908 0.000145853610105939 0.00178407968244895 0.00140933735108979 0.00399904053161805 0.000698602749634482
22800 0.0359318537074995 0.251477663926161 0.00636718612690334 0.0040249317413715 0.0018442781463064 0.00392377583282445 -0.000866101007781652
23000 0.0358763742449402 0.254085339304248 0.00360004397584495 0.00449742112835586 0.000793762108082989 0.00468162333951602 0.000210046375835105
23200 0.0358891933466772 0.250810430927429 0.00658442877533766 0.00189530332339057 0.00242142085867908 0.00238015994994966 0.0017341996354904
23400 0.0358014431529472 0.248213879903488 0.00549077067072316 0.00265297729988097 0.00309709093210123 0.00229752550902191 -0.000728779467704059
23600 0.0359546204473872 0.250136126265767 0.00354922808978279 0.00207074567165786 0.00391530346524112 0.00251729985732325 0.00154179232001008
23800 0.0357654584571618 0.248894796951069 0.000128430806975859 0.0020939642082924 0.00168993066644577 0.00225324494994648 0.00200653868854357
24000 0.0358541979053959 0.248473111338425 -0.00204125008519804 -0.000158288633551848 0.00205895558359455 0.00262575099810272 -0.000271275918149607
24200 0.0357674105033633 0.24971167988988 0.00399458543025992 0.000562424524010239 0.00186696923060381 0.00206521144255226 0.000682979057704745
24400 0.0360002048932317 0.251811657770342 0.00182176617504719 0.00381677230157867 -0.00031590235101733 0.00377870850492522 0.00047825453765357
24600 0.0359756786684478 0.251761611617019 0.00454040588263603 0.00252872469373029 0.000546255944169753 0.00263380276935807 0.000644205608496648
24800 0.0359616527122401 0.250354227951653 0.00237646849335743 0.00345814181146236 0.00246212790269905 0.00357908572497456 0.00196478173847147
25000 0.0360777015934827 0.252014197828693 0.00407790537821029 0.0017339043168491 0.000289852732794 0.00212854918979904 0.00258691725338945
25200 0.035950542710125 0.250277029111986 0.000982639897058098 0.00523228380716672 0.00144749317194242 0.00379081609915272 0.00255465535814841
25400 0.0361779450928955 0.249781502871169 0.000108353807346256 0.00162888884742717 0.00136179771867028 0.00425480416348355 0.000578293000327127
25600 0.0358711489278207 0.24789242622846 0.00214793101604498 0.00292616896284148 -0.000310505759546823 0.00291782082600049 7.57113892391374e-05
25800 0.0360572660743441 0.250399089835261 0.00388803514993081 -0.00027461662527065 0.000974334732418471 0.00255337354271725 0.000819945802361083
26000 0.0361488407907539 0.248827455938366 0.00588466114485469 0.00586169681399144 0.00156144356028519 0.00233788778078043 -0.000656353600637486
26200 0.0364902492276664 0.254090841328931 0.00787790821127822 0.00314947989067565 0.00305407917410731 0.00270477222132057 0.000724795912815773
26400 0.0361619845877169 0.252252097639454 0.00511975184483764 0.00746152229688968 0.00350536106714545 0.00256971681329323 0.00090833304496781
26600 0.0364229626447148 0.252040030203711 0.00324937496209384 0.00181815211744878 0.0012640562400047 0.00290033446514466 0.00123623438102266
26800 0.036278033463819 0.251792070584951 0.00159024085672028 0.00407454258464878 0.00239748709922614 0.00446709717242389 0.00151898886140227
27000 0.0362990562196121 0.250965296036481 0.00165245098536196 0.000949570034555822 0.00125332130791013 0.00354335099438083 0.000326283394186487
27200 0.0362796709676736 0.249803310378819 0.00149904935618478 0.00181235560833312 0.00225244211680778 0.00423082151664428 -0.00099495063712896
27400 0.0363363501353856 0.249731937816386 0.00178623634884097 0.00305020251521173 0.00291598121128983 0.00281752399967521 -0.000446796969304357
27600 0.0364925847449989 0.249491826718704 0.00247563964877427 0.00224169342641703 0.000498971553239893 0.00258877781612195 0.0021640681003317
27800 0.0363040195448333 0.247706593454283 0.00170744084460442 0.00342197525930472 0.00158110269973054 0.00360909270151554 0.000644335967813377
28000 0.036638794304071 0.252719429684738 0.00162061759469715 0.00460408647936531 0.00332565899706061 0.00249127048838976 -0.00154164984256014
28200 0.0363695148400311 0.251238246570618 0.00298138456245078 0.00271707714255175 0.00382281996028069 0.00214103028895371 0.00151505351726653
28400 0.0366232361832804 0.252136964982109 0.00415241377858454 0.00236794092388193 0.00171344095123154 0.00235090948092904 -7.64788136292974e-05
28600 0.0363146632289666 0.250196402143343 0.0016739285900058 0.00677714227714653 0.00246032602994532 0.00347921480302986 4.70082188983565e-05
28800 0.0366498030814229 0.252007593543879 0.00335845689124436 0.000355882713446103 0.00170382863514026 0.000937085402972609 0.000719288239126554
29000 0.0365339189017774 0.249747134893367 0.00126815280822592 0.00153405277420177 0.00170004295202856 0.00192550045661548 0.00156532447310504
29200 0.0366857050015773 0.250421040487579 -0.000592128842030604 0.00110888678829176 0.000614607048607546 0.0038451011201355 0.00121945045216594
29400 0.0365171750869072 0.250129085155435 0.00318814550574483 0.00123284204106908 0.00145514926131011 0.00307089274486943 0.000367832848261484
29600 0.03675235481339 0.252970263195651 0.00214253231232775 -0.000143511142427183 0.00157230279603534 0.0028090646348401 0.000108872253963645
29800 0.0364474031218565 0.251136673422221 0.00344477199434981 0.00291374100517052 0.00183164341477921 0.00332498353566694 0.00189293006561238
30000 0.0368298105663059 0.253543770813203 0.00405083140014504 0.0038526014605773 0.00278968265558273 0.00259279761839774 0.000875964130585716
30200 0.0365688709152273 0.251812866944805 0.00278722365916755 0.00433380600758704 0.00126136895888959 0.00203580723197134 0.00154134654852044
30400 0.0366981937947663 0.251262697462022 0.00178920392895182 0.00432838161367558 0.00340879137644605 0.00245914995842547 0.000125869156948077
30600 0.03658103423132 0.248848515182711 0.0012294377495143 0.00182987849301938 0.00152337626201662 0.00258738616790045 0.000684706598595313
30800 0.0367377149383112 0.250025927063857 0.00273712264644808 0.00145559151914553 0.00169202592912427 0.00217984724829715 0.00143690294146654
31000 0.036760738314912 0.249726238910716 0.00292415681721327 0.000840335898913422 0.00187677288804702 0.00242666481475779 -0.000947122036110684
31200 0.0367180259767135 0.250386762261585 0.00317716136725637 0.00376751919077491 0.00140779325157572 0.00282444126802188 0.00103126723335995
31400 0.0367850297136891 0.25007995642208 0.0037533329548024 0.00519283377986785 0.00115152931353362 0.00220208132148929 0.000301036584741405
31600 0.036975611590288 0.25209853115129 0.00398356867195676 0.00333388956036653 0.00162192912845968 0.00431274529800867 0.00195388228410803
31800 0.0367814312568231 0.250570077890056 0.000708706808902594 0.00163693668735694 0.00190421990332165 0.00253831492126326 0.00190218990089923
32000 0.036907069940098 0.249427216368732 0.00318865280382385 -0.000140614690195946 0.00141703958340857 0.00347599971929674 -5.16454006708483e-05
32200 0.0368247857353262 0.25002085067929 0.00308376049649088 -0.0004884336378914 0.000479619926891986 0.00181315818488182 -0.000404441054501889
32400 0.0369468142776428 0.250936079988073 0.00180925909891856 0.00328649290624327 0.00157808195578914 0.00194372854284035 0.00112325614531557
32600 0.0368583536765248 0.249098708712717 0.00283313678167537 0.00381617032462058 0.000781777589931916 0.00133036183313154 0.00106523557163926
32800 0.0370208634800886 0.252084432618616 0.00419799137589571 0.00640650955228463 0.00166740722963896 0.00325438934054689 -0.000536542706845765
33000 0.0369502145299356 0.253332443683083 0.00437104165138354 0.00643309732138853 0.00161087359439407 0.00368143543805605 -9.60389947028382e-05
33200 0.037192302344558 0.252346448551696 0.0043817844122923 0.00480178540305231 0.00317335826707896 0.00134503789956236 0.000721084093523397
33400 0.0369541519988167 0.246887506210171 0.00281465356642393 0.00251734266514813 0.00247154702306422 0.00258666024848518 0.000885165859751997
33600 0.0370706179677494 0.248064610332353 -0.00126511208482344 0.00221115428321429 0.00281321522271475 0.00308667541213821 -0.000733113570598784
33800 0.036975516117093 0.246694151149935 -0.000397005934835849 0.002121966716096 0.000868545798164197 0.00328957252391304 0.000125213172783355
34000 0.0370998162037544 0.250470234982837 -0.000830294269819043 0.00157145167329303 0.000689684277564468 0.00468827220587432 -0.000262620382350739
34200 0.0369519225513154 0.249340499231425 0.00620494303840543 0.001894277363562 0.00258308185131362 0.00306090964846855 0.000340302414520379
34400 0.0373763201283987 0.254747216792822 0.00160489411943041 0.00490313288319079 0.00200849651575017 0.00331954562251647 0.00052698167925759
34600 0.0370345277393314 0.250264476437839 0.00580381458352104 0.00486704236964563 0.00069727334145996 0.0024025564542889 0.00127927161658573
34800 0.0373752606000638 0.249886275387003 0.000952526490891944 0.00193493351958283 0.00252516408701038 0.00259101839485611 -0.000522597158667011
35000 0.0370731267086803 0.247925573285118 0.00420707556577501 0.00369968258773372 -4.48449255218361e-05 0.00363211957331782 -0.00161932394408969
35200 0.0373929750720787 0.251272235426422 -0.00195512801441076 0.00230008047386748 0.000359831316550286 0.00197702280516152 -0.000758313812512612
35400 0.0371670027526918 0.24821334014167 0.0061853011672773 0.00145358149188068 0.000912231329296281 0.00228086269698796 -0.000709565527044654
35600 0.0375121106630785 0.250969440905678 0.00197766617227604 0.00343677193945986 3.04354958959758e-06 0.00216971412605634 0.00192941357175182
35800 0.0372539672046707 0.249535759934575 0.00566499864841682 0.00422924480804694 0.00141877728436267 0.00175003092076817 0.001745585326407
36000 0.0376247065939919 0.253664050512697 0.00427317626268375 0.00533923353238665 0.00161551087610969 0.000835008651140335 0.0010038503849376
36200 0.0373415506388112 0.251209313057914 0.00502646370601674 0.005413633794431 0.00116372828406238 0.00273461076786381 0.00137685422653023
36400 0.0376356539380569 0.250222036311238 0.0029268301630222 0.00149441831196946 0.00125030610057949 0.00353067793554426 0.00296468171102763
36600 0.037228192270701 0.247235338319293 0.00454705899214805 0.00112417568508564 0.00070391388127487 0.00436001068760601 0.00222708611066002
36800 0.0375909696558887 0.250921339985586 0.000302908990610291 0.00302509717725564 -0.000403423784056404 0.0021052716997692 0.00228278001732457
37000 0.0373945034797367 0.247700916997156 0.00140310181382917 0.00201689575122317 -0.00061041355993474 0.00183878488839969 0.00157309522760418
37200 0.0375433552695536 0.249983713147628 -0.000588822748909383 0.00314765859719513 -4.22028492317488e-05 0.00203850875163754 0.00186277366956053
37400 0.0375164410931797 0.251957605184978 0.00504521753120596 0.00318147291353181 -0.00128479485091421 0.00111546952801158 0.00180842438702088
37600 0.0375688986063277 0.252960947696355 0.00268712322140803 0.00426233098654723 0.00178981753436497 0.00130294527304377 0.00216382277434942
37800 0.0376098406611189 0.251009028308309 0.00315533646792728 0.00571097880099428 -0.000229579966542746 0.00204852573732995 0.000706636925020008
38000 0.0376217600404214 0.248178568243285 0.00354104172198383 0.00503459123359984 0.00222808341446329 0.00258480430767393 0.00292355535811026
38200 0.0377067517688003 0.249679582430586 0.00262141334643057 0.00167384159649568 0.00152601007836529 0.00330206372635109 0.00180159255292366
38400 0.0376068735882365 0.248891570567152 0.00326004645370486 0.00357079759294714 0.00105922845043075 0.00153317931295429 0.000991602916474663
38600 0.0378339504960015 0.25048444779407 0.00337623094237314 -0.000479291391849503 0.000542413333865906 0.000879023622378812 0.00233036614474932
38800 0.0376285676206409 0.252335559710541 0.00386297820973382 0.00341871488654601 0.000680634633111405 0.00289810004192986 0.00139438490254664
39000 0.0378799343118396 0.252466895941562 0.00243502929301056 0.00177552415373993 0.00219735481785245 0.00197426018531968 0.00316530150435936
39200 0.0375630555589571 0.252214935729664 0.00165019106635012 0.00622649457886385 0.00120283038380415 0.00113967432730515 0.00236262532156709
39400 0.0380262480364914 0.253195977120345 0.00312494726004402 0.00290439709952461 0.00112493227799343 0.00207677270448623 0.00169955143228854
39600 0.0375601912170362 0.250164541417275 0.00242689650789079 0.00295704449585965 0.00099669822518979 0.00207003544306283 0.000192866960941829
39800 0.0381248702716407 0.252006604640825 0.00222894505897545 -0.000374202268639162 0.00114264445547218 0.00286459508427549 -0.00147675361397245
40000 0.0375782438672514 0.247029890879648 0.00128478389801848 0.00324821486942072 0.000198816844104621 0.00240807011461159 0.00155452868945991
40200 0.0380187222762346 0.250846753637284 0.00230598524823074 0.000842483905546016 -0.000100082005329713 0.00353337874216442 0.00193936201976729
40400 0.0377529265648628 0.250920974243655 0.00125743711069332 0.00297611506192119 0.000660802977981909 0.0025199488519489 0.00176696603546086
40600 0.0381700064859026 0.252476448351541 0.00482775234392442 0.00371360523919379 0.00225954763286797 0.00231304159344156 0.000635272239372236
40800 0.0379043025983941 0.249436805370722 0.0058048235885894 0.00546377984233557 0.00276540326484785 0.00215448833940653 0.00230789601784685
41000 0.0380121409046647 0.251344892248336 0.00234666319072188 0.00212758743586317 0.00119034167480406 0.00337865394512882 0.000134388061837916
41200 0.0379710093334794 0.250461800648283 -0.000415677780975422 0.00354608687153233 0.00232138805978373 0.00314839375535624 0.00211228162453994
41400 0.0379771384665908 0.249105776088801 0.00263319663433346 0.00623642296436013 0.00106536520524527 0.00199518452231186 0.00057006719630156
41600 0.0380143523513755 0.24968058099068 0.00370344531586745 0.00341160957705507 0.0010064923604024 0.00398098386492787 -4.80372019840977e-05
41800 0.0379820699696311 0.249597738296813 0.00358886375835885 -0.000705781913577946 0.00163138490262751 0.00280098756835857 0.000264834898569549
42000 0.0379956068958953 0.250025870275281 -0.000963535905986041 0.00045778238122302 0.00204831289979407 0.00154653627663424 -0.000296197611324608
42200 0.0381531946495426 0.249382298138853 0.00471570787305555 -0.00148852167134949 0.00268426421651266 0.00185875490975166 -0.00154365689780354
42400 0.0381493348778307 0.250190054482807 0.00202096164101142 0.00471962442528961 0.00131543264881572 0.00337152328885771 0.000253233793481369
42600 0.0382818643124679 0.250918096789757 0.00619910332037446 0.00459208391114224 0.00266888237660443 0.00160626117215495 0.00147709272917654
42800 0.0382011497010614 0.249790173789131 0.00306013970991309 0.00515343467374717 0.00189407089203718 0.00188243723919035 0.00121704980237597
43000 0.0381886311644254 0.250070696745167 0.00409596823240533 -0.00114765914474395 0.000117855248928477 0.00267520881770371 0.000106558804355941
43200 0.0381516684818743 0.248670213943036 0.000559075239778965 0.00309341583505261 0.000847666278695202 0.00143213447447747 -0.00026500383248981
43400 0.0383775820635612 0.249786714589815 0.00627757551663238 0.00210904019760683 0.00265148894389807 0.00321037832048094 0.000339357584136558
43600 0.0383418821358184 0.251404428347398 0.00606188085247185 0.00359069913281792 0.000970052944435832 0.00293046087420887 0.00212410767280103
43800 0.0384322197868995 0.250317362120116 0.00633953154717681 0.00332458637035738 0.0019890843325023 0.00174115803729454 0.00246085815158046
44000 0.0384430721916741 0.247291348048944 0.000867094860308963 0.00607777559728238 0.000417264093498119 0.00243031819513593 0.00156833689528926
44200 0.0382413869151505 0.248405556744536 0.000322616527667269 0.000433238018959359 0.000593670337149373 0.00146434507323676 0.000840514146623194
44400 0.0385055106722908 0.24860294054977 0.00166103204772579 0.00111925663048899 0.00149622310733235 0.00267198178323269 0.000473848915825793
44600 0.0385356729868326 0.251524492465769 0.00199230281518903 0.000704558962978849 0.00080978789710344 0.00101541062461683 -0.000632671904134505
44800 0.0385118819933333 0.252050557552114 0.00308469325959807 0.00268832006567325 0.00100975830036517 0.00137515695176205 0.000523269455113645
45000 0.0386498079827726 0.252402563728553 0.00494502005114048 0.000423978372804746 0.0024031604513862 0.00120158123331664 0.000592822470869602
45200 0.0385167538409448 0.252619004976812 0.00287055974084407 0.00283247539655539 0.0018835318156406 0.00409614283175965 0.00112076035186678
45400 0.0386151509164557 0.253488090818255 0.00235985948749586 -0.00150192751231838 0.00154702374524496 0.00149273500727643 0.000142231696093033
45600 0.0385455788059786 0.250817483183639 0.00214828836574275 0.00239636828236633 0.00218605973618348 0.00283760364867938 0.00045158073904846
45800 0.0386834957641802 0.2496917953562 0.000293715114193849 0.00194527974942703 0.00216019565241842 0.00319706730829883 0.00021922311251205
46000 0.0385899990488567 0.248342615558412 0.00208995544892157 0.00469623600612048 0.00217296954538583 0.00227396324950048 0.000966604919896381
46200 0.0387016857511329 0.249526096556307 0.00402344510738146 0.00485404916805276 -3.9165329155818e-05 0.00370013116864525 0.000307971629127153
46400 0.0387101846885716 0.251682636142035 0.00220909392094596 0.00317733889041275 0.000928469208203077 0.00350901356117374 0.000272882369923175
46600 0.0388224283392382 0.250454174743881 0.00450346341341956 0.00270426183052932 0.00157083630756546 0.00141766942166686 -0.000784648093919976
46800 0.0387462653925245 0.249715397009737 0.0021704508510447 0.00353633132807966 0.00223785303301165 0.00313497588845213 0.000659283021592066
47000 0.0388275882840611 0.251470741211417 0.00293542901190619 0.00257936023696496 0.00246312759508151 0.00251695963396512 0.00137012051063207
47200 0.0388076707098594 0.25269374635856 0.00676996487605382 0.00425157286269994 0.00044494637911452 0.0025235666030099 0.00117354658347887
47400 0.0389645240548953 0.251452342984264 0.00512639456422721 0.00262952884846256 0.00123766128564148 0.00270710526051141 -9.47127948584054e-05
47600 0.0387202652363884 0.249826396606932 0.00427453824047748 0.00312546303307111 0.00173426132443043 0.00402218647087789 -0.000175400925949825
47800 0.0390026089007784 0.253304119053253 0.00482359787888667 0.00311323688695726 0.000603792622900097 0.00265678963139437 0.0019602135520587
48000 0.0386389719429998 0.249552590940385 0.00540863719817136 0.00462842280710717 0.00183023651484389 0.0046435253596514 0.00100478985094057
48200 0.0390961753443446 0.252566456371087 0.001623618018261 0.00362991645749059 0.0011502230597586 0.00222533298644575 -1.71757007894854e-05
48400 0.0387172860028041 0.24622904431912 0.00326536742136491 0.00387450164950829 0.00278218318333592 0.00271225637526716 0.000255940411598252
48600 0.0390129335859294 0.251518653982222 0.00381584569157185 0.00111840452452819 0.00233317085500624 0.0045137979282993 -0.000189201639665661
48800 0.0388815910198313 0.251586034563647 0.00470738838942612 0.0046599022700061 0.0027279627357806 0.00357611392802397 -0.000500636684263338
49000 0.0391477206917106 0.253408164594851 0.00391556854443775 0.00383185551894599 0.00134066761809014 0.0025806991951912 0.000151183811370028
49200 0.0388400743277809 0.24925689788175 0.00342416718261803 0.00262188863722727 0.0013709204036267 0.00298866581539352 0.000693123548350417
49400 0.0391052696895494 0.251927168800231 0.000874993066480948 0.0032007475462798 0.00143056172803569 0.00376214038830328 0.00104456365497797
49600 0.0387672598273372 0.246920392580913 0.00227490800835707 0.00237532102703476 -0.000430157286236326 0.00279842709444838 -0.000672081400595427
49800 0.0392707991240002 0.251428050380517 0.000108764829357363 0.00303373370503102 0.00107952565370745 0.00261720543091047 0.00086905926691937
50000 0.0388283614706644 0.249159289962772 0.00664568021670071 0.00514178995466965 0.000706137230819363 0.00348877981600356 0.000557149502053278
50200 0.0393760834933177 0.25361886704851 0.00677082535619197 0.00631346260260433 0.00132119369149723 0.00236531606356559 0.00052197351785167
50400 0.0389705894811154 0.252824281097766 0.00747749023780016 0.00448673945078617 0.000327727214150115 0.00165993557458497 0.00105916493864763
50600 0.0392422375816153 0.252223898818662 0.0042471288195351 0.00413211574526593 0.00101873159923058 0.00399444348943048 8.13956829614796e-05
50800 0.0390778856947184 0.249437917053183 0.00406725553035991 0.000529400805938813 0.00248885245319535 0.00380266019744419 0.00103341925261466
51000 0.0393290744518564 0.252367847287012 0.00122925688365245 0.00202279306626853 0.00189729265333385 0.00319908365281114 0.00250842115008786
51200 0.038992850835405 0.248222322310694 0.00072703042846996 0.00273341552215545 0.00287398944959851 0.00468128575326144 0.0019069879807981
51400 0.0393687468148847 0.251681563790412 9.85009201961117e-05 0.00261007075319652 0.00224688336380889 0.00296880000316385 -0.00114445907046339
51600 0.0392502700275054 0.252919127147325 0.00367146614922829 0.00203881666876814 0.00245035152270875 0.00293598543869645 0.00188403036581278
51800 0.0394903458275875 0.253829585661385 0.00346091829621687 0.00171814059778012 0.00237343345174989 0.00453486452451066 0.000138190236917855
52000 0.0392125129479175 0.250821093116148 0.00284838508603847 0.00538050441345912 0.00140403650892207 0.00358970294843779 0.000821660416958707
52200 0.03936041193424 0.252173607242918 0.00608339144049601 0.000173485399786209 0.00417106972923555 0.0036262990645353 -0.000489064869992059
52400 0.0392097963343726 0.252271493875798 0.0022016030481769 0.0013131448060501 0.00184145804191467 0.00435435036726488 0.000348717903924182
52600 0.0392030060333118 0.251138950000182 0.00385531688349973 -0.00193459803497827 0.00316733731889013 0.00515931685023045 0.0024146096745705
52800 0.0393352750729812 0.252987264143915 0.00120368057077625 0.00484143743520023 0.00295749307795517 0.00367239476089374 0.00108887416596569
53000 0.0391423000457845 0.249589567768414 0.00563199206311571 0.00116908078605307 0.00205722792587986 0.00178565896554226 -0.000373418336626682
53200 0.0393854990748763 0.252237601869456 0.00312317875200226 0.00246181413372091 0.00430071101929995 0.00313748649350322 -0.00120656410614853
53400 0.0392687051278044 0.25233962226526 0.00367737881580725 0.000256759826988661 0.00194826827057482 0.00329112743748846 0.000634315439187768
53600 0.0395530570025757 0.252369363435482 0.00419323305183849 0.00512095814532985 0.00298031774998602 0.00244904107907596 0.000280841216622684
53800 0.039399346262699 0.250480341645336 0.00639559201589674 0.00356046009986141 0.00179206012957571 0.0032060605649003 0.000422140066193089
54000 0.0395383962232281 0.252339088331398 0.00495497511094156 0.004926911785563 0.00286730475068935 0.00323571307077471 -0.000718801594524916
54200 0.0394761192382317 0.25206949526696 0.00508634297188344 0.00315184895326338 0.00225193185871216 0.00268553606150189 0.00132243921557544
54400 0.0394548590906121 0.251308568416006 0.00116272035666983 -0.000984063179073914 0.00389963697032198 0.000501552649640396 0.00104486978217722
54600 0.0394012358879612 0.251798550978536 0.000248017776876728 0.00258799884755064 0.00164319562193351 0.00251167982181138 0.000488857482300523
54800 0.0395482740032654 0.251501628168828 -0.000315601204505423 0.00172159111208114 0.00162490055642689 0.00183639181093294 0.000368818511119111
55000 0.039489483680912 0.251384720327307 0.00384810579199163 0.00487151872119642 0.000969341872854549 0.000259681286008391 0.00117419312131584
55200 0.0396892424346398 0.254301527062571 0.00272482364292149 0.00576715819086016 -3.32390758941336e-05 0.00140288206863906 0.00155190624922157
55400 0.039589058736854 0.257050107367622 0.00345090339444053 0.00741200382035774 0.000619267370400226 0.00350199364178611 -0.000804199016425866
55600 0.0398646035906391 0.254559879802556 0.0047158289795944 0.00385593766256052 0.0012770165929707 0.00172316410254794 -0.00156530493437061
55800 0.039492029048446 0.247776930771636 0.00432033467202758 0.00341192245974717 -0.000584153985640643 0.00222933134617189 0.000311132154956307
56000 0.0398327779910598 0.2488975216402 0.00169544212086293 0.00218472503902941 0.000814962018504257 0.00289731530708879 0.000347809405448798
56200 0.0396135350956065 0.247764258090002 0.00316616254709373 0.00416232054492937 0.00105379284575179 0.00124198806746013 -0.000342561273929941
56400 0.0397855370559055 0.25054897843101 0.00384145660869597 0.0041861215076224 0.00124390318309504 0.00239876542022574 -0.00163565358422348
56600 0.0398964711937748 0.252103237147171 0.00336947690588395 0.00335963849684711 0.00187814083958517 0.00229682930540904 4.95108236173859e-05
56800 0.039675149428749 0.252969028428196 0.0056041571685028 0.00477523000573544 0.00323095882706328 0.00184541185801646 0.00219503227003043
57000 0.0401383407102891 0.2535876821514 0.00390816234923739 0.00715892331669759 0.00161374625647825 0.00198042055018308 0.0005151106281902
57200 0.0396904623039124 0.250713021530323 0.00378836323306714 0.00601708748135983 0.002005462554862 0.00251837757019439 -0.000159382858021728
57400 0.0398892508199512 0.251696956516878 0.000432277231793969 0.0012046748185256 0.00186022217497964 0.00121123074837789 9.44700803659921e-05
57600 0.0396444296267922 0.249316169384535 0.000987888846717734 -0.000407768571311256 0.00102900004527651 0.00350131742021417 0.00118522447832886
57800 0.0397561257253834 0.250950822222087 0.00173902876703087 0.00266287880606417 -0.000498615170852733 0.00259350395948176 -0.000571520012917075
58000 0.0397806847875042 0.251319310138103 0.00396856020403235 0.00241601898679174 0.00223262775314652 0.00232482279468538 -0.00178765551995251
58200 0.0397957818750393 0.251939691977126 0.00308799152346646 0.00212546262847453 0.00216464966032842 0.00266627681610701 -0.000896261100538129
58400 0.0397842726439605 0.2481355923154 0.00241258507800632 0.00120346284529264 0.000678902842523529 0.00360270255588999 0.000418611996356548
58600 0.0399751755482814 0.252866160626689 0.00420353907948222 0.00541203199750679 0.00244868484159329 0.00302650566865625 0.000459903117418556
58800 0.0398260889219487 0.252072221578866 0.00711535506031681 0.00486568776138712 0.00124361322971362 0.00305282153611526 0.00151542695958929
59000 0.0401106088557383 0.251059795205706 0.00713200142722412 0.00491495509497452 0.00134401530541297 0.00249779477362689 0.000310178087669595
59200 0.0396625431325465 0.24923461910855 0.00368515515775802 0.00134680619012943 0.00335757870233568 0.00224367585696094 -0.000142619907460567
59400 0.0400529840234049 0.250479877826523 0.000306653766894105 0.0023532541865652 0.0047700781205262 0.00296348345488362 0.000515238627722251
59600 0.0398143516615575 0.250097355665217 0.00309792167618486 0.00313069360958885 0.0030056368992571 0.00334542602446426 -0.000478017900064798
59800 0.0400977962597946 0.251001214536489 0.00137031997410657 0.00302015309449505 0.00369103207019614 0.00393518222951342 0.000332278536334081
60000 0.039993383270641 0.25329028578907 0.00302340570404292 0.00322113137667554 0.0019383902287144 0.00396578889148463 -0.00043814521999396
60200 0.0402705445085967 0.254490197637916 0.00175974842895618 0.00563842038465961 0.0014732907252014 0.00471276344989541 -0.000334802849579527
60400 0.0400347185467752 0.252457074441255 0.00426393219885367 0.00478669625981134 0.000264996763905179 0.00383813967962865 0.00237453401196526
60600 0.0402689260448089 0.253955955350692 0.00231810458329473 0.0046825439140484 0.000362122156989816 0.00416532561921185 -0.000182812939698637
60800 0.0398547881389184 0.2510327164858 0.00357244388459032 0.00388334920227089 0.00104843696069998 0.00373415473721528 -0.000800620868369689
61000 0.0403269442513143 0.25308423808623 0.00111701938066861 0.00150339278753939 0.00274317024088759 0.00541302745292789 -0.000899667180086442
61200 0.0397542894259261 0.249053323129582 0.00346678344907095 0.00252614573300753 0.00211429110199443 0.00474684673777214 -0.000441386940252492
61400 0.0404935698218794 0.252101613385848 0.00174315569089249 0.000406128898410702 0.0029572169295842 0.00448051990848979 0.000196603058964959
61600 0.039893471148206 0.248642372917854 0.00347630248592036 0.00358452800327323 0.000138308928100513 0.00309979201244081 -0.000290592393200387
61800 0.0404792125754414 0.252625979140784 0.00297115666890794 0.00380058118443651 0.00172685419097823 0.0020627474244264 -0.00100366801206744
62000 0.0400412473331069 0.249820690357835 0.0055132702838521 0.00483404522019407 0.00190613793336732 0.00387523710758867 -0.00101778579906889
62200 0.0403636562762724 0.251918736776614 0.00203626058703019 0.00243719000962598 0.0026403465857487 0.00192671424999945 -0.000704213137775447
62400 0.0400908903249046 0.25155671644868 0.00114281055363968 0.00274531634772855 0.00370192527131476 0.00373794051828093 0.00126504938848689
62600 0.0404699029619448 0.253212992711346 0.00122868940761859 0.00441571845892239 0.00383665445093473 0.00290474155823002 0.00144313717727814
62800 0.040217241270256 0.251853226657044 0.00652307959783602 0.00558846638665059 0.000327211245067679 0.00253454622843167 0.000370402627748513
63000 0.0405380325617096 0.254464105677045 0.000542772844141901 0.00715855276355967 0.00294103194538392 0.00297557003150783 -0.000817513301076248
63200 0.0402805182810483 0.251464227737835 0.00508268959808533 0.00236718021445965 0.00139149769815798 0.00331477373826941 0.00174992246470142
63400 0.0404519807533256 0.251502727121615 0.00198708538528193 0.00618123049715444 0.000512505997162138 0.00498704041183725 0.00203653619952091
63600 0.040423313056202 0.251708413601981 0.00220254214394053 0.00152105779568708 0.00115867600213117 0.0043485981037026 -0.000627080534189565
63800 0.040441304535181 0.254957367593786 0.00137538828934045 0.00151426001564439 0.00311960111024357 0.00282041413323618 -0.000606595565130078
64000 0.0403613860211089 0.250325970370151 0.000808886200982625 0.00324423190436156 0.00255225801490939 0.00337794168289478 0.000377862144166072
64200 0.0404312250153367 0.250185379234109 0.00135249422866527 0.00399535405232051 0.00175085476427933 0.00316970213475564 0.00134779351963571
64400 0.0406177440449595 0.253278377046624 0.00558178512470669 0.0010923458706358 0.00339035427510093 0.00266432112523235 -0.000523342369520886
64600 0.0404328174444656 0.253347491180239 0.00464649365608517 0.00509641245591487 0.00326407796153946 0.00279144436315172 -0.000294057418332875
64800 0.0407443745138352 0.253319454164148 0.00172789556104829 0.000208983330844642 0.00100275823506881 0.00273665412393373 -0.00222421793008584
65000 0.0403398240591713 0.250414402915797 0.00461616059130362 0.00552278399699908 0.000378099585633524 0.00305645902528171 -0.0023823082171951
65200 0.0407379969148771 0.253952852870164 0.00295262175649985 0.000691665790472657 0.00212117365989644 0.00291812762920605 -0.00103087827761052
65400 0.0405269004969383 0.251855313825943 0.000191364879951222 0.00602030921041102 0.00205527140523185 0.00270078493020307 -0.000734224150834977
65600 0.0406156448047867 0.252209463160188 0.00373614312440641 0.00093014131979852 0.00220524072268063 0.00243117287367167 0.00119410758305109
65800 0.0406155223587852 0.249213680286364 0.00245780669807847 0.00151281079690104 0.00209904000126691 0.00196008284318464 0.000564254561341073
66000 0.0405467110663974 0.248081557856456 -0.000456241594790933 0.0017977777754723 0.000989611253558328 0.00319562156844548 -0.00153243617936301
66200 0.0406333172094512 0.248802028338491 6.72567716367789e-05 0.00534569417304177 0.00105805612894837 0.00266337681268072 -0.000229718976251267
66400 0.0407320729867022 0.25137082493597 0.00144873996630673 0.00293667979122694 0.00247782664663887 0.00221560395568741 0.00122807151999906
66600 0.0408282682569087 0.253526478502593 0.000328882529360332 0.00341452462930874 0.00240241903333996 0.00216073280866457 0.000988103676576177
66800 0.0407609049255589 0.255663509323251 0.00504461287076028 0.00547159769514052 0.00235663040381222 0.00361310295707255 0.000892285525310391
67000 0.0409176931138685 0.25676391554255 0.00493281083257832 0.00619031251846769 0.00187146806520856 0.00363202346048274 0.00025907165767882
67200 0.0409630395052611 0.252746899300899 0.0066363424673022 0.00412867312510313 0.00249405995149447 0.00335436019354663 -0.000290252501897011
67400 0.0409181220046371 0.251509315747477 0.00431151854185529 0.00271476979610116 0.000988656365191002 0.00253222562758163 -0.000230187221912535
67600 0.040881023715289 0.251060967228237 0.0027034083419844 -0.0016552363204707 0.00260017173717424 0.00348814087090412 -0.000636654051686436
67800 0.0408146566013132 0.250096686071565 -0.000234854420652656 0.000896358382089384 0.00293668623113478 0.00331271365359281 -0.000141492433996525
68000 0.0408580548158821 0.25128906913349 0.00250309362232093 0.00166662998929488 0.00334698922831854 0.00318347395097081 0.000265614434252084
68200 0.0409010085383342 0.249068770085888 0.00277441848660779 0.00169217069844308 0.00391576368447292 0.00230212297047747 3.23108824761763e-05
68400 0.0408861865082376 0.253551258282275 0.00337525419589039 0.00438938316942121 0.00215574253405283 0.00352173498016056 -0.000623218935144225
68600 0.0411298078742254 0.253751735225221 0.00509667047960491 0.00273673825601952 0.00320485397428138 0.00421808722186526 -0.001124593318528
68800 0.0409957342677449 0.253343580404078 0.00773052259613288 0.00781490960237877 0.00146440362020395 0.00371484900285862 -0.00137482568843596
69000 0.0410246367847133 0.253161029381682 0.00539539090373324 -0.000269060160320498 0.00166636538398866 0.00365525894799454 -5.9116642818319e-05
69200 0.0410060497624283 0.252387588024366 0.00283841543165405 0.000617925785197978 0.00212517046214676 0.00163176846503906 -0.000669103581870297
69400 0.0410676818501978 0.252405237445748 0.00269087779739123 -0.000177297684956597 0.0023422839180585 0.00463301707091231 0.000197970015038471
69600 0.0410716156612341 0.252100613426101 0.00289087333229319 0.000357093677130173 1.57043164762679e-06 0.00169980777349991 0.000891994019726837
69800 0.0411332503427132 0.251801876827292 0.00421326537787927 0.00186588248132197 0.00188443718191909 0.00312536245952049 0.00028713203614647
70000 0.0411909236828905 0.254364527083011 0.00554825429560311 0.000428179514091717 0.00360684426351574 0.00506559834331181 0.00102895968975408
70200 0.0412953665502124 0.251738079811354 0.00433645615802753 0.00299941007797453 0.00085983622481589 0.00348663240086079 0.00126865136762647
70400 0.0409269685485433 0.251627488606516 0.00738072976044796 0.00153424648663804 0.00214231445963396 0.00219876483052369 0.00114065125625559
70600 0.0415668438665628 0.255603781718054 0.00311527020157816 0.00570989829891432 0.000368314748165819 0.00225288406186128 0.00119196059032265
70800 0.040853156492751 0.250718670379033 0.00910470936446107 0.00523696015090062 0.000978773629305054 0.00147723423194952 -0.000590859691020689
71000 0.0413361551281697 0.254866967935346 0.00188122214941261 0.00224719849305304 0.00252951900277963 0.00170469541801605 -0.000918055696526628
71200 0.0410138002389172 0.250771454737929 0.00429581066488826 0.00388695032624335 0.00160146203589652 0.00165470923427052 0.00107006498729565
71400 0.041330010845061 0.251881667098884 0.00420148116497632 0.00456375094986056 0.00317493848636297 0.00378623616963965 -0.000470618248214234
71600 0.0411497945876414 0.252375701141555 0.00307287121895002 0.00626634950772846 0.00209374262224886 0.00229323222637817 0.0011512173217713
71800 0.0412221630171637 0.251414278573064 0.00277136423138292 0.00286790402517707 0.00256522212430575 0.00318546258868921 0.000663485495599421
72000 0.0411076180923919 0.25214833563201 0.00492424266721598 0.00240044772165019 0.00321594040901211 0.00161762588308549 0.000949361690518679
72200 0.0414106836454725 0.254709105161143 0.00412292327468041 0.00266102914347945 0.00366536392407999 0.00402692284272022 0.000329918953409989
72400 0.0411317825718762 0.252081292022959 0.0050716859290318 0.00110157603733697 0.00201378144653337 0.00295378820994863 -0.00121788449151225
72600 0.041340202102261 0.25198078647247 -0.00143430656738814 0.00304995394421994 0.00289237069727621 0.0013735457442481 -0.000235844786900204
72800 0.0411980081613091 0.251461432067227 0.000199022095001789 0.0017888060284601 0.0016594168564456 0.00328162519095689 0.000746512022449052
73000 0.0413832626406221 0.252429680238893 0.000286941829180503 0.00299610606910295 0.00213423252011984 0.00290648073663717 -0.000528310541789468
73200 0.0415283411699133 0.253855197175884 0.00156504011659935 0.0026135303312262 0.00267989469910198 0.00239927088526972 -0.00116872769772877
73400 0.0415514385619998 0.254972987035834 0.00380123608146942 0.00296001276662991 0.00278039747240373 0.00104263590301462 0.00128009512187894
73600 0.041458045833322 0.251435045566028 0.00341768307346692 0.00557273670827709 0.00163962261092409 0.000781569650795597 0.00102179066691686
73800 0.0415876799850441 0.249744576206231 0.00168967289141249 0.000908129582616786 0.00294355591468313 0.00312599855293198 0.000509767966635492
74000 0.0413997635145942 0.249195159520775 0.00385492086008433 0.00398641571380343 0.00391955988960322 0.00112275074301283 0.000549861235356375
74200 0.0415308635153009 0.251742589738493 0.0053048832683649 0.00203457405454748 0.0029505559003355 0.00236543670594042 0.000170364148902674
74400 0.0414398725262039 0.251187507405075 0.00288995954473103 0.00340385481715509 0.00231931288236892 0.00148189166777139 -0.00217053425011868
74600 0.0415252100774344 0.254329761039709 0.00432455366017223 0.00200979868953064 0.00402031145657374 0.00391952527864446 0.000380468914402441
74800 0.0416961916660118 0.252903534004475 0.00714871300275733 0.00464323372200877 0.00218369302039341 0.00358248915967427 0.000503493436580454
75000 0.0415057359986268 0.250201621421302 0.0053234515169979 0.00378735935514849 0.00220379083864687 0.00195501777070461 0.000885186979934695
75200 0.04171360166547 0.251849440984948 0.00335650432940629 0.00350503086748873 0.0025766574541863 0.00283131419727978 0.00149906679001383
75400 0.0414902845107551 0.251671781673817 0.00446891374644382 0.00382149406523496 0.00476763068628041 0.00191347536083017 -0.000147226373938194
75600 0.0416990929725226 0.251621196426231 0.00228601911069191 0.00333993208501639 0.00360681246808448 0.00371865667390262 -0.0011899137781112
75800 0.0413929387485581 0.248077075313573 0.00445432229622427 0.0061642512994765 0.00295956600467065 0.00311431350621502 -0.000267619349696507
76000 0.0418350906789787 0.25416031099861 0.00446887287228279 0.0040116557588563 0.00487865587945388 0.00236107154709753 -0.00136377631129418
76200 0.0414883542763769 0.252409637611913 0.00572642866166316 0.00713379520573672 0.00389228499774833 0.0026757854553826 -0.000510618032832938
76400 0.0420111250954449 0.254839497020063 0.000353252191633591 0.00240609880395014 0.00263382700629694 0.00419113125253997 -0.000270004178918909
76600 0.0414693596656129 0.24841683994879 0.00136536552685995 0.00144525266108477 0.00436712111975516 0.00402566385179294 -0.000675055085748816
76800 0.0418159049617865 0.248973918943629 -0.000356027795672614 0.00139975146121149 0.00264755246752518 0.00292025837493113 0.000462474601404549
77000 0.0417080821334483 0.250181976702497 0.00314904572088132 0.00348622735982891 0.00299099817824823 0.00351432344080449 -0.000560901632971844
77200 0.0418929645718591 0.253702325688384 0.00205134228676538 0.00571960096528654 0.00249688110837946 0.0036882881496248 -0.000563579015780279
77400 0.0418333557815489 0.254508236285689 0.00423769732459839 0.00263761804858275 0.00427278250874554 0.00251702022123453 0.000437644930513227
77600 0.0419078819047818 0.253364333724398 0.00171604399471208 0.00484737007332274 0.00227144359768312 0.00208138489682274 4.59778866940226e-05
77800 0.0416931784158018 0.253075774456807 0.00378325693815047 0.00417463083964411 0.00290294098039143 0.0020103878172327 0.000353915041642761
78000 0.0420981709247857 0.256097485809109 0.00328534923463421 0.00511032548772609 0.0033245933686715 0.00265080046457582 -0.000114464999492586
78200 0.0417931638816524 0.25293578686058 0.00748185409386468 0.0051676622009106 0.00235420663659546 0.00219976525070598 -0.000484358560188552
78400 0.0420720667155668 0.252309207009393 0.00307910892871842 0.00535498018615608 0.00219392998256467 0.00380298125575582 -0.00129342952767941
78600 0.0417733380358049 0.248584127603349 0.00468570037326615 0.00310325767500194 0.00231999811526295 0.00170178343591586 -0.000520485723089052
78800 0.0420074541724521 0.251242282033795 0.00227901630119773 0.00230792707720896 0.00323644008234356 0.00246837215786449 0.000587279366865736
79000 0.041628588864131 0.249139681119387 0.00477144515223982 -0.000483729426032703 0.00356780787133981 0.001675217706766 0.000913372614900967
79200 0.0420215892038029 0.252378545684022 -0.000837388445345267 0.00470376045892282 0.00296779407914648 0.00152933268908365 0.00258027499231729
79400 0.0418923403731009 0.252313612312284 0.00292578557528712 0.00467263829878788 0.00234957978057384 0.00210384409925247 0.000449358583544168
79600 0.0420779259040776 0.254161540176593 0.00437022456458969 0.00408719957933955 0.00317855968535772 0.00178406208299867 0.000924911645459445
79800 0.0419661022240693 0.252797147644207 0.00531708882830477 0.00270931964886706 0.00372398026496456 0.00213268323391365 0.000352632468291463
80000 0.0421192225396759 0.253326248054071 0.00247606378396452 0.00366807632272368 0.00166553829184941 0.00293303565038867 -0.000851959170672437
80200 0.041868328971614 0.25119922616088 0.00477793475035372 0.000958659019975747 0.00189170742002674 0.00191662536485706 -0.00132918092211246
80400 0.0420827370017159 0.252178646512579 0.000466742425082475 0.00319056108370228 0.00366615114217071 0.00181072844369244 0.000892268927856466
80600 0.0419035251009417 0.250269865970496 0.00312213367091045 0.00291252116982081 0.00318204263208241 0.00317035208463396 -0.00103064225730936
80800 0.0421138573795081 0.255515885149844 -0.000357187260506609 0.00362888336866924 0.000271344390006548 0.00349965108852819 0.00126373494064765
81000 0.0419571352052801 0.251754599648387 0.00365778048557091 0.00286667295048553 0.0013583694208103 0.00422595376537601 0.00107766653173794
81200 0.0422232638344036 0.250953658525859 0.00182472112608399 0.000942668606866182 0.0019821917482192 0.00358035923348359 0.00167321707932155
81400 0.0419189581744348 0.250041408048673 0.00601041583938008 0.004822570820047 0.00269848347081335 0.00359160008424214 0.000386059487362935
81600 0.0425867583142126 0.255533304762339 0.00318566440915744 0.00362700653051676 0.000488373535901325 0.00426940152551794 0.000319037503011193
81800 0.0418540384666146 0.250314808506519 0.00509475810066588 0.00404426047781208 0.00349640509327298 0.00300864770113526 0.000398535886285691
82000 0.0426110287536889 0.254883483732006 0.00412176223891351 0.000275211945368252 0.00305417508132625 0.00274601706565879 0.000473315397677809
82200 0.0419855808621928 0.250855935078181 0.00796217728706877 0.00340929387142049 0.000135019875607483 0.00393647421751843 2.96582515376157e-05
82400 0.0426198969302811 0.2553681470504 0.00506752334947076 0.00341949999732695 0.00148646399833243 0.0028162877376275 0.000332052688914068
82600 0.0424041504148108 0.254133990975404 0.00580815008271942 0.00480188276452167 0.00303597735288702 0.0032339763879023 -0.000517243502780493
82800 0.0425406419991518 0.252770104268286 0.00220748754208328 0.00438327177390275 0.00119542388117408 0.00317566479169722 -0.000332514711573326
83000 0.0423663314127286 0.249902460068219 0.00330839558321433 0.00197461266179396 0.00105102519355253 0.00270801817021629 0.000231983776446764
83200 0.0424369616415174 0.250169508001459 0.00265989033643796 0.00282045484221888 0.00282879891284806 0.0029080723696872 -1.30912347007308e-05
83400 0.0423758763510766 0.25116652361875 0.0043832731837207 0.00225916256520862 0.00277554945646801 0.00257481184032799 -0.00105264056763347
83600 0.0426614627432316 0.254027558320411 0.00153462514932347 0.00658493362969785 0.00273106853179015 0.00508896476142598 -0.000888354903975211
83800 0.0425277547036985 0.253347970982697 0.00620200633904095 0.00878944933443351 0.00349694418251549 0.00376611491947576 -0.00232380650473903
84000 0.0426636954782251 0.256126677329121 0.00184785249426441 0.00464336974528041 0.00236990086541878 0.0034005769638717 0.000100622390681445
84200 0.0423508884169533 0.250837224469742 0.0023597090333405 0.00276568422494818 0.0043244442658231 0.00252105000242626 0.000403405995110162
84400 0.0425866990132278 0.249695668831262 0.00178440408583797 0.000680712735796585 0.00454744537532116 0.0033059167190775 -0.00191583392615368
84600 0.0424211125412473 0.251209964747588 0.00517191603869866 -0.00108559332771612 0.00214210051515095 0.00279528759067976 -0.00056022675952532
84800 0.0427249329049587 0.252515092080263 0.00339929866048693 0.00219122491211849 0.00391218748008266 0.00178161543027097 -0.000193974463883971
85000 0.0428626675597836 0.2523059023241 0.00538362894184522 0.00603058168583043 0.00263527049004318 0.00132960169970424 0.000764322710412145
85200 0.0426952117424937 0.253754238713421 0.00191595535558254 0.00590395468684257 0.00201622498068097 0.00175573471684121 0.000932969261239239
85400 0.0427732748090678 0.252618843328883 0.0052658235655298 0.00107189805237433 0.00354712936073854 0.00323998894812898 -0.000722755355137661
85600 0.042802464414315 0.250849289176523 0.000545286915923099 0.00386399277541 0.00261402349171393 0.00205446427175428 -0.00103230617630487
85800 0.0428256468588573 0.253274140821266 0.00520013326408597 0.00345878548385396 0.00156974676927557 0.00299067029192304 -0.000541549448661291
86000 0.0428773916458812 0.252608160544946 0.00221267876703762 0.00257364867215992 0.0024809165105283 0.00168344027643247 0.000137298067264686
86200 0.0427793631360259 0.253506213469393 0.0037036437363775 0.00214904273786784 0.00278164446707205 0.00216245837808926 -0.00137717913720216
86400 0.0429344697113915 0.254043734712706 0.00188333559957869 0.00163471503564296 0.00211184756522043 0.00203472407370822 -0.000298042511556125
86600 0.0428727419545481 0.251468290461502 0.00443797657734543 0.00188297968965021 0.00245253469279146 0.00324252470403698 -0.000739928237179869
86800 0.0431014311221887 0.253697111523001 0.00121895018793583 0.0018644384573963 0.0042090398844659 0.00264465414732477 0.000725987442143689
87000 0.0427336072276997 0.252419602520283 0.00441942712281989 0.00241364039173014 0.00273496732111219 0.00502029015707585 0.00018450458387374
87200 0.0431646074805612 0.252593862021129 0.000494892672754434 0.0050564305478701 0.00313358811264535 0.00371056152005573 -0.00102090719802533
87400 0.0427646116096296 0.250629274788803 0.00727918296645874 0.00100460291321295 0.00153837773694632 0.00387473585999169 -0.00074078989215326
87600 0.0431682191538597 0.251541647441862 0.00273385994688193 0.00316246828999242 0.000482883657184203 0.00176897943132974 -0.000675997505366935
87800 0.0428823286503058 0.2507796876203 0.00452123954965936 0.00388178171145931 0.000407298257827589 0.00366760675230989 0.00164991890676638
88000 0.0431971468931565 0.253362259024551 0.0014849177668487 0.00481869527521783 0.00252357498357085 0.00369728713932879 0.000806902485728227
88200 0.0428185788953695 0.250325718316565 0.0067416580261306 0.00172318758554278 0.00105698013393654 0.00333679876546984 0.00177204061994237
88400 0.0432648151448278 0.253592545383207 0.0018392549568737 0.00305103452671998 0.000142635652608798 0.00292215365245571 -0.000813384232438983
88600 0.0428971257675178 0.251307674137361 0.00591454021265148 0.000799522400984251 0.00121894078687016 0.00359999210730574 -7.74077005739882e-05
88800 0.0431493042961292 0.25121593239596 0.00122678619715699 0.00320052112633398 0.00325952480524946 0.00363298399440359 0.00067744541610561
89000 0.0429982547257466 0.249457732701299 0.00459244042703914 0.00101878581136546 0.0013917845651031 0.00239092712031542 0.00212143975911292
89200 0.0431357387208962 0.250605574084584 0.000410917501885806 0.00354760807269384 0.00232048621076616 0.00190936015895197 0.000945972341514095
89400 0.0429013448036881 0.251193225228336 0.00325637823457708 0.000250197088424839 0.00148153132087824 0.00353810916819885 -0.00113739442745617
89600 0.0433578507753931 0.253047721217066 0.00244196613759609 0.00527714215769462 0.00211009580282986 0.00327604547639969 -0.00240111049324489
89800 0.0429782647742862 0.251019847402391 0.00504081796033289 0.00426277520033745 0.00360174117023162 0.00339639234066316 -0.00120406962233332
90000 0.0434458091093542 0.254449231876707 0.00154773078825353 0.00416182165776055 0.00340800476766287 0.00373139838891515 -0.000535128885538024
90200 0.0430330447899826 0.251926597176321 0.00337814032709666 0.00275005322014127 0.00244923125270133 0.00475985486827668 -0.000392321482074964
90400 0.0433248803750085 0.253699333581195 0.00313525758785478 0.00171771794020442 0.00149871217676398 0.00547972307592679 -0.000145916797401632
90600 0.0430341770103966 0.250569486746479 0.00636424013193041 0.00351587060485934 0.0017134893880793 0.00238055945071862 -0.000473987525874169
90800 0.0435609799071902 0.253855694303559 0.00422960476927459 0.00515728384839018 0.00183789966233569 0.00341859136729391 0.00238292615887398
91000 0.0429908222419871 0.250769014829118 0.00446039283661179 0.00438201725655034 0.00173009651881911 0.00290760127183362 -0.000128920339459321
91200 0.04364719186719 0.254943582598294 0.00154674965987848 0.00341908867453209 0.00230004948340321 0.00333902387021554 -0.000740514106449059
91400 0.0429335467853667 0.250091585400095 0.00278386908505647 0.00402291748976453 0.00324461172086278 0.0040712300121204 -0.000797076263340392
91600 0.0435826783044862 0.254198875813262 0.000390122508980355 0.00228832423592651 0.00284167430706797 0.0025452007520161 -0.000323256694602449
91800 0.043162600781101 0.250774021316467 0.00178634497335107 0.00442942726177421 0.00206356397717777 0.00246780299996041 -0.00147944642199648
92000 0.043537988277711 0.253993500546167 0.00295392415349978 0.00295302734509403 0.0018078575715778 0.00215157341922146 -0.000402235130698294
92200 0.04318443156396 0.252645691767047 0.00566308600732046 0.00463371752492695 0.00366166733511504 0.000923525227296116 -2.78930192319463e-05
92400 0.0434175104275776 0.25128783162336 0.00177931736441903 0.00199732257727664 0.00294438539241109 0.00214005567489685 0.000765140882126463
92600 0.0432402119963239 0.249042598438119 0.00149578061699411 0.00289801573892266 0.00259362376397828 0.00253388836386553 0.000204544319447089
92800 0.0433674674676436 0.249178947251965 -0.000754385629407935 0.00102802992494951 0.0017206457413397 0.00236202265534747 0.00113041594040349
93000 0.0434688419029326 0.252168213227294 0.00269459361568604 0.00352061078150043 0.000925239818856324 0.00289770253182724 0.00193138549132572
93200 0.0435583024572342 0.254320082871736 0.000860595161690079 0.00771828529174378 0.00149427647519287 0.00405776166443593 -0.000786516952417807
93400 0.0434593269156859 0.251658178505166 0.00291584733064037 0.00775298999734579 0.00275518316667577 0.00330638461862926 -0.00248584594586693
93600 0.0434669192788642 0.252584539121447 0.00243239543810608 0.00253403646953758 0.00308669861369453 0.00272915722050208 -0.00141899692904874
93800 0.0434837422656663 0.253043595383261 0.00265351297098211 0.00085376439570913 0.00342344830518662 0.00248349966128675 -0.00170723527888478
94000 0.0435268687058116 0.251894191384205 0.0026038444042062 0.00319928430179761 0.000650005734668397 0.00311145736977381 -0.00127248522975262
94200 0.0435464386062965 0.250038106741406 0.00290366372746832 0.00307238041495188 0.00297652792832437 0.00210454385005141 -0.000698932936934343
94400 0.0437581270829757 0.25469878111539 0.00698930561198196 0.0039701052918001 0.00248309747115074 0.00235110414041035 -0.00102396456808928
94600 0.0435789469825961 0.252517418220014 0.00407119267094449 0.00629257471996303 0.002853420719501 0.00237419602084689 0.00156552396110014
94800 0.0436536651252934 0.25174336086361 0.0050649772464335 0.00377450895796053 0.00211875947662515 0.00204743570052934 0.0010147502391994
95000 0.0436183112828651 0.25416475173362 0.00634730692021468 0.00505104553222418 0.00116947366415295 0.00081342555276213 -0.000731999719399726
95200 0.0436569132939537 0.251353760743368 0.00366856159539682 0.00147104541725605 0.000224978184796604 0.00341111959492969 -0.000809158974450865
95400 0.0435004066695132 0.25089344284919 0.0017602557685292 0.00328971703581261 0.00104803392170915 -9.75068250325459e-05 -0.000217917587254465
95600 0.0437086918322493 0.253650018913368 0.00160691724842773 9.85675290338814e-05 0.00328649438409881 0.00253382476270964 -0.000456459979561257
95800 0.0435403515670462 0.25243102428298 0.000247263542790067 0.00313403405258755 0.00246563540908064 0.00272710691603523 -0.000835661868201546
96000 0.0436755855280776 0.251713252012439 0.00653131803955963 5.30204918231192e-05 0.00475207172665079 0.00353975610734979 -0.000456414862981112
96200 0.0437857269156093 0.253115717363825 0.00386276860163599 0.00467631494168533 0.00424785782429216 0.00308556814188664 -0.000410511602397717
96400 0.0436636491470353 0.253580508645286 0.00566314776441998 0.00326731029223371 0.00072574875015068 0.00299011929422689 0.000743308737356988
96600 0.0439641126919797 0.253330068714377 0.0029553339198051 0.00158756265356313 0.00165371698557194 0.00191204980576812 0.000224714120677175
96800 0.0436250262630082 0.251849582588084 0.00135730726910316 0.00203870360470846 0.00431018024321267 0.00172742870496604 0.000257207033134974
97000 0.0440022084031139 0.254344378056249 -0.0013787348507949 0.00221300138506766 0.00276843008025193 0.00224690283801022 -0.000521782909226946
97200 0.0436349835325766 0.253942812150239 0.00277713176710315 0.00424847824578957 0.000250754965201811 0.00305144636681754 0.00136761155122941
97400 0.0441886395056717 0.257469249330258 0.00541885095323063 0.00560993806834213 0.00205575216841434 0.00115608448179287 7.14564331866194e-05
97600 0.0438117048937102 0.255629041387688 0.00350924260404306 0.00564093571484586 0.00205494978121055 0.00282279180009724 0.000765713946190235
97800 0.0440852114104191 0.253948581388996 0.00227760082465899 0.00263010862792202 0.00125535142593127 0.00340626139391478 0.00033966131927064
98000 0.0437375682020548 0.25205549004914 0.00306448499907672 0.00174743790826995 0.000577260380167191 0.0028912882319756 -0.000229380300873768
98200 0.0439805382323991 0.252569304704883 0.000858153418043235 0.000937364100275464 0.00303365652397456 0.00253610313660143 -0.000589678927809449
98400 0.043849721222854 0.251240576325445 0.00488646267486178 0.00376348844075303 0.00260848537476697 0.00163508420900399 -0.00103357409507997
98600 0.0442342059587817 0.253524992338984 0.00101296626084737 0.00525799084597631 0.00166034541407002 0.00223335062859928 -0.00021026522208119
98800 0.0439504788601974 0.253318856544961 0.00239002503589478 0.00431233966609515 0.000534902318108632 0.00368540304151452 0.000575492201482679
99000 0.044395577302928 0.257963165043766 0.00385799976380642 0.00528788268053439 0.00227219760929455 0.00161471058653678 0.000332067230193935
99200 0.0439313904930333 0.253395098361246 0.00567623973428497 0.00346067395873503 0.00416486620070862 0.00361565662533257 -0.000183738370790158
99400 0.0443222649516637 0.252683768667644 -0.000726938558379357 0.0058749815026873 0.00242770111839522 0.00345343640735085 -0.000613089577597955
99600 0.0438444108245113 0.252384857480743 0.00422756082491868 0.00038549294830677 0.00330221814018116 0.00318252603759586 0.00112774373916995
99800 0.0442210109620407 0.25447745732492 -0.000429944733393255 0.00187289453096617 0.00385301360165509 0.00327059315737547 0.000504774315596726
100000 0.0439584281550976 0.252158342439353 0.00393563142552681 0.00361081005715438 0.00279252580178187 0.0013640774395178 -0.00100304522143798
100200 0.0442487692896715 0.254551337468161 0.00212504730730899 0.00450614505201616 0.00367418697576008 0.00226186701977651 -0.000990644604891183
100400 0.0441350435927779 0.253179068118238 0.00580865208538847 0.000674704901278847 0.00299008083005849 0.00279404425144834 -0.00110284459616037
100600 0.044138451414579 0.254151462756038 0.00204141941923959 0.00234151857674753 0.00337778214385458 0.00505020850459803 0.000188315795614426
100800 0.0441073469914994 0.253276291997641 0.00541858527064669 0.000196893024958699 0.0026822223205863 0.00594800384541059 -0.00145368762208315
101000 0.0441755085210227 0.25399000520415 0.000589658723242352 0.0027068611615552 0.00303223724039603 0.00466605003251087 -0.00178800969727798
101200 0.0440069619636729 0.251644546776424 0.00396134221093664 -0.00305823507703813 0.00153541595719513 0.00381038807705184 0.000342637640620973
101400 0.0442903033490675 0.254861391406694 0.000819247341838072 0.00513169772559277 0.00409696573594207 0.00448365199856638 0.000575984719542275
101600 0.0441601676958443 0.252778401035364 0.00657982604285941 0.00230646954591264 0.00187327664442309 0.00409712653323302 -0.00100615092902085
101800 0.0444504417590754 0.2573855897254 0.00229647876837349 0.00399921590567418 0.0021107129859854 0.00441483336757031 -0.000304800659551008
102000 0.0442768986273675 0.255372433542277 0.00163752611693198 0.00514565686646499 0.00166509091213559 0.00258966873943863 -0.000469843157728546
102200 0.0444683285820934 0.256537316028919 0.00142594111898073 0.00517412449997208 0.00176152794424982 0.00461255965116795 -0.000592119508243335
102400 0.0441486184374733 0.252142306210285 0.00275683707958942 0.000765511404282719 0.00228288168346705 0.0056680878944152 -0.000457970482345971
102600 0.044379730324009 0.251457139542921 0.000667922460529766 -0.00171300844988735 0.00235060912099711 0.00299469913047282 0.000674254683700961
102800 0.0442062344182853 0.252993936475555 0.00350389152302477 0.00222694550208346 0.00102528464702303 0.00302277224602584 0.000487894017474968
103000 0.0447737297833475 0.256647425312451 0.00509496401659289 0.00375061353840212 0.00105593484269537 0.00324397340035198 0.000739100151844438
103200 0.0443686582881446 0.2534319190271 0.00671120869679762 0.00551452735423138 0.00239612341520445 0.00301883739781435 0.000199441381699141
103400 0.0445558540531381 0.253271054873711 0.00427583518990026 0.00393728444085495 0.00178139651929365 0.0035457919380844 0.000162732553974243
103600 0.0444119845166995 0.251127544557709 0.00295312541172259 0.00350870623452305 0.00271493684872158 0.00383239634689302 0.000401017127831957
103800 0.0444020334208289 0.252833927117097 0.00208775133896557 0.00135849540704126 0.000334615320216526 0.00225306121812077 -8.68724148410332e-05
104000 0.0444863424043476 0.251093600019466 0.00259627907980478 0.00404110712960265 0.000386296636808748 0.00339848607382117 5.56139482448141e-05
104200 0.0443702401448195 0.251814393251085 0.00284580298973017 0.0027002284179927 0.000644931951704305 0.00262558940280058 -0.000179673823391384
104400 0.0446694046573443 0.253170613363167 0.00209564157088325 0.00295243206724786 0.00188095179802097 0.00168752927894197 -0.00109450485897763
104600 0.0443671124667536 0.254045419462022 0.00442220893850479 0.00440676886921278 0.00215376896026522 0.00227478999060577 -0.000867808921024635
104800 0.0449406994272288 0.25789654021262 0.0023636030385504 0.00234923712333281 0.00129663623753833 0.00338873400587506 -0.00219424741063328
105000 0.0443090962315598 0.251581835588185 0.0029280146439795 0.00586113718518207 0.00337820866905546 0.00300400902822555 0.000541800821967986
105200 0.0450814307033959 0.256702738695855 0.0057035893390548 0.00395414266458781 0.00190015641482143 0.0028210114195697 -0.00160152996498588
105400 0.0444855283520259 0.253028343367958 0.00607932292985681 0.00421981787798019 0.00200869908458944 0.00441446990867475 -0.000654291479958073
105600 0.0448678803894335 0.253345178317579 0.00252941028206598 0.00481380507272438 0.00223753618021302 0.00454811934299079 -0.00121742643962855
105800 0.0442867798398152 0.251085324310508 0.00207075692363157 0.00390155184376461 0.00554334145745038 0.00420969851215905 -0.00063845004178056
106000 0.0447424978317933 0.255594754027964 0.00105198274522145 0.00225247517795788 0.00331364745871008 0.00164877619243377 -0.00225602048683927
106200 0.0444752549595308 0.252384912008961 0.00374801272746144 0.00448087654900113 0.00239641162329731 0.00176905298453647 -0.00179845829568909
106400 0.0449247831544551 0.256275525752827 0.00597040832166851 0.00260581102324102 0.00172750697400392 0.00229076526092009 0.000379010325233636
106600 0.0445069214394118 0.25545608859488 0.00508124885660754 0.00610362789428265 0.00281933315489568 0.00351484952355887 0.000811563765417666
106800 0.0450603488141789 0.257056982336541 0.00285889475590469 0.00307993327452183 0.00449360752746831 0.00198029681767111 0.000662699835145657
107000 0.0444351339706783 0.249411741615264 0.00107709873987397 0.00555692447417902 0.00233007434890598 0.00181160488635571 0.000969843363686058
107200 0.0450244931494046 0.253333957310546 0.0020127710913542 0.000977799155454661 0.00371965789990653 0.00353564581033826 0.000299594521457173
107400 0.0444246137268796 0.250793419493232 0.000646953179871409 0.00239013926121593 0.00216312461328608 0.00321207458360725 -0.00139527901280733
107600 0.0449157453841693 0.253312003567915 0.00220016278185018 0.00391878396655695 0.00327056330308071 0.00342636307853465 -0.000232096860025671
107800 0.0449049840166894 0.254447077936422 0.00426413248248835 0.00357066487868372 0.00396922360032721 0.00215194082239799 -0.00161862707868485
108000 0.0447825013291615 0.253817201552725 0.00930778539079521 0.00543276120825124 0.00286083057595738 0.00194292799478799 -0.00133894644366758
108200 0.0449784688650433 0.252877662708146 0.00520426280291484 0.00234908298450232 0.00250681180107101 0.00284055975740892 -6.82151168633402e-06
108400 0.0447716059036194 0.249695609555718 0.0021438862545452 0.00250454778398993 0.00139081702688611 0.00283506931647749 0.000447068536570186
108600 0.0447863075613524 0.249618463045953 0.00169275099561383 -0.00145668116150579 0.00241981933295601 0.00202075356428218 -0.00157456505110765
108800 0.0449689423855677 0.25308431334361 0.00230893629872522 0.000979244468136048 0.00270277353673496 0.00245259018788577 0.000589578226799546
109000 0.0448897858903288 0.255661405236163 0.00745939559106339 0.00605946183968273 0.00221479107721448 0.00302072753224875 5.35786495392353e-05
109200 0.045191053254189 0.258486741846187 0.00302253061717858 0.00613480090022186 0.00250623142100501 0.00425689281440194 -0.000691110361801917
109400 0.0450187380599569 0.258391622977657 0.00393826474720103 0.00709079262699727 0.00265145119923817 0.00335562775182559 -0.000577714181241481
109600 0.0450098113389274 0.25348490618099 0.00569649035303928 0.00337559309312143 0.00192253468141461 0.00388225114998422 0.000414658386017538
109800 0.0449640999344413 0.251704825581101 0.00520996392143751 0.00379352743830992 0.00243595917629222 0.00382161557365209 -0.00113112643998998
110000 0.0449758695531919 0.253058635417968 0.000381620072118631 0.00231151674559184 0.00300442461073571 0.00390089904922503 -0.000173623286398339
110200 0.0448375398842996 0.253006412036702 0.00275570648506751 0.00227776012879637 0.00272206512275438 0.00301755514544148 -0.000107338396945766
110400 0.0450522328776812 0.254868959014828 0.00264408806077325 0.0042525749758218 0.00104746288089853 0.0024571753204065 3.12362531137277e-05
110600 0.0449079963910271 0.252175363032449 0.00369135748811817 0.00296431434637578 0.0019079036320005 0.00392699362885892 -0.000418182971151151
110800 0.0450998213478469 0.253873344426317 0.00203973684260685 0.00643024690087869 0.00308765095035581 0.00183827079202782 0.000842733748442735
111000 0.0450098980912345 0.253084293989042 0.00577770678077726 0.0024054498695185 0.00218857598807682 0.00153906368573977 0.000812541786762917
111200 0.0450045419742556 0.251740880752309 0.00180811073505145 0.00552709008089083 0.00102517415703629 0.0042652321889678 0.00049699855102656
111400 0.0452943258233645 0.255644764274351 0.0052485222947015 -0.000309453339126053 0.00288911668731553 0.00347537633011758 -0.000800245730464301
111600 0.0450021391274039 0.251324671093809 0.00162237969232518 0.00412208764830574 0.00334702428318342 0.00450353448417039 -0.000851552804195976
111800 0.045294406680137 0.252831624147054 0.00190440998938963 0.000787779654471174 0.00222322489652196 0.00344014310183126 7.50772696115172e-05
112000 0.0452194342441335 0.253328969919363 0.00388347379396427 0.00496325599090514 0.00193225076813555 0.00368146513431151 0.00151954738988543
112200 0.0452915820651698 0.25485022629648 0.00301200004118404 0.00575507412209751 0.0032632593945375 0.00434912878202661 -6.97737913118348e-05
112400 0.0452023210365685 0.254691440260112 -0.000425152214517925 0.00540149434085027 0.0035552864240227 0.00456991522019463 -0.000885652546691714
112600 0.045237489433095 0.253492948468295 0.00312817543754244 0.00385774193310442 0.00272068906535 0.00172219345466562 -0.00110414444947843
112800 0.0451111655808846 0.252737338433592 0.00234975952277004 0.00338646388658254 0.00345049985817068 0.00299637687169734 -0.000768300497315649
113000 0.0454150286638285 0.252798857450639 0.00423744156811853 0.00442532799669514 0.00346458981324565 0.00170460343062609 -0.000992839808889485
113200 0.0451065653486806 0.252477081627339 0.00427007769320381 0.00694162105253515 0.00259366824503742 0.00274525109311166 0.000774862635253275
113400 0.0456572836554125 0.259148376091284 0.00782336957695041 0.00608776598515993 0.00317839824897351 0.002196130279413 -0.000501522212843009
113600 0.0452426015690969 0.25428281280808 0.00679910459881222 0.00662904673859503 0.00250694576402286 0.0033269000287901 3.05325291345742e-05
113800 0.0453847675150787 0.25127471673642 0.00312803677412486 0.00357865120903076 0.00239213852578104 0.00380254768690632 -0.000126711902834601
114000 0.0452879517852136 0.252690315710146 0.0041890994610366 0.00200139814763046 0.00315102833152372 0.00360762222174039 -0.000942707834210785
114200 0.0451498939195201 0.249819957062246 0.00294824284323303 0.00116401675595837 0.00260755758205509 0.00283873715975813 -0.00122937849317035
114400 0.0451858317904482 0.250868779330579 0.000545354658385252 0.00299597378170315 0.00273809286989268 0.0048023283562271 -0.000397896816575417
114600 0.0453650448380083 0.255226887799898 0.00435053075103584 0.00514148317979509 0.0011625305312355 0.00423024518467137 -0.00177755308230471
114800 0.0454825546219656 0.255728572199623 0.00510535695443248 0.00332501197640061 0.0027808261126978 0.00271746124621223 9.12220705666742e-05
115000 0.0453641630293214 0.256597610809718 0.00669283980495106 0.00609631496961427 0.00223880347992556 0.0033558703811322 0.00118160539253929
115200 0.0454404614438834 0.251527993923021 0.00400302020250704 0.00386461956861582 0.0028936633274211 0.00272781467193714 -0.000987324100483114
115400 0.0453027538622952 0.251471909380885 -0.00321942651508636 0.00177519453282649 0.00328647396261747 0.00221282968606995 -0.00103134277014428
115600 0.0453447478385476 0.251044755391475 8.72463941777852e-06 8.6937555332364e-05 0.00406509472404738 0.00346148793383965 -0.000155450640776796
115800 0.0453871354095446 0.251727764895348 0.00196848752443272 0.00192432293604295 0.00158422991035289 0.00234147027618599 -0.00114105970025135
116000 0.0456428029500873 0.253953601219785 0.00796091288227868 0.00325732768874148 0.00186577754502395 0.0056280662452238 -0.00111246427899792
116200 0.0456168496194808 0.256249519113726 0.0055055283553916 0.00705793076983782 0.00210345907587705 0.00547389079975311 -0.000799467411652441
116400 0.045613379819465 0.255303204038836 0.00415553154840003 0.00445498547934095 0.00273779827786445 0.00255909846019106 -0.00189507150369209
116600 0.0454246602903729 0.251034562361409 0.000886020504398504 0.00383170109702121 0.00254990010687494 0.00342465755940312 -0.000266098135061552
116800 0.04568131618439 0.252317503787573 0.00202200246255958 0.00225386359388384 0.00256222178020611 0.0034846648573772 -0.00144093077956342
117000 0.0454761154243388 0.250331402194231 -0.000876392127682493 0.00467626640022036 0.000371613954238671 0.00333999861187686 0.00065560812242178
117200 0.0458226043423228 0.255254087412086 0.00506978657304888 0.000741049982809329 0.0024091328510424 0.00312385903966761 0.000609041675055078
117400 0.0454768187113596 0.253701854046864 0.00427677195283458 0.00569918744882005 0.00341875583688807 0.00207912317918334 0.00174956259406428
117600 0.0459300042266318 0.256729144007135 0.00841819824727467 0.00262896012023663 0.00284091898208399 0.00345352834368256 -0.000576314380930921
117800 0.0454744563244093 0.25180516231342 0.00421234305631564 0.00419410966328328 0.00106233549881236 0.00288638250006019 -0.000172567713102699
118000 0.0457970724653594 0.254002251829443 0.00371568724660092 0.000543223473904565 0.00327312103838358 0.00211689776366063 0.00195152524208156
118200 0.0454942282076625 0.251706374472222 0.0026100493944925 0.00517548970334566 0.00264526892530253 0.000621042125894086 0.000797992783049548
118400 0.0458789361184616 0.253591298953671 0.00226020819084839 0.0029448533418405 0.00321930605117867 0.00267055747480763 -0.000288492504974325
118600 0.0454847900947964 0.250550791923007 0.0020726844130369 0.0043762141942164 0.0035036908451963 0.00421946867166436 0.000436577725609628
118800 0.0460403066003298 0.255297386292428 0.00262139455464835 -0.000593075769354368 0.00270607294373737 0.0023739843902195 0.00111568553802639
119000 0.0455483200461506 0.249781250216928 0.0037323707159091 0.00228243709369589 0.00272492517470845 0.003826382644007 0.00171011989115076
119200 0.0462181010872171 0.252225386568021 0.00574534011743181 -0.000865990167323696 0.00373807215649017 0.0037319436908548 0.00157431863430534
119400 0.0455970745899407 0.253605743003254 0.00270176134023122 0.00501916795205758 0.00197318955483341 0.00362086722719728 0.001041942891857
119600 0.0460438677551982 0.257962814581712 0.00561903311899111 0.00408880071466222 0.00320469805975995 0.00434914500552037 0.000802861237415781
119800 0.0457116329671301 0.251768463107617 0.00397069663395136 0.00191109491116458 0.00229812888445822 0.00155250894823351 0.000367301818335506
120000 0.045855915995362 0.253466904367058 0.00459042760034049 0.0025464196750894 0.00242854302662173 0.00309328563274402 0.000315738944826264
120200 0.0457834429520778 0.250911122086544 0.0041894723460083 0.00413045203135821 0.00208054137044949 0.00236775166360443 0.00124082331032056
120400 0.045901886055211 0.251397931284237 0.00107284299572035 0.00240362813402442 0.00247397832696893 0.00414439450361694 0.00087387460486737
120600 0.0459564808409746 0.253157704725537 0.00313129916044957 0.00398863066774159 0.00325901330930637 0.00284457965270225 0.000452807348270273
120800 0.0459871458334706 0.256398977368458 0.00479388493976398 0.00588248441128026 0.00212993515738369 0.00286873188837185 -0.000245052798486779
121000 0.0460044344113388 0.255623621641835 0.0072713579048716 0.00432537664774985 0.00347361021327604 0.00364803089987184 0.000806852381144279
121200 0.0460314282365642 0.254416855219508 0.00539527440723314 0.00469484508501163 0.0015776466664022 0.00378338287196516 0.000986433659867674
121400 0.0459691884228431 0.250825003426776 0.00432207032433191 0.00386849827376982 0.00177155715864108 0.00563859856751569 -0.000276679325239196
121600 0.0460262185816514 0.251383004799296 0.00115464262252503 0.00121253758568035 0.00283964217724118 0.00250681822621758 -0.000129680129347886
121800 0.0459410279714497 0.25273895683784 0.000910064384751682 0.00310321541734371 0.00403275047789487 0.00365520468303752 0.00222803927733698
122000 0.0459416038425024 0.253687688191893 0.000805756895614868 0.00182426530704684 0.00288814707039152 0.00390530536777687 0.00163738726228888
122200 0.0461441266348195 0.254594590425562 0.0029285235208313 0.0037466690573179 0.00290162075069583 0.0044305487930941 0.000152156411772445
122400 0.0460810092014334 0.254796725846825 0.00629160207285447 0.00489241637334404 0.00431082411618965 0.00254501339305681 -0.000903499595207505
122600 0.0462548656836933 0.255797585503429 0.00498432252927323 0.00388288937754728 0.00307154421648914 0.00331636857342786 -0.000582869468637331
122800 0.0459909649573642 0.253576004355645 0.00350704105489315 0.00508395377212855 0.00373679501039017 0.00272509228862817 0.00140978707561256
123000 0.0461553441744857 0.252011201990789 0.00302836450220714 0.00269623990886199 0.00229437666477512 0.00393120060236663 0.00153152014542027
123200 0.0459988232488544 0.251435030707737 0.00261422853693469 0.00381001932148849 0.00183131680038149 0.00110734817193559 0.000814870471315615
123400 0.0462415203960781 0.253922055015723 0.00114673932702608 0.00114982841490938 0.00173326954151532 0.00411754559086618 0.000938253142947562
123600 0.0459946901113733 0.251422448057072 0.00508834746411596 0.000273580061145573 0.00120380472943006 0.00371293421706912 8.91225596308651e-05
123800 0.0465352853975033 0.25625231294273 0.00111305823830096 0.00185854580543376 0.00261135517037932 0.00349465642595841 0.00022022641762932
124000 0.0459761586512393 0.253441603589757 0.00618428584483115 0.00211105064339515 0.00392945134103512 0.00140899620246796 0.000633945618314189
124200 0.0464689147554157 0.254871226561457 0.00319638687987109 0.003075709358283 0.00468183975060089 0.00178474529938041 0.000403999579293701
124400 0.046144039639774 0.252825190134881 0.00330782663082536 0.00330716263232604 0.00344448157776334 0.00368140600239829 0.000742544254328485
124600 0.0465227046981651 0.253750216772454 0.00082291371616199 0.0032431886168607 0.00393518344678855 0.00327925921521771 0.000487779402233624
124800 0.0462589935983977 0.253065944009889 0.00282538582987648 0.00279729745191979 0.00270474221107792 0.00369335949294074 0.000833652871486506
125000 0.0464707799453483 0.255742993486185 0.00306233354782573 0.00444959802967694 0.0031758522388485 0.00461164535720006 0.00106307183353878
125200 0.0463533623596941 0.255538367285641 0.00596704765559176 0.00487025861156121 0.00329730944937573 0.00503006969884359 0.000971164758016255
125400 0.04673847151967 0.257615582947762 0.00142574300594984 0.00656414141867545 0.0017717164484483 0.00288816106467721 0.00161696538253638
125600 0.0463023877763398 0.252222402227206 0.0059842455288756 0.00622748065582231 0.00195787637088709 0.00342425896938245 0.000531030758444667
125800 0.0466416338913826 0.255586060697143 0.00288876151207823 0.00360693434183168 0.00197645259589689 0.00387404032538237 0.000325572847546249
126000 0.0464208451565149 0.251257526871368 0.00500902893303916 0.00553808045108574 0.00284613829334889 0.00291290982485029 0.00114026055792699
126200 0.046711146825769 0.252711219376738 4.05658906421894e-05 0.0046082001599983 0.00280061511733768 0.00318742471190466 -0.00131738149616163
126400 0.0463581564846594 0.252220562240782 0.00335253554659024 0.00456409975879993 0.00237228910194048 0.00312213566765814 -0.000133605605081493
126600 0.0467177423428551 0.256820148965562 0.00185231375700713 0.00297410128809493 0.0024786280227562 0.00384449860723024 -0.000697729010959736
126800 0.0463093933364471 0.252596833806547 0.00661111065417926 0.00252188849351715 0.00273813559851758 0.00490803239668855 0.000631247572800722
127000 0.0468612473590048 0.257137018835048 0.00540610367803165 0.00534624612896898 0.0026902630600715 0.00445334294399786 7.02394176389334e-05
127200 0.0464155600652347 0.251492169816586 0.00735549001941116 0.00505074411865157 0.00231899173562155 0.00468996480172328 -0.000353170951701442
127400 0.0467554041715198 0.252147654771374 0.00430529773834442 0.0016599801093414 0.00347640734308682 0.00459916294421409 0.000901140126044253
127600 0.0466968273179433 0.251647192446814 0.00441051373168671 0.00345146340578207 0.00463002808087508 0.00246755103570801 0.00111491552165033
127800 0.0466860783292206 0.251532689023365 0.00224322509595647 0.00392082001741898 0.00357115144500975 0.00351626096681849 0.00121370149248253
128000 0.046627222397843 0.251943924016377 0.00286579979358228 0.00526042025946693 0.00302816768216485 0.00477778188993632 0.000497623948847879
128200 0.0467255955704002 0.253283558731239 0.00370549061559996 0.00584361812354164 0.00446849441270753 0.00340961429713499 -2.70475339100726e-05
128400 0.0469090990160948 0.256469148648349 0.0042670355011507 0.0070916790133664 0.00212707794460264 0.00460698557958757 0.000104461126601544
128600 0.0467318603239301 0.253574261819407 0.0046924883481425 0.0045354294633707 0.00458867053676966 0.00363585195620181 0.000224043858482375
128800 0.0469391871802533 0.253993307665874 0.00249245614736668 0.00204200252590766 0.00257713997780529 0.00240272089317694 0.000832425748250166
129000 0.0466939827627202 0.252739463756497 0.00427962636964019 0.00189014107341059 0.00226714972911815 0.00302666956670139 -0.000737456811554597
129200 0.0468585023892179 0.252322784883148 0.0038587663064837 0.00184181105129307 0.00331862751101011 0.00351695695803371 -0.002463370422928
129400 0.0466895483368399 0.251469509108398 0.00421215881778792 0.00333552993149889 0.00386922164328443 0.00142913728132014 0.000304021541617769
129600 0.0468115155822251 0.252184530217577 0.00340178666392695 0.00160519998214744 0.00420360530303934 0.00352950214828525 -0.00170198913598043
129800 0.0467428931597449 0.249290491496781 0.00199197424667671 0.00352425129349744 0.00215451971753543 0.00433235775242963 -0.00036949330743438
130000 0.0469309062986042 0.254885834699699 0.00245922627143711 0.00246290697734894 0.00376419006456974 0.00305689200581902 -6.06333890196044e-05
130200 0.0469031210305749 0.254931532363762 0.00536490169458332 0.00516785777279922 0.00400306832326161 0.00465407232901525 -0.00135815957607788
130400 0.0470608281171557 0.254734417807692 0.00338174675468267 0.00617581706593638 0.00395394393958976 0.00398709000486378 -0.000923659071581011
130600 0.0468994835758028 0.254037666388304 0.00547227977811753 0.00614860483282213 0.0026099508382361 0.00419866432043078 -0.00021252282877757
130800 0.0471910162727103 0.257280054957014 0.00535716068715842 0.00513571955545235 0.00394494752766927 0.00341040709811232 0.000492541891045162
131000 0.0470306498265997 0.254482194369999 0.00563768219634573 0.00437740754007648 0.00440226661061457 0.00356451483758706 0.000870181822067653
131200 0.0470552951129971 0.253634985082669 0.00526696045255993 0.00532164859126361 0.00245586365530312 0.004887562690442 0.000192149085707599
131400 0.0470429871063138 0.25261144162042 0.00248489444737094 0.0048467687279701 0.00275035593662117 0.00396468362208114 0.00020496177070533
131600 0.0469388607236203 0.252465846948319 0.00180481761569108 0.00435605573359593 0.00226898690007105 0.00546565370762114 -0.00104306543160394
131800 0.0471195763014533 0.253563447138369 0.00276965269439198 -0.000842127801990807 0.00199138768571938 0.00421436310008589 -0.00127642770306163
132000 0.0468956661500641 0.251308098450929 0.00428564094221304 0.00557998636803778 0.00394364608250472 0.0037745845478684 -0.0018753479138944
132200 0.0472850122598807 0.255358329736862 0.00151815167269417 0.00415886777284613 0.00301226316773497 0.0040059537630798 -0.00317292038147075
132400 0.0469940784101469 0.254798595702722 0.00318759912473754 0.00649410152406728 0.0023053702505849 0.00319186503487856 7.92652653590873e-05
132600 0.0474432465459048 0.256569521807448 0.00436806718510626 0.0035443670554845 0.00256819320723158 0.00104288742859922 -0.00101873970197779
132800 0.0470827900806997 0.254440199439438 0.00436047840847461 0.00533263355356348 0.00305409169847505 0.00207891142291762 -0.00163300451210242
133000 0.0473205814711148 0.255188460631497 0.00121155366141537 0.0038322855206948 0.00343359809648526 0.00245247687729272 -0.0010028252699998
133200 0.0472228013239253 0.25092027600945 0.00381735344000914 0.00318140490278973 0.0025449128257078 0.00209964797915368 -0.000768220030838194
133400 0.0471962259903734 0.254125875049737 0.00383438972486133 0.00219151123660704 0.00233446589052224 0.00292175509424317 -0.000728925162544534
133600 0.0474312379887832 0.254840506381798 0.00395440681058153 0.00393393799363874 0.00235001499751266 0.00207334031860688 -0.00128601022681644
133800 0.0471972726963451 0.255203010624061 0.00796201218779445 0.00239325398744979 0.00361877174209659 0.00258269421321397 0.000949307816592995
134000 0.0475188927300346 0.253883954718088 0.00368246333765115 0.00106930998250725 0.00348068531539078 0.00246205693622473 0.000281726326934062
134200 0.0471632707048368 0.254044551538189 0.00680418327780518 0.00485777322704909 0.00407550489014209 0.00163950864478729 -0.00053087038677692
134400 0.0475969429465882 0.25849946458427 0.00302925254340388 0.00374281629552493 0.00314092928218415 0.00386024522878975 0.000937484783626666
134600 0.0472330238971043 0.253943436427857 0.00610356079181929 0.00446211731786036 0.00397165455296122 0.00260424013008808 -0.000184149978122882
134800 0.0477055711490852 0.255498695870451 0.00160681831319834 0.00217980402001673 0.00475262669892542 0.00443737231763706 -0.000434705352660722
135000 0.0470891462723862 0.250000113903266 0.00623480834476179 0.00528997987803385 0.0026793462938722 0.00401350031077122 -0.0009845649554867
135200 0.0476106212579455 0.252970896192498 0.00192285123341105 0.00178716069303705 0.00198746370310028 0.00355469447409551 -0.000573165209124501
135400 0.0472484247508585 0.252603777620202 0.00306060685101175 0.00509979761525492 0.00430396377255597 0.00378989682147232 -0.000777817939392397
135600 0.0477452462580983 0.255509932965781 0.00324735037855556 0.00312890594781521 0.00372533959220575 0.00376099108493639 -0.000175163221134799
135800 0.047369895419975 0.255020381272299 0.00435570090030449 0.0037949855093718 0.00231692477413914 0.00143271518757941 -0.00203435569266855
136000 0.0476123304942272 0.25753308467174 0.00222132290752922 0.00393441915974305 0.00308830673421189 0.00229302408882146 0.000115808692444723
136200 0.0472203444605329 0.252281335142857 0.00386091231243965 0.0068088077222401 0.00320233892492298 0.00199953500440224 -0.00132029214768948
136400 0.0477872686906113 0.253441830619803 0.00141652010441089 0.00153145643227009 0.00303390587356812 0.00123999124764206 -0.00171890887897347
136600 0.047160529254292 0.249844270545017 0.00189173853238168 0.00399679463873566 0.00254986529645603 0.00176040892884916 -0.000904109519840347
136800 0.0479289936187526 0.256370124997984 0.000901416248694079 0.000852500410439083 0.00430219337976676 0.00324290492150914 -0.0026530776787541
137000 0.0471680647755272 0.254586675681225 0.00441238899505048 0.006384748415028 0.00538957859248144 0.00355459702525877 -0.00197429542305326
137200 0.0478672744419679 0.258009468603581 0.00370733560933907 0.00452367445832349 0.00449777356874091 0.00297498953575512 -0.00141116108441899
137400 0.0475785378983621 0.255839151097419 0.00287958114755785 0.00543459828514157 0.00441172008729739 0.00291253389474794 0.00130971385694914
137600 0.0477074081609409 0.254750604517604 0.00274880211066251 0.00387220813461136 0.00281772941199884 0.00114547952134192 -0.000425899876724659
137800 0.0474428252433944 0.250004683809073 0.00644523728989002 0.000936230884730356 0.00139724987824952 0.00136245361529594 -0.000171526515798689
138000 0.0477771452798412 0.252399567707158 0.0036831436565686 0.00294644393790253 0.0042642415282565 0.00272345743925656 -0.00114079699301759
138200 0.0475845579283217 0.250445579126914 0.00079917113664714 0.00529168273624565 0.00398025938363323 0.00244642002961968 -0.0011042355536274
138400 0.0477655931941023 0.256778898480886 0.004600679756538 0.00215668258514481 0.00267316363766396 0.00449317562129141 -0.000893075836106928
138600 0.0477885846128588 0.254623222580863 0.00670175694995875 0.00624756223441318 0.00325949227033264 0.00329242637560453 0.000562163822356756
138800 0.048042889252722 0.25785598175336 0.00812666166360752 0.00388270608106509 0.00451579115008623 0.00220578751503104 0.000486308847274573
139000 0.0476449140559222 0.254404624846001 0.00425452373537479 0.00387790422924915 0.00252216607766757 0.00421398424389517 -0.0021051415634429
139200 0.047854851929845 0.254170031649844 0.00583093654050844 4.8448024250471e-05 0.0043390639801019 0.00528935798685214 -0.00183210114149354
139400 0.0477296434643076 0.252052627483694 0.00283827123597044 0.00440333245276532 0.00247677563386933 0.00436782012794718 -0.0014362406135206
139600 0.0478396566310101 0.25226285572316 0.00380694929431213 0.00271551057868716 0.00448195813060079 0.00421352182087077 -0.00139436633818118
139800 0.0479873017058001 0.254724226259948 0.00449921332657297 0.00233000532113066 0.00467630258664266 0.00260209110653042 0.000195963618906557
140000 0.0478054979266254 0.256369500194648 0.00418577876036693 0.00395479805155465 0.00453344174612632 0.00262576733194864 -0.00152520139411059
140200 0.0481856823447345 0.25780865802869 0.00273151934416897 0.00469248285263804 0.00367707241902318 0.00223884051093571 -0.00162394376912277
140400 0.0477352604817338 0.252758997910636 0.00384493942154057 0.00265679847238133 0.00335210082050198 0.00419484020293028 -0.000442727677617891
140600 0.0482070460978087 0.254299577223277 0.000294725910202069 0.00237682317342965 0.00548881384383792 0.00295282348189299 -0.00313009477484418
140800 0.0477855617175356 0.249797625207954 0.00339881356344063 0.00260250601255561 0.00417628127439744 0.00467269217605724 -0.000595185949741757
141000 0.0484418419539008 0.256161692894764 0.00229157110002809 -0.00125580439311052 0.0028615428845284 0.00407364816537431 2.65424271569493e-05
141200 0.0478620370947439 0.254249398011346 0.00496297473743699 0.00770744437755541 0.00287738207106059 0.00405750458150492 0.00112342524418199
141400 0.0486355307184931 0.260962119429214 0.00414297881975177 0.00545008225887316 0.0046601736933987 0.00340631732368811 -0.00162572071587688
141600 0.0480431521564425 0.256373224653301 0.00577127501812832 0.00575048244608333 0.00580006812184923 0.00343173311878217 -0.00120369838786181
141800 0.048420515136853 0.256270066173448 0.00327308982380631 0.00267870146289458 0.0045485519319891 0.00285000510409913 0.000431790331517136
142000 0.0480705467570129 0.254643043631565 0.00342262084069772 0.00452599728686042 0.00594228459018751 0.00169977241635815 0.000418838719493606
142200 0.0482106773155994 0.252632066207529 0.00172817354146641 0.00220177831850371 0.00333034977220814 0.00203438385052399 5.05347129589223e-05
142400 0.0479077213003745 0.250133490377721 0.000428004078040487 0.00453140065995663 0.00097393781537787 0.00234774980899995 -0.00043604931750021
142600 0.0482258416484164 0.252454072486676 0.00158932923950276 0.00106682217434306 0.0046556077137738 0.0024638427123954 0.000820906221464774
142800 0.0481329139682192 0.252587736184355 0.00577157213951749 0.00721246709059626 0.00404926243138462 0.00366959880287565 -0.000415655363905437
143000 0.0482812440743689 0.254806156664449 0.0078759669156078 0.00649550246362718 0.00410544095519186 0.00217681678691475 0.000868017843872967
143200 0.0482158503012725 0.254030101597601 0.00154275746649406 0.00571999158453001 0.00387868114738025 0.00359239764473384 -0.00088406917396256
143400 0.048162627913116 0.25094475631704 0.00236596174241607 0.000351960577925707 0.00386664062413841 0.00348295849982172 -0.00268282397110889
143600 0.0482250458495345 0.252253638131185 0.00102400638515154 0.00412692566868016 0.00367816980310319 0.00202846193652066 4.50083715393213e-06
143800 0.0481546957250073 0.250735383588298 0.00257669177599116 0.00347907744320078 0.00336149626633192 0.00482199190537911 -0.00157258559727911
144000 0.0484242932191768 0.254949238230802 0.00461393509759331 0.0061699373333283 0.0034071357125983 0.00496094389486953 -0.000668820848490138
144200 0.0482813418325429 0.254293433444395 0.00485337942060791 0.00367625505098448 0.00401948921210181 0.00535579918180195 -0.000511387405104793
144400 0.0484196025985409 0.254274715969506 0.00345073034578643 0.0038788821180581 0.00310917720647925 0.00538739239197341 -0.000636547514513748
144600 0.0482615269338073 0.251789509133751 0.00488978611596922 0.0036637421560451 0.00350543649939049 0.00265742049168323 0.000502318069118912
144800 0.048367909936546 0.250901877527508 0.00305445417921751 0.00509596335508666 0.00369269738593949 0.00222872594753374 0.000674840053935227
145000 0.0484337114715516 0.251254975329383 0.00296333098521676 0.000769512767490518 0.00469264149259998 0.00473550345465174 0.000450586979091789
145200 0.0483114093297215 0.249785543419624 0.00144274064469308 0.00410492448057725 0.00261918626288018 0.00329129409325424 0.0015104619936528
145400 0.0485688264681066 0.253953472357519 0.00374874156427369 0.00346803868179364 0.00222058730945711 0.00351753842087625 0.000825571147671505
145600 0.0483677846585925 0.253269572971034 0.0024089065264534 0.00767582823293725 0.00394149037070411 0.00319699753650542 0.000548634905428026
145800 0.0486178201019604 0.256948174664218 0.00415125155377559 0.00453591674197697 0.00466972680379504 0.00277791197965262 -0.000411474051679297
146000 0.0483751061268634 0.256350778439904 0.00521650863987511 0.00526631447556103 0.0043401306233292 0.00330776710911535 -0.00110259179928225
146200 0.0486242551831171 0.257791603016449 0.0046718509145137 0.00192774487935138 0.00337197978980241 0.0035222025510522 -0.000168286747166808
146400 0.0482591858042228 0.253861717826459 0.00296402645090511 0.00753435932639188 0.0044271622900809 0.00343573178053738 1.14213650165699e-05
146600 0.0485921580472133 0.254049453469531 0.00455373883487462 0.000589748349174869 0.00425364993026466 0.00278126175247228 0.000399442524536354
146800 0.048226614105162 0.250186208105311 0.00269811203304178 0.00294190536399527 0.00328606924825513 0.0043907189303594 0.000128678693826928
147000 0.0486532427869161 0.253313141611685 0.00368836383208934 -0.000832498161324553 0.00385821500589862 0.00299208160210261 -2.46726707470433e-05
147200 0.0483240331135769 0.253217093508657 0.00124221771682023 0.00503238531657907 0.00290155289640077 0.00320014198360697 0.000411496362124103
147400 0.048629938281022 0.253059784581904 0.00604622222825888 0.0041930892323075 0.00201314738318317 0.00355173994431074 -0.000223584516751888
147600 0.0485321158930998 0.25221944783491 0.00444291465075059 0.00550501148440507 0.00265737197320394 0.00346525740889505 -0.000331432733596389
147800 0.0484815370971135 0.254201534433301 0.00615221843195364 0.00435017711014565 0.00386743627270806 0.00245108739012319 -0.00127947073615184
148000 0.0485988587048159 0.252909463286473 0.002040856063894 0.00352341938042556 0.00301564582569637 0.0023318484377687 -0.00121869119519236
148200 0.0485324031672769 0.252479761785932 0.000952424648020168 0.00511463794896487 0.00385550652820511 0.00327523022668532 0.0010109718190237
148400 0.0485439631442592 0.251327383864378 0.00316837222781094 0.00321922754358704 0.00263913262199253 0.00376774827986187 -0.00106248458462077
148600 0.0486440285024234 0.253834301781829 0.0062399191242528 0.00462815174978723 0.00306741534074979 0.00291685811194954 -0.00270525346705579
148800 0.0488832827111095 0.25686674918534 0.00426846114642603 0.00554071334935108 0.00436428187101565 0.00424211459272483 -0.0025726222551833
149000 0.0487664676204104 0.256569137772937 0.00690546095608505 0.00765475966461025 0.00476472193663616 0.00377129766760215 -0.000670980821112558
149200 0.0488116063897354 0.256768591784626 0.00316249898746649 0.00436834671375473 0.00407777053659028 0.00352348198758602 0.000921427757114286
149400 0.0486085130257428 0.253666671210156 0.00327323351919718 0.00105318616968337 0.0031019043245347 0.0027062130848852 -0.00119965643130136
149600 0.0487562110626385 0.250213134610259 0.00109652803490114 0.00426057451443748 0.00372499691570593 0.00492423605135358 -0.0015283635039004
149800 0.0487180646278823 0.253218525841588 0.00213262915235858 0.00565959536027304 0.00342517031013935 0.00345954524915181 -0.000914124521606432
150000 0.0488448069361871 0.254007271871877 -0.000406600741609855 0.00804647455276225 0.00339519771461587 0.00404961948503734 -0.000675536096123874
150200 0.0487659443761608 0.25441582919896 0.00423353932726663 0.00513626884748127 0.00562169108013426 0.00300579666037468 -0.00041605910975842
150400 0.0490794899118121 0.25712840722034 0.00255434176296088 0.00547496520928896 0.00499095338069695 0.00388695925212435 0.000406562541049861
150600 0.0485727582629441 0.254008377383316 0.00721608225244133 0.00611370336588674 0.00567736171370703 0.00313966986701806 -4.38236365954918e-05
150800 0.0490898122570732 0.255504420245866 0.00180063692765182 0.000704669959290055 0.00317589240302391 0.00380431497386729 -0.00183196908740509
151000 0.0487071111632507 0.252031296161532 0.00310455901851699 -1.24475281473713e-05 0.00407104869941427 0.00265660972246221 0.000312674816490868
151200 0.0489939347675253 0.256266685791217 0.00279038059391071 0.00141269012971014 0.00398024643022758 0.00266461937763656 0.000289575716006001
151400 0.0488725348568374 0.254412265755639 0.00424484748845013 0.00263082480312512 0.00451793148602902 0.00243083401117262 -7.18686243550352e-05
151600 0.0488735069776907 0.253601971562649 0.000859202235640241 0.00446681004946906 0.00317810838182712 0.00208047893748668 -0.00114940876417658
151800 0.0488690783948909 0.253741846892015 0.00300871271400139 0.00322166330328897 0.00343542220934084 0.00398972865744131 0.000948007840077686
152000 0.0489205058588656 0.254395415957112 0.00196877578915556 0.00394368270422763 0.00506121176857409 0.00530510049845592 -9.8270324550294e-06
152200 0.0489574322026445 0.25454209199663 0.0060479143043024 0.00405259665445246 0.00488144449747643 0.00414347469785963 -0.000175789708787602
152400 0.0488907036783786 0.256301359914966 0.00771027347732165 0.00336674480316151 0.00503107625065012 0.00400214493118138 0.00048320237788685
152600 0.0491977974429005 0.259915276125099 0.00313669600194109 0.00419146840378177 0.00467913767163873 0.00316972671911253 -0.00138958618134202
152800 0.0488260337732408 0.255325913605701 0.00601734701644043 0.00386101309406417 0.00392221255319747 0.00289630080454098 -0.00195713199716702
153000 0.048944549916203 0.255450228769194 0.00113205107057997 0.00124953829411152 0.00375734778505579 0.00380567910695272 -0.00074031339391392
153200 0.0488524598856453 0.251120324937498 0.00209719104952928 0.00334030682114893 0.00563041320084175 0.00426490331138784 -0.00113340899461855
153400 0.0491607480384162 0.256845787226538 0.00447836596111015 0.00702337184250554 0.00507548846395859 0.0046531477321315 -0.00090169251553313
153600 0.0489486671098069 0.256119371112757 0.00837785504356054 0.0032228826129918 0.00433944486204592 0.00389986126043942 0.00164344395935993
153800 0.0492184888803452 0.256428733436536 0.00503341162575117 0.00318033563203804 0.00343042173255403 0.00289997541293817 -2.21053311739534e-05
154000 0.048803831761275 0.250085032799511 0.00284368857903244 0.00395174325283072 0.00255605201394917 0.00168853334273902 -0.000520312663884499
154200 0.0488922851037979 0.250784980864644 0.0015901711977722 0.00448310574350912 0.0054533183305359 0.00336934721998886 -0.00173319860592546
154400 0.0489108696451152 0.250353736135172 0.00262971795805387 0.00136139830007522 0.00443309632775883 0.00306747504447848 -0.000585137820886821
154600 0.0490700167981285 0.25392737417198 0.00282548937984048 0.00523309233591034 0.00372554480593743 0.00285190788685729 -0.000286243003097671
154800 0.0491431815977085 0.255967650701166 0.00287669750742071 0.00445086331155161 0.0030159469653003 0.00325968864940969 -0.000501144361431693
155000 0.0492662208049653 0.256299817893162 0.00444823819052549 0.00403765024867815 0.0028885107710443 0.00460638672439077 -0.00125557000292063
155200 0.0491269302843209 0.254126887993302 0.00534609451538366 0.00589698808927063 0.00422051110218666 0.0034331542633531 0.00027559309343404
155400 0.0493180869915078 0.254019960268248 0.00298172885788253 0.00366245669364808 0.00297198876889311 0.00175381981239151 -0.000674039675526661
155600 0.0490631364065229 0.251986740142647 0.00236955084349536 0.00278816019712922 0.00396157451142664 0.00477562845362118 0.000437456550099768
155800 0.0492605933717945 0.254673514200124 0.00374951869745109 0.000873839069675424 0.00260891255268076 0.00456897434827263 -1.81025354754382e-05
156000 0.0491217895346214 0.253856720014645 0.00612266061247164 0.000539383467239648 0.0032136266188611 0.00478112129046249 0.000960085852729348
156200 0.049290981037422 0.254234227389578 0.00379494404003533 0.00211168098683045 0.00525422930516271 0.00468037500622587 0.00093551531666051
156400 0.0492855033717035 0.255290540857758 0.00367465701037722 0.00311724714651562 0.00389858973114641 0.00329035262558364 0.000261005389230728
156600 0.0493122269615594 0.255674150461333 0.0028523760068504 0.005843231980705 0.00410226283296274 0.00426848842336989 -0.000801230957595388
156800 0.0494198118520296 0.256998136308133 0.00443403193371071 0.00577821240528181 0.00352490696105927 0.00288502377172731 -0.00086803957896904
157000 0.0493198681887876 0.253850586586059 0.00458564111847831 0.00492214764225368 0.00409937999420557 0.00388059579063839 -0.000174176365653471
157200 0.0493991960996672 0.25482081944081 0.00255368577927294 0.00323807179741132 0.00468140732231347 0.00442323928261783 -0.00186959785270424
157400 0.049363573244421 0.254534849332677 0.0043601574612772 0.00491047257711635 0.00295187357835346 0.00503127022408091 -0.000456946237527538
157600 0.0494227017352463 0.252684657740149 0.000420777559146371 0.00225855325666806 0.00375164850616815 0.00393612711393092 -0.000465343355031855
157800 0.0493669718026605 0.253696402553975 0.0027327413088192 0.0017568497427373 0.00359166877415826 0.00468453247048653 -0.00032691900683608
158000 0.049436658462395 0.254762406932442 0.00276586357278708 0.00474649652680237 0.00550774557769386 0.00470682702841782 0.000874303496656993
158200 0.0494782270747909 0.256625704686595 0.00815034567738969 0.00524277575190852 0.00287744065937558 0.00437222608746397 -0.00164759544878394
158400 0.0497457890932955 0.259226341283547 0.00460437830164753 0.00773330107398773 0.00353895421672028 0.00511475629077564 -0.00113056548961084
158600 0.0493157654793265 0.255257598818542 0.00532399707498191 0.00459449985197471 0.00311786103360733 0.00430392017036162 6.10326251675565e-05
158800 0.0496327011083108 0.254118225701964 0.000918582154902776 0.00266367690732673 0.00184769092838324 0.00340113460178148 0.000529802163241476
159000 0.04932663244515 0.251131259042508 0.00457725816253505 0.0014424271155761 0.00529143900890462 0.0032802172622808 -0.000692681134711164
159200 0.0496277034761358 0.253150387501896 0.00213097229312128 0.000866253457846995 0.00480689195303335 0.0032274386141663 -0.00065660275649944
159400 0.0494183403634856 0.251629130380245 0.00360807659873767 0.00573006190566005 0.00322318862072714 0.00269358653083194 0.000144491401623032
159600 0.0498023360104403 0.257490132627586 0.00289797396760193 0.00632004524153137 0.00435350660183904 0.00407281238849689 -0.000154802685228864
159800 0.0495400205844742 0.254333850937559 0.00604700492901074 0.00616380547566077 0.00412101192792784 0.00328617478585817 -0.001085276235313
160000 0.0497539153998046 0.257423188195149 0.00437513366996493 0.00674054650709434 0.00433441773868536 0.00364905123560438 8.92981263123206e-05
160200 0.0496534425048527 0.255302150044882 0.0028281515446121 0.000766950659381098 0.00462604503232789 0.00495054985056583 0.000913800039560797
160400 0.0496605093327922 0.253736756129505 0.0015934964201063 0.00193172148956248 0.00249594490428954 0.00511784804772496 -0.000885996820826067
160600 0.0495766413765459 0.25192402722177 0.0028710266690703 0.00144675706221572 0.0060558894619345 0.00289196312744382 -1.3598123241744e-05
160800 0.0496390551379437 0.25459791413129 0.00286713477482769 0.00164759680299267 0.00338824908024716 0.00289051322165862 -0.000527619673392788
161000 0.0498658780572033 0.255456416328946 0.00326295107737551 0.00494286279611848 0.00632818650142655 0.00582936610739957 -0.00154956471726566
161200 0.0498007087149059 0.256074105186468 0.00528950686564919 0.00726560024355982 0.00396215272065399 0.00443681361405126 -0.0019495099793268
161400 0.0498529060073214 0.25707395662733 0.00589968307046298 0.00170241552481554 0.00586501729753567 0.00396410423137122 -0.000511035544678283
161600 0.0497440545027982 0.253961810320457 0.00190493941200141 0.00396231252294852 0.00575779065501941 0.0035821877492101 -0.00204966871875295
161800 0.0497079228060622 0.249946528520806 0.00141168144197996 0.00131690388725726 0.00558508354125673 0.00376262321794222 -0.00126235035750931
162000 0.0497867686042664 0.250245871741235 1.60449351301989e-05 0.00344359117479499 0.00351880319671925 0.00420985935289511 3.25971267542116e-05
162200 0.0497166656446879 0.251922043443227 0.0053633896956407 0.00335910880541408 0.00316396906656412 0.00497340182687407 -0.000213089835948468
162400 0.0500023365168267 0.256837658863386 0.00537588166973649 0.00504101771274116 0.00358527834621829 0.00434573348010062 0.000208561679489211
162600 0.049926795454177 0.255893041275738 0.00279483787861442 0.00388616904006302 0.00426119555535571 0.00316934565666519 -0.000998575753097204
162800 0.0500139545384436 0.253649267568611 0.00494042271653181 0.00239149558785843 0.00530332691666397 0.00326729564791 -0.00180566996144419
163000 0.0499294452020278 0.253654152709446 0.00297772009364594 0.00225741364412349 0.00377433133689744 0.00453986868054681 -0.00154588383681696
163200 0.0501429850901532 0.253691567089479 0.00703073119584248 0.00181500191190117 0.00400435207424176 0.00279673375227424 -0.00224765044623503
163400 0.0498187575207226 0.254430501036731 0.0072803022585896 0.0058950630960901 0.00184617817508472 0.00240397561487771 -0.000665714206173376
163600 0.0504168312573713 0.258451032915205 0.00556946922098763 0.00602517489769298 0.00362205305987258 0.00344720004761436 0.000305238247242611
163800 0.0498440609536214 0.255246871833298 0.00426284365850021 0.00645497357602505 0.00392501813589563 0.0033790091468327 0.000288829989631254
164000 0.0502002115840239 0.254972001389182 0.000673782406352708 -0.00102757643740256 0.00379348039913835 0.00370467347547996 -0.00161109619473909
164200 0.0498872998755614 0.253511532574713 -7.53445900201774e-05 0.0029587574776662 0.00384278822844312 0.0030483241880044 -3.07782864036909e-05
164400 0.0502129165029552 0.251989282271726 0.00195091182064758 0.00279523463557113 0.00273423114229801 0.00377484441085099 -0.000841644933209524
164600 0.050031381087785 0.251275505632844 0.00246806709310597 0.00459923409114917 0.00307950587889221 0.0027989458839772 -0.000869509714966151
164800 0.0502819263151286 0.256871779368005 0.00431195403445016 0.00518778558436555 0.00548882143307287 0.00428294922111275 -0.000269462297629871
165000 0.0503567159321703 0.25692553765966 0.00636419183135063 0.00530048596448015 0.00534716465649386 0.00354281475479285 -7.27047679426173e-05
165200 0.0502777606553119 0.255511891418872 0.00526565860281857 0.003242557627039 0.00595112776301815 0.0031511866596782 0.000105122901157791
165400 0.0503347708361617 0.25463151514967 0.00333286953558308 0.00431517565409601 0.00357849090610632 0.00348114018120553 0.00117730372416753
165600 0.0503360843427589 0.254369174922336 0.0052710020233304 0.00528460540701685 0.00509749735271083 0.00499815704711926 0.000748608124616786
165800 0.0502601865406398 0.256149022590579 0.00557816076467759 0.00853171327089343 0.00592818162391194 0.0042237293181379 0.000823077394616185
166000 0.0505184780781274 0.257092061248221 0.00658819112128193 0.00289277051037659 0.00501065420716427 0.00469963384874967 -0.000894492037719255
166200 0.0502414489297335 0.25288714595205 0.00424160739978465 0.00359532730651621 0.00604281009892204 0.00343347836401217 -0.0016431762358594
166400 0.0504173805433278 0.254149851232803 0.00432757885489005 -6.18598211090903e-05 0.00494846496599539 0.00308305004366471 -0.00181818341726109
166600 0.0502941158088855 0.252953720172271 0.00259419207932761 0.00101286270989182 0.0058847013520258 0.00430519054106675 -0.000488936098118373
166800 0.0504914165935059 0.254167539540165 0.00643150034066174 0.00342537469638328 0.00384309475864471 0.0035333448688985 9.21528917386677e-06
167000 0.05033118696568 0.253709272347718 0.00307877522479905 0.00635848383829314 0.00494179524248314 0.00543671536842467 -0.000133709306608802
167200 0.0507262739633899 0.257492578154221 0.00406392717691857 0.0012057152187738 0.00247908316755993 0.00447277723945343 0.000225633302297558
167400 0.0503783018716985 0.254556469337676 0.00358467599648169 0.00466323186100236 0.00337890659704274 0.00307411065597318 -0.000958276803412902
167600 0.0505745019124477 0.2550893217955 0.00475078845088461 0.00119557780667767 0.00396592786898838 0.00287041338426301 -0.00151508900538266
167800 0.0505300555249216 0.255123528925005 0.00257304643658194 0.00576717277153351 0.00469630409955124 0.00453285122701402 0.000966117038635741
168000 0.0505025141481144 0.254423201472335 0.00704678196325203 0.00309600716307222 0.00362482858562108 0.00427299178636214 -0.00105886270700232
168200 0.0506036841596262 0.254202200435299 0.00244357617048999 0.00629860040457639 0.00503321230849591 0.00307670442304026 -0.0015264906972673
168400 0.0505253121184674 0.252916548886035 0.00413889940333159 0.00457762851618629 0.00334363545574282 0.00399890181541271 -0.00208995214908788
168600 0.050533267451649 0.255043042283841 0.00344413662942975 0.00232718018870927 0.00466257782018558 0.00337821051778232 -0.00138741547295031
168800 0.0505618047382407 0.253073319613083 0.00298964890592938 0.0028601217930618 0.00429991970506587 0.00325237539158493 5.94858686780617e-06
169000 0.0506294807370756 0.256772426360689 0.00209541214975888 0.00411261675318721 0.00391825082373109 0.00314862964636054 -0.00256158285389467
169200 0.0506718658308959 0.255609057612151 0.00399001046552211 0.00493541008345638 0.00564879779647398 0.0040498733978936 0.000275176174314783
169400 0.0506350055382925 0.254971225911817 0.00434467902495876 0.00626138139766775 0.00519782457597551 0.00475813558323671 -0.000119434508661061
169600 0.0508181853648653 0.257902925818442 0.00544600153120355 0.00762853541067443 0.0053081369265519 0.0031213528493679 0.000549745153726718
169800 0.0506248763686494 0.256350339873992 0.00601962094630355 0.00382707762010627 0.00438729421295037 0.000828374955336993 0.0004101015583097
170000 0.0505764753409638 0.254367499981331 0.00282931502696843 0.00427646777012818 0.00303273186643877 0.00469813923135952 -0.000653575601074746
170200 0.0506783045538705 0.252722415161103 -0.000896674757920832 -0.00155513541051891 0.00502017254033936 0.00437642965683693 -0.000213140859893705
170400 0.0505694697532615 0.253927282440036 0.00258379236499865 0.00257313684985575 0.00441738674646296 0.00399909384702032 -0.000614350202436125
170600 0.05085391634557 0.256127154903686 0.00333885691569867 0.00277218321988416 0.00265023005454786 0.00281661243672591 0.000130504758703142
170800 0.0507305090803768 0.254570089146053 0.0047427697024458 0.00342774358943835 0.00191222497025005 0.00225708869049152 -0.000666370358460487
171000 0.0509192055956997 0.25602800199467 0.00425596078904257 0.00316922122671219 0.00527303597063448 0.00435984191971553 0.000865328058756096
171200 0.0506757635129852 0.254910278438859 0.00618804914963296 0.00751253479958802 0.00218364628337128 0.00362343125083062 3.69950110790611e-06
171400 0.0511363291469685 0.25704058090544 0.00355432259006248 0.00738056449968926 0.00323321099545475 0.00327430459450934 -0.00125367316530406
171600 0.0506638696563449 0.254719554162096 0.00587273604780441 0.00622399433976652 0.00398348415914027 0.00397259697567202 -0.00150612526572315
171800 0.0511369939530213 0.254963048009995 0.00347880016688766 0.00373693672676683 0.00374971550669366 0.00333708732139295 -0.000222416249312424
172000 0.0506409516682762 0.251872208358758 0.00400687694165915 0.00291826433489095 0.00217599583151516 0.00427642452534207 -0.000343975882357618
172200 0.0510827026374631 0.25426531110792 0.000933558596978186 0.00188762084529653 0.00242853992772529 0.0041612812568541 -0.000321576977339235
172400 0.0507941603971647 0.252887975689652 0.00183906624873433 0.00294727287131615 0.00398765506022425 0.00392900599756548 -0.000917558562761044
172600 0.0512802359597083 0.257393895531369 0.00195424964049039 0.00316348445527999 0.00315705201553523 0.00383056116717725 0.000324018697023535
172800 0.0509308443261881 0.254706733107363 0.00476303456875045 0.00601806106755943 0.0051468968075503 0.00413031145942653 -0.000883734319219891
173000 0.05121092281957 0.255442369466566 0.00308601199716058 0.00378657763516386 0.00662243075473468 0.0045004507570246 -0.00026820316248955
173200 0.0510493223133109 0.258696593608607 0.00645235745924745 0.002873732529478 0.00582102325887209 0.0040017580835062 -0.00220770675851557
173400 0.0511486551464632 0.256270112923367 0.00283100718053016 0.00744704362492138 0.00575581700978495 0.00304177209264574 -2.2177870760085e-05
173600 0.0508296401771422 0.252067675770529 0.00291692714276906 0.00144748923480414 0.00457309728149112 0.00356718569162674 1.66273313616913e-05
173800 0.0512326952296278 0.254775460938826 0.00245806593487537 0.00225890202644914 0.00349769987247836 0.00475985341997371 -0.000255894761513328
174000 0.0509500864957489 0.252901052438022 0.00571615568948286 0.00144233633108296 0.00362472676559467 0.00440243268095571 2.068843191845e-05
174200 0.0513138266919591 0.255831009390032 0.0041797665621185 0.00359626099628871 0.0026987799971182 0.00388677995759402 -0.000643458135901713
174400 0.0509878232564293 0.255178436343153 0.0059800019078264 0.00452094543339075 0.00357853984329657 0.00313187574938856 -0.000206151981645223
174600 0.051274763038615 0.257837916979858 0.00241606120000766 0.00530525410687134 0.00318302323886393 0.00365264488289147 -0.000439843844670444
174800 0.0510768935660343 0.255110053870866 0.00183229379876242 0.00440909697267353 0.00351070300069974 0.00296908223972004 -5.27664245675671e-05
175000 0.0512349689017254 0.258630820508679 0.00301208840600969 0.00236385644995269 0.00427923517531905 0.00424478533753711 0.000283416078636068
175200 0.0509939540260489 0.256236011632045 0.00345397351887517 0.00348400914710534 0.00408683414161271 0.00518132180797079 -0.000799684506236139
175400 0.0513535617399509 0.25688837286138 0.00218963462050957 0.00382736521840053 0.00498510616997996 0.00549856986270963 0.000451297754914495
175600 0.0508284799808743 0.250659211706584 0.00316503977708067 0.00268951610215266 0.00352290267470066 0.00323724264841324 1.78422252716192e-05
175800 0.0513115932907536 0.251611787930872 0.000110514651271689 -0.000500965000147245 0.0026969612447378 0.00377851087891197 -0.000600600225096679
176000 0.0509062847928041 0.250709980415176 0.0041497447111924 0.00117834082597834 0.00187127597005614 0.00336806419294449 0.000241316529232867
176200 0.0515221446216318 0.257391909159443 0.00405877313995872 0.0047325371548236 0.00352890345840711 0.00349244893594674 -0.000177327615945329
176400 0.0512132608643878 0.256208540343165 0.00415536257776684 0.00759097039302077 0.00399625750552865 0.00486362592663724 0.000498433578403366
176600 0.0514930430160631 0.254593205877836 0.00210568941123046 0.00562997795964584 0.00370457355571999 0.0049741224188767 -0.000350340351629449
176800 0.0512589483563885 0.253515535347973 0.00202735587139651 0.0049433660624386 0.0035678348730198 0.00319827623515412 0.000695158908989263
177000 0.0514351403044842 0.254331333616867 0.000929700770057476 0.00338824292673088 0.00430063907252338 0.00412915447040617 -0.000726123258579046
177200 0.0512400239743812 0.253077030948821 0.00361739654108422 0.00296781727223635 0.00311409301681271 0.00363010115077859 -0.00196855478557208
177400 0.0515836845778526 0.255021296079316 0.00108251164252705 0.00597727989028674 0.0032555884367894 0.00354198202693366 -0.00149145069275804
177600 0.0512134742456693 0.254022495616415 0.00665031459898523 0.00383505680374474 0.00365233003974692 0.00298771319784028 -0.00111669586778967
177800 0.0515323919104311 0.255796882089437 0.000104105738254506 0.00588652763605919 0.00246544393927233 0.00326550970236468 -0.00160290975975414
178000 0.0513203665457606 0.255122931133131 0.00351487533525419 0.00464022559157884 0.00365947807192962 0.0039667459407489 -0.00160581092422211
178200 0.0515939139406002 0.258279863756152 0.00184278231702906 0.00544023958717174 0.00408553741952494 0.00411681236024814 0.000182202855233904
178400 0.0513939222134795 0.256949850165958 0.00590987214745109 0.00664156745824296 0.00443569741693696 0.00303915122502391 -0.00168885492602183
178600 0.0517845347059466 0.256269532149437 0.0011022050083801 0.00770958936782094 0.0026862002324896 0.00347879799529207 -0.00258071149868342
178800 0.0513459722419925 0.252770683080405 0.0065884297270417 0.00602619276011606 0.00314675663385558 0.00389806090951784 -0.00266066971466557
179000 0.0520186743593736 0.256630226189445 0.000763948879242993 0.00616997938152674 0.00326777234530194 0.00162411447263558 -0.00051562031502267
179200 0.0513410667937108 0.249746994025416 0.00543648691800786 0.00434135206779617 0.00463949827103835 0.00376415700369015 -0.00144659017260101
179400 0.0517770268555965 0.254617271301585 0.0021938530431841 0.00356198537002618 0.00488229186341726 0.00360677044063526 -0.00246299435283812
179600 0.0515275070832902 0.253217838988593 0.00370319641410854 0.00276064421141769 0.00429540464184073 0.00367499895524848 -0.00188135048872355
179800 0.0518398732053673 0.255244077551751 0.00273091655151624 0.00315282951104715 0.00282056147589256 0.00399744061641892 -0.00261381372700137
180000 0.0516523696361819 0.255025068926465 0.00702185071273102 0.00335822554817043 0.00244072058295107 0.00331078042645718 -0.00132896120275548
180200 0.0518090689737898 0.256384683620432 0.00421069709804189 0.00400676216676827 0.00447071489411461 0.00367332884668092 -0.00148026626880479
180400 0.0517342021829602 0.257488743700174 0.00764108845763035 0.00641041301009346 0.0030652111539415 0.00513680481989224 -0.00143835008095062
180600 0.0518586754759505 0.255220678909835 0.00192467480519598 0.00198021888256368 0.00455604926622076 0.00266740355493858 -0.00185226171375326
180800 0.0514932648080417 0.251298332816324 0.00329378166991606 0.00271471172757586 0.00573208532153518 0.00242782657373266 -0.000466199763462922
181000 0.0519139393966721 0.256103772838418 -0.000660431183655711 0.00305842007576421 0.00346046343281771 0.00509061530868581 -0.000975713392850229
181200 0.0515845003075336 0.253349496144894 0.00537724290651939 0.00460879445689095 0.00432527466720033 0.00382290574399821 -0.00200932185828393
181400 0.0519928627385954 0.257180759633182 0.00549285996274315 0.00502060824882677 0.00423067024266459 0.00368617599775343 -0.00141028112733743
181600 0.0516163007142755 0.256774094571741 0.00438494011131862 0.00411239431492073 0.0043273038558206 0.00378072380472392 -0.000755488140222492
181800 0.0518131261623985 0.256332406038627 0.00567516065559926 0.00667273711625999 0.00282065782798242 0.00277085000810968 -0.000363039321156831
182000 0.0517908387955573 0.256624643556379 0.00483708575892064 0.000283809058980828 0.00299694908145753 0.00521390989567567 -0.00146365614855158
182200 0.0518272675442889 0.257793463851553 0.00125567730728872 0.00520977503316951 0.0034609326581936 0.00399045004602025 -0.00123128779816805
182400 0.0517698642203081 0.254026925053663 0.00353633988613919 0.0014378028261786 0.00407692026983031 0.00381462554209181 -0.000982152020392104
182600 0.0517651038556105 0.252866275598125 0.00379426916265799 0.00277724942852069 0.00237705686544576 0.00446948527575516 -0.00242526221435333
182800 0.0517226027562582 0.250848960101682 0.00300967307839225 0.000867260098505842 0.00144716859532248 0.00340155328245688 -0.00321148706006863
183000 0.0517878394534787 0.254503965878344 0.00464666431523754 0.00217996876194894 0.00316882088172017 0.0037337542769916 -0.000307056674036895
183200 0.0519650170095019 0.257139650202139 0.00776274285044848 0.00395253124506327 0.0037913218476226 0.00184927371715723 -0.000713902064994667
183400 0.0520249792333248 0.261147281335335 0.00665191476591607 0.00471950138007531 0.00314410439942328 0.00247703433344515 -0.00299629799521753
183600 0.0521051665388938 0.260251525897622 0.00560592136475988 0.00287956196481791 0.00628781116954329 0.00440643253605748 -0.000841858361641826
183800 0.0518668799855033 0.253369662912006 0.00158291464125409 0.00427217123556701 0.00515473187025664 0.00327268990463168 -0.00216969810718844
184000 0.0519385447201193 0.252166430600425 0.00328832710473984 4.13387526614255e-05 0.00392588267510007 0.00376383437682253 -0.000501945508611852
184200 0.0519558592233534 0.252614116110239 0.000909750591988211 0.00319551274527596 0.00436224858610014 0.00420059273889121 -0.00330775042035613
184400 0.0520996184109946 0.256080528023383 0.00377252311554057 0.00118140501053366 0.00415842869843636 0.00351862964044862 -0.00235843128840443
184600 0.0521053305664781 0.258592233193803 0.00588725455686448 0.00810759119452184 0.00574449397659512 0.004935461288948 -0.000821563549581374
184800 0.0520042865437814 0.256495917772097 0.00906832325392634 0.0035182779836399 0.00361796673746519 0.00334248231581261 -0.000571519761400609
185000 0.0521149983643098 0.255857478149151 0.00180803809278076 0.00353278508348952 0.00316878808686315 0.00450731000893733 -0.00111335289924821
185200 0.05214503380873 0.256670894125289 0.00115371084442432 0.00319810278002362 0.00475341918168101 0.00330933061015638 -0.00213956485401412
185400 0.0520482367144864 0.254806211550408 0.0033631124091124 0.00476072833297882 0.00413473550501355 0.00303202050305071 -0.00150999580616543
185600 0.0521772431975561 0.255244552030642 0.00341456806482627 0.00402245729680968 0.00372135739900174 0.00524000521497126 -0.00197112412459352
185800 0.0519659279173891 0.256918431573494 0.00449185258874811 0.00375966269952857 0.003687624302717 0.00393305983016022 -0.00194610706681146
186000 0.0522716399321486 0.259762017185959 0.00358436839224952 0.00406660704001584 0.00468252087164047 0.0030319756138181 -0.00206308857485451
186200 0.0518775537358027 0.256576320940605 0.00548992077272814 0.00504085879461835 0.00601708453578719 0.00315508201990256 -0.00183006633075816
186400 0.0523380201695556 0.255870695530296 0.000679106726050758 0.00476505396407076 0.00595079651995951 0.00431359031943038 -0.00218280091491792
186600 0.051737182945463 0.252016737947097 0.00220466125883674 0.0051832550744461 0.00491329417237809 0.00608518357009078 -0.00166949792653467
186800 0.052283965186311 0.256793213013275 0.000782040925296697 0.00189758000603982 0.00531134638182079 0.0043472097870602 -0.00175798189652184
187000 0.0521354959816943 0.255730906299669 0.00401815850500003 0.00158307159981111 0.00493232505493198 0.00356434963248548 -0.000284314006211061
187200 0.0524874827834667 0.254904798854542 0.00632211850547494 0.00493055723536902 0.00332199515955522 0.0033595882647846 -0.00141784042704011
187400 0.0522645826712128 0.253819488538109 0.00705184758011438 0.0036576720626279 0.00405978749089494 0.00243097843422622 -0.000253332371089943
187600 0.0524220321474262 0.255753441625628 0.00510520421801905 0.0026536028468425 0.00444584897718873 0.0039485219170324 -0.00142944676814752
187800 0.0521896435635584 0.254999237799126 0.00427731500731277 0.00407513020724438 0.00431725387739278 0.00579445311066976 -0.00120524626928294
188000 0.0524569830432203 0.25640352765965 0.00563167122115949 0.00180851093428218 0.00404126206664671 0.00384745142939947 -0.000873268407916911
188200 0.0523274129055161 0.25598264365203 0.00649559757358542 0.00555630603070348 0.00331934506854734 0.00256432246174935 -0.000312818149706104
188400 0.0523810140924895 0.25379356094108 0.00213817130661963 0.00567919234171269 0.0051658163631934 0.00179651827854888 -5.05949726865583e-05
188600 0.0522388373617468 0.256021449327483 0.00370490693242277 0.00465506492874729 0.00413918314625613 0.000866834017628084 0.000338961709273017
188800 0.0524354107838024 0.256428596077458 0.00123694194802396 0.00525957809960308 0.00454341122105727 0.00320884057985233 -0.000708868937146388
189000 0.0524117531638404 0.255200063805021 0.00444837046637422 0.00462891520288205 0.00369011585638237 0.002125923064125 -0.000441298153501341
189200 0.0523960043187538 0.25726397438744 0.000465575855144426 0.00378309995376869 0.00473588838190732 0.00264601511051073 -0.000427590573826436
189400 0.0524413054279251 0.255128182488225 0.00133112925751952 0.00424633268143708 0.00584824164392758 0.00436335255593285 -4.9020449056822e-05
189600 0.0522949158172338 0.255167723574889 0.00262770663638087 0.00573192667489924 0.00423485301452173 0.00279079404951404 -0.00156196993061549
189800 0.052614207528392 0.257177409128954 0.00450717423687286 0.00265201062377922 0.00468505728247201 0.00211674516937 -0.000668831073610964
190000 0.0522947293020678 0.253565736146309 0.00307282004827432 0.00458432058364903 0.004159013004051 0.0024365812376752 -0.00186849418348857
190200 0.0525623550643821 0.255346530609471 0.00595522646339168 0.005007466001621 0.00466139601689082 0.00401136213111905 -0.000485218013274287
190400 0.0525027440202277 0.255734993864292 0.00585094668839611 0.00844493906697638 0.0038179635838427 0.0022344526203896 -0.00206239288443619
190600 0.0525891640227078 0.257077558245321 0.00413249602179776 0.00166197130488703 0.00538255961273817 0.0024094795077741 -0.00180588125857242
190800 0.0525161161055664 0.254643477173949 0.00221549703346202 0.00392639140664822 0.00343367010683148 0.00294231590870038 -0.000220756971369426
191000 0.0526748363772297 0.254817184114351 0.00429011790177659 0.00133222401669442 0.00473017834066042 0.00289667521573616 -0.000260395963239418
191200 0.0524975258035283 0.253040883929494 0.00322743420639776 0.00507345812956206 0.00542961313587838 0.0035557846807512 -0.00134637800218584
191400 0.0527141207397739 0.258588496766699 0.00581318004716998 0.00343274168584708 0.00480104287590113 0.00200633328146534 -0.00127457765161464
191600 0.0524699002756676 0.25596288262009 0.00501891779803549 0.0061280249772026 0.00430229136907798 0.00165617964547745 -0.00163408284411768
191800 0.0528993197754083 0.257368232748836 0.00550195252193044 0.00405187563303193 0.00330130538027847 0.00301977850768879 -0.00147499960351421
192000 0.052420239001715 0.253839200086974 0.0052232177706602 0.00636407121975993 0.00280876280785831 0.00171116820342701 -0.00126400888827654
192200 0.0529123133513515 0.256889424723045 0.00541244997499573 0.00310349634207091 0.00363684460638146 0.00289978171901772 -0.00155706801806018
192400 0.0522571883284134 0.251121236856575 0.00170847264352005 0.00336434296541722 0.00473020158753591 0.00321211226200143 -0.000351415051175838
192600 0.0527499136754325 0.252488772751424 0.00168478585563981 -0.000366476404305738 0.00447341194037113 0.00460721920781888 -0.00130186291933679
192800 0.0526196492129375 0.253866479646916 0.0062954143382304 0.00482672797082411 0.00259422093493825 0.00361797912189569 -0.00125487284206517
193000 0.0527646826039962 0.25721082267518 0.00676328328648173 0.00394898504540156 0.00404095061646218 0.0039221347751835 -0.00131619231744693
193200 0.0527209411700163 0.257158937188868 0.00825800875389995 0.00673130641027659 0.0048731451749074 0.00423745184473237 -0.0011419826405924
193400 0.0528710478512253 0.256210639483215 0.00457296517861689 0.00488906149570439 0.00571122778702833 0.00191506110010195 -0.00110098742644949
193600 0.0526493289710226 0.254128572547633 0.00385972614401385 0.0028617042100233 0.00442878503932969 0.00208288671276538 -5.49847693399535e-05
193800 0.0528776505452967 0.253030559969092 0.00344158678883888 0.00101524207465467 0.00319559752568013 0.00165607770307189 -0.00199208656504261
194000 0.0526660057683316 0.253360732990934 0.00213417506097408 0.00480662639455868 0.00296680392488794 0.00383833540173641 -0.000427741020881163
194200 0.052954460784334 0.255825923774459 0.00336939939486589 0.00451829686134812 0.00637985652793646 0.00410468676677638 -0.00202925508596674
194400 0.0527948693858977 0.258596308008024 0.00486661850862732 0.00579800410715634 0.00548685200226376 0.00450909060086836 -0.0017321233806702
194600 0.0531840003398869 0.260287338657172 0.00482951551367416 0.00608284876523538 0.00446064246362946 0.00380183081033108 0.000102977785775893
194800 0.0527901562559425 0.258317431925149 0.00592624715027603 0.00637166443873992 0.00318682809430915 0.00313172156520025 0.000156613843911957
195000 0.0530112136671542 0.25714177359774 0.00353322623743018 0.00287697823987871 0.00422039257520164 0.00399468615920177 -0.00161006043238288
195200 0.0528127995176762 0.254070194077424 0.00422393545318192 0.00372519275508592 0.0033290888286265 0.00230652652834893 -0.000552770956425903
195400 0.0530150703331627 0.257740939837069 0.00590137791324878 0.00435879669621453 0.00338133552033433 0.00317944662247 -0.00101644978716869
195600 0.0529113173691958 0.257153179130922 0.00718350460773858 0.00824595785660471 0.00341234486705791 0.00363796242781976 -0.000496400679332011
195800 0.0530898738730785 0.259885883456859 0.00655671183910403 0.00549881057880179 0.00367142188213443 0.00285198686753299 -0.00126045421913999
196000 0.0527883068629298 0.253184698324311 0.00483035998836684 0.00468250435809456 0.00434136647452933 0.0029741417718932 -0.000763976236420675
196200 0.0529358767063355 0.254377113575428 0.00202062627064445 0.00194844853727744 0.00312275605824052 0.00320824042588051 -0.0016418197355935
196400 0.0527180401589257 0.252466036884615 0.00165753469114494 0.00267453738742446 0.00501343294456509 0.00241749259194609 -0.0010688370294088
196600 0.0530412949435154 0.254740546826578 0.00213205941727681 0.00425198753501383 0.00551653866586671 0.0043992169953918 0.000872913284451378
196800 0.0529082348006389 0.254759287064642 0.00450223778031469 0.00735203970524386 0.00501550661335437 0.00230593271870113 -0.00100270667326058
197000 0.0531063229189188 0.259687205303697 0.00553767903368766 0.00625121155031062 0.00363403192598487 0.00331798551272331 0.001165084543831
197200 0.0530216211282623 0.258420269274967 0.0075237323225377 0.00666064593411579 0.00331062689296093 0.00253848018344089 -0.000894308050420243
197400 0.0531812064846104 0.257720877588876 0.00258467274470949 0.00419913838707886 0.00339416785577845 0.00381027122816807 -0.000952246075253423
197600 0.0530673488773847 0.253571888680264 0.00269545928198255 0.000842900293775311 0.00350092721185506 0.00292394382951135 -0.00331623219588262
197800 0.0529785965538793 0.252817453800441 0.00152311095805784 0.000821354829620955 0.00320329209793692 0.00434393628832798 -0.00169012721625504
198000 0.0530759977200006 0.25345825004687 0.00353047684375463 0.000359830080011909 0.00237219251802973 0.00324982029301023 -0.00139896944605555
198200 0.0530953678767119 0.257005762278043 0.00334980895248169 0.00685734180544274 0.00523207687385941 0.00260135452601506 -0.00233869098980638
198400 0.0531926168545436 0.255622635733355 0.00753561234918767 0.00704080535079321 0.00417201214954819 0.00110812378988791 0.00090381728579046
198600 0.0531207468359668 0.255495203051938 0.00524695283741471 0.00583580763724702 0.00325424169924313 0.000577148959567544 -0.000946602910700037
198800 0.0531431405173795 0.256250735494027 0.00480545742202501 0.00198939276575431 0.00328976913137327 0.00230358479375817 -0.000768834479136264
199000 0.0529392626364486 0.254902377095776 -0.000283102999427063 0.00234504097344718 0.00258659215991995 0.00167506563255759 -0.000570645589002391
199200 0.0531093117746511 0.254583459887863 0.00313523107230345 0.0012119209812463 0.00373555592379723 0.00266276106290951 -0.00121814026396645
199400 0.0530287301746816 0.255461213790185 0.00206099467440444 0.00472832561318898 0.00389943445097157 0.00373540192684576 -0.000576968243014586
199600 0.0533191177321515 0.257434626230459 0.00472795824995836 0.00275759956987369 0.00227063750648223 0.00311421567731923 -0.00143091893824205
199800 0.053287865575018 0.259467853030177 0.0055777193843576 0.0068691336647545 0.00419412786312869 0.00226950469891632 -0.00233205146764283
200000 0.0535408473733645 0.259873588956945 0.00719667842334163 0.00453338682347458 0.00258245369740474 0.0027066661826571 -0.000812415911239711
200200 0.0531582266798636 0.253235811027757 0.00376395290296263 0.00276160533363371 0.00245898237763364 0.00333604833005502 -0.00113460724358252
200400 0.053335463978691 0.254747880061788 0.00194785730202875 0.00161200617946522 0.00398258905643459 0.00256160619903028 -0.000856083910751654
200600 0.0531680385828537 0.252718855511061 0.00376298471362216 0.00262305147321261 0.00399655408534972 0.00487388448497806 -0.00174057391340279
200800 0.053428961215042 0.256951573162853 0.00310265544881269 0.00300001791770513 0.00510671090260163 0.00425376354888738 -0.0020737128675406
201000 0.0532827287090017 0.254781302490772 0.00509154874004604 0.00454146025480423 0.00372999526993744 0.00449798585508989 -0.00263613456318105
201200 0.0535311032227032 0.25543588269889 0.00208600073277939 0.00434809113306171 0.00231792715271281 0.00390642454183181 -0.00089446598170295
201400 0.0533504834265038 0.257016518102842 0.00860372862317652 0.00519799314482028 0.00275453608161667 0.00254661862477846 -0.000723428136547086
201600 0.0539816633740479 0.263049510172498 0.00537559549883552 0.00647961925106625 0.00526042936307093 0.00201563110541096 -0.00113286348326751
201800 0.0532625887449146 0.256272257497954 0.00579729179738098 0.00620684876704069 0.00456433507504851 0.00208217860548418 -0.00061246065555398
202000 0.0535269028218792 0.257230220612475 0.00427739413232469 0.00424819122817939 0.00325223167376473 0.00314490857428543 -0.00194666592221897
202200 0.0534502364628637 0.255360285569468 0.00393998799147495 0.00300655856290038 0.00469378320581124 0.00341067236175232 -0.000928652891831187
202400 0.053465292532977 0.253754831788554 0.000451292255049093 0.00229103366112184 0.00307622360494795 0.00485821594411923 -0.00188831700189
202600 0.0533616735824657 0.252532874525916 0.00244528447436819 0.000271647911603545 0.00357686561159213 0.00334379949741586 -0.00219924742447292
202800 0.0535811420447345 0.256156010727273 0.00307085120542094 0.00148150393225559 0.00323024076756604 0.00201541279037262 -0.00113791299783502
203000 0.053595983542814 0.255882030423584 0.00878567630778474 0.00604030341872563 0.00437179688030825 0.00259359375273635 -0.00211853185799089
203200 0.0535915088876178 0.254466408152889 0.00847020276017459 0.00636971438544979 0.00308035372248499 0.00364185284709927 -0.00297561808743815
203400 0.0535157725339179 0.255942090742941 0.00489892965882336 0.00400285991802878 0.00288107735372224 0.0040257165427149 -0.00272058524101513
203600 0.0535532065438074 0.254566692562333 0.00308435398783345 0.00122353500667751 0.00477849893166895 0.00344138308087876 -0.00314845588801008
203800 0.0534605441781879 0.253528247772562 0.00140715442772873 0.00311032964221164 0.00509143982917083 0.00343448095143718 -0.00153451007468553
204000 0.0536340795379104 0.256351518237873 -0.000294611133378838 0.00242970863592421 0.0038065899768548 0.00369715871781488 -0.00232533636043123
204200 0.0534626855400705 0.253206621569728 0.00455483816466635 0.00660908376679761 0.00385781201890697 0.00334814588054258 -0.00155691080890595
204400 0.0539772644583886 0.257411783054258 0.00368266186297263 0.00595027667696172 0.0038690782876347 0.00332481426892462 -0.000400880871202317
204600 0.0535570896260803 0.258177747354363 0.0067714498733787 0.00887266522335006 0.00245784348574258 0.00398535491089303 -0.00112407971061249
204800 0.0538205284338733 0.257681305219806 0.00625056421624308 0.00335634072573655 0.00353597133525128 0.00316614121253813 0.000291443376715095
205000 0.0535816164604204 0.256925306646501 0.00359219187225974 0.0044171086036901 0.00568994166550822 0.00427726314033997 -0.00054909497629808
205200 0.0537679018334801 0.256806384125795 0.00134837354939974 0.00109492599655719 0.00522760721285242 0.00201110717776067 -0.00031701053884949
205400 0.053598127895589 0.257238442021382 0.00219237283550811 0.00347440139190407 0.00332402809123818 0.00264790627067517 -0.00165825895301086
205600 0.0540047529954489 0.257490099405432 0.00445180764921516 0.00202892237007361 0.00357868288443468 0.00351639181888162 -5.48186209232743e-05
205800 0.0536060477543775 0.256776692743378 0.00839406570398413 0.00888982703928826 0.00347508902403681 0.00296888356066283 -0.00121602026990297
206000 0.0542635626458105 0.259054111455295 0.00288779898568912 0.00520060510334445 0.00349383844877305 0.00358931261488855 -0.00124632761725815
206200 0.0535902926015845 0.253502009238426 0.00420087950765098 0.00454862696339778 0.0037363187458066 0.000258457505557165 -0.00211887792515703
206400 0.0540522025323799 0.254514386187692 0.00199200085439641 0.000393423725527917 0.00443816586414086 0.00131488916658492 -0.00210290217756233
206600 0.0536997381763398 0.254643872135838 0.00237029264876937 0.00246733084912305 0.00525394870852542 0.00401519954774757 -0.00223951831549611
206800 0.0539660187269674 0.256223724902765 0.0024486270835563 0.0046872165827803 0.00435832097168553 0.00295542542487431 -0.00195542281603994
207000 0.0538924716597942 0.253012954554486 0.00445331015666598 0.00581173313789527 0.00616689498098434 0.00377049757669463 -0.00184186191310909
207200 0.0540192654565761 0.257100549128035 0.0046472498564101 0.00607960372090666 0.00292086559528957 0.00455435333789986 -0.000719443331193046
207400 0.0539173955785163 0.256174995911416 0.00517361651287191 0.00554999287863535 0.00536116491365224 0.00350221017993992 -0.0025474842492933
207600 0.0539177789445233 0.251486910598089 0.00452661677403404 0.0047768719926156 0.00470424901296104 0.00321068236894765 -0.000753828515761945
207800 0.054016247856591 0.255400362667114 0.00400575971491115 0.00360466374934201 0.00408703025966293 0.00371707861612723 0.000140578945204783
208000 0.0539605095053295 0.255081402323666 0.00310435021632577 0.00303445304156855 0.00381913569168472 0.00115894174903324 0.000633207065186099
208200 0.0539896859856714 0.253939886097222 0.00361587255859179 0.00354872391819227 0.00409954166189292 0.00143825010436036 -0.000275927174490929
208400 0.0539701814711159 0.255845221213083 0.0041653702902415 0.00316149847423644 0.00669561868991583 0.00334875092043549 4.84840538412765e-05
208600 0.0540180803818686 0.258081176282454 0.00423294431710229 0.00629233890884793 0.00516059098435625 0.00334174245775541 0.000460929271907915
208800 0.0540696105820745 0.26024141124285 0.00413455294235406 0.00806074801217635 0.00492010392385558 0.00237532617613482 -0.0021790618798858
209000 0.0541972796746358 0.25753117016822 0.00646997844418357 0.00408784361152102 0.00328584037243515 0.00185938639593867 -0.000374496836088066
209200 0.0540633555518542 0.254428894675056 0.00517031254786076 0.00180770856153007 0.00382027767393683 0.00307723356472506 -0.00244120780887943
209400 0.0542663563528331 0.254218680700557 0.00507099538646055 0.00180672863310613 0.00389177716156969 0.00229774826868582 -0.00123051771117032
209600 0.054058973126912 0.252126702232248 0.00502959257464292 0.00697503951001806 0.00439402494621681 0.00461840761022501 -0.00333623639147237
209800 0.0544499227341947 0.256750210550191 0.00266982563973099 0.00404823785696999 0.00520946361900452 0.00325906780667221 -0.00180583320516087
210000 0.0538940562805476 0.253382665711433 0.0037918809691453 0.00511950567958201 0.00546956703693911 0.00317740655525842 -0.00102292722115019
210200 0.0545458670573122 0.257312980355458 0.00340790854593147 -0.00127696228351394 0.00586517795024357 0.00373812515467269 -0.000241196753489184
210400 0.0536755330635344 0.250230103037097 0.00275833806984272 0.00608846566227858 0.0048846400757725 0.00291487751511416 -0.00102832876327638
210600 0.0545328757937371 0.256549052736911 0.00438727501439339 0.00357899307736941 0.00499644639507855 0.00351945376541557 -0.000219639039956818
210800 0.0541504042437871 0.258325786431916 0.00606363969334556 0.00308652889089619 0.00431549082076395 0.00319861332845812 -0.00186338057253425
211000 0.0543980428768336 0.25631125302477 0.00571204121686129 0.00449490039328629 0.00494132097501123 0.00379918463604388 -0.00140283029412254
211200 0.0542028870374009 0.255716485037741 0.0034962878470276 0.00490854544740021 0.00509943938989866 0.00297187919149918 -0.00242576028770089
211400 0.0544175148832105 0.256669919749441 0.00196355537178756 0.00314507900990502 0.0050915987695331 0.00325870023379616 0.000338661372428208
211600 0.0542022796270187 0.25443339751121 0.00022895767582371 0.00128003997151172 0.0060585372614454 0.00344245035180893 -0.00227426412920018
211800 0.0543141229466279 0.254458371722932 0.00334491755937391 0.0018594588958479 0.00454756655394319 0.00220394748097258 -0.00235258814482929
212000 0.0544652928107667 0.253567539163271 0.00450690166943382 0.00157347803423961 0.00479156978989541 0.00206323852280748 -0.00139459768899452
212200 0.0544510470395287 0.255168104512444 0.00587810502205988 0.00481193671161922 0.0039451235778399 0.00393290287412196 -0.00104376562856766
212400 0.0546888303636994 0.257892999627691 0.0066783484835656 0.00598345671099949 0.00474643404274565 0.00410959414014949 -0.00105476541242477
212600 0.0545543885447726 0.256576583983813 0.00560547995778794 0.0063088792943016 0.00508137246304513 0.00206486871560214 -0.0017627502290236
212800 0.0546889983539249 0.258017975034585 0.00621610031401235 0.00709125534842348 0.00271714354356444 0.00310259137919308 -0.000267209220931522
213000 0.0544748698943812 0.253533700199159 0.0045846089297895 0.00390933695075876 0.00409327717104747 0.00406421608117453 -0.000623010577603778
213200 0.0545884331882727 0.254786972952909 0.00352314304415997 0.00548607587655983 0.00588098953108062 0.00368390154488736 -0.000708556639218914
213400 0.0544773540214621 0.255235217423598 0.00386736079028179 0.00232118568948603 0.00593469665721328 0.00341706607914223 -0.000944858114936986
213600 0.0546322631517762 0.25333992496067 0.00386594133029732 0.000146956405865428 0.00457886082448842 0.00459814441732919 -0.003121448183399
213800 0.0544632973616181 0.251877708223512 0.00245102645929112 0.00116797169314684 0.00401374192094135 0.00383260871597807 0.000142698220632884
214000 0.0547974359899245 0.25740103073178 0.00359306669447479 0.0048563407684047 0.00353288103839799 0.00228054966648878 -0.00133455288389906
214200 0.0547061979984105 0.257663484653276 0.00834190800441947 0.00611840248092439 0.0037766112599066 0.00291275544561484 -0.0014382434467906
214400 0.0547551174322826 0.254957005066977 0.00742200908787365 0.00575102343632716 0.00329649857573063 0.0036543679558413 -0.00208748401817082
214600 0.0547710591489684 0.255986630441242 0.00446848108531231 0.00583859268505288 0.00421373197768105 0.00309808040643015 -0.00247947231568068
214800 0.0546874645290024 0.256443411877819 0.00356532402127471 0.00341586678611455 0.00548830105607259 0.000746051075531781 -0.000399015936654543
215000 0.0547154851158851 0.255242474858295 0.00091008182668674 0.00185769356240023 0.00357776866303578 0.00290754225311402 -0.00127543492859292
215200 0.0546534606467074 0.256045838866292 0.00157603422501125 -0.000624069074381224 0.00202175436702166 0.00168067781612835 -0.00111376259271883
215400 0.0546448613695406 0.251477742524595 0.000476700956270867 0.00592218396132314 0.00592105440660656 0.00240977981439889 -0.00245757981380468
215600 0.054830684372015 0.258561734739599 0.00487616615044182 0.00685432729072081 0.00614901049828983 0.003227109928579 -0.00187766304651564
215800 0.0548587178958881 0.258871341696949 0.00614270773229488 0.00696305853764869 0.00434696630372487 0.00203378521676003 -0.00278442863368822
216000 0.054915873133035 0.255919407743719 0.00429233543518929 0.00298943566057445 0.00550836044556575 0.00253397084586674 -0.000572495590352794
216200 0.0550375563117599 0.25666783293798 0.00428702008038096 0.00412933301933004 0.00460242583022574 0.0026567415310713 -0.00102150111856465
216400 0.0549217679478283 0.255042458967196 0.00338731995736179 0.00394499431687578 0.00481050613000252 0.00253121029620574 -0.000817742614237367
216600 0.0551071181055824 0.257017470745436 0.000367418680108878 0.00439095471740634 0.00559029114255255 0.0036158344097901 -0.00141070890268575
216800 0.0548984930330027 0.257837815379481 0.0088035111512278 0.00284628541654445 0.00708962849817525 0.00320954202374603 -0.00302923338844333
217000 0.0554360144784699 0.260995491026119 0.0027257738656211 0.00974224654120981 0.00571901721154105 0.00080520766037476 -0.002003818279396
217200 0.0549983068546817 0.256225893029589 0.00532147597572966 0.00262690932806207 0.0065383584485805 0.00129348093670311 -0.00244778993795374
217400 0.0550751855165513 0.255851101442351 0.00257023513205991 0.00768082071616946 0.00587331742550728 0.00251913472944147 -0.000886065869003893
217600 0.055047947009889 0.255040915443781 0.00466828558021474 0.00462835735096329 0.00626315051134797 0.00200450564313248 -0.00163853386949531
217800 0.0549931902951682 0.255542535305506 0.00128390500247794 0.00321469228370301 0.00446722303071566 0.00215768769296166 -0.000942669708744681
218000 0.0552305051138247 0.259212278758725 0.00359281549106806 0.00328626697588279 0.00410458663140489 0.00353112076775674 -0.00198635876247845
218200 0.0549780594061048 0.257274085372658 0.00323817906722032 0.0047022770754095 0.00562792003837748 0.00283802844706153 -0.000920487079961352
218400 0.0554191142018458 0.261199566849059 0.00608718054022014 0.0059986142657695 0.00606325039565949 0.00322539390099238 -0.00254933758863851
218600 0.0549743014565333 0.256336118402715 0.00505432962639015 0.00669665024949515 0.00572444831400109 0.00292629484209324 -0.00328093484601658
218800 0.0551303459362308 0.256292364191163 0.00215350057129561 0.00253778420451816 0.0051644196000273 0.00334193871052212 -0.00106030102547518
219000 0.054908521537437 0.252358126089094 0.00214980971933985 0.0014403534437889 0.00617193588124794 0.00194588062271216 -0.00188198560171215
219200 0.0553577801103039 0.258193388585716 0.00166371589317655 0.00354765229422707 0.00416455076095534 0.00220686073939038 -0.00100785278993797
219400 0.0550659656452454 0.256571503671843 0.00715882987543706 0.00700286495023902 0.00439998048498293 0.00212521461126015 -0.00127337758673185
219600 0.0554976144343337 0.258806576074379 0.00692441626736201 0.00303016204721538 0.00546198664806154 0.00480409757545131 -0.000765802600460272
219800 0.0551368279799479 0.255332246119468 0.00440552578419321 0.00655096746180811 0.00641865828085289 0.00398867073593136 -0.000635227578846023
220000 0.0553823444215304 0.25671160079902 0.00292123211149115 0.00187163641024973 0.00470248128074596 0.00366106353613968 -0.000777313814874409
220200 0.055122661523121 0.252914209259159 -0.000948445969626094 0.00479912796674045 0.00583158686903837 0.0038142190247162 -5.69231604464095e-05
220400 0.0554186684260017 0.25884397877951 0.00270428995625226 0.00305144042644759 0.00497010939415921 0.003053454443827 -0.0014152761328074
220600 0.0554127756965692 0.258548860229772 0.00500110129232291 0.00897948105106454 0.00459429491344925 0.00327067128314753 -0.000363729701900311
220800 0.0554095843124797 0.259421042679429 0.00973616363348532 0.00601966755831937 0.00370548962931744 0.00399086569443473 -0.000347842181847429
221000 0.0554055386731285 0.25957344379891 0.00360232126712804 0.00742160339900769 0.00558206092066087 0.00296384625221241 -0.000740348274763941
221200 0.0552583047334572 0.254551004002664 0.00502654815602137 0.00379187463066277 0.00494382824805997 0.00347047325164256 -0.00143739531699799
221400 0.0554752466853274 0.254983175539727 0.00297816993190761 0.00202926132415858 0.0057657405200899 0.00235364781788606 -0.00176592737855924
221600 0.055280141383042 0.254655059742414 0.00559456671622041 0.00314150515635575 0.00613908272060543 0.00338415894172627 -0.00119959787017639
221800 0.0555529892708958 0.254836135267005 0.00275836284301865 0.00258230072237296 0.0035711678016221 0.00137770941187356 -0.00216990237702388
222000 0.0552962418169703 0.255331646999689 0.00643021596449964 0.00507634432629405 0.00467787286257396 0.00388263161543129 -0.000807026190327876
222200 0.0557752559635133 0.260130253905832 0.00611032544870493 0.00486171417950647 0.00213061420341957 0.00369539627964931 -0.000144033576061927
222400 0.0553165171899352 0.254453372865581 0.006033979417246 0.00356750562304096 0.00341719045567769 0.00344963984825209 0.000821200328388566
222600 0.0557713709693694 0.25713802207133 0.00375420936492205 0.00545912071734363 0.00458176157509399 0.00331318538091323 -0.000808737928930682
222800 0.0554020436038049 0.252753010763322 0.00588824517738701 0.00487445810939077 0.00382333632649955 0.00277074899985773 -0.00261714269154508
223000 0.0557047140214376 0.256892218178258 0.00193541671785921 0.0036420502270985 0.00430501250500826 0.00375268975296061 -1.74700003960567e-05
223200 0.0555137305840517 0.257191296022891 0.00366412140223615 0.00428541242090946 0.00521893934800824 0.00338675782221578 -0.00101996502603676
223400 0.0555722264655155 0.25506354539412 0.00361689265276173 0.00339973361609571 0.00572564513790122 0.00428005920825143 -0.000894152860863927
223600 0.0556308325015247 0.256639470589805 0.00654732435150099 0.00470624773212132 0.00570111336026912 0.00270301809911935 -0.00134962463009938
223800 0.0556526643440459 0.257464359840581 0.00602156383085892 0.0036129148893953 0.00676904482993336 0.00188970513428919 -0.00294547641824093
224000 0.0555053111801624 0.25384242480835 0.00600191941418973 0.00246176833862773 0.00392199616274547 0.00304439534120905 -0.00333539621863423
224200 0.0557370158510041 0.254794131289765 0.0016338486655848 -0.000105454327681653 0.00369910907199601 0.00285770254382135 -0.00306871440317585
224400 0.0554544075663562 0.255722804998515 0.00191841475441436 0.00084519203401368 0.00400299552541545 0.00262981143354542 -0.00187061354750645
224600 0.0558451311672209 0.258735013421921 0.00118139472383493 0.00164107530430099 0.00519671423836237 0.00293884002073959 -9.35196857110945e-05
224800 0.0555856266960689 0.256332242563438 0.00672915824740943 0.00597659617859605 0.00347928274330309 0.00325488983555412 -0.00121118092262321
225000 0.0559723158858784 0.258984689702685 0.00593264910121185 0.00134510039843573 0.00453343423855197 0.00259779591045625 -0.00163645110243522
225200 0.0555122959499031 0.252143506301106 0.00371104415598879 0.00319679378770452 0.00504822062709289 0.00241623499066441 -0.00102959361265011
225400 0.0560251814919227 0.258627909715314 0.00185416172039453 0.00317442695149167 0.00487602841413635 0.00197375123393057 -0.00148382539408783
225600 0.0556141052684046 0.256782502069336 0.00440110934803536 0.00541752929719973 0.00500164660778865 0.00479771930787845 -0.00244504460194137
225800 0.0560582899512046 0.258077053360006 0.00485827396477637 0.00248472810493198 0.00561362599995391 0.00262339965112576 -0.00064166309567096
226000 0.0557754992127781 0.255873745706912 0.00490756338467352 0.000274724875077899 0.00428453124379874 0.00200998284015001 -0.00172685533444245
226200 0.055996172359306 0.25745710178479 0.00240448825409232 0.00154550787161266 0.00510798486543602 0.0024119777172513 -0.00239856515726632
226400 0.0558744132909856 0.256731137979889 0.00451754889247649 0.00429531489398667 0.00448661790867472 0.00442537124566178 -0.00231170856963925
226600 0.0559959454381367 0.256790161231081 0.00431016743374038 0.00484903909873966 0.00608131119462646 0.00381436864525358 -0.00232038454278096
226800 0.0559554879744262 0.257457309093498 0.00571658790252373 0.00619043912942242 0.00743830542828901 0.00465258994690513 -0.00276698241326327
227000 0.0561780669237669 0.258770097951948 0.00447990207835639 0.00542247182481021 0.00571186708854103 0.00409448621384351 -0.00224396917187092
227200 0.0559503663671569 0.256605903755049 0.00558555642625244 0.00438328534898427 0.00708580539971351 0.0026189212332645 -0.00311253773235893
227400 0.0561346571296396 0.258406562921567 0.00432768027440523 0.00474858680338345 0.00739942859663875 0.000861951415653353 -0.000794052456057757
227600 0.0559927064370558 0.255095958911004 0.00252604020184859 0.00417594304381127 0.00521128136347353 0.00154904980911679 -0.00183691973723849
227800 0.0559736749124022 0.255614130409262 0.000946861767097825 0.00084668126302507 0.00639868200790103 0.00232870055328861 -0.00102241981004103
228000 0.0560807139577959 0.255333297361403 0.00230081618603641 0.00219451309955638 0.00758052178967482 0.00257457142559251 -0.00157945694801187
228200 0.0561022496789424 0.255683017435212 0.00541492785919938 0.00344684655621825 0.00525983446990767 0.0041289795662056 -0.000519393923169329
228400 0.0560944291061913 0.256333704002964 0.00476120888936292 0.00402155527429425 0.00685225427922493 0.00308281249382342 -0.000841511862221231
228600 0.0561148327499643 0.257367593217009 0.00261685719223723 0.00574219510519088 0.0060079664238909 0.00521796581694525 -0.000780426257503312
228800 0.0562687123265464 0.256573448846089 0.00293418080094076 0.00518002471446185 0.00710803803809896 0.00317164067570301 -0.00203819430931754
229000 0.0560726820547437 0.25781076851833 0.00344684044435109 0.00172762150867459 0.00643239601588332 0.00297821699644072 -0.00266820443020496
229200 0.0563485255047943 0.257709893124572 0.00156714225831642 0.00282482020346918 0.00507032770965076 0.00462375329442464 -0.00240676438183087
229400 0.0560733414330216 0.255510563808548 0.00520995313407112 0.00642065992907804 0.00704189758872655 0.00425673340189706 -0.00225001829393587
229600 0.0563504609471574 0.257038516244083 0.0032595956128748 0.00465432529234903 0.00700703344985035 0.00347604204735772 -0.00234163812497999
229800 0.0562425258097904 0.256283786124926 0.00300864485210493 0.00520123849454437 0.00847646565563032 0.00414648276519561 -0.00136088351997315
230000 0.0563592983260354 0.259434039805881 0.00349269503089657 0.00548014193546094 0.0076585636066701 0.00470664790964169 -0.00151649881668315
230200 0.0561358437859396 0.255367997534979 0.00687883934727049 0.00512070359961593 0.00512581125347874 0.00425834338438277 -0.0023861101842427
230400 0.05640909391809 0.258129378671096 0.00398547891154186 0.00354093545055755 0.00489352047157586 0.00265362100333915 -0.000967215346920152
230600 0.0560865045894966 0.25555569550868 0.00509741795243061 0.00219613730504089 0.00420170717535147 0.00433728004911869 -0.00130515865411141
230800 0.0564760860501399 0.254628426500129 0.00250440530009389 -0.00184892510823511 0.00685214779161417 0.00434078061605188 -0.00171056756974148
231000 0.0560866112044032 0.252715464871669 0.0023439096722657 0.00286305632442732 0.00526423516633632 0.00289746891752883 -0.00238518044300169
231200 0.0565177010361104 0.256262884957376 0.00334014644859563 -0.000287302042110375 0.00612399251726745 0.00352139165268092 -0.00206674231661142
231400 0.0561983102198826 0.255244921223279 0.00506393756087653 0.00508137822214141 0.00631335542140075 0.00398902815313494 -0.000805286041652298
231600 0.0566518080714239 0.258189264458619 0.00551675600746521 0.00266576191222396 0.00668644784076578 0.00379662553625905 0.000397319359073474
231800 0.0563037917243447 0.256502753378821 0.00730189791765026 0.00802310081341846 0.0068259729347578 0.00333653411263346 0.000853529724358891
232000 0.0568057499960995 0.259999462434244 0.00613681924975091 0.00627130425974232 0.00673918007632573 0.00265345507504361 -0.00192489371301209
232200 0.0564481831575687 0.254581215952614 0.00614042440261319 0.00670353335442667 0.00604377221896022 0.00254781667783381 -0.000290248432210858
232400 0.0567217323212609 0.256711894454094 0.00642803241610588 0.00579085070012453 0.00733123839245003 0.00216770013537377 -0.000861556641963369
232600 0.0562875521060019 0.253522880891397 0.00442724781245427 0.0039387276371237 0.00517830209876766 0.0021151112767852 -0.00134992088317857
232800 0.0565717598293361 0.253372737900441 0.00227425520352807 0.00223760516795365 0.00578653972520676 0.00356059954863681 -0.000221440359856698
233000 0.0564196592819094 0.253399669001728 0.00488092924537201 0.00193104975010197 0.00565063437450632 0.00331777758173184 -0.000648452810657121
233200 0.0566253942940593 0.25473525074335 0.00664687724420798 0.00315854591914772 0.00600677941273804 0.00293098703807802 -0.000396969240881432
233400 0.0566355309210336 0.255926320655491 0.0061712394186437 0.00709603775894047 0.00546396335571895 0.000833657996742734 -0.000242027584013508
233600 0.0567226179752866 0.256703129580134 0.00526261939346271 0.00458781157779198 0.0046139619044059 0.0026633410951103 -0.000305861687045116
233800 0.0566968824557859 0.257775941946453 0.00404039389451648 0.00532278722243091 0.00582104569044818 0.00223483817360312 0.000392530263141091
234000 0.0567968631737128 0.257836408612951 0.00312056076180802 0.00424834075904372 0.00322674812127414 0.00249422089893877 -0.000253358721592117
234200 0.0564502418614405 0.253701611905546 0.00190815569973743 0.0027547829225224 0.00399234198222223 0.00240871780104314 -0.00159149909865942
234400 0.0567934568352065 0.25892483970706 0.0016262945379397 0.00217449673028919 0.00508405983530604 0.0030185425322653 -0.00126982733250593
234600 0.0567028814227999 0.259562612627748 0.00483703089383432 0.00112208720684872 0.00604961460240416 0.00296093159198171 -0.000655325610529611
234800 0.056757711847641 0.257726555263938 0.00602459047416009 0.00582220294176142 0.00632647964494475 0.00251477625737728 -0.00196672915222875
235000 0.0568726076962637 0.259192958643989 0.00864414315860299 0.00393684013472486 0.00659205311302309 0.0011440413590581 -0.00105168790449913
235200 0.0568093562463939 0.256474176178606 0.00634783291685201 0.00595066061898295 0.00579973385672643 0.00118675098274109 -0.000938009613838535
235400 0.0568301340605878 0.255898958869738 0.00416403810579669 0.0040173542311665 0.00567626813727109 0.00325326490765627 -0.00227390561583886
235600 0.0568971547936733 0.257624195316982 0.00628076154416109 0.00131129131996613 0.00554387762021507 0.00276178826585043 -0.00239956435498234
235800 0.0568439960492232 0.254354288155736 0.00512681536153601 0.00507565190193699 0.0064168869515355 0.00279743415345275 -0.00119588845512296
236000 0.0568485630285107 0.254825370054564 0.000587956042324799 0.00640266091367595 0.00516042440442828 0.00350387351047778 -0.00153753154392478
236200 0.0569469925921777 0.259088817730416 0.00440978049089062 0.0088278147184811 0.00653329099013514 0.00366325813963979 -0.000968386075558271
236400 0.056954420669934 0.259161213369458 0.0075780859408677 0.00415046580220786 0.00437584242684082 0.00263081149078357 -0.00231567526982009
236600 0.0569627215991841 0.258133389833251 0.00576722839066876 0.0048262399627062 0.00525131903623282 0.00168072566258311 -0.00122837735940913
236800 0.0568175236681789 0.254561421494948 0.00424707826237104 0.00374429779378832 0.00497728615683223 0.00191365718673445 -0.000484250788766985
237000 0.0569378139442977 0.256417691416155 0.00101553040900556 0.00468694201223785 0.00676539636658089 0.00409534175498194 -0.00134200288767573
237200 0.0569362029357163 0.257269530388114 0.00486235619156951 0.00537363622464093 0.00646720054580375 0.00394096388495887 -0.00139141631426693
237400 0.0570936269691981 0.258713986851177 0.00536923639200135 0.00580491727859776 0.00565703481181865 0.00379547143751184 -0.00103329110417561
237600 0.0569340617821672 0.25690414631637 0.00656229821633579 0.00255275235654202 0.00589408634763479 0.00369745356548203 -0.00314208224533645
237800 0.0572125112919218 0.256107066566761 0.00532458651144147 0.00408285457579633 0.00547753326964938 0.00183043751199063 -0.00211684054830188
238000 0.0570398138833732 0.25712179175527 0.00597888350038917 0.00455198626872215 0.00581001297036637 0.00293308744252124 -0.00241426437069005
238200 0.0571163470498348 0.257397914709568 0.00241806136655409 0.00522614464752851 0.00704777987424096 0.00181834706497515 -0.002324353206519
238400 0.0572558280331321 0.256743370041103 0.00633184005885667 0.00639110384764768 0.00395072273196733 0.00367798421852008 -0.00186745124360367
238600 0.0571344070275087 0.256979563947632 0.00506921034429971 0.00416040298224708 0.00404796977278092 0.0020131050778348 -0.000944116634332427
238800 0.0571968687616741 0.258205742325821 0.00645802121443603 0.00417270401122349 0.006234493350066 0.00230500747226931 -0.000976947505481681
239000 0.0571591505143608 0.256427480358808 0.00351036893659125 0.00612389966572693 0.00421523183428121 0.00357152313149977 0.000831148993008991
239200 0.0573279630315806 0.260538032676167 0.0049664546414027 0.00744486012584105 0.00526506654920008 0.00120678849870543 -0.000805008513071062
239400 0.0572331987040191 0.2591629238893 0.00259393087454046 0.00788681577807222 0.00540243103793389 0.00299491570577348 -0.00241820530584193
239600 0.0573039261302165 0.256876442460715 0.00319395892439113 0.00524971235485217 0.00674152108483992 0.0025789631544275 -0.00105032012693421
239800 0.0572568961612974 0.256463679807341 0.00213736801779211 0.00576712967520836 0.00640100377231087 0.00242413244026722 0.000761920586098172
240000 0.0572221056826096 0.255988632116003 0.00472593570844078 0.000892684265766149 0.00746542325450267 0.00466820222419584 -0.0013543915890673
240200 0.0572417254662567 0.255938496453562 0.00185792251959306 0.00652529734250572 0.00660129643185681 0.00223858653018288 -0.00220582247449467
240400 0.0573802318940074 0.256100307821918 0.00504525240359435 0.00257688771389928 0.0054752711650398 0.00185642293414646 -0.00125882953358081
240600 0.0574531978738312 0.257849096910114 0.00668250275373763 0.00590166353769571 0.00385786242350145 0.00231438723896054 -0.00129013870982193
240800 0.0574415266748027 0.257794272671782 0.00989728438194704 0.00461922218982039 0.00488804699643032 0.00231848461063016 -0.00347160831844788
241000 0.0575085245181703 0.256664086556117 0.00703690649975469 0.00473795856282678 0.00567308280236383 0.00214560176326981 -0.00227153246902601
241200 0.0574559105626338 0.255970739537635 0.00787383979885353 0.00419783045402873 0.00558151477207354 0.00148829225071365 -0.00345392290113104
241400 0.0575490903729667 0.257473970427616 0.003145919507054 0.00465545281982483 0.0063634407196137 0.00112561853234803 -0.00161548794341852
241600 0.0574002868667739 0.257491673332467 0.00431241929013242 0.00319274294679663 0.00476413212936433 0.00345037646315267 -0.000454739541605879
241800 0.057495733410822 0.256526549850586 0.00433039950818701 0.00279297213108741 0.00579542471711517 0.00167834662025702 0.000655514152307717
242000 0.0573730658856856 0.255286010014647 0.00297935583820284 0.0047569451503682 0.0035994518165187 0.00258276577544018 -0.000569037939021158
242200 0.0574864400541652 0.256670131279801 0.00408659978211308 0.00387912876514367 0.00523807752118877 0.00356425312627232 -0.00164232277368364
242400 0.0574383751187534 0.257559397325443 0.00619441626118761 0.00451694554925922 0.00456835800447092 0.0021718493266857 -0.000276926633370047
242600 0.0576550389438775 0.257979231931785 0.00740981285207375 0.00566092971312797 0.00461341924713563 0.0023776405647044 0.000863524411900448
242800 0.0575249432216933 0.259789790158205 0.00492255925698545 0.00551349899905978 0.00448930173895423 0.00286364815468291 -0.00144400152482008
243000 0.0575563440107989 0.257721787852675 0.00412843639539813 0.00313205468013663 0.00541995345909701 0.0018146966781365 -0.000899833430444515
243200 0.057427285589514 0.253757305252258 0.00214876346831264 0.00382115443496315 0.00691759600641901 0.00203076285079611 -0.000821609562088696
243400 0.0573861361826445 0.255595003627091 0.00211840065258899 0.000742710924012271 0.00665446275344575 0.00241647913821273 -0.000865019054677717
243600 0.0576285717506374 0.258500373935282 0.0030136821369806 0.00294654298681707 0.00722412967121801 0.00180924467699613 -0.00107384830698354
243800 0.0575145956429436 0.25657904874608 0.00341045460920991 0.00666434633431511 0.00659687149523924 0.00284794642059013 -0.000952163068570179
244000 0.0579138410028955 0.25983507129144 0.00526172219802971 0.00644861893490186 0.00584968120755223 0.0033771036787675 -0.00269347518901234
244200 0.0573586089327994 0.255052811196068 0.00407516317785584 0.00644538323253984 0.00737199765352127 0.00308068490237394 0.000275709800508227
244400 0.0578030328297938 0.254733288050755 0.00367779601310165 -0.000379795144553386 0.00584392020664704 0.00341681935346212 -0.00151933852053735
244600 0.0572645722625987 0.25168954592648 0.00509723525672105 0.00196179287479407 0.0054246201392703 0.00181444261090905 -0.00252459923063814
244800 0.0579211110083039 0.255458898009874 0.00280355951424324 0.00558619898652219 0.00452419142857606 0.0027600712231746 -0.00209817341900725
245000 0.0573657144889843 0.254202283543172 0.0070172950940393 0.00192461384359399 0.00503276383136494 0.00338892349699665 -0.00159889641628101
245200 0.0579415088473061 0.260280925658697 0.00200712791506457 0.00350973288298438 0.00563001739064547 0.00370625009363569 -0.000663251408059081
245400 0.057406313796098 0.25511100444998 0.00428188575452765 0.0054563120597604 0.00612908870376243 0.00303420019067454 -0.00185042038516527
245600 0.0581721025706113 0.259533086810199 0.004719428449382 0.00441214778116215 0.00558256757243339 0.00505540349172158 -0.00101464526998285
245800 0.0574093008406935 0.252880406300573 0.00659770767471316 0.00669081337665797 0.00554420625650222 0.00478612642985605 -0.00290316221968993
246000 0.0582500304182882 0.260758787744355 0.0027092259866904 0.00168437544273348 0.00662239048579755 0.00253585428882197 -0.00266465240958047
246200 0.0576554186808459 0.254221439711805 0.00521764393460225 0.00613185865714799 0.00483421323852435 0.00191626381374172 -0.00342653235866672
246400 0.057963919059289 0.257314456362747 0.000984098761418664 0.00312817069976857 0.00313830457898824 0.002743579330952 0.000148676873778994
246600 0.0575104063430241 0.255732150158042 0.00485016039837508 0.00320753594534499 0.00475361395720341 0.0035792839148195 -4.47875167071531e-05
246800 0.0580699882695369 0.258563684682419 0.0022676050279032 -0.000507975142400089 0.00581452731168078 0.00262929178519699 -0.00270162108563963
247000 0.0575874209086218 0.255861370252605 0.00403242858717897 0.00521088352084736 0.00578577119453509 0.00232380320680815 -0.000796094864851988
247200 0.0582166632962235 0.260845100063758 0.0038942854454496 0.00387663527646129 0.00528713806139113 0.0027390644896878 -0.00256753619737341
247400 0.0578349764379502 0.259352123817558 0.00578941965647042 0.00565058803917719 0.00652186909468153 0.00380483533845039 -0.00209110633875709
247600 0.0580769915730402 0.258927484080838 0.00729526193557593 0.00484484193709873 0.00600146574621635 0.00190314217211055 -0.00164109012040404
247800 0.0580406877588084 0.256343704594672 0.00450715412996377 0.00511084488426216 0.00342548875694185 0.00478095142864151 -6.58829447984229e-05
248000 0.0579764578700146 0.255289473354466 0.00187101650371694 0.00488819304112856 0.00566948992127128 0.00354852180714771 -0.00115259988402805
248200 0.0579446653322774 0.255269173812672 0.00251829231112436 0.00437326062234531 0.00682579124544079 0.00377668264993352 0.000261130832316804
248400 0.0581825874261236 0.259257673292514 0.00553993017270681 0.00307215179539261 0.00530865574800973 0.00231666017531607 -0.00059574504663346
248600 0.0580536568911181 0.256952181001823 0.00640978563665646 0.00464820412513472 0.00523662053215142 0.00313486458180575 0.0007870618510878
248800 0.058293665076775 0.258858721622509 0.00412874756056371 0.00459672605611927 0.00409366177148241 0.00358075591859315 -0.00157238442055007
249000 0.0580417113860557 0.2546960397173 0.00543707904168313 0.00365217712423472 0.00499784935378491 0.00257930325702933 -0.0014142781110838
249200 0.0581880619592172 0.256328410521697 0.00540776859270585 0.00379130845331966 0.00407495184059403 0.0023216025034603 -0.00165427272917062
249400 0.0581703091219079 0.257501877945386 0.00319952758897053 0.002772118968548 0.0062066325263412 0.00375770726798539 -0.00102239488583801
249600 0.0582956032769576 0.258133248521203 0.00386963443632969 0.00370025965576404 0.00801725972697815 0.00130625383409073 -0.00166879507501011
249800 0.0582706081679484 0.258489259650231 0.00477358677485785 0.00523393082342915 0.00582437268679859 0.00243486837453977 -0.00224481573600412
250000 0.0583453590506242 0.256328585376898 0.00471964587203197 0.00562288267284779 0.00504982584098674 0.00429110850310791 -0.00100001598351381
250200 0.0582787158518745 0.255315638101741 0.00564457647952983 0.00594098476872123 0.0042957505836869 0.00379587502019417 -0.000842031360222812
250400 0.0584081590187707 0.256914450360248 0.00285176844077901 0.00619108399179925 0.00393887528675686 0.00276383097677684 -0.00134725269349251
250600 0.0583877534495327 0.255872513961364 0.00238043815903171 0.00315468457196641 0.00488223697014377 0.00214118698047733 -0.00287669719405538
250800 0.0583416681718851 0.25384847768752 8.13531754033835e-05 0.00291274785153432 0.00616156833619162 0.00480206539733779 -0.001899986599238
251000 0.0582041121283542 0.253560074853513 0.00346031297448619 0.000315742522294478 0.00592338679897802 0.00477483915163994 -0.00206577543239789
251200 0.0585234658187628 0.255303639387697 0.00345691542805432 0.00200914716347588 0.00582636722727075 0.00357790063103747 -0.000662629208328708
251400 0.0583732204618196 0.256141571063455 0.00562992569664834 0.00512913326165854 0.0053430473482209 0.00256104955286744 -0.00134490266582355
251600 0.0586725050597039 0.258828688703902 0.00422965385929538 0.00630125644328289 0.00533164212263363 0.00232424382615468 -0.00213415453910131
251800 0.0581520445955296 0.256396547523689 0.00823257151554056 0.00445044038464033 0.00617420069378643 0.00275864379097777 -0.00124507052575497
252000 0.058577448284746 0.25819932150676 0.00311882557642314 0.00289344767173166 0.00543765453464837 0.00451751011417277 -0.00303878900787832
252200 0.058302014523779 0.25636018217454 0.0041232711678338 0.00307699614860188 0.00589641582350655 0.00336716513289633 -0.00146845842709441
252400 0.0586482095595162 0.257567798192089 0.00143514552397759 0.00341650337670559 0.00526952416576442 0.0048070090179229 -0.00159956922632705
252600 0.0584610801041921 0.256992741379525 0.00551929530664853 0.0055290339949664 0.00493831897557063 0.00341664530255826 -0.00230008344234872
252800 0.0588055447492339 0.257892660104408 0.00446137281955449 0.00943522173166928 0.00427180776663257 0.00222508797341486 -0.00348764249005512
253000 0.0585435341762795 0.257311508307412 0.0105054121091692 0.00557548630072842 0.00610925427957161 -4.04647419969896e-05 -0.00345209682107316
253200 0.0587018428388322 0.257831644840439 0.00304374467139779 0.0041185768045955 0.00580179730227834 0.000169827121797627 -0.00123221094089552
253400 0.0585665029698957 0.257264112286639 0.00626102248425972 0.00223318527023546 0.00448802751964211 0.00242330891923992 -0.000949082224753373
253600 0.0586045212607611 0.258389921289855 0.00156195291226338 0.00356870020429999 0.00560690426701769 0.00296052388763729 -0.00231406194267937
253800 0.0585517161370515 0.256249680167495 0.00514187095631132 0.00330499730439254 0.00522670972425993 0.0039118966695199 -0.0034210732502468
254000 0.0586312087179329 0.255616873298329 0.00401808614975094 0.00576008776880729 0.00560923457126908 0.0033685708034587 -0.0011950068875345
254200 0.0585245735756962 0.258312348670638 0.00529134790238819 0.00752581613861985 0.00555922457190307 0.00332876961070801 -0.00171871482863805
254400 0.0585366271060114 0.258512810906269 0.00524562130502843 0.00865251514681315 0.00674173281054345 0.00351498851337117 -0.0025392001232347
254600 0.0588627216746267 0.261261018410303 0.00681221227667963 0.0060978934295541 0.00527590564670182 0.00312153519851996 -0.00229829096009378
254800 0.0586147735375588 0.256936933369671 0.000892542640365799 0.0070013042612538 0.00549999050887985 0.00363669974026146 -0.00409750589454694
255000 0.0586587404278091 0.258099042323346 0.00440840644424161 0.00119627221839956 0.00457051024859991 0.00214790530942078 -0.00326790415729728
255200 0.0587309434347476 0.257067400174498 0.000782604807012545 0.00611076508361621 0.00670928256280122 0.00158451143416449 -0.00057567981547752
255400 0.0586954586551473 0.258268354587596 0.00731324259226461 0.00439293894326919 0.00446399371861852 0.000392575997166394 -0.00237003759533883
255600 0.0589074069387692 0.260851043347404 0.00373423868006987 0.0081548875662263 0.00626491521264972 0.00250581719297933 -0.00196605190594586
255800 0.0587909002748072 0.258357297617546 0.00477148052868472 0.00282059839092863 0.00408947669327508 0.00167331079068626 -0.002344067451384
256000 0.0589389335306417 0.256099781960421 0.0047020817793763 0.00668610546044893 0.00656578606113403 0.00355767903783972 -0.000905596878559577
256200 0.0589440403782867 0.257056223413122 0.00420491897759326 0.00166622229636252 0.0064554281168805 0.00366978088594909 -0.00244463685589918
256400 0.0589695504164651 0.257002939169943 0.00429641961262005 0.00609135215378024 0.00601726770536487 0.00218784030231564 -0.00192888564965459
256600 0.0590240050690619 0.259940593577904 0.00332585965662885 0.00271941899479964 0.0065754920410385 0.00232581463466381 -0.00129173003228507
256800 0.0590029388353166 0.259044832561819 0.00335029596858279 0.00402683657566995 0.00490464485551156 0.00140276157345452 -0.00190630295282327
257000 0.0590076542921826 0.256754038243475 0.00259037768433112 0.00173018490733524 0.00540726871123157 0.00205191973082611 -0.00134627035297082
257200 0.0589458916799841 0.25529058944152 0.00137371381326804 0.00280187867093516 0.00660635304408111 0.00277247107634916 -0.000783870565856524
257400 0.058993213663739 0.254567896208332 0.00294244144521225 0.00134522588739741 0.00497469504757195 0.00274447261634833 -0.00125496549869242
257600 0.0589892396297579 0.255628737123839 -0.00112770292168193 0.00450874950406283 0.00442960085999155 0.000742943408531064 -0.000633447373127437
257800 0.0592288323400857 0.258454468975738 0.00690858275693892 0.00337017580416144 0.00384220623471194 0.00274318984565686 -0.00108615247195267
258000 0.0592477589680053 0.259055402644648 0.00354681922949311 0.00371518808579753 0.00588378270292463 0.00160160804396663 -0.0011772522955517
258200 0.0592985116975002 0.256869949662367 0.0086606618306826 0.00423402013782939 0.00558014762386922 0.00380191875510275 -0.000252600164734791
258400 0.0591047117714097 0.259480528694103 0.00296721134069118 0.00656241083270773 0.00651971139066585 0.00330212499154304 -0.00125275017488544
258600 0.0593888326376097 0.258007694266373 0.00423295198429968 0.00515797698276959 0.00553760851397095 0.00420292835163969 -0.00152336237380096
258800 0.0590579824358035 0.255448394983372 0.00126787913688776 0.00705290571980777 0.00612554013055363 0.00407582627151826 -0.00302008642406661
259000 0.0594911689378255 0.259194747074333 0.0052519630949719 0.0047370980694458 0.00558419912889488 0.00291885052749046 -0.000676978835586792
259200 0.0590759171458051 0.255179538834871 0.00192344520831666 0.00510683014737747 0.00425613102861894 0.00251961710228794 -0.00173612136471781
259400 0.0593908105652052 0.258953842646864 0.00379026122521303 0.00189313835628292 0.00543479222639515 0.00156814017244494 -0.00321163226166532
259600 0.0591848482969313 0.255988088740954 0.000750848329869767 0.00724133267983946 0.00565967342593323 0.0029860542961997 -0.00179575967390654
259800 0.0593940834880802 0.258680576018297 0.0035810017518525 0.00545665880729273 0.00378967067329547 0.00304255877775028 -0.00342311048836799
260000 0.0594057849374553 0.260087253520283 0.00430864913668214 0.00834162053820329 0.00531108600910983 0.00301428864393565 -0.00276127694490932
260200 0.0594736609294362 0.257323865288306 0.00385393446661662 0.00515414424547133 0.00469636767670119 0.0036714162587255 -0.00185782797856687
260400 0.0594215401223802 0.257606667341164 0.00579257465312799 0.00595290034971681 0.0051281670053996 0.00465815094357299 -0.0034593007057215
260600 0.059302939680209 0.256969027637143 0.00729037340650206 0.00337481849793789 0.00531317413415239 0.0030810717072581 -0.00294082440854003
260800 0.059326490740787 0.255411475876167 0.00172893971330123 0.00494912884432847 0.0061369946265847 0.00263950092955338 -0.00257571036955806
261000 0.0591889989006265 0.254174653118385 -0.00063463533344953 0.000780327116252804 0.00681063869017157 0.00382231678253278 -0.00138847033838755
261200 0.0593371212817543 0.255575022034244 -9.0743150400443e-05 0.00322472647317325 0.0067284778819616 0.00365979613279853 -0.000413843617856814
261400 0.0593121974911908 0.257117403538545 0.00478795575132153 0.00313630238414318 0.00640743518105161 0.00123612998151642 -0.00135027608564918
261600 0.0593929245633943 0.258571183103741 0.00302279248811359 0.00724040419676284 0.00687703797586189 0.0023629846921925 -0.00236340454233332
261800 0.0593400697182172 0.255776453845516 0.00621582625791245 0.00207594904545358 0.00562301931966739 0.00347573206172525 -0.00136382451604309
262000 0.0594641940213888 0.258029055775483 0.0042423213030417 0.00625657932728918 0.00479170517257246 0.00313220452267134 -0.00170972463811194
262200 0.0594265051141173 0.256512614570069 0.00777632208832703 0.00268605469032465 0.00454253040538483 0.00390130852966067 -0.00231466105261277
262400 0.0594848661480923 0.25721695495541 0.000199567340181245 0.00771826717638088 0.00586807983930109 0.00548851663980339 -0.00205264605136073
262600 0.0595139912061205 0.256884697306713 0.00406405073157301 0.00398317972247112 0.00425786390906759 0.00346586527280939 -0.000421634905860835
262800 0.0595594260106253 0.257633542701675 0.00425783997281725 0.00501143470213157 0.00512591379371879 0.00375154721052699 -0.00226437764875295
263000 0.0596179473212508 0.25924159979551 0.00791488530018075 0.00602144973889105 0.00566800935047285 0.00226471323413328 -0.00200674848878026
263200 0.0597034961805542 0.259434396346849 0.00498930051434069 0.00524992148773698 0.00332972034561628 0.00264943940030828 -0.00151074005640696
263400 0.0596108495742702 0.257360820748477 0.0061769791221206 0.00173692487443126 0.00595234061518571 0.00180111575450881 -0.00195492048780143
263600 0.0595664497022932 0.255707463622687 0.000496624389120488 0.00401534574885178 0.00593621939794477 0.0023597593038394 -0.0011375825707703
263800 0.0597757314478512 0.258251028263984 0.00396899514264967 0.00352335543641588 0.00391456197433186 0.00392637155141235 -0.00168207303865341
264000 0.0596277657925699 0.256564899099139 0.000206028061111897 0.00448822420084911 0.0047095889216588 0.0036926768015696 -0.00315689298314175
264200 0.0599318373501069 0.258687621284001 0.00795116712639545 0.00094098605567138 0.0051156267536002 0.00334242790161257 -0.00231064655289379
264400 0.0597063999178278 0.257268832196551 0.00508665775693706 0.00781548394865352 0.00464154193836015 0.00328560723544163 -0.00226522443975142
264600 0.0598533183338718 0.260484533169986 0.00741150822691147 0.00758209549838382 0.0036951167487285 0.001876800200396 -0.00092583691449114
264800 0.0597590984917615 0.257782952883641 0.00660690205582128 0.00781800319691736 0.00618052287065167 0.00343405088346438 -0.000624427979419049
265000 0.0598341969021446 0.258478205833036 0.00650145921299255 0.0055620421893145 0.00519750410534418 0.00316080325250549 -0.00122763118327365
265200 0.0598337738526678 0.258162138234971 0.00480785514282704 0.00704819825648563 0.00773324363964328 0.00567171706504955 -0.00269408323567138
265400 0.0597559215985909 0.256340534308914 0.00512060620482782 0.00476998216443471 0.00661711356937827 0.00442138835346148 -0.00324595259812579
265600 0.0599262419714156 0.257668221998596 0.00365060402061023 0.00543671328127999 0.00573988993637346 0.00399862917933368 -0.00339113951234527
265800 0.059742201760302 0.257251848801293 0.00471500287840998 0.0029341493698626 0.0061540678766577 0.00335644800263252 -0.000781192269921341
266000 0.0599530180055923 0.256611329392544 0.00625251823781515 0.00372112249915347 0.0066080284789678 0.00384769179686288 -0.00289698515952446
266200 0.0598457659886182 0.257225505538971 0.00710308986261576 0.00181393660103205 0.00584307217781559 0.00205338387697725 -0.00264466513422521
266400 0.0600486585254302 0.257882049022694 0.00288669804158024 0.00208707213868631 0.00529451121667489 0.00263953653933731 -0.00244384589180514
266600 0.0597840287081358 0.255719122344088 0.00552161943258592 0.00478323197326306 0.00581868057492211 0.00470280479604128 -0.00194174702344079
266800 0.0602077342258472 0.260965796997278 0.00699085339405224 0.00524644881830921 0.00670023610799402 0.00220725475848424 -0.00193553665766094
267000 0.059719059354383 0.257998069928699 0.0121738087005948 0.00914965858898822 0.0071005185114195 0.00426264801885216 -0.00357158348402392
267200 0.0602330334558974 0.260583059711613 0.00584724004740293 0.00625147583562686 0.0064365683473786 0.00370619312409673 -0.00270080861066897
267400 0.0599058997852733 0.252883057923799 0.00678201284532082 0.0040727626898202 0.00637664707099164 0.00440500126343699 -0.00101538127578405
267600 0.0600792162942799 0.256069481662748 0.00512658313351085 0.00142102553598837 0.0076996178009841 0.00262825098951767 -0.00106979000625409
267800 0.0599111588711045 0.255519644094328 0.00893179086751669 0.00246556644005611 0.00486415603409395 0.00274664110749005 -0.000805410012405248
268000 0.0601542329766278 0.258161340463933 0.00539899861903594 0.00313860537660868 0.00571302264540505 0.00364007167395419 -0.00192811586777022
268200 0.0600484425166679 0.256499373405338 0.00400826688813955 0.00299814780063333 0.00461425955997872 0.00202859126378708 -0.000977113579351683
268400 0.0602192882065245 0.258647573450062 0.00948153021920125 0.00499115664262606 0.00785454796099428 0.00513822482158104 -0.00250561427564729
268600 0.0600765351359947 0.25725886997572 0.00940560115498523 0.00604577465674907 0.00647871971932908 0.0040146282508262 -0.00314850289886635
268800 0.0602186512766331 0.258223598564525 0.00645835988501573 0.00637010104839215 0.00755860328609221 0.00376748228868121 -0.00208871435189389
269000 0.0600823967647883 0.257885842459243 0.00428662799387486 0.00290845916081617 0.00498504507875549 0.00375841476378168 -0.000316522589947391
269200 0.0599619430385566 0.254397029257407 0.000354400370514517 -0.000325147295372982 0.00684469869288089 0.00323433466890473 -0.00234629538063421
269400 0.0601312224655761 0.255213816735893 0.00534666588510512 0.00166911810323378 0.00697236181506423 0.00269840978339327 -0.00170901754944822
269600 0.0601212965029928 0.257252177412201 0.00461739554025069 0.00429283919900277 0.00580083408205103 0.00283915222931992 -0.0011142813856942
269800 0.0602774206175147 0.258818495007739 0.00614112515070045 0.00225753846450229 0.00728447569349927 0.00315452083102525 -0.00131977096485531
270000 0.0600801824161523 0.257052873176093 0.00731179479375897 0.00464003817294555 0.00571875698378077 0.00293588121719432 -0.00165421611331389
270200 0.0604657259541717 0.262798560847311 0.00679505300400932 0.00493989214235305 0.0075780193573346 0.0057004094110881 -0.00232889971177563
270400 0.0600311385336961 0.260513830660299 0.00744338304107652 0.00626911194437787 0.00663361054049254 0.00394050401465052 -0.00112314519243493
270600 0.0606545244225888 0.264133113755661 0.00514916802261292 0.00250823752620092 0.00620545493646974 0.00338128906682289 -0.00114357702806482
270800 0.0600600937542833 0.256273238109408 0.00587810077621815 0.00733050860611038 0.00530833068007492 0.0031483111555278 -0.00103822187389311
271000 0.0605884633249655 0.257754943089153 0.00155543583646557 0.00302688853800549 0.0063914735261748 0.00343569603460712 -0.0011666837135051
271200 0.0600345823245553 0.254795041497762 0.00391535237919443 0.00596326500886521 0.00541985803832658 0.0039628299293249 -0.00140369279086201
271400 0.0605601133427396 0.259557774435455 0.00242969667264003 0.00344525487982799 0.00520967445390053 0.00378131668403465 -0.00158733445811198
271600 0.0602076366616396 0.257021605460396 0.00340377847167662 0.00613356368712762 0.00355988317689451 0.00349580618215641 -0.000822642924784301
271800 0.0606083904496964 0.259477756455072 0.00449352587212701 0.00427702006152763 0.00576211941637708 0.0031714872892699 -0.00192102835856824
272000 0.0602478237401726 0.259100035139135 0.00604661284753313 0.00677538019716878 0.00606285993540239 0.00332895144256046 -0.00240183583159901
272200 0.0607718757309324 0.260499180188844 0.00449569664835401 0.00511262269506296 0.00870198900627355 0.00314129959586273 -4.14223561305253e-05
272400 0.0602495845154603 0.25493470907547 0.00488883491241995 0.00632719864043086 0.00707387480847258 0.00372468061139879 -0.000553705209211351
272600 0.060711229208341 0.258064133284505 0.000442561956220728 0.00315628054551411 0.00547685690525791 0.00185174128825459 -0.001360115033014
272800 0.0600588527407491 0.253451308045055 0.00371963617460021 0.00380310453734469 0.00658377226239494 0.00393567226782001 -0.00329875763202015
273000 0.0607087755552984 0.25777827953958 0.00283511553943396 0.00139771039404753 0.00614534488082111 0.00380362250288713 -0.00337773468738745
273200 0.060400018870878 0.257087198746446 0.00522488966731442 0.00279390387442378 0.00578388608433846 0.00285350779453236 -0.00188825906450196
273400 0.060674030138721 0.259188171729363 0.00652468081385029 0.00312173841677461 0.00752662790768507 0.00352518478540963 -0.000766636035881603
273600 0.0605540212795832 0.260590735671307 0.00574210345821199 0.00548131805188877 0.00907131448769085 0.0029755799984683 -0.00120400519758701
273800 0.0608718140280655 0.256692187394095 0.0053285929772725 0.00608748056515619 0.00570242746525962 0.00403896928672562 -0.00430170723023542
274000 0.0602926789084115 0.254086681171264 0.00500816143349262 0.00405758635644817 0.00520288804661968 0.00207292498780724 -0.00258401727269006
274200 0.0608866224950465 0.25655539352968 0.00342553045620836 0.00278245875590384 0.00559402094534872 0.0027486535349426 -0.00161021512539203
274400 0.0604339196889935 0.256730036820701 0.00664219616659638 0.00469057776123511 0.00868582546726859 0.00244102238929928 -0.00109599543191902
274600 0.0609470615278652 0.260334428585832 0.0047217237902108 0.00423685493456405 0.00672337035445456 0.00356934959069138 -0.000679563730625233
274800 0.0605807684454359 0.258791651553647 0.00734047666796694 0.00296612761666439 0.00815954414670969 0.00395893701111094 -0.00233065324738639
275000 0.0609755372604771 0.258857873946883 0.00391235944343127 0.00585590580135171 0.00652793094387308 0.00296578711735169 -0.0024251385708497
275200 0.0605782676072543 0.25314385920767 0.00571987055679963 0.00343690631514073 0.00656553019956786 0.00366560221493407 -0.00123436517479738
275400 0.0610238459750079 0.259561412654276 0.00230501511192732 0.00551261602919753 0.00551497895082164 0.00261307865889582 -0.00078292385932631
275600 0.0607926735460642 0.258058967033052 0.00657625205062758 0.00500978014472243 0.00607738327955538 0.00253061135483022 -0.00294666574078135
275800 0.0611345090323685 0.259850070472961 0.00767707298829093 0.0033950808245312 0.00704602210333162 0.00360545038536097 -0.00167373435746939
276000 0.0607290945293453 0.256712425004783 0.00540115162016695 0.00637660204645461 0.00575804938729612 0.00372416818763107 -0.00157705980395799
276200 0.0611379200896338 0.258765142784354 0.00594566088035467 0.00259625635077157 0.00612851961839186 0.00298741931615552 -0.00361090466568867
276400 0.0606790415387049 0.256015906849014 0.00831207777479478 0.00530224942707324 0.00620530459165639 0.00286296566622102 -0.00255839714174726
276600 0.0612744331335378 0.260339537086561 0.00325865016246679 0.0035482610956899 0.00653451956902076 0.00421094105812694 -0.00146508527055804
276800 0.0608215893925962 0.259724283923469 0.0040682860539338 0.0051121548118529 0.00485498138069077 0.0029117228315633 -0.000527566570538795
277000 0.0611660090255644 0.259018450907785 0.00209428999033506 0.000746177886234819 0.0063591225959004 0.00359460489829623 -0.00135412892071329
277200 0.0608707342461964 0.257592252235132 -0.000155334739032402 0.00334328060924146 0.00476893808240792 0.00459817632133923 -0.00301424242569388
277400 0.0610903319485725 0.25817445208095 0.00235698406795268 0.00360147170095654 0.0059507133898382 0.00402981844877198 -0.00296700364213601
277600 0.0609687306332488 0.257026994968616 0.00400751293100826 0.00212535714516534 0.00678660782685738 0.00171027700363456 -0.000975523181780952
277800 0.0611813578405587 0.258809551958408 0.00338076688089504 0.00447006654148037 0.00510912648513109 0.00364009635750739 -0.00112646734328876
278000 0.0610377254680664 0.256784481972655 0.00485475070884638 0.00567832135128779 0.00477619966411541 0.00280560521833496 -0.00297017851089788
278200 0.0614428347154131 0.261563146504725 0.00499050614449761 0.00476379136127097 0.00565362387986264 0.00381194550736199 -0.00110680639487746
278400 0.0610755234357099 0.258049728241859 0.00699391709063822 0.00832923500173655 0.0057165700168061 0.00205021529291936 -0.00063189442743328
278600 0.0615120779334568 0.261719983164396 0.00559287659424529 0.0024607935708547 0.0056186327106486 0.00371838379522875 -0.00130919524126975
278800 0.0609698730225325 0.256928199954074 0.00426194889921771 0.00519815526519557 0.00613620750371599 0.00446765983871062 -0.00297898742943887
279000 0.0614291130439409 0.258756434615583 0.00400790914850974 0.00253642847969168 0.0053984360833804 0.00405124401410114 -0.0017720297561501
279200 0.0612127947469593 0.25865386652237 0.0056747360510153 0.00271661339676887 0.00642465895234606 0.00407696251997913 -0.00239904925518444
279400 0.0613739692186037 0.258829908600131 0.00474057113475946 0.00200365652655069 0.00668495513101448 0.0044225431843751 -0.00320046935806339
279600 0.0613013286957648 0.25964883882764 0.00411750657260819 0.00499402340332244 0.00550585638514282 0.00391460734775517 -0.00158395242114198
279800 0.0613155609161609 0.259268545598681 0.00478468463479275 0.00524486880217057 0.00709967738726693 0.00331021177398734 0.000486687821777496
280000 0.0612180656273384 0.259896946347105 0.0062897817302698 0.00638415068583678 0.006472614121944 0.00325681940502186 -0.00235951324528128
280200 0.0614203586804195 0.259480390244415 0.00543120740290436 0.001937545887469 0.00637143360333497 0.00328870530240184 -0.00259132973059004
280400 0.0611742341140778 0.254002264016139 0.00164355384412967 0.00380103271255605 0.00646225844647982 0.00522551906970688 0.000345368673020532
280600 0.0613376192929944 0.257167065771436 0.000218992954727404 0.00288833151723832 0.00671167635341279 0.00342792987845398 -0.000898050929604229
280800 0.0613297518639898 0.258300031803566 0.0025982855345337 0.00468794267571285 0.0070651724947495 0.00314463587697173 -0.00194365189220629
281000 0.0613751568234671 0.259920399134817 0.00245305336924208 0.00514463498836826 0.00670728112033265 0.00545508845461053 -0.000524120552839885
281200 0.0615674588036053 0.26124986699926 0.00644327446261334 0.00532642398106291 0.00552212668848082 0.00310344453829643 -0.00151725183749864
281400 0.0613434477630972 0.255785223952083 0.00571389855576396 0.00523714640388789 0.00553876490282298 0.00393418908999452 -0.00210335098318002
281600 0.0615728201603111 0.25869014302251 0.00434277448269073 0.00702691621172029 0.00525493756455931 0.00503283598812999 -0.00255905762288524
281800 0.0613719299187869 0.256827079124395 0.00573118860629347 0.00415657905063327 0.00584509701204176 0.00353618584682821 -0.00183078161007718
282000 0.0615939549764752 0.257964915748627 -9.59580902616248e-05 0.00445782168423136 0.00519637023801908 0.00513453509875471 -0.000110168791824628
282200 0.0615062769894592 0.256702012484414 0.00437009521423004 0.00256744891581291 0.00640983065115633 0.00312588393521059 -0.000919730791737126
282400 0.061620214786339 0.259590496352197 0.00201322154664281 0.00656485354978135 0.00616421909584775 0.00375673289300631 -0.0014376032342892
282600 0.0616247201407427 0.260928352084415 0.00862077781886626 0.0021287610083775 0.00629247069516433 0.00555827835184944 -0.000750498450039836
282800 0.0615800667383058 0.258747387646635 0.00445693971317691 0.00713422541031737 0.00641460410745669 0.00499079340743438 -0.00174485377633908
283000 0.0616082893034659 0.258064267296894 0.00570679865715953 0.00327548711464481 0.00687065711185343 0.00479674840562464 -0.00105813907903969
283200 0.0615650899727564 0.256491756151783 0.00571510148534675 0.0052660343555016 0.00609709574793764 0.0049814278578875 -0.000323008513569701
283400 0.0617056681931007 0.259565818586672 0.00574991015562387 0.00496676254006609 0.00394252359575368 0.00479526371500822 -0.00163508801606933
283600 0.0614995698412738 0.256033504031187 0.00384866082942272 0.00482228239238862 0.00495806866415847 0.00444528821029698 -0.000731694616186351
283800 0.061567707699413 0.25573044254735 0.00540496406427805 0.0011173274986955 0.00641704292605005 0.0047734878999523 -0.00245851126377561
284000 0.0616127877653532 0.257212099449586 0.0040911125905668 0.0045042271492227 0.00633473519805464 0.00373107318974135 -0.00203479563699448
284200 0.0616538826899906 0.257401037533783 0.00415778617844843 0.00562421069996607 0.00504016045093865 0.00442080705731921 -0.00128741454970035
284400 0.0617807892958823 0.257976271703625 0.00607595656691335 0.00624048545555535 0.00497472047913082 0.00588114905200535 -0.000315956666778466
284600 0.0616998785363298 0.257104099869743 0.0056463339612201 0.00355848853353744 0.00653850581478078 0.00581854595453707 -0.00161247726979758
284800 0.0618309615636646 0.258028456435241 0.00547189570131675 0.00672999645299457 0.00593054608201073 0.00515235215640569 -0.00395093377741614
285000 0.0618158186128935 0.260275136733197 0.00683265796963794 0.00254758330608151 0.00538636977060749 0.00501917392776347 -0.00230645763204933
285200 0.0618837505915249 0.264120426911579 0.00216692151566388 0.00695327596422393 0.00657267565069326 0.00341362847029333 -0.002094182095005
285400 0.0618755244124259 0.259215792805995 0.00490395768343616 0.00656780295966579 0.00408544667348827 0.00277975357517646 -0.000819088820538282
285600 0.0619099709607042 0.259592415584198 0.00301825318686044 0.00596797382973762 0.00672792884364084 0.00280421214687257 -0.00128359260175593
285800 0.0618005719552978 0.259370707019107 0.00552903008147493 0.00370372982280766 0.00580760625218088 0.00228374430517292 -0.00163225335950405
286000 0.0619441345637742 0.258635913443218 0.00571057758726127 0.00791020206572228 0.00513550729357635 0.00167659835822757 -0.00122803183056284
286200 0.0618003735155487 0.256953443300985 0.00616248445363374 0.00574279359749071 0.00593339923729566 0.00150201788139565 -0.00115217082788286
286400 0.0621377587301972 0.259268514542205 0.00284887036595253 0.00630696123155735 0.0058298201413906 0.00314828007116206 -0.00131738274077464
286600 0.0618714379514259 0.25839369208594 0.0053143920392415 0.00508067380418384 0.00425104596604565 0.00361027116723067 -0.00165840631848871
286800 0.0620035959987363 0.258989006663898 0.00305336797205793 0.00535397445672457 0.00482562752440955 0.00368398598618637 -0.00200107586565769
287000 0.0619375220014266 0.256620296694779 0.00284178455163231 0.00351508386502557 0.00553212722601338 0.0041389570138038 -0.00132397722895028
287200 0.0622066234229163 0.258929169923265 0.00504688247585532 0.00449483932622695 0.0058486293303218 0.00337070149765914 -0.00129766656640193
287400 0.0620121987010218 0.256733875593887 0.00585043607643289 0.00633670142060817 0.00583729256995169 0.00232734212976102 -0.00129141831909342
287600 0.0623148980776651 0.260232685207501 0.00397502452526941 0.00615680269033095 0.00468786019300786 0.0044059971343634 -0.00131266899259894
287800 0.0617674460930068 0.25681397930747 0.00551118262464803 0.00643427398807421 0.00425316653354011 0.00363581220520477 -0.00208410090957857
288000 0.0623209976154612 0.258379896190505 0.00251936927617293 0.0020292432254476 0.00655416394350352 0.0048348483095803 -0.000855143662054842
288200 0.0618183667190053 0.25445352595151 0.00407729582509598 0.00361901335492533 0.00531796553450177 0.00356785600362971 -0.0026315970413116
288400 0.0623834245768205 0.260460591228929 0.00272520396258094 0.00403773759421965 0.00605358944178118 0.0033759230788018 -0.00194131042692381
288600 0.0620590713053402 0.256091152303214 0.0024267494839881 0.00638665122564611 0.00697060789258862 0.00374904873179968 -0.00426110516501208
288800 0.0624671932331438 0.259021050805456 0.00543516050961612 0.00576905324641088 0.00645863955364305 0.00188286652823275 -0.00427038533878302
289000 0.0620220286293958 0.258855983521214 0.00493226091095033 0.00685733345926488 0.00582071513625704 0.00106532469541643 -0.00280120856087107
289200 0.0624777663409332 0.262299580454408 0.00543337060524156 0.00373394499359203 0.00571637573533061 0.00227136741422525 -0.00132831367613565
289400 0.0620390160543912 0.25614018876835 0.00797620365306288 0.00632646798104052 0.00722626326187998 0.00273040811211705 -0.00184510462508034
289600 0.0625903839575377 0.261066909180394 0.00201019800492773 0.006007297660716 0.0060805897839346 0.00232015906595271 -0.000302182885809179
289800 0.06187649950985 0.253874204195212 0.00538502942830862 0.00450365881370583 0.00496689012658513 0.0041633569954069 -0.00281276088313418
290000 0.0626420003682164 0.2583361425892 0.0014763796413063 0.00374855685402794 0.00474156330794765 0.00522015691832124 -0.00235810525137184
290200 0.0622200487501209 0.256617461873929 0.00661778837399643 0.00592305150451528 0.00400878928580937 0.00428208303304235 -0.00139538018091209
290400 0.0626313303165169 0.256732080805186 0.00553047520318455 0.0045280806530544 0.00559764586660437 0.00275569547354658 -0.0024847166985164
290600 0.0625225600942928 0.260040742456181 0.00699073715035874 0.00562779869275121 0.00678667647258825 0.0033620818150541 -0.00509420217349252
290800 0.0625911121254517 0.259843402160089 0.00701610363642848 0.00573060436224387 0.00396892823321079 0.00252460900436967 -0.00435293179695298
291000 0.0624757425760308 0.260378698586625 0.00561173360266398 0.00278128194114527 0.00449144630400889 0.0026745971402827 -0.00214706722941226
291200 0.0625158975667124 0.256770106393014 0.00139734257235873 0.00248998246724549 0.00519898832882432 0.00346825185695592 -0.00224804781838554
291400 0.0622153129922866 0.254788074104225 0.00309975629659489 -0.00154290220393094 0.00477710824376979 0.00565307709347525 -0.00277508748796582
291600 0.0625334861994001 0.257560074647366 0.00401574434754388 0.00204546461032458 0.00611119973290261 0.00383470502618954 -0.00186676233994867
291800 0.0625709103921799 0.260022425499932 0.00677419048490365 0.00394104789848772 0.00529309028195191 0.00480403849234285 -0.00238911638403632
292000 0.0626541419471313 0.261849711983844 0.00471783937160209 0.00696221655685519 0.00632871221184623 0.00398085082360726 -0.0031583197375291
292200 0.0626778388229212 0.260438107687911 0.00687918954692282 0.00655998418661062 0.00645161042166641 0.00471149469498893 -0.00192276692852353
292400 0.0627450603575686 0.260680005197997 0.00447918165837639 0.00345710294596649 0.00655308952169246 0.00386467066651322 -0.000832381049232187
292600 0.0625478354155537 0.259318368768886 0.00517124124510659 0.00085894910419781 0.00852995450463991 0.00193764207160143 -0.00079525940206385
292800 0.0625526622009267 0.255956679868701 0.00469253271731427 0.00293655933103152 0.00609959378327165 0.00405640312417559 -0.000763898754172439
293000 0.0626826265606964 0.258697762373033 0.00346929873756697 0.000153540333073932 0.00656737392771585 0.00386354491287516 -0.000555779011176041
293200 0.0626312618612029 0.262223844247429 0.00372616130713743 0.00693580152592473 0.00498195808100087 0.00379086539422863 -0.00206330388732726
293400 0.0629332704800515 0.261047189966347 0.0055230345674428 0.0052729742233495 0.00472175757497263 0.00456507098330776 -0.00253320137241747
293600 0.0628513520753551 0.259876697182902 0.00370233817298497 0.0071862456055954 0.00524466684968591 0.00513901181087502 -0.00264119521267687
293800 0.0627810495167981 0.258859654156796 0.00199711883438718 0.00395304202683781 0.00494921370829433 0.00488114898440928 -0.00245398609545918
294000 0.0627466915597509 0.256560963213183 0.00212053357307293 0.00526979678478484 0.0067158200826621 0.0039901502811236 -0.0030561419793751
294200 0.0628734649514432 0.259111207626035 0.00461087420714889 0.0060471695178801 0.0066076010608185 0.00512440868394638 -0.00294570334041694
294400 0.0627601763332599 0.259116220945558 0.00289323930453945 0.00551881894490685 0.00604701924341975 0.00452269574023309 -0.00297198575508058
294600 0.0630694524432968 0.26016061358591 0.00545523488440305 0.0035747313103857 0.00482310019776399 0.00429426013186016 -0.00316398209041619
294800 0.0628721419894307 0.260675658852874 0.00258133308649335 0.00950152860825285 0.00389288753041677 0.00341933436267003 -0.0046533647135225
295000 0.0632262321031558 0.260507086055361 0.00361625392447573 0.00520775156701904 0.00419864550547098 0.00311686346551921 -0.00228345633125646
295200 0.0628949564038437 0.254933528069716 0.00335514695958504 0.0059491362831909 0.00525482118229029 0.00488675186666485 -0.00266276773579431
295400 0.0632304681644512 0.2581550755797 0.00323230632175207 0.00345036017431002 0.00465163743360219 0.00428509187030278 -0.00210729977125453
295600 0.0630750962539563 0.258001905512974 0.00399850256672234 0.0048266879077009 0.00457143735783261 0.00402559474053466 -0.00342550579905004
295800 0.0630233954438421 0.257054223965633 0.00529097752734898 0.00224949942536003 0.00711108082891975 0.0043030022193444 -0.00148701956435684
296000 0.0632619382995805 0.259649210222608 0.00591084861204482 0.0053598485521749 0.00539230241249765 0.00507389289636245 -0.00269570849519917
296200 0.0632341105436416 0.260025393646521 0.00774923645324882 0.00567940927549261 0.00490714778427883 0.00521904771827441 -0.00312261125669004
296400 0.0631270306113238 0.259140771458071 0.00735917430490838 0.00587714369844768 0.0048385233200475 0.00349706232008305 -0.00364761444315326
296600 0.0631746706924502 0.257891190725922 0.00745184234547916 0.00627022368506056 0.00623840748894212 0.00259444245761259 -0.00341501787045962
296800 0.0631874633558568 0.255757168212134 0.00468484403639622 0.00163288367187718 0.00616049913129529 0.00378759593032171 -0.00317097634530068
297000 0.0631062404271683 0.256987367143703 0.00135266728983465 0.00303729192763498 0.00706205268015897 0.00363300911451236 -0.00171877518244146
297200 0.0632072241835743 0.256629710420028 0.00335606729778423 0.00570013307044383 0.00638242153195627 0.00255796925221736 -0.0022304141653871
297400 0.063275983612256 0.259043190571977 0.00429256590757431 0.00964592700342286 0.0076244023666853 0.00245751724494749 -0.00167582021564365
297600 0.0633054834156799 0.261204390994054 0.00474336133012742 0.00751784093177392 0.00647124070481653 0.00302741058616323 -0.00258441490647908
297800 0.0633277407127841 0.260430520613141 0.00578791033363033 0.00468458916315313 0.00450931064413166 0.00357459449631335 -0.0018736240296865
298000 0.0633451262717303 0.25878447424127 0.00619877515946621 0.00413792330847796 0.00493856109329624 0.00285590071242246 -0.00235801944734709
298200 0.0632544736541142 0.254802428345667 0.0029394053100916 0.00125019126748828 0.00497542970864986 0.00249885838283139 -0.00336836442869637
298400 0.0633101159121944 0.257313315480605 0.00194703408597962 0.00339914745369067 0.00670941008236941 0.00279011111303819 -0.00228218374490793
298600 0.0633868301144638 0.257309258873583 0.0051186792731348 0.00560301443198798 0.0053873749388249 0.00429833368196508 -0.00186671226656476
298800 0.0634313023080584 0.259922985505643 0.0097370583264703 0.00548222105613836 0.00699147457034036 0.00411872411172481 -0.00152421691963319
299000 0.0635220354397927 0.260227632794312 0.00624946035895961 0.00774756477816804 0.00380819400351001 0.00497942797947569 -0.00246959335947322
299200 0.0633969492914265 0.258998381885318 0.0050314695093795 0.00462927552445304 0.00470943508636168 0.00518759765027751 -0.00234615085437195
299400 0.0632863506271385 0.25828438321285 0.00467453028955243 0.00673927171435339 0.00663501878230893 0.00354363971175601 -0.000463595712972122
299600 0.0636735146063159 0.260969223316641 0.00405680356159715 0.00590147495335059 0.00533713933926357 0.00412290824723428 -0.00147155765160559
299800 0.0632942613848088 0.258570124548119 0.00413577384833194 0.00682468058961728 0.00626685074535159 0.00462082378203545 -0.00187356893646931
300000 0.0636980081606724 0.261646083489819 0.00525821064384884 0.00336567629586025 0.00644565329435583 0.00410306666095894 -0.00236253308038001
300200 0.0635198544654596 0.259077056492863 0.00628519203004532 0.00568893545356372 0.00542474558404954 0.0030003326979669 -0.0038492796782207
300400 0.0636891410915008 0.259428674193539 0.0074524274606039 0.00467814702873041 0.00703048061323589 0.00211126602145044 -0.00253085195863064
300600 0.0636144750816789 0.259600503373013 0.00519338972243621 0.00588103084953078 0.00640688828868768 0.00371950864664387 -0.00168114428345019
300800 0.0637420958121284 0.260180102270607 0.00543485904901853 0.00479934243403686 0.00702539191927197 0.00337588528108204 -0.0023114850751467
301000 0.0636006668664135 0.259079033817649 0.00460968027439391 0.00377291825757456 0.00704747864816209 0.00221681464220497 -0.00272449070118673
301200 0.0638148385220984 0.262463260769857 0.00518203416573303 0.0031904406834024 0.00500528280081778 0.00307752471387603 -0.00114501587562931
301400 0.063672206537094 0.259983982477553 0.00338100792320639 0.00312941192868251 0.00634442623032822 0.00411049790601268 -0.000152814623394614
301600 0.0637192312639 0.256966890088892 0.0045366274052718 0.000668773876153717 0.00547159076553096 0.00274449241986361 -0.00134787638446699
301800 0.0637139912627669 0.255573867296526 0.00297937939597711 7.48339905560023e-06 0.00618725325915712 0.00367931414359933 -0.00241868111241774
302000 0.0637218114879347 0.258138512376914 0.00272411329728247 0.00374620182837777 0.00802222930180534 0.004135746263997 -0.00218076777578214
302200 0.0638229856810386 0.260569778717854 0.000612679036995923 0.00577765636348995 0.00661007143497655 0.00473396931275645 -0.00272962294928937
302400 0.0638686585511767 0.260332217570343 0.00472274918057015 0.00726253239924324 0.00527321692037209 0.00266039565795626 -0.00349963839211662
302600 0.0640090806543809 0.260274751869456 0.00423940991105774 0.00476253333425265 0.00591604156848409 0.00407637095841187 -0.0018827578261792
302800 0.0638661418648142 0.259143196970657 0.00501273087984522 0.00554432753528318 0.00624207466413703 0.0037707027761447 -0.00313348022244966
303000 0.0639862889223307 0.260214437550764 0.00727509888104903 0.00590918448994639 0.00809301912379656 0.0026341397526654 -0.00170803116689159
303200 0.0638985822084241 0.2584718741479 0.00473389148274588 0.00436979787138816 0.00520486010733782 0.00249251594132787 -0.00110416085949596
303400 0.0640004855457132 0.25659427572908 0.00412803124853976 0.00245220549436049 0.0042765022246254 0.00161212775241767 -0.00175990213622417
303600 0.0638891224441682 0.256847998059334 -0.000145554327835106 0.00325362910833795 0.00645047079963114 0.00233083407785028 -0.00406792964200291
303800 0.063997234664305 0.258407898866918 0.00367215256018061 0.00254464872485849 0.00775311931800316 0.00433158493471587 -0.00252124345334939
304000 0.064035553070232 0.260456072525201 0.00335795470517289 0.00531334611684594 0.00566750734526457 0.00481128528601889 -0.00207775465549659
304200 0.0641933271767094 0.261400280287474 0.00659632424518837 0.00676778469688432 0.00684765235121945 0.00485896775573736 -0.0021616849905901
304400 0.064136097139584 0.262256509261767 0.00746569905137152 0.00576445639410602 0.00526752458692681 0.00292356668469158 -0.00126747658939334
304600 0.0640776739296069 0.255877003656255 0.00322640948964697 0.00293908057273197 0.00718723848003414 0.00499559926166749 -0.00302121552277373
304800 0.0640297902530944 0.252521967173948 -0.000826464582221518 0.00489276278647937 0.00619516329088157 0.00390039824619694 -0.00152508903244414
305000 0.064039400080219 0.253049156175747 0.00435954848997127 0.00105952055614683 0.0061644897775871 0.00232517677653487 -0.00315990585033134
305200 0.0642947970924197 0.25911729976692 0.00242967730704405 0.00575823916838093 0.00594620457809312 0.00559147547339024 -0.00285090225630995
305400 0.0643280054684788 0.262095243261603 0.00893076346398788 0.00685079733105337 0.00700646848915469 0.00226946897821046 -0.00225884932075868
305600 0.0642688289669661 0.260340823656299 0.00474711765920561 0.00546556509247421 0.00614892665422669 0.00196541415141399 -0.00191909535817792
305800 0.0644550823475041 0.262009506944431 0.007110039916087 0.00252779802028657 0.00655808254525945 0.00329412343740006 -0.00106672580492684
306000 0.0644015339182404 0.260320963808229 0.00392155037262854 0.00598428351628019 0.00642546868799778 0.00314387633208076 -0.00189459167204338
306200 0.0642938290118795 0.25838734289764 0.00637256124240806 0.00218360456918747 0.00486399789300157 0.00305119312975735 -0.00130887448265349
306400 0.0644348838014822 0.258634190148671 0.00608286000636356 0.00383604820906516 0.00580243359864109 0.00378632488652655 -0.00256417231757874
306600 0.0642573611865973 0.257288198198313 0.00853635675178481 0.00286975332561003 0.0065050642243531 0.00402148007960204 -0.00381900246804415
306800 0.0644979911762938 0.259577721715738 0.00472077084458433 0.00507057387573541 0.00713923290710534 0.00323811269967707 -0.0042931135226642
307000 0.0642715736618054 0.257192261696996 0.00355423876790636 0.00180532551071153 0.00497289680088807 0.00207019590797736 -0.00390840950690227
307200 0.0645090999265537 0.262203314223642 0.0058884118651838 0.0032379497894692 0.00685146443837094 0.00385365459371132 -0.00319145758832343
307400 0.0644401915626708 0.259795329793268 0.0055329361236668 0.0027318375253436 0.00800350127111465 0.00248005108738824 -0.00398942525528072
307600 0.0644788812239568 0.259325201971851 0.00405003072771737 0.00482673114283 0.0058605521460581 0.00325900905060901 -0.00175231068147047
307800 0.0645753075826232 0.257823654898479 0.0033896048632065 0.00425490458702631 0.00706001663284843 0.00487224818011897 -0.00250610263886905
308000 0.0643946276772761 0.258116794285604 0.00359725176177151 0.00272480931215229 0.00777081475600315 0.00432586523112547 -0.00264454295996434
308200 0.0645325898250595 0.25552059443971 0.000486822734750482 0.00413338003723634 0.00665261226677975 0.00335268794701344 -0.00184634660566971
308400 0.0644375942037708 0.25776461447785 0.00340804418930484 0.000831489192694104 0.0071322532560563 0.0018006149695839 -0.00188658687270327
308600 0.064703913211353 0.26192316536174 0.00269490874462012 0.00515198526676836 0.00547782362497329 0.00234868420455027 -0.00344388590131971
308800 0.0646414833690675 0.261195198668176 0.00859234968379998 0.00322486200020798 0.00674125085564292 0.00334702237548878 -0.000918656336821769
309000 0.0648861460326687 0.261415877966648 0.00593012465900852 0.00650530246582184 0.00884868616139116 0.00351662056604134 -0.00189638170103528
309200 0.0647341865166419 0.258462779783752 0.00713891380275513 0.00103209477458018 0.00786661317807981 0.00264182925432548 -0.00143096229093024
309400 0.0648191345282833 0.259585450447677 0.00352705293480537 0.00369746132519671 0.00735349589835745 0.00347827041743775 -0.0014686348650889
309600 0.0648693843047419 0.260160798798698 0.00565103483206487 0.00145004312657454 0.006763347227405 0.00313680981024214 -0.00165281493823722
309800 0.0649128445784651 0.258728583076045 0.0026733756737032 0.0042365463807848 0.0062917096359204 0.00410124471684784 -0.00255816763553924
310000 0.0649369708113445 0.260687266200458 0.0079875760733901 0.00540727632184356 0.0045019191501867 0.00184215601656071 -0.00167808297775053
310200 0.0650293089093221 0.262502284423452 0.0074736686772405 0.00907630424031093 0.00638439062234612 0.00288744138972955 -0.00101901111587662
310400 0.0648507205641987 0.2590283191663 0.00836976174081284 0.00689414539822015 0.0065283223736738 0.00174922395489166 -0.00191982851892103
310600 0.0649719083443827 0.259282474584719 0.00519878981173851 0.0043217994571835 0.00602364045724332 0.00146539295878846 -0.00231345077963002
310800 0.0645938047472266 0.256053723373168 0.00515462836915655 0.00344556262288247 0.00598844689447348 0.00147285762984811 -0.00254136459304931
311000 0.0652755595419115 0.259054472199968 0.00656410754320597 0.00250599888560026 0.00586605817560882 0.00244698083581831 -0.00275608046208209
311200 0.0645896039561456 0.254323941012747 0.00588010133546323 0.00570879631829358 0.00572112767004429 0.00346328708613207 -0.0037209399298971
311400 0.0651815028622464 0.258928022642957 0.00433133813435058 0.00114597499098443 0.00582877987904871 0.00174975818695045 -0.00232971091964547
311600 0.0647892655698254 0.256825689344066 0.00799800434443611 0.00580855891468137 0.00671438777130527 0.00186977955999646 -0.0025241050807068
311800 0.0652028319207371 0.260072727926549 0.00705603437614217 0.00335203099100921 0.00575111334173232 0.000248753115724587 -0.00222112692918967
312000 0.0649526915627561 0.25898756175992 0.00363279961105725 0.00352005422604241 0.00564172568039421 0.000771320087893942 -0.00299910981623519
312200 0.0652392186879752 0.259109908723764 0.00575193168817371 0.00332544755422213 0.00705486723420279 0.00365140013836217 -0.00420199509934496
312400 0.0651178644067377 0.259296409670026 0.00767567573313559 0.00764308347271571 0.00616638903362791 0.00433664020124087 -0.00156874715405759
312600 0.0652067024743297 0.261596494962201 0.00638173983516736 0.00491030591634221 0.00660834317712859 0.00307026997836547 -0.00227502799850986
312800 0.0650386597401307 0.258908204067353 0.00475443170818387 0.00461333650961301 0.00785662322858428 0.00256712365912678 -0.000672407304631346
313000 0.065222864869841 0.259046188044621 0.00444286106593981 0.00175858783233657 0.00693558584201289 0.00356202900118438 -0.00251785831680428
313200 0.0650708846909756 0.255606851597406 0.00186968245344816 0.00529428857107832 0.00473438999301941 0.00299005217536765 -0.00327729090911251
313400 0.0652788543636151 0.259921434706422 0.00413977777750335 0.00249539788026969 0.00764772975799685 0.00259032604697444 -0.00344383636234543
313600 0.0652053874823904 0.259162790927166 0.0052193169698468 0.00367793554132016 0.00519511817859016 0.0017173530014893 -0.00169846200893834
313800 0.0654156429983989 0.260319456865222 0.00426654974526553 0.00639092123073353 0.00626557529895565 0.00399415443921735 -0.00272377120989542
314000 0.065136548879233 0.259066701201203 0.00574818570439518 0.00536792974014973 0.0077138423795579 0.00375290113135747 -0.00347367302315775
314200 0.0654005808224426 0.26044056636022 0.00418727182667751 0.00473288572765338 0.00735325680027807 0.00267107661482454 -0.00301893537065118
314400 0.0650577423207893 0.257179805601381 0.00568101287194232 0.00508363147130799 0.00637548963473924 0.00330319567406069 -0.00409302752584721
314600 0.0653674358831265 0.260606194755012 0.000635294077885992 0.00281770754734716 0.00629914163572808 0.00321080411942366 -0.00224511522721145
314800 0.0651873021687678 0.258249763884812 0.00171858328313132 0.00357371484871582 0.00679076625368485 0.00259373515464477 -0.00255518529027608
315000 0.0653467221681381 0.260796712594074 0.00240430550245611 0.00433128316767979 0.0062699729086849 0.00252959965898673 -0.00202255569986214
315200 0.06537538631198 0.261169913703563 0.00525027082074978 0.00432765196771783 0.00431080529027091 0.003696998821937 -0.00347094820874184
315400 0.0654946524115932 0.261941327083589 0.0080980081250199 0.00781154187692338 0.00498556677387544 0.00253283452029364 -0.000876279820061032
315600 0.0655202230307731 0.262778933657394 0.00638837972587174 0.00848988399279096 0.00621271499117523 0.00148003447042347 -0.00235143470177449
315800 0.0653041197532711 0.260523438804255 0.00548580684192046 0.00584162281956814 0.00757546960784558 0.0045238821067052 -0.00409495584114235
316000 0.0655369391043116 0.258457259346641 0.000349385708101323 0.0052712747822786 0.00893800365347314 0.00322279780481279 -0.00132118490353003
316200 0.0652657414536624 0.257411195199662 0.00184629070762859 0.00478697121036883 0.0078485484010541 0.00250000025737992 -0.00150499104030897
316400 0.0655753532455641 0.261028451702027 0.00376766431612077 0.00261076891362012 0.00592790280758717 0.0022030859140246 -0.00297727185060412
316600 0.0655251002009537 0.260602525841369 0.00564498471267216 0.00562414558100087 0.00754907823619798 0.00268995401739437 -0.00255364446293248
316800 0.0655317440454977 0.260397603486967 0.00576865157289954 0.00609222479899096 0.00566995253686863 0.00222063014737634 -0.00171882724120331
317000 0.0655961628057222 0.259421107136812 0.00563402200037164 0.00553784437590425 0.00507518844260882 0.00351853164217882 -0.00279197497241677
317200 0.0656813248600279 0.260518631864386 0.00495882347581567 0.00323711317968757 0.00669296112641403 0.00307925415798188 -0.0016921906409475
317400 0.0655005499386866 0.258808608817772 0.00513064524085288 0.00537100183965369 0.00617505583781514 0.00177003469015922 -0.0024787465388507
317600 0.0657458458194546 0.258533937041168 0.00373141785989267 0.00369035844151608 0.00557543387731991 0.000945340660051454 -0.00379636111840533
317800 0.0654693134473459 0.255851149591086 0.00482935282933802 0.00385577789481042 0.00688463905300034 0.00393113702848755 -0.0025227947986494
318000 0.0660056199730548 0.260215361184783 0.00123770586566068 0.00792113579649647 0.00516215177173718 0.00387394969355139 -0.00216843271706052
318200 0.0656006550011383 0.260706566994829 0.00464553593882268 0.00633063682775465 0.00355772456245458 0.000902785716672578 -0.00339535362165342
318400 0.0659798641552148 0.263380906097849 0.00460068168434615 0.00659160455387672 0.00584680306979994 0.00347538589790559 -0.00131920741788728
318600 0.0658279625442872 0.260785656779124 0.00884474390308181 0.00635793882478188 0.00488170440388672 0.00213602807028268 -0.000171061609348105
318800 0.0659175951047661 0.261277417376734 0.00291221230084781 0.00256818859152334 0.00614935894282479 0.0030092991662294 -0.00194279700534049
319000 0.0659025010259456 0.259410551329223 0.0034880091018963 0.00591696570718409 0.00798428851208179 0.00190895675907165 -0.0029603468569359
319200 0.065975839146666 0.258515543624506 0.00469956578834898 0.00480291974843377 0.00774894104929079 0.00307808895179402 -0.00290986727728583
319400 0.0662041849732082 0.260313454241179 0.0036886523659982 0.00366869515937513 0.00428029814708036 0.00279166119233065 -0.00266688953735448
319600 0.0657512108350057 0.258256638975975 0.00308501878849129 0.00625060337537784 0.00532286403142286 0.00345216137733214 -0.0015479917069348
319800 0.0663656871305335 0.263803220996303 0.00469235395172262 0.0056929723744164 0.00420456057562707 0.00201481628013174 -0.00158572025677318
320000 0.0658799215739183 0.259590066900949 0.00827023156792901 0.00938296942439812 0.00647984648371338 0.00266924532183257 -0.00119976725877765
320200 0.0663479504764433 0.262895006925588 0.00430828850758701 0.00347157998920673 0.00781812744562742 0.00338202185170673 -0.00299283195665947
320400 0.0659743391307075 0.260081887960185 0.00532799987862054 0.00509410617160139 0.00812996515702696 0.00296820729216285 -0.00264596585452382
320600 0.0662183568005202 0.257871508499418 0.00535654290650185 0.00408719830761246 0.00706772752253996 0.00276526157827519 -0.00232867683542389
320800 0.066150129602229 0.257946684736571 0.00677323997269406 0.00581362175192458 0.00499823871214933 0.00366590044968313 -0.000926162614552619
321000 0.0663035088441498 0.25963782442046 0.00355145100802838 0.0065157268953287 0.00515559611205608 0.00310502265918763 -0.00250253371115054
321200 0.0662412168493582 0.259064762343459 0.00691849871312197 0.00157639375947796 0.00600462935687458 0.00416871565489351 -0.00234737931111824
321400 0.066247493736372 0.258424732563154 0.00293962088234754 0.00644134122488057 0.00515849961562416 0.00234148408372334 -0.00352106817127563
321600 0.0663826166413058 0.259264915249807 0.00598214209401515 0.00185568354913874 0.00470347227282381 0.00282017781048459 -0.00275329635657877
321800 0.0662579580529897 0.257390416046407 0.00561915854332863 0.00516592524535649 0.00563163972992682 0.00309859762139985 -0.00203215312604199
322000 0.0664662419941947 0.259028552763516 0.00502140272085566 0.00416075777650564 0.00638379303628887 0.002685087565104 -0.00185334724379628
322200 0.0662714534243947 0.259184458782003 0.00476488728954081 0.00574380536052141 0.00550968368807488 0.00273762514585825 -0.00347279268083562
322400 0.0665131331540413 0.259427511054025 0.00733875118192547 0.00676490567395735 0.00674326953905689 0.00231734059893001 -0.00289453859250547
322600 0.0663694362877279 0.257951644840408 0.00262359921072864 0.00801989869086243 0.00608496979750995 0.00250230003734351 -0.00250615195447565
322800 0.0664288056713382 0.259686417686605 0.00442501590521339 0.00423664202023191 0.00575317059794511 0.00301894535497129 -0.00389149779563644
323000 0.0663552570347543 0.261010070255576 0.00477783253405042 0.00513710824279742 0.00520792971168569 0.00239425884061292 -0.0032604952459162
323200 0.066495531236282 0.259481614579891 0.00384160946544087 0.00543913452833923 0.00580580861060022 0.00248228849916208 -0.00260251829807042
323400 0.0663136285244881 0.255253908557953 0.00577941974404518 0.00557975690907905 0.0056536750079873 0.00381310593356072 -0.00371023222268896
323600 0.0664940186650561 0.258114128425451 0.00584728496381395 0.00212737956100458 0.00651890077541094 0.00233011180465822 -0.00339480871833186
323800 0.0664586878106562 0.257247701004353 0.00440212461572344 0.00432527901965289 0.00750368418697938 0.00134799489866139 -0.00465742341798324
324000 0.0665247827640576 0.26009713232485 0.00762825804819448 0.00804857254627814 0.00543252192773262 0.00140830462490782 -0.00189078000316565
324200 0.0666619767259024 0.261020049008726 0.00584021125282786 0.00813250182416347 0.00423989122027155 0.00133612380632949 -0.00119104462750928
324400 0.0665996539907471 0.260628929363424 0.00720132872138908 0.00674865107569774 0.00433248414229985 0.00197027931604964 -0.00259712115841251
324600 0.0666064613310201 0.261605251299209 0.00576323193075652 0.0033990759029629 0.00594148514130173 0.00238994297424032 -0.00229666062898222
324800 0.0667409853772364 0.262522130271412 0.0038007848982958 0.0022843589046985 0.00526767530716522 0.00281277069813276 -0.00142485889241872
325000 0.06646039692475 0.257755356258691 0.0036936560227902 0.00166513505789019 0.00615984861048441 0.00289652186441265 -0.00188883304802522
325200 0.0665535729372148 0.257680972797877 0.00315738500374201 0.000125505045060096 0.00682859491216375 0.00264594691387179 -0.00275980374802075
325400 0.066595298204118 0.259452566383859 0.00266739576177296 0.00517811443440307 0.0048331580155963 0.00307346142432443 -0.00265175139340216
325600 0.0667177719164681 0.261249165246446 0.00477460934931042 0.00807200750221251 0.00634246326280302 0.00310838844548841 -0.0032528181148032
325800 0.06691311176777 0.262255311024361 0.00570860164790229 0.00448909465665077 0.00601491733221131 0.00341790183603495 -0.00322704835610364
326000 0.0667746828537825 0.259275722762285 0.00632975823278208 0.0035632045363897 0.00492475844986289 0.00227789954122278 -0.00261238849662617
326200 0.0667048659440414 0.258595349139455 0.00515845560898946 0.00279624649221885 0.00584096901979332 0.00304406655771469 -0.00314103122758602
326400 0.0669138970758605 0.258615442195543 0.0064111684301545 0.00521299090037476 0.00588597317511146 0.00358045975386735 -0.00118356345815208
326600 0.0667369614147312 0.260685290864305 0.00750170302731759 0.00719264421946338 0.0056476802001509 0.00395908228496759 -0.00268218322868783
326800 0.0669354616185242 0.263720132309005 0.00782220044674653 0.00829322999291269 0.00500123988735094 0.00450339944063724 -0.00282507233103259
327000 0.0666729560578165 0.261420977175871 0.00603754295093534 0.00376678284260346 0.00515441089482266 0.00408031415620086 -0.0037235729455918
327200 0.0667146900606132 0.257492883330847 0.00186762784684506 0.00232469729690774 0.00494111987399302 0.00580250400003771 -0.0022618709759312
327400 0.0665143768846038 0.255725970682779 0.00168794030336833 0.000723227981345644 0.0044393715873079 0.00457141078649396 -0.00200540245804734
327600 0.0669766177641713 0.258741601437975 -0.00246117596220332 0.00332472297991153 0.00463580932045347 0.00278384888908411 -0.00154950302672274
327800 0.0667240278801776 0.257055491016674 0.00625514664620996 0.00659604248521947 0.00503218041618344 0.00425779659545483 -0.00162121041225478
328000 0.0670691780384741 0.261981716147337 0.00800211116663569 0.0100707412653475 0.00586111581567305 0.004490955532858 -0.00245292287560575
328200 0.0670080721769999 0.25916805092969 0.00674085674716933 0.00601098647778457 0.00682456787365556 0.00316836847305651 -0.00247306846585323
328400 0.0669570622280276 0.257914615056204 0.00594906267969237 0.00558320591234116 0.00648955978135845 0.00247954698058517 -0.00200717789519677
328600 0.0670896642748913 0.258402231388907 0.0059977591563815 0.00511646867733303 0.00574417398904952 0.00292110484609728 -0.0025139049974852
328800 0.0668356170913054 0.25973725182377 0.00500775593628447 0.00303649815148795 0.00669259051327568 0.00355184088338511 -0.00299168877853402
329000 0.0669261803879816 0.258876821549694 0.00319627896155578 0.00130786620351807 0.00434597308709477 0.0041358388074478 -0.00177662712968679
329200 0.0668271314942038 0.256536052487368 0.00241442774377978 0.0038665706353964 0.0055461473689116 0.00349476211265102 -0.00379412649413414
329400 0.0672499005569347 0.263314471500406 0.00430712540219447 0.00210077290479525 0.00411913729148894 0.00470882008427611 -0.00195191749805592
329600 0.0670584479147804 0.26343611743602 0.00429279267797961 0.00549387361927748 0.00513647577565556 0.00375385360682404 -0.00225981574347995
329800 0.0672819032052078 0.262579211761994 0.00885884862310408 0.00562190582898337 0.00593137184705055 0.00230894550161133 -0.00244992949337632
330000 0.0671202248373529 0.260697224162071 0.00793694943280011 0.00303338883324282 0.00606313115122314 0.00315816983989311 -0.00331934768611435
330200 0.0672813308493569 0.260625994525152 0.00407786716943689 0.00294484649945794 0.00613683679786808 0.00312745789619237 -0.00240501752946023
330400 0.0671980015413773 0.259627595279368 0.00378362271050955 0.00394003455001728 0.00687572109874907 0.0020298823177188 -0.002571452121373
330600 0.0671819779714807 0.259468084687697 0.00595998487611576 0.00423268982579222 0.00495806942871231 0.0027329999903033 -0.00255347123152382
330800 0.0673122079565154 0.260412806223006 0.00687568226669662 0.00824057749437461 0.00497394167210417 0.0039172327352231 -0.000740956278178235
331000 0.0672281214180037 0.26092276517051 0.00648264689916002 0.006213471040812 0.00616883328848898 0.00287183372731278 -0.0025266673497952
331200 0.0674136631809204 0.261633111553628 0.00564891682886896 0.00253016790806361 0.00616779588279947 0.00193829115617603 -0.00240309147292721
331400 0.067111988284197 0.25876765234661 0.00826218726498999 0.00410279387258294 0.00557280899816806 0.00271807679845446 -0.00275993629467681
331600 0.0673871657714342 0.260103428892456 0.00308197633907131 0.00682842556512104 0.00526536611927743 0.00263288553303789 -0.00264560695910193
331800 0.0672465027262632 0.258165979631472 0.00754270590293016 0.0031942289401852 0.00509570799026623 0.00340851516265504 -0.0030800365656758
332000 0.0673399423610989 0.2580406893975 0.00611677588073036 0.00416699251072142 0.00572742789858378 0.0028100077402766 -0.00226944628981679
332200 0.0673337268543233 0.260980466866488 0.00845449985358943 0.0030198066186497 0.00589159604667922 0.00197276421639217 -0.00364029513208018
332400 0.0674396186503969 0.261421064992908 0.00492275615634649 0.0090819055946336 0.00944030899600696 0.00425726582826429 -0.00189360468156357
332600 0.0674188166782947 0.262249948432537 0.00579975466686457 0.00665900926878144 0.00675841112051479 0.00208774898646707 -0.00179145469555826
332800 0.0674893034144878 0.257977180900445 0.00481252181700584 0.00712369262531926 0.00645603963663347 0.00307864367205999 -0.00316030554058769
333000 0.0675461827006242 0.258682280230424 0.00842097434999224 0.00572768961260834 0.00507452164558077 0.00429891740502846 -0.0045070993264982
333200 0.06739684729355 0.257287523999438 0.00379021823966411 0.00362099326680988 0.00713719689101649 0.004031894263382 -0.00196484509779884
333400 0.0677704585499305 0.25826186124845 0.000169662669913665 0.00163258373985283 0.00800410468998668 0.00354488049378287 -0.00298205281165676
333600 0.0675997761117946 0.257007441955682 0.00373795850377555 0.0044481687206267 0.00643753820080622 0.00277654481718321 -0.000539656034655462
333800 0.0677973085484348 0.257642137364652 0.00670966803383114 0.00481592571949686 0.00668819217773989 0.00215449886141656 -0.00280727151767879
334000 0.0678254488351785 0.261695509989697 0.00698820174621474 0.0080886109253808 0.00410431032240314 0.00321982361655811 -0.00244885134337035
334200 0.0678420643632222 0.262000491590485 0.0060833854830487 0.0054234613594176 0.00483194839429812 0.00146170008060871 -0.00346650614675646
334400 0.0678529364459722 0.258758210631021 0.00491530253710868 0.00477341249173116 0.00623817060805246 0.00295666237394728 -0.00348002838120568
334600 0.0677181634472133 0.258114280177855 0.00371392483275744 0.00294390521730663 0.00717555076518659 0.00358441598027868 -0.00166691653621699
334800 0.0679048698712329 0.261007906449051 0.00284350459281641 0.00220859131634364 0.00628372222058541 0.00406731997259234 -0.00189838669638839
335000 0.0675688145190765 0.259383365150435 0.00548008687057527 0.00455160753651066 0.00725223309698645 0.00391364486577585 -0.0022244762059348
335200 0.0680789006880502 0.263612503368381 0.00374070223351101 0.00434849713425226 0.00535648319265917 0.00391296777560359 -0.00173295993825104
335400 0.0675856927197565 0.260215468341481 0.00809255002952716 0.00917637459991888 0.00458069888624064 0.00304914608801896 -0.00218564140589174
335600 0.0682303308853862 0.263295172002613 0.00855433455928554 0.00562155677844946 0.00702953908766808 0.003232517999848 -0.00246410514233311
335800 0.0675209970457048 0.258015762547535 0.00659203842682187 0.00671105249624404 0.00538052750029786 0.00220247065181474 -0.00196116991123815
336000 0.0680529542413746 0.26033341074385 0.00427492545448145 0.00121510233960209 0.0069528049900292 0.00392415807605079 -0.00150657892055362
336200 0.0676079099733702 0.257519287592706 0.0042337822528481 0.0033931531147282 0.00609779474157861 0.00136115469054838 -0.0015355918017503
336400 0.0681394060574882 0.260854681583623 0.00417958801373281 0.00136966337754256 0.00401963430117381 0.00171395441936985 -0.00183258396266093
336600 0.0678316023196046 0.263296716514354 0.00624183071855884 0.00508073499556473 0.00631070649308761 0.00298541808360231 -0.00290661288789097
336800 0.0682938272859767 0.263461757023816 0.00720967305026809 0.00336289747931386 0.00485958871996574 0.00354278542701098 -0.0025017442289577
337000 0.0679986008259724 0.263371532996633 0.00928140658164373 0.00797370115107125 0.00778493504440863 0.00232042666287602 -0.00219277309890363
337200 0.068170182955412 0.264133137865409 0.0074106104297151 0.00598365104265831 0.0069708612299583 0.00338509677645797 -0.00242662561953328
337400 0.0679422218113259 0.257682160498206 0.00532485409813897 0.00330059029852088 0.00606969078824504 0.00257179637928798 -0.0025630221441591
337600 0.0680967547577858 0.259375858745967 0.00281205032471601 0.00154450532018759 0.00485942174002577 0.00357131237211295 -0.00422255717535979
337800 0.0679099198241287 0.260385892511776 0.00375244006619093 0.00241340532633366 0.00626475439837729 0.00487386400081261 -0.00336270493574568
338000 0.0683754581671521 0.262710155247408 0.00461591850247062 0.00176131666951157 0.00686930504612378 0.00333687410940837 -0.0036965523161391
338200 0.0678695782676922 0.261533259308708 0.011062543487946 0.00984055078541261 0.00731172061143572 0.00183089797431841 -0.0022396748824939
338400 0.068417678990506 0.263976293491147 0.0076772677463878 0.00862052214175783 0.00602199457588938 0.00159868660265444 -0.00137906383328644
338600 0.0680273360977279 0.25711310626467 0.00614451779618655 0.00730928337278432 0.00571889090461527 0.00251613103504976 -0.000908281593341209
338800 0.0683318205250034 0.260267029947128 0.00279377438460933 0.00473327164495593 0.00606651029631011 0.00231118677719506 -0.00122260749749521
339000 0.0680979811632151 0.258903815085826 0.00395851225519643 0.00566988798569629 0.00485093133274745 0.00409491769486258 -0.00094067634007516
339200 0.0685227619323813 0.263614834740998 0.00184235007697936 0.00666223144180337 0.0052957016397345 0.00273868190709795 -0.00226557037393779
339400 0.0678878834351076 0.25817985758797 0.00446507493102969 0.00419652201409231 0.00519187512597639 0.00284599908698329 -0.00200545666038709
339600 0.0686131971675276 0.262647024512224 0.00309758017116846 0.00465595560857355 0.00674716372887463 0.00280200721903098 -0.00255755471763564
339800 0.0681118276392645 0.259647452748046 0.00583049283158177 0.00602537419165143 0.00550023953978542 0.000642063353748932 -0.00270220153844992
340000 0.0685508359946426 0.263076489168293 0.00594621676216755 0.00479229978212363 0.00497401188827261 0.00338410830290426 -0.00382665850412297
340200 0.0681747067724225 0.260069163334048 0.00604596654783824 0.00609475288873958 0.00327369257868298 0.0031892135263269 -0.00170108330323368
340400 0.0686743931672832 0.260576956817128 0.00460502496114438 0.00242392632399332 0.00569504905890366 0.00366053988249761 -0.00190820263809396
340600 0.0680346652986778 0.256329863174301 0.00265490864912988 0.00505225411370433 0.00483919268036591 0.00299268155791831 -0.00255209802486571
340800 0.0687820415494654 0.257825848705204 -0.000902750443815307 0.00321306211743849 0.00420213539105956 0.0039363838735503 -0.00148404170220309
341000 0.0680804078768837 0.253438543900181 0.00603673273715778 0.00473986481694527 0.00380267411006999 0.00245576600434156 -0.00114342738735374
341200 0.0687948722838187 0.261402801916987 0.00390738943107434 0.00252386544770169 0.00606677871493355 0.00349340083536691 -0.00327785018831145
341400 0.0683440855265899 0.264143909288076 0.00583102128175048 0.00732178520962736 0.00563688318618009 0.00363757478502232 -0.00311059918309631
341600 0.0684776987837006 0.260567195296789 0.00594176019323245 0.00421369540137645 0.00427910114699424 0.00389568562203446 -0.00260742912083389
341800 0.0686755588166646 0.260289756658884 0.00614946699909035 0.00218283686300125 0.00614767324013844 0.00291431656667122 -0.00224863042650952
342000 0.0683091567152617 0.257441179441969 0.00317051442873488 0.00299222997835422 0.00629619746999111 0.00315945850020741 -0.000895980011803118
342200 0.0689977887761131 0.261364628004992 0.00352237751032638 0.000669043614617237 0.00530811005966233 0.00165299466039473 -0.00203626936094498
342400 0.0681618459185804 0.256193052047543 0.00803998541486759 0.00707132147799565 0.00425317913720471 0.00220643786659215 -0.000129590894432362
342600 0.069029730018885 0.263281762167752 0.00755561216007225 0.00410050396702868 0.00636706360340317 0.0018987908782757 -0.00111595803206718
342800 0.0684608638904879 0.25795344614185 0.00464905403225495 0.00569896715662128 0.00487020021491831 0.00298032531699218 -0.00229566856837695
343000 0.0689472967098731 0.261316615019416 0.00593065703283514 0.00447130895998267 0.00576541402790947 0.00316011553963512 -0.00248668527954071
343200 0.0686948943704468 0.261634204013928 0.00595824868742565 0.0065221008468793 0.00506221539291296 0.00502154411993061 -0.00159465048367408
343400 0.0689314567154349 0.262930104877167 0.00578143530141344 0.00458315324868399 0.00585852633806002 0.00284588585196679 -0.00362034875338842
343600 0.0686710923626692 0.260649715071261 0.00749068628927641 0.00576371450293804 0.00615345931981131 0.00399490826956272 -0.00348161219304155
343800 0.0687542107503408 0.259693892304454 0.00322592436509189 0.00352467246262217 0.00538786310312321 0.00451226822043375 -0.00416788545957967
344000 0.0688161208729963 0.260955691410889 0.0042940203293497 0.00102931134048658 0.00391826374304726 0.00200704380824235 -0.00385003333248767
344200 0.0687980726845342 0.259282583226554 0.00472492668899683 0.00439244144186791 0.0050198405370325 0.00222419530706974 -0.00374527780320408
344400 0.0688959245770312 0.261813446720826 0.00608554841772349 0.00408598729068714 0.00600362010985919 0.00361498416583448 -0.00266151165991671
344600 0.0689351058653535 0.260858947464018 0.00725853449093242 0.00638214672102823 0.00525533316160042 0.00325294649075766 -0.00278492475065779
344800 0.069027396648565 0.263594045521208 0.00758952236179268 0.00716215680114898 0.00470581337404005 0.00305959669305453 -0.000979962890836753
345000 0.0690142383277683 0.260926975330212 0.00557446708155668 0.00749344325908297 0.00534234663175402 0.00146960586908891 -0.0023793433218374
345200 0.0690753367021389 0.260505626413903 0.00658647685951572 0.00415785037494873 0.00441269625514534 0.00251489248337714 -0.00268633358923421
345400 0.0689202043870524 0.25946774744013 0.00611523822768576 0.00677152251384271 0.0046661267921373 0.0023913689200227 -0.00223018249418555
345600 0.0692097693816792 0.261971662394242 0.00618083869268911 0.004127018424505 0.0045211765444542 0.00195199016565292 -0.00337718980867765
345800 0.0689485470398443 0.26136400420792 0.00314220148261413 0.00863525428856583 0.00534556522599274 0.00248556905294838 -0.00338109464828242
346000 0.0692488044201505 0.262137384670301 0.00638312158387245 0.002950205920997 0.00541304424738498 0.00239526230745643 -0.00208409568285661
346200 0.0690846220954836 0.260082204265343 0.00337798272812247 0.00728666023350073 0.00561747549884042 0.00214334938167029 -0.00302679610544989
346400 0.0691578624527564 0.259003598806778 0.00668244512110786 0.00440218515014697 0.00804933953177576 0.000677099639487045 -0.0029061917747356
346600 0.0691994163557493 0.259981939892167 0.00457609267378365 0.00673728692683278 0.00773765175432522 0.00397244514181152 -0.00304497374107985
346800 0.069258055249413 0.260195014669557 0.00587581975001572 0.00553265858604914 0.00546822478397692 0.00386808624170255 -0.00351087348221595
347000 0.0693260078227876 0.261803032594771 0.00618777506941274 0.00813071824621546 0.00641652534475615 0.00371021597527017 -0.00160145879492956
347200 0.0692352566495673 0.261284329563565 0.00845617024001905 0.00547176519675134 0.00656130788916035 0.00246465116618804 -0.00157386340243441
347400 0.0694813690876466 0.260589115447077 0.00503905222344065 0.00629777316585667 0.00627100909453122 0.00427561407670287 -0.0036339024105716
347600 0.0692121953787385 0.257022139035498 0.00683919837462653 0.00310704809005302 0.00622024651197628 0.00331248147279726 -0.00250451980961887
347800 0.0695994435937443 0.261117847412144 0.00142113108228876 0.00699679195661773 0.00682666538065382 0.00203723988168449 -0.000638736016701654
348000 0.0691740882035299 0.257408290364755 0.00473291803432664 0.00340391516103388 0.00717333326565757 0.00359946739395748 -0.0019010318792093
348200 0.0695853422653095 0.261854881484232 0.00114015110853575 0.00462529913846985 0.00702481109226203 0.00158608103068489 -0.00235884608876787
348400 0.0693630638462022 0.260501366547504 0.00552433374662821 0.00505545312662957 0.00706957366218875 0.0024567075951883 -0.00229494467222185
348600 0.0696026518193628 0.260519518818208 0.0029841365023626 0.00948879297076138 0.00736898776276863 0.00330279792289666 -0.00396584295506292
348800 0.069591242740189 0.260716500871633 0.00392361118842445 0.00652352945106128 0.00448748374040873 0.00291626526547807 -0.00281858038924885
349000 0.0695505374999219 0.259843527039044 0.002597122700355 0.00571886672320451 0.00367054303579316 0.00195065418721331 -0.00134859612031262
349200 0.0697458640256179 0.260719369762765 0.00407400269793025 0.00433748866614866 0.00600131897309793 0.00311964347524178 -0.00334294003331064
349400 0.0695051252339159 0.259983799819106 0.00093657053172521 0.00551136427960735 0.0065796685426819 0.00359560437709655 -0.00322348735155074
349600 0.0698272318371474 0.261747072478026 0.00620383242377463 0.00233606500421016 0.00628213222335087 0.00424532558460486 -0.00292862652271443
349800 0.0696593345606167 0.260910513522292 0.00738295213199433 0.00804735773757684 0.00647290421240096 0.00170938787700324 -0.00130687833527675
350000 0.0699832335768771 0.263846410724457 0.0087309335415554 0.00666264242579176 0.00616586513211312 0.00160465176112947 -0.000932810871817901
350200 0.0698225404530937 0.260151082280245 0.00459474132293467 0.0072987696885772 0.00650007428489782 0.00251058633426928 -0.00207685079580184
350400 0.06993176381041 0.259377735189247 0.00845304733559068 0.00506990739565431 0.00555552348935631 0.00285337649633238 -0.00132710982862947
350600 0.0698484722057873 0.260236041498291 0.00524251999516742 0.00355791068054365 0.00711706398094725 0.00221441537269798 -0.00192576011860843
350800 0.0700488128468137 0.262114666743714 0.00232556924659151 0.00395447841601593 0.00604215342032726 0.00247036883695376 -0.00316064820943832
351000 0.0698280705572244 0.259630292425473 0.00476281332867089 0.00544944876601382 0.00685746871076112 0.00269853783508111 -0.00312903076534759
351200 0.0700842648170188 0.262540996759042 0.00588309737422403 0.00388866398025627 0.00489444516329263 0.00246041194633813 -0.00364822270307526
351400 0.0701010503498116 0.261793487710875 0.00756268838457312 0.00656717578904159 0.00568409179730155 0.00330592568557654 -0.00196514208032281
351600 0.0701321410742767 0.264163821035764 0.00695993303132988 0.00618431815011677 0.00578206506012077 0.00301859440887512 -0.00318621192236758
351800 0.0700792082543717 0.26364606258905 0.00500152539864568 0.00158350513265301 0.00595242625388866 0.00395714958121876 -0.00366131055773125
352000 0.0701040643298653 0.260497088829782 0.00538001492880944 0.00296676498434857 0.00477793701127559 0.00264217707688933 -0.00251561322070017
352200 0.0700825685270362 0.261021696591338 0.00536307569209942 0.00461019410238895 0.00558297811219776 0.00347852222138781 -0.00361288946340656
352400 0.0699756002681995 0.258727483024573 0.0045549764653426 0.00573649838446888 0.00624064634528581 0.0010310721927688 -0.00295353322105034
352600 0.0700658034821695 0.260844315291535 0.00438976588129366 0.00607964669841832 0.00661038341939612 0.00236705982672577 -0.00319934906086511
352800 0.0700535778513954 0.262616632425742 0.00385150876551796 0.00805892413596583 0.00644959880382616 0.00335054145534882 -0.00300349601134402
353000 0.0703589937394273 0.263449251585813 0.00569070307272935 0.00473356166023355 0.00542476287194475 0.00176448486287096 -0.00270290595808137
353200 0.0702530255920193 0.263015171770199 0.00496297576601598 0.0076712462576437 0.00600279047999117 0.00204723896762048 -0.00323887193992236
353400 0.0702487329040923 0.259511026143339 0.0053479681115264 0.00482049490037463 0.00607195491155218 0.00158536428764614 -0.00364994857862835
353600 0.070360118649426 0.258560402542534 0.00149448848331124 0.00286715913228086 0.00478381375775422 0.00270829693297932 -0.00311046584988843
353800 0.0703287039276784 0.258226706676735 0.00464173725477808 0.00440501902708675 0.00535277264477575 0.00244436120626547 -0.00137062430409993
354000 0.0703539403823905 0.258364062689359 0.00420543423077543 0.00476703723954486 0.00719342344353463 0.0019862599306423 -0.00386423833431692
354200 0.0702610792465038 0.259833936333601 0.00606769428521314 0.00369995684692379 0.00780778431200107 0.00211283289320842 -0.00270267485422104
354400 0.0705670793560747 0.262937446575121 0.00652339401098553 0.00378759595099796 0.00686613957504047 0.0025123429808785 -0.00270876336976261
354600 0.0703965661146147 0.262883582011764 0.00753395148120904 0.00298706795600995 0.00910049803231809 0.00351018795154696 -0.00223180884378631
354800 0.0705904503722781 0.262463401340914 0.00282746816722816 0.00445782126508844 0.00788769627311919 0.00375031872239727 -0.00281252771183895
355000 0.0705144778071995 0.261649511889906 0.00567999883934686 0.00583746084499847 0.006041728953245 0.00354295119123475 -0.0025409146423018
355200 0.070701149422879 0.261548197125747 0.00750815997105933 0.0055230151168666 0.00496387501283727 0.0016402037072661 -0.00211825500825304
355400 0.0704077400612917 0.26125104309003 0.00666915678472539 0.00720553484595256 0.00679743034380133 0.00226157437201175 -0.00304504764245745
355600 0.0706887242140299 0.263530297909796 0.00633924590876735 0.00549439001545418 0.00586881497750932 0.00243006568205879 -0.0013257001720937
355800 0.070403771299546 0.261356113650779 0.00531500115821061 0.00529648077553868 0.00537668593316 0.00022387818594386 -0.00321353078009949
356000 0.0707094394747759 0.261412760654067 0.00238339651143247 0.00447001505182508 0.0054436106937761 0.00160188927087724 -0.00516693547085351
356200 0.0705121011186704 0.259564536133783 0.00546056091668715 0.00446966321478217 0.00694513471067704 0.0026530250716858 -0.00382490498729012
356400 0.0709162505938007 0.262040673042977 0.00363225938518401 0.00646943191992842 0.00642320460822323 0.00122649455172632 -0.00328163240158772
356600 0.0706110430203154 0.261323416605778 0.00628663413229946 0.00443312640623367 0.00704131554650555 0.00321093044835979 -0.0043234326764295
356800 0.0708959659386476 0.263268915739716 0.00265253835218006 0.00533161331396881 0.00544628244445718 0.00288800930723164 -0.0040529567341849
357000 0.0705644423135048 0.260278100104613 0.00408067923739379 0.00351076323463487 0.00606835996892471 0.00176684763505597 -0.00387895597762149
357200 0.0711760675643317 0.264368290790497 0.000902657934479387 0.00291802284431689 0.00499497077165687 0.00219050018582776 -0.00396479615399829
357400 0.0705568812057912 0.259650218827542 0.00781316793952688 0.00357749367858754 0.00660231459026775 0.00338073688862066 -0.00220344817696007
357600 0.0711843285900789 0.263091030213099 0.0045173619263012 0.00679202538576062 0.00733204321959791 0.00329021461544251 -0.0013311873192759
357800 0.070765479699729 0.259646478301547 0.00944519446760747 0.00600224548544366 0.00638993368071756 0.000479418292269715 -0.0015547983181763
358000 0.0710999468709437 0.260826688446765 0.00490716215086417 0.00541781530960004 0.0069768747182879 0.00312460102227153 -0.00485882780842851
358200 0.0708923524374635 0.26164951458386 0.00797879735296258 0.00574812064977429 0.00583758690926665 0.00384660647527478 -0.00332024441046055
358400 0.0711561658118837 0.263273233457817 0.00290364298888165 0.00457559905917126 0.00826997158801379 0.00346549502176296 -0.00129292802040474
358600 0.0709871972522438 0.260674948314593 0.00607947835479851 0.00375170446340954 0.0077289649766497 0.0015497856068476 -0.00177422407175207
358800 0.0711451373387044 0.261772068462889 0.00250494497877255 0.00638211639627322 0.0061681820735104 0.00329265291232226 -0.000845533079739037
359000 0.0711139850100967 0.261542704281627 0.00593487920223672 0.00370807700823074 0.00648439174672726 0.003467527708373 -0.00209093842350414
359200 0.0713083624318982 0.263574113558594 0.00694521403833945 0.00516590281448373 0.00803064165732288 0.0021809922062362 -0.00235140444395753
359400 0.0711517653376952 0.260735809370864 0.00894095728374136 0.00683130587752004 0.00826008548387422 0.000672495212087726 -0.00202128666015775
359600 0.0712900213541377 0.261810653341756 0.000398305160231018 0.00367846224572404 0.00739698755717099 0.00348140056936113 -0.00282171984385865
359800 0.071222275585739 0.259739181504301 0.00525112179946336 0.00173703228800328 0.00627088050279689 0.0030613899296498 -0.00163468704336739
360000 0.0713086212758795 0.260276228077289 0.00437349355520439 0.00593524495476056 0.00600355773799861 0.00427511415298049 -0.0014837471197674
360200 0.0712707825079 0.261474194893889 0.00901280259739875 0.00572433329122877 0.00553787456481187 0.00243499940304048 -0.00146821000056891
360400 0.071541981591949 0.26462787065098 0.00413803412758044 0.00870101657188795 0.00657590148773853 0.00173711036320477 -0.00269977084882115
360600 0.0713355781196851 0.261654768348154 0.00883977499929086 0.00635005463652303 0.00756836751128861 0.00136631453517658 -0.00275310889967398
360800 0.0715240653136228 0.261308089595351 0.00458163478798308 0.00538577790243403 0.00649995480600549 0.00239835301559109 -0.00265332508062951
361000 0.0714658893970569 0.259631319713527 0.00324687604553048 0.00599091160917152 0.00662071545023089 0.00349037567455036 -0.00287585345562503
361200 0.0713956237260693 0.261142936782984 0.00278411248418053 0.00787254894678333 0.006633088456318 0.00296547845047777 -0.00392551197405583
361400 0.0715356077776035 0.260929778750945 0.00427041601901619 0.00557270138439679 0.00614012928455357 0.00155440435176014 -0.00198171311024707
361600 0.0714495921856719 0.260910007219985 0.00463947190573684 0.00566691406721191 0.00532793678897273 0.00187331291466385 -0.00155814859581176
361800 0.0717781763559007 0.264010202635888 0.0064304004625775 0.00610480520641399 0.00704874294498264 0.0019169708143922 -0.00228918263387785
362000 0.0713799176015267 0.259374989388756 0.00584180656825763 0.00613373811299102 0.00644301026999228 0.00214245678462281 -0.00302209175929992
362200 0.0718711424468647 0.261862017688644 0.00465245689373804 0.00622123527235614 0.00737000078677698 0.00391185471812137 -0.00298705526759393
362400 0.0713780168487829 0.259012622038613 0.00757299019542625 0.00510994394888517 0.00837382665292289 0.00243517284176206 -0.00255293587765136
362600 0.0718132650556206 0.260727017579399 0.0025234571608828 1.3915207904136e-05 0.00775620031120543 0.00125285863003312 -0.00194674853057777
362800 0.0714133626632546 0.258966919211109 0.00537019897573438 0.00309481659064489 0.00540497493239358 0.00176876312590411 -0.000953546458456116
363000 0.0718776794615012 0.263155731736406 0.0073297344252753 0.00126625931379199 0.00778021897392992 0.00170396393642839 -0.00208720633489663
363200 0.0717521817211677 0.263159526402811 0.00847976579916398 0.00635594351126519 0.00710260964577721 0.00195983940022759 -0.0039076995583
363400 0.0719136606700532 0.264768033194293 0.00655525999200419 0.0068025230364558 0.00862131736955716 0.00301205610383407 -0.0048889681680205
363600 0.0718061512816928 0.262399783331044 0.00654138011877875 0.00711897466859363 0.00756781126846882 0.00225201961170193 -0.00354422887664761
363800 0.0721060359105859 0.264452216858518 0.00602668441018376 0.00563390910236578 0.00702062943370003 0.000935865376565405 -0.0025463544608177
364000 0.0717208092128482 0.258942564534909 0.00189025179433675 0.00513885237138226 0.00701076135539455 0.000590131894403353 -0.0036451739470292
364200 0.072092199327197 0.261201952033312 0.00159838055675341 0.00200948590434085 0.00894836528654001 0.000418139748512268 -0.00226825016608297
364400 0.0717765366140822 0.256581810769154 0.00312001864380154 0.00567400727267468 0.00657121017676998 0.00177623607163418 -0.00330547763102184
364600 0.0720840076421734 0.262235575083547 0.00382490137031835 0.00785045406678198 0.00605094567344442 0.00116009308553052 -0.00216242428649047
364800 0.0719851040343742 0.26193672547046 0.0054267799522175 0.00617050829316946 0.00804186927260424 0.00481246867977128 -0.00168654363599567
365000 0.0722126831243687 0.263347038111829 0.00420951042574569 0.00510854050063854 0.00722054035970235 0.00370098699193253 -0.00153813339156502
365200 0.0720203396879314 0.260629820717879 0.00661350280712139 0.00455927539667082 0.00653911411530022 0.00456779874830316 -0.00230954500480929
365400 0.0723514408572259 0.261889241365479 0.00740019635353819 0.0023381905765171 0.00598373250151638 0.00189876207313305 -0.00270725339682167
365600 0.0719594341207507 0.259565461637214 0.0056841310273313 0.00441829097943338 0.00681215342147519 0.00408293773680166 -0.00395753176459975
365800 0.0722730538013322 0.262498804880595 0.00412215228250484 0.00521639683994893 0.00508810553566758 0.0047444279556652 -0.0020125506645088
366000 0.0721234646467897 0.261261226358172 0.00331416236007367 0.00702430866975423 0.00736374801302512 0.00305971094457133 -0.00234564908810482
366200 0.072585697343951 0.264227058733161 0.00850911427832299 0.00608846266910444 0.00682912915655673 0.00394333645792631 -0.00203724446740074
366400 0.0723341071443377 0.263816717452438 0.00740144014605329 0.00948397018555711 0.00728365762433518 0.00142406129314019 -0.00302517955935979
366600 0.0726792709168295 0.266732860520271 0.00546606149343859 0.00453514138020323 0.00758320998474062 0.00242571566423119 -0.00219787238978167
366800 0.0723231298602895 0.259645216353267 0.00723014354904029 0.00605841821032109 0.00789651616856682 0.00258621521762804 -0.00528573609359682
367000 0.072534890232791 0.261788096852779 0.00405345663475281 0.00139121180696485 0.00696712399310968 0.00293042548473921 -0.00195546940120125
367200 0.07229523922938 0.260503023179412 0.00361966248133334 0.00205073757705018 0.00677489876589702 0.00418052591906856 -0.00250509638020085
367400 0.0727001336148276 0.263596152332714 0.00468286457780707 0.00552497950701964 0.00573157457490943 0.0042294784477866 -0.0038634470756014
367600 0.0723257211563569 0.261868550018763 0.00710656969301634 0.00766123474645145 0.00688049355400671 0.00282954142680215 -0.0019960286295762
367800 0.0728196422642455 0.263854477924826 0.00304650313335181 0.00461417852900025 0.00794210506327388 0.0040869206712831 -0.00313828429950769
368000 0.0721501052208247 0.257638638102388 0.00665053987547687 0.00789438172869569 0.00707570851051896 0.00144425700803178 -0.00324064848201881
368200 0.0729290227541279 0.264868204123522 0.00270732970039888 0.00562696050886846 0.00858275727753391 0.00294349447374271 -0.00295801826897877
368400 0.0722877907340537 0.259235116150476 0.00533877632958988 0.00438901170673833 0.00684359810323155 0.00211671715056042 -0.00407474211477894
368600 0.07288589749026 0.263612677218122 0.00242865405180889 0.00480199042546851 0.00870742658849879 0.00265423306316271 -0.00538393784197167
368800 0.0726157709075128 0.262319854129973 0.00435351918296991 0.00658724273277039 0.00878529149248803 0.00302071460190673 -0.00415446346454469
369000 0.0728704274573089 0.262213576413464 0.0055188412772493 0.00762984877706355 0.00621983287669088 0.00336113719095574 -0.00319944473888817
369200 0.0727088683969375 0.262174503854055 0.00782294601119475 0.00527126425038687 0.00735349536689615 0.00350972190208901 -0.0022759279091397
369400 0.072971449102295 0.265724903216894 0.00695330350826061 0.00674001834656504 0.0060780168152785 0.00236846103249412 -0.00305418230882447
369600 0.0726326537869225 0.260880533691059 0.00567942760251536 0.00635030248041222 0.00732848127365091 0.0013700334920478 -0.00292678291046008
369800 0.0729391095809847 0.262774435738094 0.00270806731396129 0.00538627517886486 0.00722059667399825 0.00296616488896419 -0.00291185309308251
370000 0.0728180915263438 0.259700351068486 0.00698256172111448 0.00678654078527509 0.00756244162850509 0.00322484019560208 -0.00246739055220351
370200 0.0731095770058033 0.259943216248627 0.00814804731780452 0.00652459323007632 0.00772462031823616 0.00283332945618328 -0.00441566937622493
370400 0.07297472879451 0.262709824637872 0.00676137312513356 0.00698941430202816 0.00692002124888416 0.00311417537710649 -0.00247683947920405
370600 0.0731908014608651 0.26411648573032 0.00501575926005195 0.00525927499243279 0.0076217681923054 0.00205742960378532 -0.00248448566359007
370800 0.0727664822515776 0.257206345278937 0.00628745243913784 0.00277713263574032 0.00590088954778335 0.00147656380002965 -0.00374377273805083
371000 0.0732983609167313 0.262129593461637 0.00532083055687011 0.00520816425691062 0.00858476561960943 0.00190350506490046 -0.00374539638569363
371200 0.0728502325559593 0.259617705682887 0.00364904713427912 0.00460040234723821 0.00651040969939976 0.00134657441099455 -0.00358684773719128
371400 0.0731345938328341 0.260745334482933 0.00406290255968205 0.00416963496266187 0.00738035677291917 0.00254238667314917 -0.00333907035623697
371600 0.0732023926960278 0.261460069755227 0.00903450992491026 0.00509211001582956 0.00758517307724245 0.00056112374614128 -0.0034404884658175
371800 0.0732426216029101 0.261004887699317 0.00672388671953543 0.00525761064855928 0.00718661755365959 0.00209334553414795 -0.00423708275628066
372000 0.0730151067885766 0.260082785462067 0.00478771550043574 0.00245252772764888 0.00772811777290207 0.00128715188301794 -0.00403414828682979
372200 0.0733739998033065 0.261606994529881 0.00394459542053354 0.00547180546071765 0.00781389638465523 0.00131435756749375 -0.00331469703287827
372400 0.0732076531901936 0.262309284471189 0.00536713806229548 0.00590450735723246 0.00710729381015199 0.00414490954535911 -0.00423852001619118
372600 0.0733740714472986 0.259893824709408 0.00483752319901107 0.00207715185804316 0.0083515436609928 0.004144012622752 -0.00420346310532959
372800 0.0733348740701156 0.258105929351847 0.00737442121698263 0.00549846622278526 0.00750961472213615 0.00264912703990468 -0.00285627843864086
373000 0.0734196136022143 0.259401844037007 0.00697117034296533 0.00595601117814743 0.00622977773944898 0.00292916588628101 -0.00292636961750724
373200 0.0734140500597517 0.262768837358606 0.00304462601364941 0.0055617073970191 0.00699733666219237 0.00577017113349367 -0.00432207826268631
373400 0.0734276598080947 0.263927543908833 0.00715079263324236 0.00475528377007832 0.00797766114972389 0.00317201809458254 -0.0029604191638408
373600 0.0736429698580342 0.263098875871444 0.0077937071995152 0.00766635699504217 0.00804968687609585 0.00131864116446394 -0.00385355441264705
373800 0.0735403327776942 0.261188712400543 0.00478137943885522 0.00370470478719117 0.00745552906557598 0.00179223847032284 -0.00386255589497412
374000 0.0734976294687902 0.258505322402086 0.00127182923393688 0.00576429796734019 0.00708933541289631 0.0023478260067945 -0.00451057964587071
374200 0.0735147007083072 0.262973379494639 0.0040933941592806 0.0035616009220531 0.00700833697691666 0.00331804605716205 -0.00518319230873603
374400 0.0735493206888652 0.261685687425061 0.00544280296652923 0.00580617515478679 0.00758206661524586 0.003708175206907 -0.00477345111098783
374600 0.0737196737706966 0.262803360046979 0.00652014734177467 0.00514586127961143 0.00746476607215091 0.00286062430025173 -0.00360634440753354
374800 0.0737913776053762 0.262712373908701 0.00560547551309443 0.00712980725882596 0.00754636604259953 0.00382120816558877 -0.00449448448530995
375000 0.0737498123909308 0.261107690104687 0.00736526088919078 0.00850657809793608 0.00696150086251999 0.00181320322990776 -0.00383908299337368
375200 0.0737351908830297 0.262571735799275 0.00353238208127723 0.00488618277508131 0.00574542751807532 0.00268397180279294 -0.00312358515393115
375400 0.0737700012457995 0.261578264976583 0.00419507762584393 0.00455973561003518 0.00724099817986829 0.00287201199959067 -0.00265900007517733
375600 0.0738128844091289 0.260431993303568 0.00573780051969235 0.00212971879391804 0.00730151675352078 -0.000539655427513744 -0.00401703978025078
375800 0.0739251840422003 0.261080737281924 0.00586489978610041 0.00475168355662457 0.00757354421158148 0.0026167612786875 -0.00386881525284336
376000 0.0738937822503621 0.265771050449011 0.00796813690130505 0.00564859086289857 0.00931386440400729 0.00327966891292176 -0.00298909243015633
376200 0.0739542048496182 0.263516741941476 0.00393694317330132 0.00595964597595448 0.00809577279102224 0.00193427111864863 -0.00448552750152711
376400 0.0740145092253346 0.264699491827443 0.00276016730285855 0.00317211216064182 0.00990525870709397 0.00268832833934614 -0.00267565101043571
376600 0.0737296816134819 0.260876211914216 0.00750077437950314 0.00758611745642779 0.00820616069779468 0.000414608777158676 -0.00346322112263669
376800 0.0742611564550014 0.263356568682155 0.00577506388239131 0.00638672062131154 0.00695939037462336 0.0011577493639359 -0.00224611396072611
377000 0.0738553756492766 0.26128980066249 0.00644479795183275 0.00801645472900979 0.00633957443985608 0.00164812789342827 -0.00174006137810406
377200 0.0742282452459623 0.262423129683722 0.00611539071966351 0.0066694687166724 0.00452190153615792 0.00288764434101678 -0.00379998549510691
377400 0.074030863679501 0.260950803091649 0.00326853964852122 0.00729735526476325 0.00538442411520212 0.00215704809960036 -0.00368202242511388
377600 0.0740912806412731 0.260817373673461 0.00447056711739718 0.00472808213714374 0.00778137313752768 0.00204698400037747 -0.00257407118456245
377800 0.0741326152566407 0.262860691948695 0.00241577049966424 0.00638033328904681 0.00713715379173012 0.00223245533084807 -0.00147265964898022
378000 0.0740514595952591 0.260131814149713 0.00581634846947001 0.00476019650462335 0.00763565554296543 0.00451601751212073 -0.00382155757256408
378200 0.0741611709840322 0.260853939419833 0.00257738851130789 0.00975734021513519 0.00839391472049374 0.00293016229057029 -0.00204242195505867
378400 0.074193643400214 0.262384208058247 0.0056530760465834 0.00432721610507338 0.0072844703622894 0.00124441962570307 -0.00110342639339093
378600 0.0743550449405402 0.264545889853937 0.00586740695660476 0.00669548378352442 0.00763445048568144 0.00297374794101056 -0.00332175111427661
378800 0.0743133933578911 0.261856928256876 0.00913646429217621 0.00642154887685941 0.00733875734432528 0.00325720004603074 -0.00156939532102908
379000 0.074399313555321 0.261815137289653 0.00816813273562634 0.00675178860135435 0.00767508987100848 0.00306845861555026 -0.0016028120500326
379200 0.0744788424766928 0.260839814441556 0.00780302772484741 0.00580551227571107 0.0085752442506838 0.00234493061555387 -0.00173143202124575
379400 0.0744891220714512 0.2618945374694 0.00397894740095492 0.00574865317586426 0.00717154611596862 0.00391829960496321 -0.0048002201399962
379600 0.0742591882925849 0.258064909974714 0.00469726648363472 0.00474761096491699 0.00852103535355481 0.00141914579311731 -0.00248471899654765
379800 0.0746153196587118 0.259792662889884 0.00195557727474891 0.00331719856436671 0.00839384409638242 0.00335474686274136 -0.00218894063645647
380000 0.0742998304462352 0.257378899377175 0.00566528572640419 0.00421144355928507 0.00719012748187872 0.00324934382905295 -0.00397473002206085
380200 0.0748247601906287 0.262969197982092 0.00720997935407967 0.0048170300511006 0.00637195231992841 0.00273266306517027 -0.00337612344781291
380400 0.0744585806688517 0.264272082988675 0.00962300996123271 0.00524876559676128 0.00712761915902531 0.00389205505076311 -0.00425676122085334
380600 0.0747313995243632 0.265012519255002 0.00670761485373303 0.00659668525632659 0.00727437537602243 0.00461309324035986 -0.00348687244087666
380800 0.0745285784185047 0.260515865315019 0.00691254936569307 0.0064076864110577 0.00752481621864261 0.00257902546808344 -0.00313954157260682
381000 0.0749584936297471 0.265545043576969 0.00676782474130637 0.00556725871419025 0.00811108557215877 0.00255283402776017 -0.00112666897759512
381200 0.0744600793622977 0.260312924303764 0.00657230250488638 0.00489756496234711 0.00889794432553364 0.00245084270797364 -0.0020395414476263
381400 0.0749048677616781 0.262802914529403 0.00310655887665229 0.00229791572583186 0.00844451696960615 0.00277451669127402 -0.00145550848334007
381600 0.0745902572547345 0.262172196078489 0.00471304475748921 0.0057080786275919 0.00726062779083247 0.00397906014433304 -0.00272235493232051
381800 0.0747818080108155 0.263459836584902 0.00717472293967431 0.00623331753465472 0.00806405434831529 0.00148408533734863 -0.00290547169638166
382000 0.07472789692665 0.264260739678078 0.00732826839781749 0.00886522838852918 0.00614561477629596 0.00192416216090196 -0.00163671085797763
382200 0.0750449692688816 0.266179071213464 0.00764698999144413 0.00570912152430518 0.00526365513442907 0.00391028513076539 -0.00119551615667658
382400 0.07459534575634 0.258835385704475 0.0051497877068839 0.00556389593052274 0.00747513313132048 0.00366796476343179 -0.00264364371176855
382600 0.0750209122519604 0.261377468079732 0.00450393695345239 0.00284036044090485 0.00816613850607788 0.00254370795412467 -0.00261183116030912
382800 0.0747861962390672 0.261239837285041 0.0050601705288004 0.00568447515744612 0.0058253372373661 0.00326655759855116 -0.00280869826502731
383000 0.0750460347752396 0.260611190779809 0.00418149192241279 0.00370778186976406 0.00627739701056104 0.0020005817468456 -0.00436238441433261
383200 0.0749112283590142 0.262074875017516 0.00375855209451652 0.00530235462945957 0.00909926878626555 0.000976835753107242 -0.00233818687167469
383400 0.0750077864332002 0.261014723635498 0.00730733292881396 0.00488510491016493 0.0072769945861925 0.00268255987372074 -0.004123722327766
383600 0.0749717932781734 0.26452931755379 0.00765915441909743 0.0101257302692729 0.00669096560781809 0.00332189239956283 -0.00392556635190185
383800 0.0753658352956735 0.266533826160824 0.00734010116367909 0.00844180166009727 0.00629812869811009 0.00127972970153713 -0.00351280906494305
384000 0.0750671886234951 0.264842915691939 0.00595394552021594 0.00877674112563211 0.00743776964666714 0.00162494517640751 -0.00298358476539342
384200 0.0751690663091612 0.265003156547012 0.00720116239111326 0.00469976597249482 0.00848838742125325 0.00303140559566054 -0.00357588248526459
384400 0.0749585294481796 0.25919072395465 0.00664998582562787 0.00634595755981328 0.00576220377494225 0.0024858968376688 -0.00232963753999074
384600 0.0751416778737408 0.260645083564847 0.00387948055794531 0.00496634465365448 0.00726372616463728 0.00302578518792461 -0.00435844253407272
384800 0.0749673546901585 0.258963606882939 0.00438658169007417 0.00488156383485322 0.00679324056749489 0.00148350895065142 -0.00331371478089043
385000 0.0752909528430592 0.264016064700553 0.00650144173704866 0.00656734699553876 0.00640202284488424 0.00116771939868139 -0.0033832093962451
385200 0.0750950666911472 0.261508100816071 0.00892898256388579 0.00730310911689831 0.00660521035971752 0.00255079567564873 -0.00503773498047922
385400 0.0754747778566232 0.264749694861112 0.00566206900863315 0.00505914205625576 0.00659402161172999 0.00162541588220098 -0.00421909820253936
385600 0.0750199275653515 0.260283325300308 0.00467246067753803 0.00469496717908612 0.0100596410045004 0.00186833862295641 -0.00478170632552326
385800 0.0755453434134079 0.261919797105084 0.00437385050435676 0.00283118839487971 0.00823099737592145 0.00199325705114542 -0.00508533973685074
386000 0.0751952861740463 0.258734065870327 0.00230856345558638 0.00683734234080278 0.00655135326406211 0.00308378474803672 -0.00559923403413897
386200 0.0755770275924289 0.26401472123792 0.00561910481361881 0.00334103544687565 0.00556307776283271 0.00343510970222204 -0.00433916007029489
386400 0.0753755875363273 0.264810048887995 0.00510770787408177 0.0045979520435462 0.0058069050482639 0.00123088000985301 -0.00450057132745547
386600 0.0755909520178795 0.264505260630044 0.00496474936120583 0.00615112233696516 0.00529174396080109 0.00264151340136194 -0.00358980053017884
386800 0.075489617373904 0.262484734902802 0.006252874582159 0.00679554611540701 0.00651661044926333 0.00240071857725048 -0.00369214515888267
387000 0.0757440846155142 0.264431438009187 0.0067823130373059 0.00813130581599635 0.00627355153504348 0.00199845347664255 -0.00252984582933174
387200 0.0755912496145481 0.264352758621431 0.00770279007091167 0.00646875681789821 0.00806717686219595 0.0028189603137327 -0.00312540035574857
387400 0.075801775680578 0.262826369879685 0.00305056475470513 0.00587919686231698 0.00709710757936266 0.00200995780236021 -0.00231272741038081
387600 0.0754418678671023 0.262250530655555 0.00387580264949055 0.00458178789975725 0.00703897971363008 0.00291737234547668 -0.00143673397046052
387800 0.0758741053804371 0.261808748249807 0.00218612833984491 0.00621679158679573 0.00666164929367602 0.000913581607749639 -0.00398771721228655
388000 0.075518776064992 0.260188206745995 0.00625803298370196 0.00796588261242445 0.00630840172316926 0.000822999683875463 -0.00223254819867701
388200 0.0759934790804391 0.264382239220928 0.00572071663794039 0.00578439697573987 0.00550771393005729 0.00173345475499242 -0.00418275866154979
388400 0.0756718640101917 0.262331448778876 0.00512390937002712 0.00530925176527068 0.00704687423537902 0.00323203900992644 -0.00196041047944209
388600 0.0758987406973636 0.263389356543049 0.00198852884505801 0.00477892227672636 0.00740432741503239 0.00138999036625484 -0.00497199127670569
388800 0.0755866671134171 0.26047020014871 0.00298543064511127 0.00417982546137006 0.00662088684900806 0.00145428163794545 -0.00283489296792143
389000 0.0759280547068174 0.263529055063276 0.00435666220526912 0.00410733441378524 0.00801436817395848 0.00313281448321187 -0.00562672613736346
389200 0.0757810823876389 0.262814913784214 0.00945125031942873 0.00576928691856196 0.00759109495375766 0.00239624918038726 -0.00615426612452406
389400 0.0759023014907333 0.262363798367964 0.00751803858399792 0.00555097828629624 0.00615127450355455 0.00294659108804524 -0.004622499354631
389600 0.0758992858364841 0.260743456614755 0.00727764607700951 0.00664063697899127 0.00632191133583128 0.00352912894737725 -0.00363823194995038
389800 0.0760152179795364 0.262527710158463 0.00434363821089533 0.00516484893647384 0.00748869715388939 0.00277754059227912 -0.00269563387412194
390000 0.0760069853308472 0.262393817915937 0.00617902499558415 0.00591573091692259 0.00758794669678928 0.000826801818820781 -0.00570813601859871
390200 0.0760750125593192 0.259598705340555 0.00642695671571816 0.00631586188135844 0.00808532432517408 0.00138197140688231 -0.00459945118952922
390400 0.0760320465444071 0.259796374078848 0.00834179763626172 0.00638060900203538 0.00727504552701838 0.00475255755611243 -0.00268788427196185
390600 0.0762181937128965 0.264971154816402 0.00768316966540587 0.00605764965408064 0.00758455387098744 0.00272462142187485 -0.00233187933064797
390800 0.0760596358528746 0.262583649065571 0.00505148371741591 0.00516174022459192 0.00603285262755798 0.00208189446851646 -0.00246235289967107
391000 0.0763102051793123 0.262470610410397 0.00398695003658555 0.00214981360172499 0.0061776139613939 0.00245708895638958 -0.00196241429029436
391200 0.075832981394175 0.256028252878577 0.00272058174764919 0.00425708692175475 0.00741012339509171 0.00113050113744742 -0.00380653245852011
391400 0.0762382434894882 0.259833687417566 0.00579520310449903 0.00323860064407542 0.00808014285567475 0.00276498135541052 -0.00300357906319703
391600 0.0761452996138934 0.26284400922168 0.00749997542750585 0.00757087229327861 0.007672860511259 0.00297584891849574 -0.00344497062819129
391800 0.0762827333836847 0.264221852947602 0.009659452003414 0.00790005836063404 0.00740417908122267 0.00267683106722656 -0.00192831045032149
392000 0.076303221192956 0.264692444844304 0.0078547350752673 0.00761521784747323 0.00899393974557181 0.00142452270410135 -0.00308494436013173
392200 0.0765157703892288 0.264201606358462 0.00478842702282607 0.00555214858031846 0.00838663838510652 0.00233392959246637 -0.00359218346521813
392400 0.0762647749024663 0.262464916025605 0.00411899584812589 0.00847339969022188 0.0084349745329335 0.00332599069986875 -0.00371091688887867
392600 0.0764983012131416 0.264197699057255 0.00463492031777272 0.00525783409943932 0.00740844963209071 0.00188777380420228 -0.00142223230057314
392800 0.0762102082847394 0.259910280281625 0.00575084126349446 0.007816862293823 0.00695510058296928 0.00223616226758435 -0.00356211492576138
393000 0.0767679098153663 0.264475786108814 0.00690061473594307 0.00606923366415906 0.00886085962453385 0.00370512382616569 -0.00405128696018485
393200 0.0762527969685784 0.259839889370801 0.00719224684160586 0.0059161041165622 0.00697838887476661 0.00184284105449424 -0.00519644832989875
393400 0.0766276512945758 0.264760784511913 0.00932805870055154 0.00269914549330886 0.00680127600015758 0.00197116415350679 -0.00556304235360333
393600 0.0763401091893962 0.262030485951676 0.00460528017498754 0.00718347965827904 0.00536759079332774 0.00223651968562636 -0.00457847198947172
393800 0.0767935572465838 0.263679782151719 0.00531227008267189 0.00470628547339069 0.00736046744166099 0.00270262859606199 -0.00371372208421781
394000 0.0766301676069962 0.262406963112744 0.00315059273674551 0.00632686067297725 0.00653299371524387 0.00195985791843199 -0.00282129082100041
394200 0.0766971882518519 0.262404060494312 0.00591885729523545 0.00544744108204836 0.00870624776813605 0.00303631349937198 -0.00336142407896163
394400 0.0765240749006793 0.261483861660968 0.00659478451098004 0.00862275248548082 0.00845983521392985 0.00222824541839933 -0.00250250102383518
394600 0.0769805822837069 0.262607740743264 0.00900431983761801 0.00314941734503579 0.00654023430824074 0.00286352516637114 -0.0037417724145422
394800 0.0766453536954845 0.260035666455753 0.00575740790475571 0.00655110409202208 0.00702057963089449 0.00223481823119032 -0.00523614482106375
395000 0.0769841022027307 0.264271783176213 0.0061948927444988 0.00144421448723948 0.00654851474175094 0.0011357314291725 -0.0043939102143836
395200 0.0767958727172533 0.262589399809417 0.00685225113936028 0.0057894679655312 0.00475963954640227 0.00192531266550498 -0.00417341610847312
395400 0.0770132148100572 0.263264946833322 0.00795159980355875 0.00682326287577024 0.00746854828448264 0.00148952108319577 -0.0036734606932949
395600 0.0768523284877916 0.259660336097377 0.00537551742850449 0.00733606333636677 0.00856684095633345 0.00165485817803843 -0.00410851317603532
395800 0.0769027426781824 0.260994691058993 0.00711544282588282 0.00424735489801082 0.00732176166259366 0.00258850365105801 -0.00233609937058452
396000 0.0769572358287056 0.262358578250766 0.00282528978045034 0.00552764432524047 0.00743738695860135 0.00303180937396622 -0.00346046252528435
396200 0.0769198983168726 0.262289716812859 0.00584479331506078 0.00502851050014773 0.00553391187574145 0.00126469071850468 -0.00378819366002444
396400 0.0770851169699535 0.264542243063033 0.00780160935767098 0.00794583610435749 0.00582246169106468 0.00142126609447309 -0.00367228445385553
396600 0.0773616190627816 0.267682198331373 0.00819410408857681 0.00765098349613614 0.00757339811498726 0.00143614112386142 -0.00563992390935434
396800 0.0773316354639802 0.26386043429521 0.00681313036685445 0.0125190149126323 0.00701716450023883 0.00236659039820126 -0.00323118052883629
397000 0.0772413327870352 0.264570095292766 0.00703241877329864 0.00655534045368631 0.00778994000095651 0.00251389497149911 -0.0010838310457259
397200 0.0771184061442338 0.263795790104063 0.00345032661378689 0.00697913502792191 0.00780391292193273 0.00221671474553666 -0.00311789082450508
397400 0.0773621267300477 0.261598251224461 0.00368108529008089 0.00515207341502256 0.00809378629626669 0.00122838618587203 -0.00384881532534494
397600 0.0772306445769053 0.260962040534878 0.00488136898037052 0.00852078396178422 0.00636997007842642 0.0020139908793132 -0.00301807379431087
397800 0.0774674577195629 0.260373463346522 0.00415080097297964 0.00290020487573944 0.00731123989923004 0.000618596374349794 -0.0033638277581423
398000 0.0771834999715703 0.25921657163839 0.00385062170422592 0.00746710349446685 0.00747839446931622 0.00172167540607326 -0.00380475504967383
398200 0.0776008481528989 0.267393662880463 0.00472055181439415 0.00631834730103045 0.00831050683186096 0.00243366255381295 -0.00444516417357303
398400 0.0775064591791873 0.26593843363218 0.00690870286336336 0.00898209197941183 0.00731550201425824 0.000695285972313141 -0.00328274066763968
398600 0.0776092334500605 0.265112848168889 0.00800726733602238 0.00487838654934667 0.00856041733413621 0.00109472094207182 -0.00401816230743838
398800 0.0774814434068306 0.262558488777627 0.00607737478398492 0.00692708766257777 0.00758308977263823 0.00339817114364122 -0.00272201986928099
399000 0.0775988630720141 0.262974310100554 0.00612904380293389 0.0056639626459322 0.00753051906872324 0.00197959746689148 -0.00350693352740192
399200 0.0774325713282448 0.260894866646858 0.00327586021248787 0.00695788485613222 0.00711307948862356 0.0011060038546495 -0.00298556611590201
399400 0.0777062746182863 0.261053111400913 0.00740160556301744 0.00347388339913221 0.00555577098751267 0.00137125675145187 -0.00310603265275528
399600 0.0774700403842579 0.258972913679622 0.00293548851722361 0.00660072848356193 0.00757272319440314 0.00184984332008892 -0.00275569886632112
399800 0.0777792299323181 0.264438463159722 0.00637301588410474 0.00558781192901485 0.00770124860927001 0.00228316831715727 -0.00335219530923746
400000 0.0778573658647301 0.263884227746338 0.00725390636723855 0.010216624106244 0.00839766947378322 0.00131023734880687 -0.00271749010811206
400200 0.0778446445559963 0.263525053509163 0.00528713011013973 0.00507636204128719 0.00751961855278513 0.000725512443526845 -0.0031182297806197
400400 0.0779002281212565 0.262548998847983 0.00376971644927045 0.00542042911263919 0.00639489708091396 0.00152511816655075 -0.00271523245350021
400600 0.0777003872306961 0.262237837020537 0.00530292082048645 0.00463077091658532 0.00582789096140208 -0.000348918852198385 -0.00247448930902484
400800 0.0779449168744038 0.263902465390202 0.00357232243920055 0.00481292437584531 0.00598492488860403 0.000457989920937027 -0.00239493528817552
401000 0.0779201683529784 0.266287227679207 0.0042491695098951 0.00588290759846708 0.00637113641999987 0.00291434159903157 -0.00338741167375304
401200 0.0780854022316635 0.263917749789401 0.00746117464117738 0.005735728268621 0.00664666117133119 0.000239039296700807 -0.00304552373352281
401400 0.0781850501063949 0.265177632601372 0.00767031296037115 0.00626694726384313 0.00746896134073984 0.00176613636289481 -0.00348810887825252
401600 0.0781486051188782 0.260871727245745 0.0079605866777879 0.0060496702077493 0.00725171673961525 0.00296133162553223 -0.00414019778304611
401800 0.0782541498685503 0.259829447179222 0.00572221465511098 0.00641552700015323 0.0073149172967449 0.000628533650167462 -0.000573211035098536
402000 0.0781782099802611 0.260351867176613 0.00502087641548859 0.00278997302034145 0.00818339325637336 0.00257798203478496 -0.00192052286116121
402200 0.078262301565337 0.264064649546432 0.00499597579265072 0.00451325498443644 0.00870656676225648 0.00211711457880068 -0.00175171556577226
402400 0.0783179325450561 0.26224002653714 0.00544052929875851 0.00162217729586117 0.00608622770412693 0.00204762325945739 -0.00118463368752394
402600 0.0784203880073055 0.267317563710366 0.00439116838219064 0.00691234691377577 0.00653159231931059 0.00174549678002706 -0.00397712485042977
402800 0.0784367009327451 0.265794255942051 0.0080993639703492 0.00869668178174045 0.00583844684684214 0.0016397323875274 -0.00254346526983047
403000 0.0785536273918209 0.265226334917577 0.00509049690049187 0.00738890301200243 0.00590266184787628 0.00301816775610195 -0.00277156454624218
403200 0.078322368756376 0.263160058723942 0.00646768354686664 0.00387871902637271 0.00636220236133744 0.00137482873954419 -0.00330478464414384
403400 0.0784859649871106 0.262844568627023 0.00284148766065842 0.00322426545212913 0.00817372122903712 0.00135346999441306 -0.00332527130121979
403600 0.0785112816229701 0.261881593611655 0.00365002925128414 0.00429255437297298 0.0070404141473101 0.00239633542619221 -0.00239642731588893
403800 0.0785831690863378 0.264598311304895 0.0051539459429086 0.00616078125153436 0.00748994843433828 0.00184428798995262 -0.00153545130500719
404000 0.0785589817542399 0.261442206133222 0.00622700266105746 0.00590004618728304 0.00625556035675701 0.00169503033447953 -0.00243020061290573
404200 0.0784954535050043 0.266197189111397 0.00609060498954686 0.00576651863371433 0.00507782581012245 0.00488873764071699 -0.00263997794412351
404400 0.0785497921666775 0.265795327802434 0.00471717129259487 0.00646866196768038 0.00629142818823615 0.00324713453447778 -0.00255686791700268
404600 0.0785442433126765 0.261562753979821 0.00287596496507107 0.00576512161590877 0.00584504300837756 0.00324159411258416 -0.00174582129481195
404800 0.0783986534118144 0.258376828667589 0.00287320724705369 0.00138187043822241 0.00802073544812626 0.00474268109451048 -0.0041892833278481
405000 0.0786999066515739 0.260852265180311 0.00259164328181007 0.00425533201744706 0.00687187609177306 0.00276363336355722 -0.00335072118317898
405200 0.0788105204398934 0.263667413836176 0.00871329389017637 0.00643319338346417 0.00572387123055369 0.00349364307293174 -0.00277633780080054
405400 0.0790069296244209 0.26579749173159 0.0101184679022338 0.00741732525584534 0.00636828707022129 0.00191292212651041 -0.00443418540825806
405600 0.0789668111254326 0.264891569696137 0.00883429776031992 0.00570626152188364 0.00628993631489068 0.00272544348715013 -0.00465176549756117
405800 0.0790315814104881 0.265107424167788 0.00598259411926174 0.00662478303467825 0.00654294942001219 0.00351691084003 -0.00338461783143075
406000 0.0790764128678257 0.264442838077925 0.00287949286875196 0.0069784936694855 0.00727149862177864 0.00261569378394392 -0.00245476955696598
406200 0.0790716853150073 0.264554588149274 0.0019023492971861 0.00655082217010027 0.00660743458628484 0.00472218093783866 -0.00422301996323125
406400 0.0789921410839134 0.262644127434074 0.00398509617157666 0.00680932592711632 0.00670017308868111 0.00311394948541198 -0.00405005294537541
406600 0.079161318977829 0.265596496162628 0.00880172869325258 0.00745192464123757 0.00696273220335496 0.00418323424749315 -0.00318603267568928
406800 0.0792385650467216 0.263430052522194 0.0041847781830529 0.00639566729694845 0.00804625810965172 0.00263150002194733 -0.00337445022722048
407000 0.0792209316948105 0.263818321994057 0.0073649529871905 0.00666784509508914 0.00752990333023581 0.00320200370020223 -0.00424619093465263
407200 0.0793078751523334 0.26458533799321 0.00555507790838527 0.00657488515869392 0.00723317970401364 0.00295269434457572 -0.00405613392269694
407400 0.0792037251213301 0.261522840241363 0.00513120319413845 0.00551039784794354 0.00538847323700578 0.00331383986618682 -0.00283502100049176
407600 0.079365682550355 0.262349284873102 0.00184631863587208 0.00488514720783317 0.00607792835391102 0.00482105554949901 -0.00292191808864764
407800 0.0790829549746555 0.258861173611775 0.00341712069632532 0.00535102705839794 0.00731506578595164 0.00247675668180368 -0.00207914863492138
408000 0.0793903674859046 0.263844288068782 0.00639685460443467 0.00835824109537845 0.00833388751688415 0.00216027758245663 -0.00375511953457564
408200 0.0793392109441686 0.264755768350831 0.0114884451422523 0.00788644529219127 0.006370990305145 0.0025285436927951 -0.00238000604842885
408400 0.0795110140285704 0.267693817394729 0.00524029961467943 0.00727004269806876 0.00728446417140963 0.00368205325298257 -0.00330627980141807
408600 0.0792682001638945 0.261806479520454 0.00647538367236367 0.00340662048742116 0.00850121658490876 0.00440588444608194 -0.00304481350925935
408800 0.0796209965312316 0.262338125646462 0.00539937433984699 0.00551689340048915 0.00621535396964845 0.00240636083209539 -0.00445559433486086
409000 0.0792420169360684 0.261157391083632 0.00592647764973203 0.00806659536718417 0.00685670870256353 0.00271589162254071 -0.00300830238332992
409200 0.0797089515766058 0.264621610492875 0.00634642797999508 0.00531408772006646 0.00782845001090178 0.00400874394310725 -0.00200234487691514
409400 0.0793376735064785 0.263248840923857 0.00863950335671256 0.00560116895496684 0.00729491014060486 0.00237108655702349 -0.00364439123343329
409600 0.0799155527362422 0.265342892233816 0.00410636675797497 0.00249677432621905 0.00627664104142983 0.00371384703777966 -0.00516075760767397
409800 0.0792376078818812 0.263439465908909 0.00845403191574826 0.00355983445980603 0.00646305221587905 0.00360558490934751 -0.00509000037609931
410000 0.0799199585251285 0.266680889880024 0.00637634215181768 0.00443304827065743 0.00639389567390297 0.00289473925052889 -0.00319008657514314
410200 0.0794961046499978 0.261439371567232 0.00639674001975065 0.00789514118345171 0.00516964011360688 0.00233990534073285 -0.00285845100978949
410400 0.0798556230827273 0.264342345195656 0.00564122513379482 0.00640333669235339 0.00598982913272341 0.00307997315820275 -0.0033119823254428
410600 0.0796893287370706 0.263345948115647 0.00751724652739433 0.00576706423086161 0.0065491163775185 0.00304253364689312 -0.00448440393892321
410800 0.0798844495191412 0.267568336199689 0.00749993656746346 0.00814206680873228 0.00655533728873373 0.00466910031834696 -0.00530709535353907
411000 0.0797408268460144 0.267342095566181 0.0106012494964673 0.0059923484531504 0.00700107974378826 0.00206706826152944 -0.00517678288222253
411200 0.0800156125100699 0.264345634370569 0.00502877171264515 0.00594758616189948 0.00882635227950132 0.00202165771706994 -0.00355495495148368
411400 0.0797797801549496 0.262149088431307 0.00321602955813798 0.00488758183682149 0.00689313799519059 0.00428083566159724 -0.00428579555220266
411600 0.0798253609968842 0.261116003009298 0.00289651110940368 0.00570995856987838 0.00557051053646155 0.00336691469123171 -0.00278761457403515
411800 0.0799353725859725 0.263133909701052 0.00711049049371306 0.00396943062622645 0.0050604618860527 0.00367963554873679 -0.0032628212638401
412000 0.0798639130879087 0.263214723854887 0.00490535508564587 0.00775945957211411 0.00710619976161243 0.00267829220618014 -0.0017651599474159
412200 0.0802082668119346 0.264771545248108 0.00577792348412809 0.00369965791484411 0.00704815073115748 0.00274500931250553 -0.00294812495916057
412400 0.079987551397305 0.264883932194236 0.0036597666600474 0.00691692575520374 0.00595495494997373 0.00301209382196522 -0.00239318525082443
412600 0.0803583024810493 0.268689972813165 0.00872134465713173 0.00339290287150852 0.00440746271038007 0.00338366783273736 -0.0035060062607381
412800 0.0799478364569392 0.263835792456073 0.00583035919454942 0.00728945622528324 0.00771132968467765 0.00254522766075327 -0.00264071676882139
413000 0.0801833665202317 0.262505242786499 0.00637233484942878 0.00351725769192529 0.00767289743911013 0.00420322658770689 -0.0028868583296549
413200 0.0801159250663978 0.261124471558935 0.00395165338231833 0.00571509706729639 0.00680263181714406 0.00139970531657146 -0.00415728274547035
413400 0.0801947676786424 0.263613600650459 0.00670741780416006 0.00560254336594662 0.00712063292749576 0.00386014749946037 -0.00452696540578682
413600 0.0800611089277046 0.264001402750956 0.00383669460282 0.00683430633445902 0.0063847745322741 0.0021131767324813 -0.00272014485642046
413800 0.0803567558246382 0.266459299582503 0.00747925502572654 0.00542088793095324 0.00857237721318113 0.00300577807132032 -0.00184609437416596
414000 0.0803366929079024 0.266789951559991 0.00794478102362951 0.00542335843948388 0.00762098184865675 0.00283581365033837 -0.00182638062833838
414200 0.0804546448970119 0.265538285880368 0.00953063634691156 0.00595929627901052 0.00780588580266656 0.00383918934210028 -0.000944582488115216
414400 0.0804605165785457 0.267061215998136 0.00632960619199122 0.00717062760995371 0.00756944498883727 0.00162039729194129 -0.00269048195232657
414600 0.0804489802975194 0.263056327205939 0.00660329845455666 0.00235535404457451 0.00723372190827219 0.00372319877828074 -0.00107424390574192
414800 0.0803297800982488 0.26440747425677 0.00633839552152287 0.00215498384408089 0.00676040754510524 0.00337819441953332 -0.00311756169665574
415000 0.0806135046403193 0.263350606184679 0.0068636724270687 0.00426479584008827 0.00621997382573254 0.0026649513057384 -0.00221038955492119
415200 0.080487861219704 0.266080100197382 0.00685672485748639 0.00548936594141576 0.00557130612484956 0.00319716051932284 -0.00300985068593703
415400 0.0807302056974216 0.264869258155959 0.00845474916372186 0.00690559023710207 0.00468184186504943 0.00419548692156893 -0.00309392232202654
415600 0.0805845497324104 0.265896095101163 0.00531600967646494 0.00759317328229009 0.00620833769225731 0.00234330340955393 -0.00381723965948792
415800 0.0807725311504775 0.26582361379496 0.00403715893892675 0.00871685046555253 0.00625058614163699 0.00342765261621248 -0.00317040249972466
416000 0.0806708836405755 0.26212231801073 0.00176916294123929 0.00662966248110966 0.00500267021955101 0.00412966683823256 -0.00337956723404741
416200 0.0808441437584259 0.263316009260976 0.00590772381249515 0.00410594353200478 0.00524640907442472 0.00430696122678689 -0.00211834668765778
416400 0.0806716745507425 0.263111045326805 0.00908375177781851 0.00402433428898928 0.00712556273647917 0.00204481911985201 -0.002107526704812
416600 0.0812139743514371 0.265605472549068 0.00239767775168086 0.00386577951161436 0.00722902619364944 0.00201521180609624 -0.00195303278526814
416800 0.0805052597547416 0.263491524431902 0.00719484327714837 0.00755646284016812 0.00705347965018747 0.00218355573662068 -0.0034456060481266
417000 0.0812377422789556 0.265335115200795 0.00663181270586635 0.00707876193888816 0.00616051970884965 0.00111609353503178 -0.00375569416630366
417200 0.0805942288839299 0.262919189089303 0.00406931079090107 0.00867311359804329 0.00681099549371797 0.00184476071582569 -0.00333955441314155
417400 0.0812814483310491 0.264823667654982 0.00432860995763003 0.0066821393353631 0.00621959706774679 0.00229888711618646 -0.00269896435739356
417600 0.0809389693603449 0.265184910298007 0.00762401679503048 0.0056173290065035 0.00568240804141708 0.0027846556186284 -0.00300187494156065
417800 0.081263250917112 0.265588045272539 0.00441635010614682 0.00526599703288542 0.00606060410383391 0.00305960393864077 -0.00455752710254507
418000 0.0809582391469472 0.263798245283045 0.00442256209263871 0.00746192111426149 0.0060420435117818 0.0029308925137608 -0.00395812343686212
418200 0.0814762876677751 0.265222031160644 0.00485764415674714 0.00400886606679664 0.00769625437410381 0.00215189583815718 -0.00364952685025689
418400 0.0810673234015169 0.260489172186602 0.00770439004305998 0.0043724413689326 0.00761849561256653 0.000855301706383937 -0.00199710304453334
418600 0.0814904045609525 0.263144968216401 0.00540643017931783 0.00327895154617126 0.00540036735116596 0.000150275519741773 -0.000879733887561253
418800 0.0810642027013177 0.260856602483254 0.00702075130436459 0.00723021179661465 0.00680006590365573 0.00283697269612853 -0.00527511814286229
419000 0.0820459971264275 0.268322516009725 0.00794262897091102 0.0039545525615085 0.00696030060815844 0.00124473284889658 -0.00307544956076911
419200 0.0811003758024417 0.263482323775682 0.00715422471747776 0.00985200242576584 0.00746077499025781 0.00169855244096597 -0.00325888502110023
419400 0.0816544138210009 0.26600539639133 0.00517152756339926 0.00437702164738449 0.00857664728184406 0.00261598769699628 -0.00257151949801134
419600 0.0813858981986802 0.261944082111818 0.00470613592831659 0.010323441791822 0.00657902525600746 0.0037261388175896 -0.00331064827523131
419800 0.0816872933625808 0.264153167302076 0.00422816264088211 0.00433798503833947 0.00671943337723719 0.00149029679867523 -0.00212927002782656
420000 0.0812931372407359 0.261572824958552 0.00547264538048698 0.00837233864723975 0.00575339067700987 0.00220771642999966 -0.00199310505291655
420200 0.0818922767503973 0.264305747343978 0.00460608378288514 0.00375709874836998 0.00661428245522162 0.00120131970430845 -0.00210391874193677
420400 0.0814354136122689 0.262828891420916 0.00531155883126508 0.00793337141943454 0.00438418274713614 0.0032647929656652 -0.00274054643144031
420600 0.0819358951408511 0.265386448310297 0.0078146969499271 0.0039559559607086 0.00470100160136658 0.00304368666064352 -0.00360138749660121
420800 0.0814419925414156 0.261835685720996 0.00635688063432412 0.00582619791731081 0.00600283755991511 0.00186693731187934 -0.0025809533468333
421000 0.082171454998057 0.266934668547709 0.00492433041550199 0.00261528098850483 0.00526861115093394 0.00273728749915226 -0.00189948867420297
421200 0.0813881922907499 0.264164005112508 0.00583623694687263 0.00505450480807191 0.00660252399475976 0.0035468549740556 -0.00215266766645412
421400 0.0821799039408662 0.265737328856769 0.00658305367546636 0.00376628243009102 0.00648971086761149 0.00226486711777458 -0.00264312766072073
421600 0.0818046601328072 0.263392561731645 0.00758528911663801 0.00764248066582231 0.00731679780868062 0.00168329119722223 -0.00281776559059666
421800 0.0822524031050766 0.269160325125326 0.00729777009330031 0.00383806732186756 0.00722142788110696 0.00360034349205988 -0.00364120618855958
422000 0.0817929336507845 0.263179882822452 0.00757518964788796 0.00923260508985746 0.00737262788283466 0.00330562182762026 -0.0026591264379436
422200 0.0821328925982376 0.263904102203403 0.00628326370731932 0.00614442010774607 0.00669377662849616 0.00303603699119443 -0.00204678666218665
422400 0.0819225834466632 0.263273046565671 0.00539182186109964 0.00738930412304378 0.00725468174167521 0.00234470316099241 -0.00354512120916237
422600 0.0822267073228306 0.261727685412384 0.00271792240375165 0.00212163443428793 0.00720389832192648 0.00298673904460337 -0.00384828076066741
422800 0.0818866624375711 0.258730294447586 0.00477210113172441 0.00541114860576711 0.00628255609645114 0.00331096981292158 -0.00284715729525806
423000 0.0822760050824807 0.264242461948515 0.00499637835446943 0.00458015651714379 0.00709487078160875 0.0021741262173134 -0.00237366702482408
423200 0.0822213044423157 0.264888071200552 0.00662607081185579 0.00912785658202768 0.00531956313891282 0.00278356801995665 -0.00131851450237568
423400 0.08225160884829 0.263855579379387 0.00779331938649697 0.00558007745692392 0.00703953371979537 0.00236031398376192 -0.0034744274406603
423600 0.0823834677363189 0.265031087976401 0.00878448513490491 0.0098885540556599 0.00707249816643735 0.00258421957448329 -0.0033229569202818
423800 0.0824798205734072 0.268290727618448 0.00864207186054177 0.00744620622899116 0.00619679301941455 0.000816680521114211 -0.00153412513003546
424000 0.0823369073525477 0.264831975438924 0.00470631666384843 0.00819935601778174 0.00545162830238046 0.00156793368353231 -0.00270425200319396
424200 0.0824942102248479 0.263223321061807 0.00660413093291629 0.00357452226965976 0.0046320204124329 0.00172570384573206 -0.00218889515110554
424400 0.0823427177787507 0.262637483596183 0.00482757003320896 0.00595600082366793 0.00514797434639219 0.00314657371341607 -0.00272722439151534
424600 0.082688665474896 0.266364768147823 0.00604243619688316 0.00394843192094565 0.00353923469337085 0.00161695541557306 -0.00270321859121087
424800 0.0825527946023468 0.266839840084411 0.00763396819184042 0.00753146342332805 0.00620492813160518 0.00151064292426487 -0.00267039328456724
425000 0.082763826031145 0.269743214657249 0.008043014533571 0.00818951484951588 0.00671895974919077 0.00329818480518369 -0.00339012354958552
425200 0.0825197468763173 0.266196750403239 0.00592657628281133 0.00831226357726095 0.0075705836437581 0.00250417311026372 -0.002963274982523
425400 0.0826975032382467 0.26494455589727 0.00607555765120021 0.00503547385403225 0.0081642717065573 0.00278926608069635 -0.00398219150050437
425600 0.0826913590795116 0.264265021019299 0.00503206133907877 0.00466504636563445 0.0071366140684125 0.00279177011750897 -0.00223431409875432
425800 0.0829768667883742 0.264726019043467 0.00494469492900868 0.00308965842027019 0.00739681400824274 0.00278296935724327 -0.00355113904731858
426000 0.0828819419207254 0.263254560406854 0.00721048583474489 0.00382075451762357 0.00567624782910914 0.00197145750019911 -0.00165709575803513
426200 0.0828556090515466 0.26257999134792 0.0052551589578862 0.00592289097832242 0.0066626363703508 0.0038061189324727 -0.00300806852756975
426400 0.0830799000812094 0.267553532737543 0.00710366748206918 0.00688758689519444 0.00790692049791576 0.00224148957062729 -0.00294668149652981
426600 0.0829377045899986 0.268753232587689 0.0103814558448942 0.00702185254209283 0.00667343019508167 0.00339470835117923 -0.00282794266968641
426800 0.0831372298764758 0.267630541774364 0.00662962100997531 0.00720874891776023 0.00794181722410766 0.00195768877995766 -0.00206075166503803
427000 0.0829765694598597 0.263392547833081 0.00405379663570907 0.0059154790310956 0.00775224096776841 0.00408815422064983 -0.00348426987987807
427200 0.0829175044386282 0.265541496505564 0.00187670858931441 0.00417167860128481 0.00721312798696985 0.00319035660767504 -0.00221669559173837
427400 0.0831510658091328 0.264405204658595 0.00387943952235446 0.00629053190526918 0.00702559165497129 0.00254528299995292 -0.000100021291665405
427600 0.0827979871280513 0.262502737129722 0.00521295194061386 0.00582819360245849 0.00586992529094771 0.00196006546287658 -0.00346484836375588
427800 0.0832446624070867 0.265010881836148 0.00474568856530455 0.00524546421802239 0.00654654354202052 0.00223378470150417 -0.00324365282625824
428000 0.0831492940556858 0.265555438555021 0.00998551189686031 0.0109337241799662 0.00784808099473231 0.0021685628580606 -0.00324867187166964
428200 0.0836066935742045 0.269526164070218 0.00773728627981633 0.00748282161281481 0.0061446170984218 0.0021794507153518 -0.00322596733303948
428400 0.0832721370042519 0.268423003230927 0.00700812403197462 0.00872019929273546 0.00804497800905401 0.00138390241752565 -0.00326180748088501
428600 0.0835778244971578 0.266829763973616 0.00675240072628733 0.00771338217394468 0.00713946381221605 0.00153172074311005 -0.0037223186136778
428800 0.083251077651529 0.265323667929345 0.00831977391505062 0.0071117864337171 0.00651200303661269 0.00263125735596226 -0.00313081860880507
429000 0.0836805201638297 0.266113063840652 0.00454173471271305 0.00565846109243088 0.00869392033506222 0.0017799402292609 -0.00346223750420315
429200 0.0832962722698269 0.26066931075026 0.00475282556173292 0.00431913052573873 0.00790973772182071 0.00162041208199926 -0.00335389634945542
429400 0.0836463599558723 0.262633967699868 0.00207788821497165 0.0020409395289516 0.00849828365838557 0.00172930928917635 -0.00281430591727904
429600 0.0832599955911018 0.263153386431394 0.00632400168481322 0.00257740078765438 0.00810346947450589 0.0023893266911617 -0.00426544675977297
429800 0.0837032038500925 0.264793343768437 0.00651828455923145 0.00665351404311146 0.00662132380048177 0.00300626805258636 -0.00326237300632271
430000 0.0835122561804624 0.265559838906767 0.00819011971651413 0.00912260906098588 0.00625917501484328 0.00174001385713396 -0.00372721548180051
430200 0.0838385834301164 0.265707421869372 0.00798455138735007 0.0069618403449044 0.00509355988152017 0.00222239052393341 -0.00451349548026748
430400 0.0835344938762528 0.261969281687773 0.00910317780878465 0.00685249520616031 0.00798318057897473 0.00145329787825014 -0.00308681031799192
430600 0.0838843271423124 0.265140579423776 0.0043651640111369 0.00573224330860492 0.00673429140926419 0.00191588870273709 -0.00199063293501718
430800 0.0835288758282205 0.263232612899021 0.00743170404189909 0.00486745161812637 0.00816470086603283 0.00265195021386048 -0.00266296091619639
431000 0.0841879689044684 0.266318489500741 0.0038713958429787 0.00456859550612237 0.0067767678265981 0.00224288531427262 -0.00381214740086592
431200 0.0835797131709783 0.259915109305972 0.00565891436857796 0.00715316521950065 0.00561302970977514 0.00153241719821853 -0.00356924424239785
431400 0.0840739296106615 0.267072442865711 0.00690344736686402 0.00636891800883959 0.00672841566678739 0.0019087094575833 -0.00419447019515468
431600 0.0838795639109903 0.264391705780406 0.00355323573336553 0.00759684443630043 0.0061452258943971 0.00329083825218826 -0.00457781238006249
431800 0.0841254416546814 0.266240140635673 0.0068390011918713 0.00316892296369554 0.00584000362288699 0.00357114366696471 -0.00309710111927647
432000 0.0839382379302396 0.261915998563114 0.00477915355065668 0.00416985739576129 0.0072976298860206 0.00122010143377919 -0.00255900895472816
432200 0.0841482608544799 0.263010640999711 0.00714249520518237 0.00567570182498406 0.00639791643324773 0.0015819821474025 -0.00262296891560195
432400 0.0840336618923309 0.262150252151672 0.0076683981478598 0.00668400944701727 0.00700514204657808 0.00198795423164813 -0.00340686693581302
432600 0.0842489784762124 0.262129914415069 0.00583333854820286 0.00295116367010592 0.00726640254246744 0.00298438165100854 -0.00358518108897878
432800 0.0840517186727815 0.265026546528564 0.00770695877315486 0.00592075540802608 0.00765091245039827 0.00220184530255366 -0.0033651524454438
433000 0.0843235138770015 0.266635001102184 0.00472894517171019 0.00674916362082189 0.00683226836903457 0.00235103480519003 -0.0039000911982281
433200 0.0844439281800745 0.267698440436898 0.00802100040358844 0.0090868702393152 0.00589351432761337 0.002470272184199 -0.00349637808716156
433400 0.0844710753809745 0.265290052453544 0.00669632753501604 0.00704515852577926 0.00588594574388742 0.0016788546821395 -0.00333109844592591
433600 0.0845480649682339 0.264967645350823 0.00659097911272889 0.00432504896551679 0.0061087636056143 0.00243685092149859 -0.00336996976441898
433800 0.0844373829064016 0.264114078356393 0.00317477842111374 0.00236809390493372 0.00716995345689469 0.00454376620865187 -0.00166799475316168
434000 0.0847084565178236 0.264813156237506 0.00572131818041735 0.00590877164321649 0.00564002533853475 0.00188135815159429 -0.00481233309903367
434200 0.0846998873773339 0.265079569451377 0.00792347521810617 0.00643116440596631 0.00577990958317987 0.000742455161944689 -0.00348928797561869
434400 0.0849005920456324 0.268985877601521 0.00739993743785814 0.0101149426332906 0.00751499809207621 0.00258195827765252 -0.00500908276241212
434600 0.0847039169879776 0.269662507197126 0.00971014240649846 0.00888298936866967 0.00835601737990896 0.00277064723879629 -0.00338170276033313
434800 0.0849331654388165 0.267245322407777 0.00570827972010369 0.00537933106535756 0.00637916621015476 0.00301569593093279 -0.00317155929078872
435000 0.0845205030427193 0.262082408937298 0.00221927993127457 0.00218277705950854 0.00737178512538077 0.00232771154815616 -0.00230479899423226
435200 0.0848014940297909 0.2630289554161 0.00199073101590739 0.00277691262871871 0.00825257992640968 0.0010122454020128 -0.00240595004888691
435400 0.0847946797263314 0.263982091390615 0.00670800843692275 0.00694005291328476 0.00665745071226586 0.00175125108256392 -0.00297377611583941
435600 0.0850570201207833 0.266682623811887 0.0060792312379357 0.00772740122814399 0.00727196514823803 0.000475596831689172 -0.00303367076009492
435800 0.0850438788761762 0.266670672020061 0.0068105114706609 0.00723090800496398 0.00614101045238386 0.00117187801855381 -0.00368424584702261
436000 0.0850465764890063 0.26830896873967 0.00371290614796751 0.00773474575460066 0.00704234055850266 0.00154220354429938 -0.00354055297208674
436200 0.0852249473610878 0.26632041648681 0.00785856564858179 0.00825357498733191 0.00672456340374635 0.000117338945399836 -0.00245258320428688
436400 0.08507870359075 0.266504731028532 0.00873787155746381 0.00974512672603011 0.00782736379060512 0.00251281733625193 -0.00323166560994295
436600 0.085298451766834 0.26614626361805 0.00753660271364051 0.00418779730578514 0.00463490223641073 0.00151138419372919 -0.00293925044810672
436800 0.0851539308049077 0.264757143692393 0.00616413781918134 0.00503663541376383 0.00631583047664531 0.00151192317716383 -0.00322545904754342
437000 0.0850727127975473 0.262245446454968 0.00282305427457824 0.00169950833219756 0.00675331130962865 0.00363398187650654 -0.00303873150901267
437200 0.0851922596999386 0.263086397323198 0.00202881451443344 0.00287941488441493 0.00783096266694445 0.00257734716873213 -0.00389000202826462
437400 0.0852831656815692 0.267392746675714 0.00816781657061496 0.00392722261215075 0.00653704306568249 0.00338401222056376 -0.00304893820299282
437600 0.0854312340806476 0.268658103820167 0.0051950484220147 0.0049084495633013 0.0066549079386252 0.00295468778838679 -0.00284917687699243
437800 0.0852164056249936 0.265504623922247 0.00835175607395217 0.00545933388866932 0.00689342132617236 0.00354195549960856 -0.00199418480467626
438000 0.0856597342339803 0.269076804113066 0.0073702590133617 0.00680846998962222 0.00727621165495584 0.00328131845056675 -0.0022493255176463
438200 0.0854702053412112 0.263638585440304 0.00732714783876901 0.00627983331454639 0.00695052735446697 0.00158681758388839 -0.00277409378347749
438400 0.085814589464171 0.266769042355678 0.00716696850321902 0.00658823829440509 0.00751508226490313 0.00323830805335301 -0.00342499118107814
438600 0.0855679410982577 0.264690073694201 0.00640817238052901 0.00966242341975784 0.00723898689720497 0.00210223328664582 -0.00112317245832437
438800 0.0858062108647407 0.266785346307559 0.00770582897217224 0.00282972938638463 0.00713307737603611 0.00250267044101017 -0.00224282954810204
439000 0.0856000650879223 0.264308806409076 0.00700184191432052 0.00622868285016773 0.00566727357331132 0.0010742824918333 -0.00200258506413893
439200 0.0857797671276191 0.266789761889312 0.00466324295331464 0.00349527896990888 0.00597728928616239 0.00141947469669398 -0.00233418437741674
439400 0.0857631805200127 0.265518794227609 0.00637093835160589 0.00634127378551989 0.00665041878341441 0.00173958929351009 -0.00321103500171044
439600 0.0856968605631402 0.262731519370157 0.00797238321370335 0.00279188419307129 0.00791592348756629 0.0018648655010786 -0.00403029017850786
439800 0.0858779429940907 0.26747453300071 0.00624028796005222 0.00373668602558303 0.00723083635086011 0.00203179562313242 -0.00304565367590653
440000 0.0858658797382668 0.266123524760965 0.00971890765206004 0.00725460958165663 0.00791671843920966 0.00116490968484599 -0.0034256645970046
440200 0.0860831574188317 0.267522143685431 0.00510863174779204 0.00807431317086893 0.0085290034232288 0.000454998160878106 -0.00392240987318954
440400 0.0861364829505886 0.270139763924386 0.0114554978513475 0.00883157617453252 0.00746569646532799 0.00059897790147137 -0.00376297362878964
440600 0.0860284419290711 0.265879311937139 0.00622666576619809 0.00967149279700928 0.00749677428378446 0.00290280236948435 -0.00196391915174143
440800 0.0861356801077695 0.263690355525832 0.00650516483674392 0.00560508387680658 0.00866995694323566 0.00225471219055691 -0.00104869793773174
441000 0.0860330136244882 0.262828376131423 0.00390943132363295 0.0040780248115561 0.00728938232314523 0.00217288887864916 -0.00232377061755788
441200 0.0862036595917717 0.265310420509463 0.0103987381117189 0.00510107595401986 0.00525749828628373 0.00241971097788214 -0.00457045393969099
441400 0.0862339852628108 0.26626199099218 0.00536090885296422 0.00972627056065414 0.00392316957204475 0.00229027624436899 -0.00340069214869266
441600 0.0862803132624678 0.264904680108666 0.00918113647911941 0.00650718738986297 0.00664372863687716 0.00119875748536722 -0.00338560098648823
441800 0.086635925344177 0.267998214214055 0.00117357924972891 0.00492304049998882 0.00706565581186502 0.000660314846440453 -0.00394046950019633
442000 0.0860387881835137 0.264606889589842 0.00890656071435923 0.00721615480955544 0.0071041746007084 0.00155818215742423 -0.00375730819387822
442200 0.0867993466384806 0.271601241045408 0.00593922451437962 0.00771891541278228 0.00598135239924885 0.00128374283564529 -0.00387135067149907
442400 0.086285551775884 0.266120121446765 0.0102406848027512 0.00772828162475252 0.00726927506898827 0.00138613422158452 -0.00498083442651352
442600 0.0866296865420094 0.265900747168025 0.00483188619285092 0.00627180297355664 0.00840491225883247 0.00195042488865719 -0.00338889827676149
442800 0.0864295257883284 0.263800150037236 0.00491255628391709 0.00338483270954016 0.00608068845685653 0.00334810614683104 -0.00439392454967173
443000 0.086608778270397 0.2656752151745 0.00490658800091174 0.00614677903190228 0.00778343202459292 0.000354168813782575 -0.00360309420159163
443200 0.0865214719651973 0.266982279494937 0.00586361707080088 0.00580074125692123 0.00875500168382759 0.00197711255692842 -0.00358119479177594
443400 0.0867578767009435 0.268100885082208 0.00299772606334001 0.0100631170195518 0.00691283491982124 0.00190846940550852 -0.00314334420385712
443600 0.0867304685985772 0.265632294434264 0.00801028495841934 0.00507455666720791 0.00719855097048225 0.00232932145245131 -0.00217224287647883
443800 0.0869595681420965 0.267480694219213 0.00433969051381723 0.00668993660353873 0.00598594032510704 0.00241765939640681 -0.00383409788597462
444000 0.0869433544040701 0.266455329648488 0.0090741026329301 0.00490845365454835 0.0057701460434726 0.00232938762338549 -0.00491454727324203
444200 0.0870630904431565 0.268151434557104 0.00701930018790127 0.00975684419498719 0.00665714033476615 0.00279557359558708 -0.00209922543941191
444400 0.0870719426829396 0.263952356853025 0.0100117401856881 0.00480394996397419 0.00731285633149715 0.000552115588511514 -0.00192689218064953
444600 0.0870660764126058 0.26544297950538 0.00563271438092157 0.00629446821680717 0.0092108724332995 0.002571875927054 -0.00274930125441525
444800 0.0870161442001971 0.264019635582465 0.00706311572898987 0.00429667205373145 0.00609144073082337 0.00254442509659798 -0.00332884317521178
445000 0.0873291256267219 0.265746891257011 0.00496885905550992 0.00481779826181721 0.0074094970911786 0.000284713106521645 -0.00379181972130026
445200 0.0873064431060729 0.264348116346696 0.00828979146198993 0.00766908394678104 0.0071532835110566 0.000669379888993805 -0.0039204525540933
445400 0.0876642693941083 0.268151348589599 0.00536784473517325 0.00621439533788256 0.00747644997371264 -2.4014715944588e-05 -0.00381675384811243
445600 0.0873954609765967 0.26838048776683 0.00795291186329961 0.00623824052381904 0.0069994098346221 0.00318855201949064 -0.00370206850731105
445800 0.0877690433965762 0.268578113457296 0.00487560892689696 0.00626824374703107 0.00760727114453147 0.00159245760797953 -0.00648567396866052
446000 0.0874676226043912 0.264384497078451 0.00586319757142423 0.00503142667482874 0.00679266977381677 0.00288728792524812 -0.00422726084426309
446200 0.0876418287205548 0.266589867225729 0.00380229051930638 0.00654853594469127 0.00852258839810265 0.00141651993488854 -0.00355158984871257
446400 0.087403310830374 0.264406406215431 0.0073251725605188 0.00554711032789281 0.00865445425108111 0.00254971213926027 -0.0041504469227768
446600 0.087971869066218 0.268810997919414 0.006240338106063 0.00811608112665935 0.00574099917165131 0.00293155282347067 -0.00452932957519884
446800 0.087581106106012 0.267372120868626 0.00952347034972658 0.00529560604546182 0.00633447128714291 0.00212220569845913 -0.00490418037092574
447000 0.0880209066362639 0.267238143876672 0.00671941783626348 0.00786355367749499 0.00708490383121563 0.00116728744289211 -0.0044126380443034
447200 0.0877703926521733 0.266945157935038 0.0055051097450639 0.00645874153729942 0.0089424818243415 0.00325604821099504 -0.00465375098405806
447400 0.0880971830605758 0.267054939236861 0.00595079859663767 0.00547320414235277 0.00770323613356508 0.0027936754623038 -0.00274054659334871
447600 0.0877667920921395 0.262960417262857 0.00707581853247141 0.00860897791295495 0.0068444515799184 0.00183900470175532 -0.00536679755890078
447800 0.0882124661347702 0.265602940328541 0.00516889621372256 0.00607644128060148 0.00828084726737816 0.00259201036358816 -0.00450439571762376
448000 0.0879026936620664 0.265790816119895 0.0095589244245429 0.0063437320793826 0.00685210407378694 0.0029629835745515 -0.00385952617348522
448200 0.0882462964991276 0.269079163234814 0.00740705255139332 0.00789787519556383 0.00614561250532007 0.00202886602723083 -0.00526201124944685
448400 0.0878633408527607 0.266665058521254 0.00689065326757622 0.00789367127724011 0.00648458468137753 0.00293760165631973 -0.00536220256307507
448600 0.0883633949185287 0.266808417026376 0.00354361452222051 0.00623460694820938 0.00564692403922019 0.00192872998032123 -0.00370445999314505
448800 0.0879251580383318 0.262491469583316 0.00552596819781583 0.00786187610299678 0.00943680592974766 0.00350644397897551 -0.00206847947346895
449000 0.0883925406500999 0.266282840581493 0.00481480839036748 0.00404289108236431 0.0082506700641063 0.00332495555074517 -0.00536026677912058
449200 0.0879049970933851 0.264978264486294 0.00457217923178509 0.00376022605109126 0.00856113895443593 0.00137537425380239 -0.00311015535201092
449400 0.0885327863218993 0.269702174210322 0.00499234383032873 0.00737442130126734 0.00742106758678235 0.00166538550469763 -0.00284801813241855
449600 0.0884141206515936 0.269387832404605 0.00750834424811118 0.00831595721323173 0.00590511388240717 0.000225560374720047 -0.00368492032890736
449800 0.0884817578261494 0.265700203263157 0.00785697883592697 0.00718712008102863 0.00587055649470426 0.0015020184849998 -0.00340497067891811
450000 0.0884440307014142 0.264773397129466 0.00728714359591628 0.00639492452833897 0.00789321919376548 0.00149058509538687 -0.00444543538956537
450200 0.0884972165211878 0.267499981582261 0.0100889419823333 0.00846933876795825 0.00870540479930607 0.00253794539711115 -0.00445886873640874
450400 0.0885631583850042 0.266622280126795 0.00558355150481422 0.0068298737430347 0.00731572510957296 0.00229019920994704 -0.00330724214330505
450600 0.0886493184920579 0.267389791732769 0.00356045969564115 0.0055569549546 0.0072643608688681 0.00300186494911385 -0.00358678571976135
450800 0.0887565015532084 0.265174857007793 0.00394758458859197 0.00277446559163261 0.00911449783128047 0.00427811190673143 -0.0034218720580907
451000 0.0887332440351546 0.266069762878848 0.00703044682310262 0.00440634602818476 0.00815844706421742 0.0029568952640899 -0.00435793368710939
451200 0.0889694526585087 0.268437829752729 0.006775026752831 0.00810702346701185 0.00756283308237556 0.00104876142160244 -0.00360833910198084
451400 0.0887648415759687 0.266839089208147 0.00791854547999658 0.011358623116416 0.00559235295323698 0.00134519129920663 -0.00271397804271753
451600 0.0891869976557265 0.268585261335441 0.00427021421032417 0.00559229171419199 0.00697028090291825 0.00177801851671693 -0.00317852747424113
451800 0.0887199472257234 0.261937520443888 0.00868006873328765 0.00731733083820811 0.00592837329654613 0.00253382100975394 -0.0050936638539589
452000 0.0893285309984227 0.270188881229823 0.00579987892843649 0.00637218894651043 0.00640195778023887 0.000915827534604332 -0.00322781139791785
452200 0.0890427394860144 0.267951505718062 0.00627253008243731 0.00635564909176968 0.00908486914350924 0.0015433889466771 -0.00278847170020806
452400 0.0893061590453894 0.266378735493086 0.00578009657388539 0.00444894940997709 0.00850231393579898 0.00171625786531702 -0.00436342010005681
452600 0.0891648022020616 0.265102483991404 0.00559154488887526 0.00387845385206681 0.00792182169417624 0.00167496420347493 -0.0034999743115715
452800 0.0894439915598451 0.267034442556788 0.00556653175298808 0.00671293121503549 0.00725907088421101 0.00344863989368025 -0.00478184953815903
453000 0.0892883251399792 0.268269440275199 0.00889138542130768 0.0085854791950651 0.00611493109405682 0.00391870610888863 -0.00469084253323296
453200 0.0898251964846262 0.271836712062702 0.00789237364332997 0.0107155536817913 0.00750059690257097 0.0016283316351927 -0.0025089146855179
453400 0.0895255104853644 0.268053102048302 0.00803694810311424 0.0112378655470819 0.00881898261332746 0.00358358033089805 -0.0032900866996233
453600 0.0895893411507127 0.267861840306428 0.00471206252874385 0.0071587809745417 0.00842527121325497 0.00178931639884998 -0.00473631117502928
453800 0.0895813232243841 0.266443375882928 0.00507108731036062 0.00468772940400914 0.00646844216160457 0.00202762409149921 -0.0033949176446658
454000 0.0896354164034049 0.266714414774381 0.0043961780778879 0.00872356568819731 0.00964444654420958 0.00203664570132063 -0.00245926209151975
454200 0.0896352231611528 0.267165459784889 0.00632960360741742 0.00872490460936183 0.00870115580581463 0.00378809979034233 -0.00378194221440541
454400 0.0897506001922263 0.266665482487535 0.00517081959290001 0.00771221898839301 0.00777475357292379 0.00374281862283075 -0.0033041161339745
454600 0.0897073485554346 0.269002401259768 0.00671487976806426 0.00717018882487816 0.00696366516280355 0.00219123633460755 -0.00377276112918865
454800 0.0897944131709595 0.268423897111786 0.00659137902502255 0.00735610169438301 0.00748024029225357 0.00187653796720856 -0.00309595974454043
455000 0.0901718186473571 0.269507840127188 0.00832183922196827 0.00813019997612938 0.00802707551323806 0.00271882928370514 -0.00349437583059761
455200 0.0896926421781621 0.268059211634208 0.00810754371396903 0.00752726535143678 0.00880775805936747 0.0026151048703348 -0.0043136363678647
455400 0.0901838319447603 0.270305309828634 0.00563603034994064 0.00501521295224936 0.00809859629326975 0.0024569636092245 -0.00419936653542875
455600 0.0897594952283454 0.265577516319923 0.00826683918312973 0.00590394994608906 0.00659456576628421 0.00294618996570043 -0.00429071887011628
455800 0.0901793176776258 0.26650357744629 0.00597304750426152 0.00544960753489964 0.00612539692129115 0.0031910358486737 -0.00435507620679544
456000 0.0899204784953285 0.264121745940996 0.00808125303923699 0.00505611065708978 0.00807232871192079 0.00608200604837681 -0.00404294981754435
456200 0.0901026438942068 0.265091142123141 0.00484004609083929 0.00412374753476508 0.00874300005895817 0.00574100225071859 -0.00330439545224982
456400 0.0901318493210522 0.264976069982316 0.00830872797537892 0.00684774096785475 0.00820262717151693 0.00417177881902064 -0.00351290625064033
456600 0.0903272945146655 0.26930663614596 0.00726366308842856 0.0114484356212212 0.00747003728781793 0.00222179022812396 -0.00410253865720362
456800 0.0903798928983882 0.270144481524548 0.00702414496560569 0.00837621829755076 0.0104976889571267 0.00142615030626937 -0.00229768047068115
457000 0.090305374165763 0.266807375402727 0.00811384858909859 0.00681240309025006 0.0077729482520717 0.00182129144145567 -0.00233549828745543
457200 0.0906022497872313 0.267457608813329 0.00693161678281512 0.00842786401797556 0.00704436060944264 0.00276386107532736 -0.002718163537671
457400 0.0902259214772162 0.265802301930879 0.00856660761750746 0.00575877244636304 0.00760292590440374 0.00143106739002276 -0.00293014665844511
457600 0.0907168104869141 0.26799797915561 0.00633438486602042 0.0066707635750433 0.00845559209556498 0.00156970208614425 -0.00173937655861917
457800 0.0904659558573167 0.26615578919167 0.00713692091041693 0.00889893760001707 0.00740204749694718 0.00102558975086211 -0.0047493354095804
458000 0.0906885517686176 0.269905082980866 0.00581203027033846 0.008423073567858 0.00566102100175899 0.00268682091784835 -0.00344379302582165
458200 0.0906320702918435 0.266520538863228 0.00733176687879981 0.00847085116586349 0.00638689852904071 0.00336026548996202 -0.00347519719933738
458400 0.0907461423946166 0.266551933452288 0.00754662690696402 0.00668375501760529 0.00893924018871878 0.00176409443816727 -0.0020888296536839
458600 0.0906614257210763 0.266671537209962 0.00694579059348717 0.00909680660612763 0.00908963451254168 0.00316918965744158 -0.00284743016017887
458800 0.0910553825057786 0.267611367133483 0.00509593392740611 0.00500618369446638 0.00626063649568865 0.00307830427676916 -0.00437221439225412
459000 0.0906484547880233 0.268606296129965 0.00661374850786431 0.00651376956276748 0.00716607582874932 0.00166174025613005 -0.00307892486940568
459200 0.091220936318848 0.269223341075177 0.00651631580191551 0.00552517987218514 0.00759141463946327 0.00211083498631087 -0.0031740281231798
459400 0.0907781756149233 0.26844365468627 0.00884132075745276 0.00556785981428914 0.00651437700523502 0.000923030999856625 -0.00319963812943089
459600 0.0912349589991525 0.268139982300177 0.00712782197384086 0.00455883555874528 0.00790938618995315 0.00261987751356665 -0.00289759296601749
459800 0.0907137555960407 0.26409704190837 0.00617879770695317 0.00470204115345645 0.00784350250944994 0.0034578626590846 -0.00380006549831271
460000 0.0914217559314504 0.266813810131943 0.00675168381491856 0.00369147436959492 0.00858107237252301 0.00113822390669861 -0.00271469822736892
460200 0.0910159434743899 0.264830423960273 0.0068812521276416 0.00747041224267743 0.00774832948038455 0.00133353285507428 -0.00242163288691702
460400 0.0915856495132274 0.267507733310633 0.00710661412639078 0.00814068631632623 0.00659331393981195 0.0017070051788129 -0.00405296294812558
460600 0.0912869094901251 0.265959054981307 0.00321607479565626 0.00984369769815456 0.00579744558583212 0.0010760654863819 -0.00225873178982567
460800 0.0915108733664251 0.268083799636988 0.00528825501078372 0.00582986631930396 0.0072590117301395 0.00271895917865964 -0.00402092401790175
461000 0.0911846211822067 0.265315882690021 0.00659756085823701 0.00555457169899849 0.00495082172858151 0.00269651820965517 -0.00259140443922989
461200 0.0915789693722251 0.267741961262278 0.00702982472532104 0.00765440996977095 0.00538563659384622 0.00273896797406399 -0.00285362774359272
461400 0.091295557493619 0.262751441172117 0.00717352141283633 0.00854570868757451 0.00577277732800989 0.00266366769802197 -0.00275614084749281
461600 0.0917203880078528 0.267335503840776 0.00709008360743422 0.0068343363745676 0.00610926466040838 0.00353556421178861 -0.00440514181435363
461800 0.0918200103941578 0.266191721894661 0.00748455151104237 0.00872750663274409 0.00765159713879388 0.00384014078840773 -0.00447793132715016
462000 0.0920359242894249 0.267245738073409 0.00636723092661557 0.00826532182731716 0.00801163375493589 0.00260154378021418 -0.00317227726548781
462200 0.0917899053145243 0.266470095253057 0.00593039476678344 0.00687272172211859 0.0076736479849545 0.00205378843835568 -0.00413139462623727
462400 0.0919238136850928 0.267043710588033 0.00681604147512646 0.00483048608132047 0.00757072443261242 0.00283448349626801 -0.00421197624827396
462600 0.0917783629013754 0.264117935555879 0.00611140930849725 0.0043718879606557 0.00718496950279093 0.00171872225664138 -0.00331621417382626
462800 0.0920366838495005 0.267503304686389 0.00603697958951304 0.00622185147438824 0.00796614488890154 0.00203586110468464 -0.00108135829330037
463000 0.0920441235448717 0.268554082300856 0.00696104757290948 0.00758876582013017 0.0075211211811207 0.00118009208883298 -0.00253187470377988
463200 0.0924007390079402 0.272841403832271 0.00634514184827039 0.0109971007016869 0.00607269047523636 0.0033396487350983 -0.00385179859320367
463400 0.0922021551521358 0.271292518345683 0.00839553471554727 0.00809103527294532 0.00543180089105902 0.00184317447383317 -0.00361938054390843
463600 0.092297641971563 0.273209247749694 0.00791325459316078 0.00668880791621987 0.00692205361588374 0.00208860917809422 -0.0038330792431702
463800 0.0923044608022729 0.266257437255021 0.0101488788768352 0.00849836953294021 0.00652168581025166 0.00228706841658391 -0.00502945577453031
464000 0.0924603486474407 0.266456666740031 0.00723525039012311 0.00415228246869879 0.00780929073023625 0.00256851594161994 -0.00292327843939215
464200 0.0922356609213966 0.264410554597971 0.004025712006976 0.00563144241354015 0.00804418502852401 0.00188303779790815 -0.00350923677970491
464400 0.0925662505391439 0.266016408953693 0.00381489684695256 0.00118141614642677 0.00944346995111619 0.00342806640006611 -0.00400869850348991
464600 0.0924594375108743 0.26339069607755 0.00535935202381136 0.00763125444962601 0.00766285037106691 0.00066429569230214 -0.00359486953614603
464800 0.0926825256013353 0.269487251820354 0.00903101431159355 0.00723467014802227 0.0073756606314079 0.000399695060429094 -0.00395355554561053
465000 0.0926322323594386 0.270181815961538 0.0083824241157981 0.00843688664010409 0.00732039902066541 0.00155982327868157 -0.00363275687937522
465200 0.0928101939687276 0.273091977692377 0.00731988383675623 0.00930438926254542 0.00646511347908489 0.00312214951300316 -0.00395031948328459
465400 0.0926502860959104 0.269506592999148 0.00832056923740679 0.00870381109397497 0.00787469443853244 0.00220792751927793 -0.00297140821263754
465600 0.0929213137302199 0.268858282603999 0.005131957771424 0.00794640760288687 0.00706959294575839 0.00266729782730402 -0.00360798791728796
465800 0.0926842771630962 0.264830135712126 0.00799686050187013 0.0047833192921407 0.00745173284702351 0.0026020772114866 -0.00266525464358545
466000 0.0928991958634423 0.264610692760156 0.00475426864833777 0.00499984515190666 0.00799142986712786 0.00133820346135876 -0.00234547202152511
466200 0.0928918215066445 0.26541742279605 0.00658818262324636 0.00544412254925907 0.00868346199380226 0.00207435553099218 -0.00213178191069594
466400 0.0932440574491787 0.266754688897633 0.00954370181207798 0.00629721288791237 0.00716579357360816 0.00395212770745266 -0.00407580888668104
466600 0.0929425488091215 0.268820353024115 0.00952570970140583 0.00884754404246115 0.00629154119027563 0.00319544708153967 -0.00261634084996127
466800 0.093343862815934 0.268868846447694 0.00749752046211055 0.00900414017788116 0.00736055937049764 0.00349238000088387 -0.00280987758387058
467000 0.0929886208882781 0.267198133073119 0.00855102179664953 0.00694067970889408 0.00872510777816431 0.00258133411190824 -0.00385241071404199
467200 0.0937232053046121 0.270708815503704 0.0021927540740667 0.00767365565483656 0.00883160782953994 0.0020543910775241 -0.00398697300588014
467400 0.0929705445657551 0.264606350528248 0.00591786182770943 0.00652470467973619 0.00599955041173675 0.00171295675360884 -0.00401473949805072
467600 0.0934394720154833 0.266953914649672 0.0063816418157928 0.00728383979339306 0.0062937014512292 0.00248289012422875 -0.0041173316353571
467800 0.0931476079509441 0.266312290192268 0.0053028022620339 0.00693078238383591 0.00668386544018592 0.00346155258192566 -0.00465924931529605
468000 0.09326955098299 0.266694092323968 0.00385683097166269 0.00736025381408436 0.00762026728008767 0.00375270762259898 -0.00349116419578659
468200 0.0936825119648929 0.269238041873652 0.00747315803946978 0.00498850158628565 0.0102551772485824 0.00222864702481661 -0.00441710291106536
468400 0.0935537504289115 0.270168834688257 0.00919017983396315 0.0110258391925423 0.00847625802388038 0.00223599473809434 -0.00288291402014484
468600 0.0938734581116527 0.273592624052292 0.0124054249290736 0.00773930288195901 0.006760504001357 0.0028661950539281 -0.00399258587740628
468800 0.0939072156915967 0.270079913590532 0.00882788103487219 0.0101417339633989 0.00732334199992003 0.00317701561104625 -0.00414845162529625
469000 0.0937416517535795 0.267543142397011 0.00526506900431196 0.0057788377951763 0.0082697674125676 0.00187670250263075 -0.00407992649388789
469200 0.0939269315982485 0.266550668753539 0.00659293192896528 0.00707875989402716 0.00684319159603018 0.00332084963504399 -0.00381157115239299
469400 0.0938424000403612 0.26664809513251 0.00603283489298085 0.00518751101077884 0.00571395957305728 0.000535983913456224 -0.00372752086582871
469600 0.0939713627244419 0.266075296987838 0.0017825729358176 0.00577963519248062 0.00646970863353129 0.00315352655156397 -0.00201062111676653
469800 0.094088103872524 0.269471177703969 0.00547859842013627 0.00845791114559017 0.00798509193195251 0.00298764805237843 -0.00316270309434802
470000 0.0941913548466464 0.26958594787528 0.00620235938906645 0.00876804702580012 0.00853606302232519 0.00161211298999682 -0.00363805953473737
470200 0.0944327877645431 0.271312822623086 0.00755227500792165 0.00855191788944802 0.00808394705992568 0.001675503671782 -0.0028476761964097
470400 0.0945369926517598 0.268592701706705 0.00808382589992566 0.00863220628158189 0.00746127666517172 0.000152483144751946 -0.00202192742455252
470600 0.0945105551387652 0.271420139486248 0.00728556466809588 0.00506930142666391 0.00629240242493519 0.00259457688460293 -0.0026505319404086
470800 0.0943419058672745 0.266296609152388 0.00188931590439871 0.00577841986082626 0.00703446882632537 0.00184733679642134 -0.00256452057579048
471000 0.0945612539137683 0.266704252030808 0.00303147046815288 0.00190608747160783 0.00754677758541031 0.00144070659009131 -0.00187814845619302
471200 0.0945833917671646 0.268825467851419 0.00472080239507678 0.00504625362603108 0.00542430935573081 0.00200545743361178 -0.00255916433112351
471400 0.0948099283264956 0.270373842547945 0.00535420844944462 0.00830718899602442 0.00630753028890987 0.00115655898306802 -0.0014020622458848
471600 0.094933196686642 0.270674740971403 0.00799254200393331 0.00794924963024938 0.00896581264160512 0.00260919888382568 -0.0020341226810429
471800 0.0949345828124584 0.270596561610522 0.00529097053647795 0.00813308139757071 0.00584363896487868 0.000799754555336054 -0.00301798310084308
472000 0.0949177352155738 0.269490059804824 0.00798941061222876 0.00560785804234849 0.00760719790615909 0.000641607678600959 -0.00372759646043896
472200 0.0951924333587624 0.270388876630596 0.00677114509288511 0.00572428633301257 0.00743821582322391 0.00105501564866548 -0.00227341921128389
472400 0.0949896304969283 0.268672474041701 0.00700295843369234 0.00763316361982201 0.00765204654863529 0.00348731770744125 -0.00405434225066715
472600 0.0956380574698809 0.26900601233437 0.00208409999184668 0.00429418002299482 0.00820207947138154 0.00315187016436046 -0.00425440957929673
472800 0.0946975193331221 0.264251618833637 0.00830805572503824 0.0100696974837197 0.00953204879787033 0.00255840753851411 -0.00256329216267741
473000 0.0958612936099672 0.269547851743931 0.00850900856723965 0.00697785367474744 0.00716188091211704 0.00229103875269049 -0.00234063545421335
473200 0.0951717570663419 0.267466795735708 0.00953876837641854 0.0112609051609976 0.00911287164969314 0.00311187477665257 -0.00269933375462563
473400 0.0959446223817349 0.272891940854422 0.00822968918971352 0.0102092681611951 0.00805667021591736 0.00353133508165971 -0.00341653039423737
473600 0.0955111404011553 0.269287329073483 0.00510793662282986 0.00652425491958677 0.00781857548376182 0.00256394722282563 -0.00236086476451817
473800 0.0958656476543992 0.267260352564623 0.00340416970622856 0.00519046892830698 0.00750027343309744 0.00173129218306643 -0.00347320041088801
474000 0.0954424235236365 0.265543791409314 0.00574810902868936 0.00697917533133961 0.00879444074751304 0.00176423245147291 -0.00338128226664608
474200 0.0961928300804121 0.27070840597543 0.00621750669971888 0.00830106815030899 0.00945458767741091 0.00252920458379184 -0.00232089256413155
474400 0.0955957013830962 0.269210016786848 0.00894509305748615 0.00762130614565082 0.00839687440882482 -0.000346454593729189 -0.0029720761414133
474600 0.0963466891093936 0.270732628024148 0.00809084073189609 0.0048463396333669 0.00708143041822984 0.00087278265816205 -0.00415174558076079
474800 0.0957281300755545 0.266322620527974 0.0076725796297997 0.0084722640328041 0.0074674276545687 0.00295637062300585 -0.0024400998828354
475000 0.0964576604243318 0.272516260259126 0.00510411525582398 0.00631065201676773 0.00725562267761026 0.00199611797208022 -0.00167985834592552
475200 0.0958549370343582 0.266078736338994 0.00887584168732114 0.00810118036298667 0.00641407613537956 0.00272636976065258 -0.00464972821822464
475400 0.096548754966376 0.26804234274716 0.0061141953600416 0.0062534092666738 0.007394714978343 0.00177603196416409 -0.00302150960583489
475600 0.0962677664884633 0.267534490132856 0.0089690108209058 0.00926524109177339 0.00822335776154425 0.00237562126760484 -0.00429293432859349
475800 0.0966659578030671 0.26919884337055 0.0062427614213442 0.00899679447920286 0.0087381590115076 0.00100285097575242 -0.0040888872059305
476000 0.0963125454310789 0.267356317422973 0.00921166548108745 0.0109162462554395 0.00721618730094421 0.00125171409411249 -0.00458597714827667
476200 0.096939707879462 0.27248433930974 0.0077105134122521 0.00828536005514136 0.0062148117066933 0.00141320010812103 -0.00514521567764411
476400 0.0961485780241653 0.266043271410895 0.00758321843086495 0.0073633880615839 0.00620553917645217 0.00303984082351745 -0.00369755452520813
476600 0.0968220753653036 0.268042400543097 0.00480547956184649 0.00417283395441027 0.00680304002435586 0.0016438504430531 -0.00424548141210561
476800 0.0965247450572667 0.268092324697767 0.00801489356383744 0.00836451848757658 0.00781257278501658 0.00195704474783587 -0.00261673718969378
477000 0.0970553977133545 0.270094673185491 0.00542566597008665 0.00771451157350683 0.00973819511092836 0.0024266108562655 -0.00289501510012806
477200 0.0966846894070079 0.26773088842514 0.00691578744112722 0.00771511964388191 0.00748148359172251 0.00255092793870239 -0.00348516713375607
477400 0.0972339272272383 0.270727360035875 0.005655818578257 0.00694335664660999 0.00826132582980453 0.00223130548403957 -0.00224266002705642
477600 0.0969098632484186 0.26649227576549 0.00845882130295013 0.00803268348773903 0.00764602647852812 0.00149785981976369 -0.00136447847031735
477800 0.0972356765586344 0.268259699057907 0.00908901218394851 0.00776629373692738 0.00692689252071605 0.00113387712705697 -0.00133461640681915
478000 0.0971479925721022 0.268285465495392 0.00719414934981771 0.0081046376896343 0.00882966144457513 0.00104045506222818 -0.00090214513105399
478200 0.0973987024604899 0.26835024827196 0.00507239107345217 0.00628026143102654 0.00815465535837195 0.00316664587255384 -0.00311911789325926
478400 0.0971425197402622 0.267496431151671 0.00773842780918586 0.00953658746144398 0.00557380561972916 0.00299935844412006 -0.00215764027912048
478600 0.0977015060928126 0.270746487975619 0.00771318297946905 0.00676543702980167 0.00577959530358306 0.00263490838495875 -0.00285485099428433
478800 0.0970739404373193 0.266740735505821 0.00716570736271199 0.00936271766919848 0.0081302095697947 0.00332161743025028 -0.00340832001001985
479000 0.0977761572772736 0.269241878222131 0.00679943540493632 0.00602802452062417 0.00984417418416103 0.00281966916838984 -0.00195719757138431
479200 0.0971997417850073 0.268584674597747 0.0074561868586482 0.00740884643913193 0.00723746966557721 0.00363388798599826 -0.00279482299452709
479400 0.0978921453962347 0.272524774447363 0.00595573871328701 0.00471548408181807 0.00655599599880544 0.00243006795386303 -0.00368240943155522
479600 0.097460506543614 0.267285425502578 0.00875987812042241 0.00793573431525992 0.00677315993617544 0.0020796005347009 -0.00261661835919753
479800 0.0982086650587536 0.272513370297606 0.00664296110049301 0.00899871680399243 0.00719696297428396 0.00173689240617179 -0.00247265617598054
480000 0.0976827067091096 0.268850372615102 0.00709582546087763 0.00901023402495049 0.00712644287743085 0.00125995436599937 -0.00248079109349335
480200 0.0980586508159058 0.269294917876342 0.00708612564762249 0.00483977817125274 0.00710536984313506 0.00198613246530679 -0.0029971316617698
480400 0.0979040266744393 0.268453880800773 0.00609177046210792 0.00570713324906788 0.00850387488118515 0.00192421889791988 -0.00199070592149904
480600 0.0983092082188466 0.270559347459859 0.00612569238473232 0.00856035921659427 0.00560197576447576 0.00142974449697327 -0.00308370289221058
480800 0.0980185319474827 0.268059965545741 0.00781369468136791 0.00859054541460585 0.0076113787877025 0.000734955402038603 -0.00447603614205628
481000 0.0984530337613177 0.267874922464466 0.00644651279856612 0.00608718830324589 0.00762426844687136 0.00256426478575679 -0.00381682274868625
481200 0.0981702899422034 0.267606068275074 0.00562278540483725 0.00528351267946929 0.00876330454657517 0.00204023420763055 -0.0028492456075199
481400 0.0985837653183719 0.269784273907851 0.00567806392948124 0.00522674084181779 0.00731220826325898 0.00352454128514621 -0.00283276247119598
481600 0.0983524550937924 0.267001985813738 0.00818007614987901 0.00861295691217801 0.00827024273065329 0.00284178558087009 -0.00178313423492114
481800 0.0988500859068544 0.27379682361057 0.00917105570033279 0.00925185479510956 0.00847161987082404 0.00254273089348571 -0.000593847220693561
482000 0.0988010900195477 0.269077116262196 0.00989343772234247 0.00913333258708901 0.0082498627531601 0.00145756383031878 -0.00299974347404643
482200 0.098899727515767 0.269342741768777 0.0065215729590251 0.00808776475295315 0.00872234230306901 0.0026784256912327 -0.00195771937280722
482400 0.0989015645744753 0.267077016137017 0.0029563895489867 0.00598338596325837 0.00692243418761608 0.0030956772372501 -0.00258301301784221
482600 0.0987502145367331 0.266780655425277 0.00566616054565145 0.00453832307713456 0.0090754717360552 0.0022331027244124 -0.00321548583955703
482800 0.0992680127512995 0.26980200679402 0.00332729187606347 0.00522159659476356 0.00649553526165052 0.00238881850003802 -0.00294327330475808
483000 0.0989316131115879 0.26749194391343 0.00933760718733209 0.00729775918902301 0.00754857498739595 0.00163127772192884 -0.00298366349279035
483200 0.0995833923904054 0.271550553560893 0.0091412729675568 0.011514705658475 0.00669811516169072 0.00199268595215703 -0.00238758072799178
483400 0.0992709138397402 0.273010764704474 0.0111332987404375 0.0111308705728395 0.00605679436947127 0.00239084367480259 -0.00214652142283072
483600 0.0993772676188941 0.270336168150595 0.00815052170764213 0.00806073978186298 0.00812844973484484 0.00107449842182166 -0.0025592709073385
483800 0.0994182401516992 0.271831510888376 0.00665707028812153 0.0101424585991732 0.00793195290989189 0.00187683369657521 -0.00192301697653306
484000 0.0996485218311187 0.269530771214531 0.00902479051992215 0.0107715048782967 0.00672778084331052 0.00257634225641634 -0.00353162278714282
484200 0.0997116835829196 0.270463248319366 0.00551190744145776 0.00817617278487953 0.00856190401821518 0.00321179112865088 -0.00478583511147466
484400 0.0995558743452113 0.268489677391764 0.00744436553713947 0.00768596921679526 0.0100877734076049 0.00530211294858162 -0.0035575608132176
484600 0.0999834677767808 0.270288477867706 0.00693520775243787 0.00840814966527064 0.00955692889337877 0.0025870588627354 -0.00399955579734638
484800 0.0998354622547218 0.27072296746464 0.00790100704895594 0.010913923897023 0.00718148231247256 3.72748344532146e-05 -0.00448529759724237
485000 0.100182780564332 0.270771903097995 0.00813004668181376 0.00790719428522573 0.00729560720815971 0.00214381955769696 -0.00289819147664408
485200 0.0999876023738508 0.270599469907423 0.00707619703180639 0.00849012684430278 0.00912673842030521 0.00253378654629831 -0.00345627793620248
485400 0.100409010910119 0.273461657304252 0.00727578702296672 0.00714368355483364 0.0087097185152639 0.00130622796059445 -0.0017523380671322
485600 0.100112247859858 0.269411043226446 0.00845020565557356 0.00739294275103523 0.00848740309499195 0.00525184776891665 -0.002724879122915
485800 0.100349604415044 0.268371039624517 0.00552766947731238 0.00893442960607829 0.00805410098146562 0.00108344637214097 -0.00235112470593024
486000 0.100250565575962 0.266937676211737 0.00786569460528281 0.00764582843016365 0.0068959193616547 0.00154539951467246 -0.00171295495157
486200 0.100686791994757 0.271817815576496 0.0033908644121687 0.00555938047430472 0.00729763285470878 0.00143819812501123 -0.00132503617899219
486400 0.100666882533409 0.270211799045279 0.00507006793829723 0.00806459475131098 0.0082885702131384 0.00400970548906465 -0.00287141040793144
486600 0.100743040531023 0.270993803821618 0.0106897897486264 0.010071065525464 0.00898220722553965 0.00399204313938923 -0.00134482796682214
486800 0.100782293124815 0.271521451314543 0.00840166957729968 0.0102561425346862 0.008230032637389 0.00342625902737562 -0.00218142920870153
487000 0.100788263188153 0.274158467497421 0.00864473806310406 0.00430723990427948 0.00817027310484173 0.00113441167514238 -0.00281865992270862
487200 0.100955213402488 0.273539218797026 0.00458505334036945 0.00448186320510982 0.00989686564751728 0.00350356637588639 -0.00299323556432509
487400 0.10062608967856 0.266911855997443 0.00651526794828266 0.00624969473225058 0.00752887407382314 0.00237603873248473 -0.00257370123936298
487600 0.101412682143937 0.271589519983072 0.00446478019066113 0.00734798258236547 0.00816693114630924 0.00358519364675523 -0.00337490768500947
487800 0.10068130190209 0.268150524813271 0.0109540230123398 0.00593744096934987 0.00806948161524322 0.00231790339564287 -0.00232416204071722
488000 0.101533341846509 0.271610972092923 0.00896324295085949 0.00524600358826716 0.00845114607501026 0.00361567008144443 -0.000830444945632751
488200 0.100915072954508 0.267499528442313 0.00842390689075904 0.00652346813300259 0.00846070721081018 0.00283579664540656 -0.00186040505052161
488400 0.101629702182823 0.270790786516925 0.00716733456663781 0.00681343280291983 0.00934530597610907 0.00359001669667713 -0.00422209199530542
488600 0.101298145599827 0.270007636779049 0.00779322427643518 0.00711697346540586 0.00679972660199076 0.00156099038893816 -0.00448504687621483
488800 0.101731834717488 0.272894862072538 0.00668949924273935 0.0084090349172256 0.00744822616169095 0.00348914052658764 -0.00377051936540854
489000 0.101419116907386 0.27025816132945 0.00699262190040839 0.0067030958169529 0.00742942003791776 0.00228646645817505 -0.00224343729467499
489200 0.101877522962145 0.269979349611947 0.00674496044434925 0.00223933200982215 0.00684806591103072 0.00292542960034453 -0.00279993250684626
489400 0.101476862516464 0.269407860528756 0.00608738353504558 0.00917245189234467 0.00874893652589726 0.00216203849710423 -0.00321432565909403
489600 0.102075687430722 0.274695474087056 0.00703535546282026 0.0113939898541323 0.00806302268568325 0.00105552096212291 -0.00332498857070268
489800 0.101657053004274 0.272558230175383 0.00981890202293795 0.0116449267109712 0.0083626567648739 0.00217234084807965 -0.00423220342321889
490000 0.102154516823432 0.271739522956735 0.0063537402237032 0.00718253883494347 0.00875658369491964 0.00314615315889654 -0.00376684003441072
490200 0.101975316584886 0.268246234125407 0.0104649826909484 0.00994240976366585 0.00751559444034557 0.00337924572259475 -0.00376991655018498
490400 0.102367851202577 0.270484987628408 0.00873299677048179 0.0056609677511671 0.0077099254261592 0.0026527325122232 -0.00381606039151468
490600 0.101950065089504 0.270003476612958 0.00822349737186583 0.00710056318338356 0.00744605672276329 0.00310345902117966 -0.00330315295118771
490800 0.1024119713337 0.271780970061522 0.00699755215122682 0.00747801078387928 0.00776618911115693 0.00268523170680146 -0.00286014919563628
491000 0.102041531885117 0.269530896680205 0.00832210285035617 0.00875732914551062 0.00734364395275807 0.00243207059554511 -0.00303644256650982
491200 0.102534550793206 0.271167981402987 0.00710826704250037 0.008572119936207 0.00639314083531828 0.00396531658228066 -0.00365721569034544
491400 0.10233302436007 0.270196584629804 0.0110184467407633 0.00816445084421657 0.00720260337587403 0.00159146741982777 -0.00340843933716221
491600 0.102731069774946 0.271577911132057 0.00805754057715995 0.00910157748108653 0.007993460823766 0.00110952101076703 -0.00275824399453053
491800 0.102601436167804 0.270538673414072 0.00663793781004648 0.00569759187586529 0.0085079169243697 0.00359156863083003 -0.00160335292323627
492000 0.102822056450522 0.271688682830197 0.00598072613989505 0.00701255990232154 0.00608487828777526 0.00303093038842224 -0.00276354554637602
492200 0.102713894166346 0.268922134226475 0.00942980566575181 0.00715315157333409 0.00671034490999399 0.00208736679992788 -0.00308358859030161
492400 0.102946037689547 0.270839253588591 0.00647534116065767 0.00670985877637036 0.00757366143293647 0.00245920176090906 -0.00201344374648417
492600 0.102866821715709 0.268732119747663 0.00709124873038169 0.00483259833910306 0.00780418372048235 0.00192007024045999 -0.00151796209262012
492800 0.103185637216368 0.270773903031208 0.00620700883771798 0.00699671609143937 0.00790396822758691 0.000877048456351315 -0.00156413682370018
493000 0.103233365636201 0.272643443160783 0.0082033047787345 0.00849019114806393 0.00787657563942927 0.00338024686105775 -0.00399960323775269
493200 0.103343042896313 0.268734499445966 0.00700044252940416 0.00835704662366238 0.00787652007985448 0.00402277249699558 -0.00488337269352172
493400 0.103446591584465 0.270061344926031 0.00679343417586325 0.00737796465202289 0.00646557344339165 0.00244559762849336 -0.0054407421896462
493600 0.103595280675539 0.271938537337452 0.0079533536752219 0.00815246594138369 0.00644130596066613 0.00175992231201679 -0.00352420464735229
493800 0.103412461478726 0.270546565337225 0.008977489091974 0.00491217513654204 0.00790982219998688 0.00218310985574237 -0.00300612130182496
494000 0.103741291785195 0.271595412266296 0.00285238800923125 0.00718110984559363 0.00799560362181675 0.00190031861006363 -0.00295735857344622
494200 0.103423604390099 0.2703465227507 0.00760098635564818 0.00348638116772049 0.00748612026511843 0.00229393764548845 -0.00404180801923326
494400 0.10394672486498 0.271402509731826 0.00572646151192755 0.00706781732979478 0.00620163641144547 0.00247945489659819 -0.00415454854958671
494600 0.103673000076839 0.269874240433754 0.00922967091250993 0.00646526755373235 0.00738588704778639 0.0020135003267369 -0.00396047815859249
494800 0.103967796767618 0.271592131340749 0.00650037512961352 0.00815380249641259 0.00871131812718811 0.00243368013877207 -0.00243404075839955
495000 0.103879166188729 0.271489895974829 0.00938639045913336 0.00613428446649652 0.00810101357838972 0.00340431631964409 -0.00160896478150372
495200 0.104034799806952 0.267492661252178 0.00730876438903862 0.00914662362475225 0.00537223461861137 0.00287659096852219 -0.00326863458861018
495400 0.104298515111289 0.271686223236183 0.00865942364599486 0.00618750506035915 0.00537826590327663 0.00221384930647276 -0.00319278771911097
495600 0.104129578328562 0.269656770180913 0.00485004364307216 0.00720744812416626 0.00700320109760897 0.00186779844219806 -0.00310293774442247
495800 0.104360199840988 0.270029897815969 0.00888342960826527 0.00694318060625757 0.00833038783861574 0.00118785696967199 -0.00301005981285208
496000 0.104383683204744 0.269732955040349 0.00422576970713536 0.00774963531237744 0.00769354595924543 0.00149447737213029 -0.00309177973222854
496200 0.104262565844824 0.268905691103875 0.00838302196033143 0.00563562320439966 0.00747510815548138 0.00306174343611983 -0.00317100159284991
496400 0.104822973022204 0.274899001354142 0.00762104023202424 0.00844319298059102 0.00662888168176905 0.00270451379339062 -0.00277438202816451
496600 0.104262894699761 0.270101542738695 0.0101212299889444 0.00625685749307364 0.00587295096172722 0.00453182563533381 -0.00182273860817705
496800 0.105139109718043 0.273553567179414 0.00415145775399473 0.00746159348855828 0.0070838775871043 0.00347022786818867 -0.00205693947621035
497000 0.10471297833503 0.271155900236684 0.0104373521280286 0.0121346576029867 0.00794729186385494 0.00311985106306003 -0.00273071661896269
497200 0.105230056798021 0.270813548660552 0.00550537578442283 0.00810886151364312 0.00688892438447558 0.000841231252526893 -0.0028587011900324
497400 0.104977887717532 0.271930667602708 0.00715250480143214 0.0103140642844241 0.00677701238070323 0.00164052952735617 -0.0037055089596527
497600 0.105334069909286 0.272174407370319 0.00519923613448256 0.00781376969385502 0.00688990702142872 0.00269596274951239 -0.00356717588237945
497800 0.104975441254899 0.270791713843066 0.00873000167049187 0.00855789396198627 0.00869254656597069 0.00178142724379179 -0.00325558097869613
498000 0.10547665426845 0.272523908185267 0.00686022419276564 0.00735861014985337 0.00749114361625409 0.00291018914629637 -0.00415002072880909
498200 0.105038258690893 0.266280181879161 0.00536237562341652 0.00894897878367023 0.0083542734572027 0.00329060307616461 -0.00352530820370549
498400 0.10554574631424 0.272617864817314 0.0064305300030642 0.00510538595531267 0.0105359357824861 0.00343130897978196 -0.00295900239252656
498600 0.105304069950903 0.269543745663903 0.00701949086547965 0.00815753442521023 0.00633176005317627 0.00255048655480507 -0.00340408251966042
498800 0.105785655517949 0.272298628704992 0.00753385363026489 0.0088362825203105 0.00688321111384451 0.00285941191356947 -0.00201068380105177
499000 0.105663251206288 0.267750710105994 0.00621072662461161 0.0063387634916448 0.00758746469784844 0.0021603861855117 -0.00170333108733287
499200 0.105998221097202 0.270490397309796 0.00797352029806317 0.00357423924192747 0.00716520085534632 0.00208239331724768 -0.00331449075085981
499400 0.105927586452105 0.270678139718352 0.00657827363776313 0.011929451659235 0.00891151612245739 0.00421310440531302 -0.00307425838279974
499600 0.106137796148849 0.272726956061937 0.0086121469225998 0.00834972700425586 0.0084745643571255 0.00464196323685815 -0.00397342201604353
499800 0.106041029729055 0.274175274877539 0.00863459291991374 0.0099737104292872 0.0083697398689553 0.0022086018037235 -0.00102820958708913
500000 0.106233172024964 0.27154291815073 0.00971869749734787 0.00502676551443126 0.00722817278093677 0.00131787443479818 -0.00220480030396037
500200 0.106136957322349 0.271573660770985 0.00408982370036165 0.00907325665465853 0.00820033361099012 0.00330874703928751 -0.00471693583578447
500400 0.106410652099445 0.271145330812807 0.00809284068452559 0.00754898790410703 0.00804645861090046 0.00120807564427263 -0.00526319052069054
500600 0.106535009641498 0.272288177943709 0.00635821904672772 0.00892578925116292 0.00687388413353339 0.00241146370302015 -0.0046984209648433
500800 0.106639147521971 0.272957956587615 0.00939580289366611 0.00748248505022602 0.00826430624045931 0.00349742516506384 -0.00309043665784866
501000 0.106546114447694 0.27250194964194 0.00658133628400288 0.00752268141575697 0.00728009615732604 0.00392376222099243 -0.00314357626837407
501200 0.10698355992836 0.273799709021933 0.00808247882018236 0.00779833586367391 0.0071933734056373 0.0032472742347941 -0.0027311347249459
501400 0.106878366826783 0.271847851025035 0.00713840128265949 0.0100373710734537 0.00747403268834708 0.00244395144707915 -0.00157441502521524
501600 0.106965312164701 0.27063768508865 0.00715474641163607 0.00641874112057823 0.006194408639162 0.00212119942548237 -0.00238355982045225
501800 0.107033777859076 0.272006085083439 0.00454934089684254 0.00599622635243896 0.00548333307700312 0.00288119309111466 -0.00140941249105534
502000 0.107241912511314 0.273403799916181 0.00801108620005278 0.00840426820484888 0.00650407157853321 0.0040430068967395 -0.00304782498752264
502200 0.107483851053634 0.274452531312924 0.00844788150377973 0.010531340455764 0.00826939943366248 0.0021632087880238 -0.00383826788555963
502400 0.10757349179683 0.272666918808244 0.00778141296694034 0.00975814892209826 0.00672433616427914 0.00160212067856604 -0.00357005238993904
502600 0.107531602672769 0.272391956602229 0.00715179226032907 0.0108184456097907 0.00763931621338046 0.00256690449965051 -0.00261398650189534
502800 0.107930302943428 0.2727550362231 0.00574778992374474 0.0063882737121914 0.00565978726118138 0.00372034118856125 -0.00374888474569749
503000 0.107676877923741 0.270630632853953 0.00739751118017115 0.00613263638994258 0.00602252553098488 0.00315186064321778 -0.00312509239170552
503200 0.108082906160175 0.271645199963143 0.0051141380782846 0.00287198971991539 0.0060992743918059 0.00235822494845086 -0.00257956180759447
503400 0.108009854159419 0.27214796962658 0.00850688331328259 0.00932900851599404 0.00703008706416739 0.00327378439157184 -0.00224886858107704
503600 0.108170661174776 0.271361337102017 0.0108432888385353 0.00652103940213053 0.00656910659909861 0.00104467358197029 -0.00244653043271991
503800 0.108099173851082 0.271883298784583 0.0107092526060299 0.0100256322536251 0.00712156460613476 0.00097715719497134 -0.00368051994381754
504000 0.108254674992073 0.272362823742946 0.00640964276763088 0.0114424392501095 0.00832744295082194 0.00230438934412329 -0.00305191424713733
504200 0.108262148299992 0.271712656939077 0.00759967263546474 0.00572583264514155 0.00761773161651394 0.00293391213425279 -0.00220989104805234
504400 0.108473563021126 0.273391497707934 0.00602406213004873 0.00319306518829889 0.00610353195665694 0.00334235658664091 -0.00234319582388375
504600 0.108444299028408 0.275568294376051 0.0101679916378693 0.00770824514924861 0.00686202739616859 0.00363373260302258 -0.00365137637136066
504800 0.108835037057434 0.273054616947709 0.00864378738866711 0.00836953816077501 0.00653239320580472 0.00372768676454014 -0.00268712410630541
505000 0.108743301845031 0.267954481534298 0.00763430196769973 0.00780381610227719 0.00666021324870019 0.00378558319749864 -0.00258345047265768
505200 0.108831667251631 0.270667979935826 0.00598168310406069 0.00476291063052978 0.00745637210989394 0.00276500274940603 -0.00436958569795899
505400 0.108975222738988 0.271257793563987 0.0075197352200691 0.00636494412193642 0.00652025289486101 0.00101564086205015 -0.003033930985665
505600 0.109110600366212 0.26923043657998 0.0035686187544226 0.00557563591654119 0.0049059139524991 0.00370294795718764 -0.00365659859185174
505800 0.109080928279642 0.272088402309695 0.00705996387432205 0.0068618092735858 0.00587965358269216 0.00328979281669778 -0.00230995107484449
506000 0.109603669139735 0.273212923489611 0.00850180435865798 0.00724530604605476 0.0080873229264789 0.00322078264663851 -0.0016966873913293
506200 0.109510309393942 0.27143235518724 0.0102591392052709 0.0110157361391403 0.00640785656229076 0.0021541270954994 -0.0025737650541056
506400 0.109869440724529 0.275495917221383 0.012151356800378 0.0083555746604668 0.00751201576098565 0.00284511292050164 -0.0034145405659981
506600 0.109514960833666 0.272641567561669 0.00930906575611081 0.00906024232277808 0.00693143052023328 0.00338409024775404 -0.00374010168589563
506800 0.109909268197128 0.273943951221267 0.00745562433090443 0.00682670448276438 0.0066530311579762 0.00183819436856147 -0.00416478668299612
507000 0.109806777429454 0.268616017731152 0.00681575762867618 0.00658095316088778 0.00586328188797558 0.000989546638239687 -0.00364588588014242
507200 0.110199148938576 0.269268935051164 0.00793145084872746 0.00612936315121792 0.00596076583216775 0.000839255763920786 -0.00317263426078403
507400 0.110014983303666 0.271807971920876 0.0106005117915433 0.00771138381925845 0.00635634171670768 0.00286404544641859 -0.00430558717591118
507600 0.110686378438468 0.272036535087107 0.0075902797930525 0.0070031686734165 0.00460883390798622 0.00293159784121558 -0.00408729754568487
507800 0.110015149309272 0.270043928110799 0.0092366008183115 0.00982849737977885 0.00745396423782938 0.00354675959978299 -0.00419288058426976
508000 0.110917945384301 0.277962053375863 0.0045331289617562 0.00733968689621885 0.00792205858986292 0.0025401554754862 -0.00309803734239363
508200 0.110372707048268 0.270311608317745 0.0101628074469392 0.00736008565449557 0.00710202006110784 0.00262830642057944 -0.00432079120405657
508400 0.110932339989087 0.275035544180641 0.00531689965520644 0.00799782529861687 0.00695526906014833 0.00242389730983985 -0.00436985057463434
508600 0.110678655160527 0.272511272641394 0.00973749113081261 0.010675349301573 0.00675176586302911 0.00358861525029629 -0.00467767364169452
508800 0.111089366283081 0.274758663868505 0.00576553593812642 0.00653785790922504 0.00722388211867383 0.00463606606424133 -0.00376539097030454
509000 0.110952066699029 0.271721518668492 0.0076979903303214 0.0071844500534322 0.0091143197853133 0.00312453271677715 -0.0052136921903739
509200 0.11106239428292 0.268990459377785 0.0058868449672096 0.00671654128862403 0.00761571831356346 0.00421936600573505 -0.00350908188631183
509400 0.111262693754342 0.26969242991068 0.007789557102347 0.0062970641599425 0.00698922334982072 0.00301784170839077 -0.00418720400424756
509600 0.111349586708664 0.273038073062036 0.00486982143667796 0.00690757811563267 0.00851204506772594 0.00340235397625717 -0.00307192471919191
509800 0.111572818986584 0.275552238907024 0.00846739009760873 0.00823074664872314 0.00883133527446081 0.00297342676745129 -0.00414732775003131
510000 0.11133998131673 0.272195208144089 0.0115378663487157 0.01027967967362 0.008194680399465 0.0016466517095529 -0.00341466566930991
510200 0.11182685282348 0.275537010364625 0.0082144353040809 0.00870350996513977 0.00761702795394911 0.00347208908436994 -0.00358446349162002
510400 0.111731886257815 0.271914374294159 0.00855288032277541 0.0056503910939068 0.00903683602586967 0.00188593667505613 -0.00265990588794609
510600 0.111847437797278 0.272390886703369 0.00632489357721776 0.00417731918663747 0.00750110533218253 0.00446219402562699 -0.0042186815511791
510800 0.111892373735858 0.273844138609738 0.00910968442514759 0.00623762208235432 0.0064234667087108 0.000811146431279943 -0.00388072744603589
511000 0.112283876411952 0.277034454679462 0.0119058105864466 0.00869853944204652 0.00675817547647709 0.00124163436506661 -0.00375884067136783
511200 0.112528119932533 0.277505840287663 0.00978093041632646 0.0106478162693603 0.00711840382115076 0.00217628060461142 -0.00299057185196512
511400 0.112571274921878 0.273077826841833 0.00722997667467761 0.00753859231253325 0.00724504433202427 0.0037946908554578 -0.00480808493021752
511600 0.11248081210924 0.27273296520132 0.00609741189684433 0.00931585522263801 0.00663716671448589 0.00326199285637374 -0.00285516683282126
511800 0.112909021879026 0.275110140546392 0.00670801534580981 0.00607959611681296 0.00793911682845254 0.00306935897814047 -0.00305006776842642
512000 0.112728831069476 0.271866286010171 0.0080448625033113 0.0071296836024738 0.00660216908115065 0.00315341189498715 -0.00215574151618381
512200 0.113025047661287 0.274536717273215 0.00793053046436065 0.00707125805879722 0.00691454262169186 0.00215682122188714 -0.00222122340164102
512400 0.113039763400488 0.272518826271752 0.00800258526624952 0.0095788495366083 0.00720121788407125 0.00264545176270802 -0.00436564407046212
512600 0.113245674175011 0.275198473011182 0.00929658221602594 0.00668573473778119 0.00717754381992803 0.00266959136434543 -0.00371395165653025
512800 0.113212311753059 0.273421335340327 0.00700976354643323 0.00533765503661056 0.00548706883249915 0.00226843563608808 -0.00389519014404716
513000 0.11360726809618 0.276614851052889 0.00862145589610596 0.00703503217439801 0.00613774688716795 0.0016624803159542 -0.00346967893173858
513200 0.113384963395906 0.274701901915638 0.0107384853479851 0.00929612114728063 0.00902310451868435 0.00368726562430038 -0.00466448605061477
513400 0.113890440147712 0.274572806742914 0.00879555510442486 0.00883224641063798 0.00753620186975907 0.00320128442940373 -0.00369676225608641
513600 0.113582377180177 0.272327803941729 0.00980020761593875 0.00966706815702885 0.00583033881054026 0.00223733308983137 -0.0024730506178267
513800 0.1143225306357 0.27700227242246 0.00659967274829641 0.00739187756184206 0.00699539847816668 0.00309259810921964 -0.00269326096724224
514000 0.11397414020739 0.274075683709199 0.00893448817366828 0.00713130580583798 0.00548257613162815 0.00410917916417644 -0.003303962401054
514200 0.114419233681776 0.272904678551874 0.00682059356473315 0.00690610681296194 0.00492124280562666 0.00314012887460975 -0.00405939762902736
514400 0.114252409979548 0.274106712178114 0.00991820687505266 0.0084862947585122 0.0076051997998081 0.00228711674838379 -0.00470184179639279
514600 0.114683299896905 0.276004926843136 0.00633832019894546 0.00670295256541795 0.0061066160635801 0.00363301339251377 -0.00288466174246046
514800 0.114435094666756 0.271623044886142 0.00965946508661448 0.00508751180716437 0.0068479990685121 0.0033075988509288 -0.00289844586782372
515000 0.114714663634053 0.274636248241433 0.00834819154293609 0.0100500730631657 0.00817141095727341 0.00244629697523091 -0.00427951909719632
515200 0.114769070648085 0.276063368359389 0.010370518902675 0.0118120503309281 0.0079248721864855 0.00442637898698318 -0.00317346577547484
515400 0.115098646031916 0.2767469686041 0.00903799053455454 0.00975006064327374 0.0082208798118179 0.00365044571325324 -0.00362863530600851
515600 0.115120866920056 0.27480055615602 0.00843398793498411 0.00598348403443721 0.00582434170757161 0.00329899532560476 -0.00222512042482703
515800 0.114969028802408 0.270971248367709 0.00632171673432601 0.00619446586791031 0.00670425231806922 0.00239425727388722 -0.0023404514782924
516000 0.115278474939305 0.271827802451671 0.00404956548080785 0.00653067625517659 0.00553307567187667 0.00357463049526917 -0.00202242792408945
516200 0.115309314206735 0.273007549764179 0.00878096628748396 0.00748745925425709 0.00745473420883397 0.00395899040384409 -0.00116350867669251
516400 0.116044575491151 0.276782347060323 0.00780699906405557 0.00738801736364512 0.00630766799659322 0.000508558580128097 -0.00388367928724624
516600 0.115701362922059 0.275187698181785 0.0120688838521293 0.0100436286439552 0.00722432154010297 0.00311610956446315 -0.00348759367460469
516800 0.116082051253229 0.275403816293181 0.00796706832771497 0.012102632565674 0.00629661067360193 0.00244393037853667 -0.00332150529847304
517000 0.116220534996562 0.276198943613065 0.0100100118775623 0.00852302711823749 0.00565174537865529 0.00195583144593077 -0.00333507733654842
517200 0.116392412220904 0.276273720676896 0.00541140786975252 0.00833244690380265 0.00582505689279829 0.00336668051639187 -0.00260501210382853
517400 0.116476972091508 0.2749210955911 0.0108577415328894 0.00740963644900984 0.00625633572800899 0.00305896347281759 -0.00461345079382518
517600 0.116862835237543 0.275201222451403 0.00905198924242986 0.00894240222757927 0.00677203999667455 0.00326276640996723 -0.00385900543552396
517800 0.116594377009164 0.277149171616167 0.0093117674189429 0.00989882426297712 0.00631245346637912 0.00261387805935862 -0.00256443635209645
518000 0.117502377205732 0.27954691546008 0.00944050511543147 0.00856767090873093 0.00534080636658432 0.00364942942539714 -0.00304752902010481
518200 0.116696383962841 0.27122729276463 0.00997793869209295 0.00773956794405527 0.00685285855057829 0.00356761797024101 -0.00327133828736293
518400 0.117477843512664 0.275572772341785 0.00473372864242392 0.00712688412010246 0.00577857802986845 0.000289023386126556 -0.00263289170257373
518600 0.117160946443602 0.273757401106099 0.00935075084006299 0.00735872511161623 0.00592998569643312 0.000416601185879031 -0.0029767800208579
518800 0.117628348529037 0.273673131570645 0.00785372319752686 0.00910010518211561 0.00549317566751663 0.0022877068558244 -0.00363372013330344
519000 0.117759658779304 0.275700449428641 0.010086775219429 0.00750657806309922 0.00560371090970316 0.000989871172265213 -0.00401577889022089
519200 0.118057644296671 0.274978877170217 0.0102672339237379 0.00714737777268923 0.00661377364356779 0.00428573920060672 -0.00202357580170378
519400 0.118095780242716 0.276134466354361 0.00912221120864103 0.00871314261240016 0.00691300684906583 0.00312147413950626 -0.00217872384040635
519600 0.118644251676922 0.276828751105878 0.00620720888966275 0.0093451257630424 0.00645193168669705 0.00313398276129399 -0.00342665185658859
519800 0.118282490193751 0.275782119379335 0.0133837844977672 0.0115511566684791 0.00500379992104761 0.00269407336725345 -0.00329275588830684
520000 0.119008857780419 0.276162150779277 0.00889165117586899 0.00858931013232484 0.0075455315015371 0.00295043387176705 -0.00556577379734596
520200 0.118679847476268 0.270766099468374 0.00984223408443622 0.00589950280452498 0.00736264574008845 0.00419764056662503 -0.00266811194217531
520400 0.119034641042236 0.271675278545599 0.00876080381857716 0.00721639780935121 0.00548098257894872 0.00368357569117756 -0.00337343520281895
520600 0.119133120301891 0.273991838028135 0.00928581875653836 0.00908447864779266 0.00606662395036329 0.00364772100075518 -0.00189708501926014
520800 0.119466973896696 0.276437346346925 0.00869242148488718 0.0127352233533651 0.00647887301783967 0.00309560895278093 -0.00204818384307394
521000 0.119331154483453 0.276174724032761 0.0117952851621165 0.0109590501772113 0.00649703984882554 0.00413386241895916 -0.00285894329217824
521200 0.120013868697038 0.277606903762712 0.00784409658804191 0.00721358448445328 0.00656068903933762 0.00418794146424578 -0.00295535064003933
521400 0.119591118610451 0.271181209800382 0.00646828677931047 0.00515069943924991 0.00547462910130576 0.00397028961283242 -0.00396779760534435
521600 0.120192446434838 0.273767974954127 0.00458919231648985 0.00591968247436875 0.00542236077980885 0.00336088578306367 -0.00232483898605638
521800 0.119865778813157 0.272137640938249 0.00663995574303441 0.00922518727964196 0.00673606585913534 0.00491571991241322 -0.00344895451240569
522000 0.120457274536145 0.275348690252289 0.00923620362849061 0.00547651882941495 0.00765464250456925 0.00185774868827965 -0.00322527233040359
522200 0.120089495954251 0.273894338974623 0.0107441247870991 0.00803232989340853 0.00750887553165621 0.0041970201897186 -0.0037628473023282
522400 0.120883986915272 0.279238656552286 0.00968964592967627 0.00814645877338329 0.00786595028351061 0.00532109932539312 -0.00150318535964263
522600 0.120492825356062 0.273538008344286 0.00662098550994983 0.0101554355352822 0.00560435336397434 0.00450906907863433 -0.00372814888893273
522800 0.121046426521054 0.277825919751501 0.00752672076584899 0.00727500845992622 0.00581148739079522 0.00367644404039999 -0.00353480417792244
523000 0.121017953282409 0.27447147646308 0.0094918388794644 0.00693314276717361 0.00635256510516678 0.00210643810551523 -0.00514112236887986
523200 0.12167030207697 0.279382122564845 0.00867527988048492 0.00986598204325572 0.00654837487735643 0.000886920921473841 -0.0029127177748643
523400 0.121568554211012 0.276982911212073 0.00827180893997392 0.0122330210546066 0.00511488123787538 0.00280539572060845 -0.00286092678988331
523600 0.121961056646781 0.275010043189659 0.00904983072803633 0.00992193819376491 0.00522752554745219 0.00311077572982211 -0.00150378606111725
523800 0.121765782682514 0.275192254286908 0.00976888938452796 0.0115047864844854 0.00536200077410877 0.00229891854585733 -0.00267547466953217
524000 0.122388553901455 0.276944814603821 0.00718279953044918 0.00833636545078538 0.00652750251091191 0.00163780215895007 -0.00352213269560041
524200 0.122148366838577 0.273899718174069 0.00904846503487136 0.0101649308679916 0.007428917563946 0.00294261033874994 -0.00409261395616836
524400 0.1225090512287 0.276016282845086 0.00926683620925754 0.0114077790749912 0.0048053650068393 0.00358764412738791 -0.0016117063160975
524600 0.122726353604021 0.27724645712548 0.00763766395568877 0.00737354718950396 0.00557597668665296 0.00322029802219751 -0.00417326635460048
524800 0.122756789792173 0.276454898943851 0.00796950947138798 0.00757559295615482 0.00621116313944442 0.00373239321580271 -0.00460472076209143
525000 0.123156665633844 0.279711384926656 0.00815866132066486 0.00841626522239013 0.00689663936506811 0.00446277505122731 -0.00307081058853951
525200 0.123122500767258 0.27944855292098 0.00935225754292175 0.00845552836275883 0.00762152806991941 0.00315216834092949 -0.00335423957681435
525400 0.123552506928526 0.280726001278894 0.0114312746586451 0.00873403520093643 0.00709576707522331 0.00273473108808371 -0.00453494297515688
525600 0.123226231591334 0.274572647937633 0.0044195006399931 0.00955812406646926 0.00488304069739892 0.00240176368225794 -0.00312132954106786
525800 0.123885315210698 0.276294530063278 0.00691073343548698 0.0045524659511411 0.00475922661491272 0.00302294996669296 -0.00398102673239125
526000 0.12338066460638 0.274610105170176 0.00795959011805271 0.011771382565974 0.00506995939965563 0.00370399784636711 -0.00397218778870063
526200 0.124606019640558 0.280333598864605 0.005562517254159 0.00613851247639511 0.00646792206740209 0.00377999767581419 -0.0048721835137655
526400 0.124085204992195 0.276792149010173 0.00841851925683965 0.00966580197925612 0.00585989563741863 0.00305566745531408 -0.00349727485753594
526600 0.124653111517589 0.277760731684954 0.00717559507013675 0.00653231078010624 0.00567169817924179 0.00220727349349272 -0.00406845409184822
526800 0.124568211089813 0.275289009411319 0.00790691416034997 0.00589773874522517 0.00388370394473785 0.00192579093474214 -0.00415912945421717
527000 0.124807695951413 0.27762367563304 0.00930416204571249 0.00704528987713451 0.00474832863940163 0.00196654314461326 -0.00275679175478155
527200 0.125457966059649 0.278168474090046 0.0094429947181637 0.00977204733422581 0.00422732523570204 0.000725746920091122 -0.00266963811432785
527400 0.12507805955812 0.276326514394284 0.0120013574030158 0.0108152454909808 0.00577691657646378 0.00292663652568897 -0.00415509808879234
527600 0.125720379131907 0.278827291602741 0.0090750941815107 0.0105536132230656 0.00550903936069594 0.00266745335582668 -0.00502575716223438
527800 0.125222995391108 0.273472267042856 0.00916773961345294 0.0107526806220484 0.00456997996925143 0.00174910031311469 -0.00236936415816227
528000 0.126294437491213 0.281577882526011 0.00981231161962735 0.0102732473638948 0.00424444165539101 0.000642910967957896 -0.00419021762921395
528200 0.125672201659578 0.277229441759792 0.00833823614313329 0.0107475126621226 0.00533020409906377 0.000621037590406421 -0.00492638703648233
528400 0.126245468279084 0.27722249446009 0.0114769619374613 0.010133688785838 0.00520780599434068 0.000189298407456928 -0.00441836924589039
528600 0.126226394053164 0.275706187956963 0.00675200281090808 0.00841815651204321 0.00730699906291527 0.00188195243534243 -0.00453924800051691
528800 0.126620069466691 0.281356313398098 0.011964143172583 0.00873824478611464 0.00608334560484897 0.00434200936758745 -0.00375933939050771
529000 0.126570421830318 0.279474330971532 0.00989272635265167 0.0110566628241165 0.00682034074387594 0.00258885792598085 -0.00392092281842808
529200 0.127015656509239 0.279682733166738 0.0120351248644016 0.00988406156228812 0.00661763058942964 0.00337731504442078 -0.00388969128989047
529400 0.126958902682431 0.276659751458733 0.00935874681387724 0.0100965127028572 0.00540268059434294 0.00284163380724069 -0.0050491622198722
529600 0.127490043805595 0.278465391341345 0.00920593522280858 0.00721033868619829 0.00478343368513582 0.00273560008694924 -0.00399221517475396
529800 0.127334643966024 0.277596416498737 0.00615929899168751 0.00766583975609646 0.00422513519350666 0.00274743053410714 -0.00307378868660868
530000 0.128028511592578 0.276883295833206 0.00834405349472774 0.00778455271633717 0.00605025138466023 0.00240759843794468 -0.00342920919515229
530200 0.128230334706118 0.279547854002732 0.00954818832127164 0.0125628206933725 0.00503160262057568 0.00334552438178672 -0.00285855577058844
530400 0.128335157147342 0.2766421223135 0.00904154198233238 0.0111626181488954 0.00613608905520842 0.00317274747779421 -0.00446458149253909
530600 0.128722973841366 0.276485745327874 0.0101819535032871 0.00867210441388532 0.00504362029734324 0.00204856500101226 -0.00419775401003809
530800 0.128809749047355 0.277960183923445 0.0105631265443695 0.0090478228602731 0.00482731507614453 0.00280158596284896 -0.00379376455160313
531000 0.129078529055298 0.277914222798487 0.00949587382993514 0.00800188044403272 0.00537275369337799 0.00206547951079665 -0.00312659495625533
531200 0.12931104400592 0.276561238162692 0.00873159892200059 0.00893342921856673 0.00516786787353187 0.00313264887252351 -0.00439184048545747
531400 0.12954500624905 0.27614262106444 0.0064780448445031 0.00596502290289515 0.00715920084460509 0.00291106190147661 -0.00614779302703968
531600 0.129503347614878 0.274231837667965 0.00762535801551612 0.0058283550716713 0.00684901402014119 0.00264404338713116 -0.00553836687899068
531800 0.130038975201964 0.278867527626159 0.00799886440143427 0.0108882137578368 0.00616076311829434 0.00225192902769733 -0.00330375263357159
532000 0.130182090671899 0.27988693163694 0.0113397403433454 0.0107288817011147 0.0061884566318449 0.00181459551873402 -0.00353443960010133
532200 0.130596283142015 0.277492197726356 0.0112842447064011 0.0103594391373938 0.00622828805917283 0.00246257219285371 -0.00419858894291245
532400 0.130608559842756 0.277761267353884 0.00992199053427119 0.0110334557583439 0.00511571316712292 0.00232269485769649 -0.00305988994350929
532600 0.130872424196297 0.276883638580463 0.0105381592795863 0.0066929209548529 0.00469943642545225 0.00182981603783561 -0.00327385852365551
532800 0.131000003744733 0.27633162975766 0.00834307480581174 0.00572078598290406 0.00623620791808215 0.00269881115880508 -0.00413800814225441
533000 0.131371743241804 0.279338368481098 0.0128298142632135 0.00814404527944843 0.00604336167957998 0.00227260556875472 -0.00381925675016246
533200 0.131505344156764 0.282096037303115 0.0132704349895381 0.0134229877222913 0.00692139367008076 0.00194899070828531 -0.0035042015863053
533400 0.132079787803857 0.279836543885596 0.00890350073492651 0.00831272817549799 0.00441644725627654 0.000909068630410101 -0.00397054043008431
533600 0.132311820224713 0.279203217599371 0.00966515170879011 0.00885870091238693 0.00405513878572349 0.00166902359874406 -0.00395186801525702
533800 0.132369791728993 0.277130845644438 0.00695238059016835 0.00989167461712173 0.00714435230573798 0.00160048014683712 -0.00561326698301441
534000 0.132742996803252 0.280598383721986 0.00976942197829615 0.00937533407588377 0.00657693542902825 0.00308360362708042 -0.00417524010776099
534200 0.132922073941979 0.276041963652799 0.00806717931632021 0.00730174959893471 0.00453498937193428 0.0013561419136928 -0.00384069682884509
534400 0.133205947792847 0.276031760732845 0.00831628341727975 0.00548795831740773 0.0058728093129789 0.00378464872250492 -0.00321608349936979
534600 0.133288491157908 0.27818105049518 0.0115018842819639 0.00898580875777896 0.00460721180583801 0.00277721069081699 -0.00287625076410083
534800 0.13409657485847 0.281985819998915 0.0134640720041218 0.00975960035804811 0.00364892203708496 0.00164188138718685 -0.00335428913004765
535000 0.133934511652515 0.2791229074439 0.0125904257007208 0.0134958871369395 0.00646516618614103 0.00325477913878737 -0.00401147133352638
535200 0.134543349072891 0.282995739999735 0.0109924966461177 0.0106872402434113 0.0071484386851273 0.00145343996451363 -0.00539336295930046
535400 0.134614821776566 0.280186199470898 0.0099009635956846 0.0118991069743894 0.00642893915843658 0.00129254952816836 -0.00295801306108571
535600 0.134749414245178 0.276453559830749 0.00808157869815557 0.00834447367371829 0.00502243242051122 0.00261193802599784 -0.00182440087834422
535800 0.135124875117897 0.276925894293275 0.00814337331781397 0.00790279886902475 0.00344281515025422 -0.000283561618513358 -0.00371781511700747
536000 0.135432071696664 0.276302431996276 0.00788611245450514 0.00923282223545015 0.00520809088200437 0.00116441846488047 -0.00403783465560865
536200 0.135707757393643 0.278846922745938 0.00755268975043947 0.00956347675420313 0.00504212615735689 0.00367953494007733 -0.00478803372271271
536400 0.135828628889591 0.27895800200256 0.0100224834632951 0.00819212464546069 0.00546381376875479 0.00451943979791788 -0.00386285840485706
536600 0.13643089935561 0.28103177385064 0.00730712912588522 0.00951439606051833 0.00787862475784182 0.0010932925105196 -0.00466133273680278
536800 0.136245986535426 0.278252350358038 0.0121777970471261 0.0137011965499748 0.0044290563147986 0.00132191291533048 -0.00526044789347046
537000 0.137282355962604 0.282665798001051 0.0121720424231289 0.0115774373264886 0.00569554294607047 -0.000499965465123755 -0.00262099615943956
537200 0.13690928094585 0.279665312996618 0.0126693271965574 0.0096202049175999 0.00575518982774427 0.00118540128019024 -0.00306350934559485
537400 0.137677852277627 0.282199105157005 0.00504891121887607 0.00809385637188843 0.00516607831115132 0.00214661090186528 -0.00377380667202534
537600 0.137543512188176 0.27904277850235 0.00967453889275369 0.0103593063408092 0.00570606540911925 0.00132714852736848 -0.00396407189318666
537800 0.137969231617416 0.279035612315136 0.00594935952434761 0.00927451115898394 0.00527998373750325 0.00163839220178032 -0.00411211427791478
538000 0.138236295791716 0.278553604675856 0.00653220928168463 0.00893917472636796 0.00511933494371156 0.000410068624909157 -0.00371087123531486
538200 0.138534839568975 0.280331266432229 0.00685500101903603 0.00938920383053556 0.00654869612773217 0.00166640490875152 -0.00336834990301967
538400 0.139072787472732 0.283609627983941 0.0111618234865273 0.00992833560413562 0.00730496878223781 0.000990937526506005 -0.0055992346141298
538600 0.139385302040793 0.279585732585308 0.0125477528159981 0.0116568256995252 0.00519873914202566 0.00166879071831405 -0.00362277962426976
538800 0.139694985198697 0.281801366408614 0.0131571114023426 0.00946780204296087 0.00586838583306319 0.00177956178326142 -0.0032191973188511
539000 0.140205021430391 0.282722494472294 0.00960033252185939 0.00815541601460922 0.00615795270279292 0.000559900896570421 -0.00483221910410087
539200 0.140562804171532 0.279657993367944 0.0098586502066666 0.0125156175251417 0.00471291986034201 -8.3326378779463e-05 -0.00255168104993232
539400 0.140751610697041 0.280906926994163 0.00911130503766944 0.00953951791893905 0.00411862092612943 0.000796053870237646 -0.00363816641535419
539600 0.141260333964851 0.280822564433483 0.00647309731106688 0.00999338254345027 0.0050193615289815 0.00190443222253667 -0.00241647772841832
539800 0.141543723002019 0.279167629707276 0.00857625819996984 0.0084055936377357 0.00604077740515188 0.00203928537106143 -0.00435693213966868
540000 0.141671205086807 0.279830514293646 0.00821555816491462 0.0103218588735384 0.00541860659695102 0.0019022629637484 -0.00392183101518868
540200 0.14232823812662 0.280204175531849 0.00965903472955485 0.00734621980268965 0.00477922121624431 0.00232182502155864 -0.00308459127410134
540400 0.142601901387668 0.282155042107391 0.012295820573639 0.0117782979754459 0.00576274992193906 0.00197504091758808 -0.00260642162572247
540600 0.143248498242738 0.282105826483589 0.0136075543759948 0.00877307321687029 0.00539545090241818 0.00193550683967945 -0.00402954623233037
540800 0.143317338190349 0.281722466695114 0.00888634833749162 0.0121055545753975 0.00703254784996709 0.00180791791308414 -0.00513362750155765
541000 0.144005773276705 0.283368547796206 0.00978545455079022 0.0113037658299054 0.00761043945492829 0.00382538351960933 -0.00580578366594826
541200 0.14420975633381 0.281118809048911 0.011086544894139 0.0121689217116556 0.00633349643627266 0.00266079554637601 -0.00553374650407309
541400 0.144935074138862 0.285385176241712 0.0117215547213001 0.0105693869909991 0.00636518189835087 0.00191784225433187 -0.00483799802110574
541600 0.144761140702126 0.280757912218869 0.01185941821138 0.0115931233831832 0.00543569745747696 0.00209805824565751 -0.00303207219551953
541800 0.145604967661888 0.28316049924298 0.0106142685066486 0.0077623070898651 0.0067326738476276 0.00194788984462206 -0.00323028865651604
542000 0.145722667284997 0.282269887024917 0.00867917945999101 0.01109016384371 0.00874523918301858 0.00166034332894677 -0.00292176448854091
542200 0.146440362938364 0.284857433404432 0.0126054688310429 0.0100903561649342 0.00600416676208365 0.0014657222676352 -0.00498826358195485
542400 0.146353814011546 0.279982367529655 0.0119160115858692 0.011239027264478 0.00477034054176198 0.000239064731035925 -0.00409623589039075
542600 0.147216776276246 0.280088957669795 0.00978666153184333 0.00814414308087855 0.00663994383826759 0.00156424612777687 -0.00294590746630839
542800 0.147606997064223 0.279368054511296 0.00954706917438274 0.0103709701287462 0.00553004103697165 0.00286691012351957 -0.00329751076982574
543000 0.148198051068299 0.284250735010454 0.0100142423918378 0.00915348550969165 0.00574120274469191 0.00247688527315273 -0.00500541348473292
543200 0.148587779285585 0.283965502720453 0.0113218034523812 0.0098704394902732 0.00560597140750829 0.00182245874281552 -0.00289281068163638
543400 0.149181141979871 0.286135994320047 0.0118402760219745 0.0104388525421302 0.00606070043957052 -0.000450858396741038 -0.00493934000880206
543600 0.149636379004887 0.2855832326623 0.0102875828320627 0.0126757613156281 0.00591913379134192 0.000549817740979616 -0.00394880679949417
543800 0.149989231774274 0.281178246878098 0.0115349164495276 0.00747636923052739 0.00650865348648648 0.000982264503707225 -0.00399758504201167
544000 0.150534726937431 0.283714937624125 0.00859640879084024 0.00878904402237313 0.00502025723091813 0.000833813827553134 -0.00414885480399125
544200 0.151082615513271 0.286756505407224 0.00955647699952957 0.0107746375156756 0.00519675030829228 0.00157281198611681 -0.00284067548345632
544400 0.151457302091014 0.284640969037557 0.0103511253522684 0.0115993665148273 0.00615633090835675 0.00103207564613592 -0.00489022815404591
544600 0.152297580761352 0.286027359631698 0.0115450420100152 0.0117097104728806 0.00637706716881647 0.000190790783343476 -0.00409077902493622
544800 0.152495753205377 0.284393831667596 0.0131453113600133 0.0107883654366393 0.00709080666033967 6.36733767687538e-05 -0.00480630256381447
545000 0.153390182936231 0.285032702902143 0.01076629869525 0.00905734102564538 0.00639933564629473 -0.000942844129670988 -0.00536266054657853
545200 0.153716165782769 0.283909138396085 0.0123335961948648 0.0112062133089701 0.00583084719129092 0.000146056721249651 -0.00388259552161517
545400 0.154584929174332 0.283830158271685 0.0110610231339199 0.00847046667227684 0.00611807011960271 0.000525852522513353 -0.00360139760332081
545600 0.155054017006234 0.282601502093147 0.0115014402600663 0.0115080168649409 0.00384883679117212 -0.000384129960804216 -0.00336784847806694
545800 0.155579926398471 0.284810553896098 0.010931929524013 0.0100450127127541 0.00514346796781039 0.00119610417135332 -0.00385408184068782
546000 0.156229181023687 0.285919911591302 0.00626161160982193 0.0111456912699129 0.00684750466528055 0.000456542323893023 -0.00280927039591898
546200 0.156835628161668 0.28319315267289 0.00626590920057361 0.010345535634636 0.00745188277926494 -0.000812606514372266 -0.00286401306089129
546400 0.157607528837433 0.283422045844517 0.00924286127024439 0.0107036308120121 0.00552453269761709 0.000863877658716106 -0.00479612514444544
546600 0.15809246833133 0.283373785282791 0.0122563623365512 0.0107069374689315 0.00728550679207756 -0.00146202666524702 -0.00185294125729943
546800 0.158888685170943 0.284855620381526 0.0105434921653946 0.00999634354028944 0.00687063250400509 -0.00150725020687728 -0.00366603712549341
547000 0.159306168477227 0.282055283671699 0.00777593092261112 0.00913802310921322 0.00604921282441572 0.000341829693835659 -0.00417112221543402
547200 0.160399304499747 0.285853321168825 0.010789159867458 0.0117462285132399 0.00570354250859254 -0.00105075317061176 -0.00401231282767483
547400 0.160762328180779 0.284436336850443 0.014646300660028 0.011895934647774 0.00450192638670655 -0.00209795012236096 -0.00561864546051195
547600 0.161831104051809 0.285551833173342 0.0099415741191676 0.0126512593642492 0.0068692852705138 -0.00183195489002457 -0.00369526068589817
547800 0.162419392285945 0.286276004613045 0.0119331209179082 0.0121371419565243 0.00568472743371447 -0.00189731555183042 -0.00336098938879383
548000 0.163418024446044 0.286982376526237 0.00834386805169181 0.00925558701410259 0.00539096110022478 -0.000529874333949571 -0.00546638732454896
548200 0.164137175793358 0.286749148824731 0.00846947548539849 0.0115468064457293 0.00637038041798827 -0.0016786412396316 -0.00492079116600957
548400 0.165176699686666 0.287498470219572 0.0128534525480299 0.0105312913702951 0.00686097113091858 -0.00164416949616167 -0.00678583294339985
548600 0.165605246198423 0.28812087699091 0.0120758601523604 0.0114753395109341 0.00558004732274394 -0.00126895757752281 -0.00561285886977641
548800 0.166460689712895 0.288332851977612 0.0119388107792446 0.0115737771302564 0.00586458528746212 -0.00124877300083404 -0.00473069439366046
549000 0.167113239672741 0.287793581036781 0.0100110661573677 0.0108596580348229 0.00597425269664441 -0.0015117828974379 -0.00592976141346535
549200 0.167773703107138 0.284910791354952 0.00962440560423661 0.0121657688484489 0.00629662408309134 -0.000496344256708428 -0.00537750233205448
549400 0.168818461255092 0.287399019515798 0.0128902353621403 0.0143858800337241 0.00460922633459713 -0.00101288030061977 -0.00560301197267498
549600 0.169776233963525 0.288115579836166 0.00972006075695212 0.0111651637336074 0.00732921425682677 7.11900018464293e-05 -0.00378591890055778
549800 0.17081617897817 0.288389361428877 0.0114654708265348 0.00992017060494877 0.00529352471315393 -0.000897221636674709 -0.00456934888115652
550000 0.171516432830905 0.288015080805283 0.011280870721731 0.0110477775398043 0.0049734669787698 -0.00193866055182822 -0.0053049282600681
550200 0.172802608407203 0.287486234160506 0.0110516741008383 0.0109293931555995 0.00670160209716924 -0.00146615634958561 -0.00465217337213506
550400 0.173495807549883 0.287876494008966 0.0130800304394199 0.00893924408590989 0.00617109419031931 -0.000815168291843317 -0.00531953266393291
550600 0.174944870044011 0.290082328790754 0.0132772469639783 0.0106541368752004 0.00709755485403824 -0.000651804557317393 -0.00560346474774395
550800 0.17593246368905 0.292289219831522 0.0131611459674336 0.0135997789931497 0.00692901252453662 -0.000474277955758775 -0.00600903442618025
551000 0.177121223384608 0.289615600073863 0.0126362341266402 0.0117044009500524 0.00667994348177735 -0.00181960854381992 -0.00529874903686907
551200 0.177817102353077 0.287799258707292 0.0125509593812238 0.00946384906516039 0.00503295154372094 -0.000417190478158932 -0.00382610479630579
551400 0.179012099061102 0.289085318991301 0.0140837687175817 0.0120765591175029 0.00708145695348631 -0.000458202960019078 -0.00488628479462065
551600 0.179969910772613 0.290635518989964 0.0109514607179267 0.0107250422943747 0.00564829451022115 -0.00233013533166144 -0.00415356188484719
551800 0.180997396077404 0.290412289900799 0.0107117408984207 0.0120298501689605 0.00509714119365167 -0.00279766567970596 -0.00690792251057604
552000 0.182495371661718 0.292239464267097 0.0137149535640416 0.013411786666215 0.00631194115300433 -0.00136386408924745 -0.00522257896522682
552200 0.183842080621914 0.292914693905966 0.0117752111344376 0.0113420327890042 0.00473284710813046 -0.000660962733901026 -0.00467736348125034
552400 0.185357836214974 0.290668310248607 0.0110693113085248 0.0111323778382041 0.00574337165036746 -0.00259920497676544 -0.00440349627276171
552600 0.186893998321167 0.291003330773906 0.01428793808543 0.0133834524056745 0.00553616489403117 -0.00244529510813187 -0.00363562249841779
552800 0.188436361217694 0.291535137578474 0.01188665629924 0.0125435861874416 0.00559556792419894 -0.00216085443470683 -0.00420290564573888
553000 0.18993525425717 0.293277020948632 0.0128331842284234 0.0168064709801638 0.00572834368089429 -0.00345644722301765 -0.00441997017142844
553200 0.191555868298601 0.294090254074414 0.0125884090764885 0.0134480725868184 0.00644499754561149 -0.00332702487955336 -0.00441149655098363
553400 0.193397879220816 0.292713774440912 0.0129309473301358 0.0154448544345078 0.00807568383095193 -0.00396999250146238 -0.00560307556270013
553600 0.19500086700061 0.29302203265214 0.0150828815204014 0.0133220538994331 0.00613722056948693 2.47243330191267e-05 -0.00554120889443181
553800 0.196966400427001 0.29464257900015 0.0122239931375814 0.0136281046700222 0.00500812987745959 -0.00294350966753224 -0.00496578270616297
554000 0.19875665471452 0.293145169962894 0.0136111518484958 0.0137248572011474 0.00647690914969656 -0.00172998696566976 -0.00596087739887811
554200 0.200837193091676 0.293855698576045 0.0139390182255124 0.0110682343644713 0.00441034569446413 -0.00307677912962958 -0.00617661054605449
554400 0.202967177016186 0.29389374219546 0.0136768273567556 0.0133127369990056 0.00684782059740323 -0.00389130574455635 -0.00446436115169867
554600 0.205067841948125 0.292821355650583 0.0132890229891655 0.0130098871765724 0.00578622088595442 -0.00332065751327909 -0.00401665383680286
554800 0.207567577830003 0.296823163150021 0.0147903118526534 0.0143175156652218 0.00683059897022394 -0.00380001485919364 -0.00526872589366847
555000 0.210178938026899 0.295405448415218 0.0140482959745969 0.0146960024249941 0.00936251231215535 -0.00335670088532263 -0.00442582384471969
555200 0.21288194545016 0.296030613887947 0.0146088596201799 0.0142797209732031 0.00772896740466994 -0.00470998228261875 -0.00765980473710839
555400 0.215632569079435 0.295187270476646 0.0131319209348623 0.0134805999491968 0.0052453621570075 -0.00447329569467876 -0.00480142190619733
555600 0.21845328201341 0.296259113827296 0.0151577223138896 0.0147667246518045 0.0041145188836824 -0.00323721356898484 -0.0061821312663265
555800 0.221442328557591 0.298088171618857 0.0172814943137318 0.0146311617004449 0.00783993808377951 -0.00345558535603862 -0.00664184427259469
556000 0.224594042966197 0.297694983472324 0.0152289197524029 0.0149060810588463 0.00720379141139111 -0.00384263618227477 -0.00631810338623277
556200 0.22800739143533 0.296980090278885 0.0156867666510138 0.0160299304855863 0.00572295346102554 -0.00346747063890594 -0.00717080778986144
556400 0.231702467993285 0.295399533899062 0.0191110731533061 0.0161605228059596 0.00556844455214143 -0.00334158910145606 -0.00562619316503143
556600 0.235551211746803 0.295330485287705 0.0195367615698958 0.0157340337151997 0.00411542773154671 -0.00380605294769058 -0.00431475659369321
556800 0.239814722210285 0.295769985385567 0.0171299061765333 0.0180935504285992 0.00359308082604122 -0.00325258538447183 -0.00531001474374823
557000 0.244300765507696 0.297196464613878 0.0186121179508113 0.0171327027798094 0.00362704988994634 -0.00425242578542405 -0.00439471949891449
557200 0.249111449747398 0.295521012799317 0.0184356794630686 0.0189875718824854 0.0052508948954089 -0.00339921499840185 -0.00491140475959536
557400 0.254355242633567 0.295088674752384 0.0218097299582439 0.0182308470001993 0.00431348050285806 -0.00395260880610615 -0.00380968581155627
557600 0.260076882941258 0.292824945646035 0.0199241526162375 0.0179827174006495 0.00525464704993686 -0.00324003137474568 -0.00436474622868216
557800 0.266326736047736 0.287655253508966 0.0215024643815191 0.0177291063585968 0.00436926203946052 -0.00405045352483532 -0.00329116152673833
558000 0.273270837543979 0.287425296605844 0.0221369643273971 0.0219945273382401 0.00210213493290898 -0.00319133022264158 -0.0037726457710676
558200 0.280846853206 0.282374922065972 0.0218542698547858 0.021749480756064 0.00312218991302139 -0.0038958786534286 -0.00370639309248396
558400 0.289047209261086 0.281226082315935 0.0223347650097525 0.0209628519827668 0.00212068883373989 -0.00367905476640348 -0.0023850387013641
558600 0.297827617758545 0.275805758458752 0.0232698451877111 0.0218661803563779 0.00157166607313418 -0.00577176044313536 -0.00159625154263328
558800 0.307410162293814 0.269663940848038 0.0225576307917121 0.0183065862468899 0.000208024999179631 -0.0048444798176454 -0.00326495600866893
559000 0.318108746159446 0.260675120275518 0.0248883044007089 0.022317377639977 -0.00280154354550912 -0.00348359713448938 -0.00399553623595286
559200 0.329788623356857 0.249974152144836 0.0249300320666303 0.0226544352585315 -0.00440839882018262 -0.00395286528602826 -0.00413975826779404
559400 0.342591206740596 0.237854723702704 0.0231013028096598 0.0227804948860784 -0.00749571050479681 -0.0038456954737641 -0.00348403183945881
559600 0.356544690743271 0.226361982739375 0.0250410163458462 0.021565893484148 -0.0110503088604138 -0.00347219441845976 -0.00327469418997177
559800 0.371672829967115 0.21377435117704 0.0223965190401108 0.0239689076724203 -0.0144422054376987 -0.00387983698134032 -0.00300091189480192
560000 0.388075133694142 0.196447288417715 0.0218885590275948 0.0248343212133779 -0.0168573512640611 -0.00291421850434653 -0.00236459256049961
560200 0.405744873860418 0.182253893904209 0.0182258702873718 0.0215865285452113 -0.0199069617606752 -0.00238139222400591 -0.00127445217761446
560400 0.424657275487914 0.16769861740175 0.0215638807052411 0.0229830502040241 -0.0227644669620286 -0.00405937996220382 0.000674291924716337
560600 0.44475430174507 0.153957197102656 0.0182022900496835 0.0201532629527358 -0.0247169639282922 -0.00625680124555801 0.00183192381069895
560800 0.466052981110791 0.13940541811159 0.0192234499724759 0.0200729052350578 -0.0262744617019427 -0.00656728024123226 0.0017952290361113
561000 0.488615977246682 0.125630284905774 0.0186507900472804 0.0200813647856631 -0.0277024832864021 -0.00689241905600961 0.00358855815355226
561200 0.51225376676665 0.116071386369541 0.0192518153699964 0.0205261250230861 -0.0296262808796305 -0.00843939563645816 0.00565699901911521
561400 0.536967555576053 0.104411777905858 0.0176029464122409 0.0190043666223794 -0.0321351520074983 -0.00859789006561485 0.00650953060841666
561600 0.562839873829151 0.091892367831205 0.0177874240279614 0.0186825837996234 -0.0324517727208004 -0.00995623781433784 0.007985828718453
561800 0.589890745084967 0.0834063401201389 0.0176489846547743 0.0201273244711769 -0.0329552092890444 -0.00934876454409505 0.004216500824489
562000 0.618104520008359 0.0751900236778249 0.0181912825003938 0.0199084325595341 -0.0332106333772147 -0.00871144582463706 0.00568828668793321
562200 0.647494070296728 0.0694022392929682 0.0182119080285317 0.0206124921120863 -0.0323573973487017 -0.00958943603321129 0.00632900105238685
562400 0.677923027822153 0.0651748480664958 0.0195631138013191 0.0214643170376579 -0.0304457287294012 -0.00909539813330201 0.00478640045554341
562600 0.709538799981266 0.0588754992561132 0.0173632799239894 0.0212714750235016 -0.0262149296861278 -0.00933801462370032 0.00448419421652933
562800 0.742369761712678 0.0544490945782638 0.0183903182820507 0.0236417548235398 -0.0246589166105886 -0.010223902191848 0.00351697220544805
563000 0.776455270866415 0.0505398446191569 0.0210568372619203 0.0231109931546829 -0.0223713880044193 -0.0102399046195075 0.00258755878183807
563200 0.81192356734879 0.0438624659582804 0.0200511818620842 0.0249549713062136 -0.0188727834856655 -0.00951475427036623 0.00127186684014306
563400 0.848819349652124 0.0396294263843077 0.0220766604652919 0.0241447564385675 -0.0166092996612044 -0.00915525650354439 0.000209229923896701
563600 0.887252292161586 0.0354120276338313 0.0227837941134792 0.0248561350605513 -0.0137582454147985 -0.00866243022894158 0.000277905677735956
563800 0.927289214737996 0.0321448994879013 0.0234536667733275 0.0257153613571905 -0.0110610038221923 -0.00859166644363004 0.0001189669937419
564000 0.968962753126008 0.0301676368510715 0.0237716405518027 0.0277758720557733 -0.0075803862450231 -0.00686649132941721 0.000261160060140537
564200 1.01234926332736 0.0266739158048285 0.0254687298441923 0.028784848763148 -0.00462153072456646 -0.00635158518534809 -0.00064390116385869
564400 1.05762242291279 0.0231883644410245 0.0256126867244961 0.0290541770620626 -0.00293384437310175 -0.00645376058704829 -0.000226902612678122
564600 1.1048526683099 0.0203020143431068 0.0265364377968848 0.0299004308075511 0.000404778058097153 -0.00437408352701026 -0.000985591993005222
564800 1.15412560379615 0.0193193862108745 0.027720845273539 0.0320021889530717 0.00252392182589026 -0.00409166128586074 -0.000254571612588052
565000 1.2055509963092 0.0193651529417075 0.0277976245074782 0.0327619657802987 0.0035647524988108 -0.00267348080009018 -0.000273237311544985
565200 1.25920013394512 0.0192760764272283 0.0298336260541626 0.0343572830056421 0.00512472858288545 -0.00227738384511169 -0.000892151552831874
565400 1.31518644283791 0.0193983482690851 0.0308278949960378 0.0354644132996074 0.00658168411940581 -0.00179283718332377 -0.000196570964326925
565600 1.37358457736335 0.0212790325775234 0.0326089177381752 0.037976186880306 0.00825931340803995 -0.00058844136058254 -0.000406864460838819
565800 1.43465541761654 0.0222316019508798 0.0333861258416959 0.0381224973393573 0.00816548897142476 4.45513362790615e-05 -0.000336409020446657
566000 1.4985764209822 0.0226859237874507 0.0345568666228166 0.039557242457905 0.00850988218247854 0.00172473088499179 -0.00121530865888881
566200 1.56553778303728 0.0247216468608283 0.0359916514790924 0.0418906045911873 0.00910024486424169 0.00267918732932397 -0.000786415181244629
566400 1.63573624898104 0.0262670996796059 0.0386467782796509 0.0419432703622064 0.00860628150357511 0.00276439471635002 -0.000895533975856648
566600 1.70941546503018 0.0281837452513166 0.040218789923568 0.0443029847425389 0.00884951061458469 0.00350211155287154 -0.00173771551193376
566800 1.78699421684388 0.0277671404960441 0.0405299967383264 0.0453873928984273 0.00836666977390246 0.00454093811334469 -0.00215964502440751
567000 1.86868808543293 0.0304898150808476 0.0431466357407737 0.0470516819756907 0.00796476182987718 0.00440890997591747 -0.00221907993066171
567200 1.95478014463252 0.0321769648932782 0.0439582182354323 0.0488184550527184 0.00719113240887964 0.00340578620894858 -0.00223808320327373
567400 2.04579952892977 0.0330194163673591 0.0439404842249125 0.0482450938590622 0.00563795222570282 0.00400002047369361 -0.00274257131092987
567600 2.14215595620128 0.0348086517556791 0.0452340351258345 0.0494738123769019 0.00368228375317086 0.00458192138738057 -0.00242925101703529
567800 2.24431034780474 0.0361222564601149 0.0466157247312797 0.0506696956883825 0.00225978996413306 0.00441882546143396 -0.00221586902507818
568000 2.35277507971444 0.0383274870753755 0.0472330389854618 0.0516754945261628 0.000770490868813821 0.00405278933637208 -0.00155953366382348
568200 2.46826499035504 0.0388986116468222 0.0482933731150363 0.0520571137665408 -0.00103250873168825 0.00390499213255239 -0.00199534476578349
568400 2.59148255527367 0.0404841329856908 0.0495851233142506 0.0527462511492233 -0.00283932447459666 0.00393106769033561 -0.0018289181529893
568600 2.72333601954425 0.0409904360100168 0.0493842902293998 0.0522251308917821 -0.00474308069232898 0.00318132631375865 -0.00192937259475156
568800 2.86477973954197 0.0417659911373576 0.0488137785231682 0.0532173799590484 -0.0067524785432474 0.00249479444231201 -0.000801350089118895
569000 3.01686673135476 0.0425940935013546 0.0500537343333646 0.0535361034193197 -0.00793454889323351 0.00166014669764101 -0.00102306637957354
569200 3.1809295647716 0.0426725121396729 0.0511108055340184 0.0533962236160107 -0.0100213063354216 0.000954703772713781 -0.000883497825861817
569400 3.35838037570685 0.0435572117525134 0.0520999826234301 0.0531298995700016 -0.0113915442672824 0.000254115352739052 -0.00011393268272481
569600 3.55101596417682 0.0437843655945035 0.0522643814518331 0.0534942422083317 -0.0129048983231315 -0.000937897932956128 -0.000383314619391477
569800 3.76098355104331 0.0443888958050888 0.0516481876181058 0.0528322485729664 -0.0134795205746864 -0.00189952779529507 -0.000446223020204309
570000 3.99065591359548 0.0445046724398496 0.0523957247894203 0.0525862094335409 -0.0142485410083272 -0.00221489830379572 -3.39421353381869e-05
570200 4.24299307534984 0.0442438992443942 0.0516864408402822 0.0525315661267008 -0.0140042669407717 -0.00282347021200704 0.000159989232563636
570400 4.52170187227263 0.0439845675260173 0.0513817540181542 0.0517685632534227 -0.0131605035049525 -0.00287316009629962 -0.000265243442940631
570600 4.83114185367591 0.0439254705496133 0.05100184428363 0.0511081921635796 -0.0121518755881743 -0.00267260921749409 -0.000384487030807173
570800 5.17661794559864 0.0448355051188828 0.0510196684836006 0.0510673677402698 -0.0106996486826623 -0.0022911373127198 -0.000383009655461006
571000 5.56482476466114 0.0455961981256763 0.0509714012411396 0.0509412524067496 -0.00937755607566077 -0.00224746271005583 -0.000438934320347783
571200 6.00443270835624 0.0464248424515209 0.0502391603959418 0.0508099533208503 -0.00771877123677918 -0.00198942823563259 -0.000165020181760604
571400 6.50659204789237 0.0480120091118065 0.0498238635781235 0.0506508364709571 -0.00655154901617092 -0.00199757980581434 -0.000441125131216916
571600 7.08607643512189 0.0505418777352994 0.0489703675637536 0.0512529878637211 -0.00531020668641992 -0.00212978129486196 -0.000368333057274608
571800 7.7631763752906 0.0530102281502121 0.0480915555542287 0.0511885764508557 -0.0040275061193872 -0.00261944895389267 -0.000453021718045165
572000 8.56705396198172 0.0549431036590905 0.0467386682041424 0.0503598897871646 -0.00314626717315878 -0.00330075385858731 -0.000455171370927382
572200 9.5412403138419 0.0560299722356479 0.0452161955163392 0.0489356942163424 -0.00264531140724349 -0.00398730641121257 -0.000547615954429795
572400 10.7550591390351 0.056070047879102 0.043099374332537 0.0463140565566666 -0.00256055699310085 -0.00474123566502255 -0.000415093633822358
572600 12.3292627477421 0.0555760602616759 0.0401788097937834 0.0431371898920579 -0.00310634257562181 -0.00530754257259967 -9.09740795908945e-05
572800 14.5070442953187 0.0539152570343995 0.0356226415515173 0.0384228883090446 -0.0041144113159163 -0.00473376737208335 0.000162910297779817
573000 17.9075000955941 0.0551520833735585 0.0309291242735362 0.03309580167799 -0.00446985905446639 -0.00268996649039228 0.000300174733424041
573200 24.8884718743128 0.0714499201825384 0.0324434467766988 0.0337713196015214 -0.00310137613366787 -0.000485477952171867 0.000145509896621905
573400 70.4580357142549 0.0175515385390011 0.00803086647089924 0.00830578824049405 7.69526111666827e-05 0.000129728624081168 -8.67573226982226e-06
